epoch,dataset,split,stage_directory,status,http_status,model_alias,returned_model,billing_status,record_count,sum_recorded_api_elapsed_seconds,sum_recorded_input_tokens,sum_recorded_output_tokens,sum_recorded_cached_input_tokens,sum_recorded_cold_cost_usd_low,sum_recorded_cold_cost_usd_high,sum_recorded_warm_cost_usd_low,sum_recorded_warm_cost_usd_high
adaptation_discovery_v1,babe,discovery,jev_joint_ab,received,200,jev-1.13.0,jev-1.13.0,usage_based_estimate_not_invoice,13,4.909307416994125,92841.0,14763.0,0.0,0.003899322,0.003899322,0.003899322,0.003899322
adaptation_discovery_v1,babe,discovery,llm_full_calibration_examples,received,200,deepseek-flash,deepseek-flash,usage_based_estimate_not_invoice,13,13.540391333997832,301261.0,1749.0,53632.0,0.04623855000000001,0.09247710000000002,0.038354646,0.076709292
adaptation_discovery_v1,babe,discovery,llm_labeled_examples,received,200,deepseek-flash,deepseek-flash,usage_based_estimate_not_invoice,13,10.178539165004622,86683.0,1747.0,34432.0,0.01405065,0.0281013,0.008989145999999998,0.017978291999999996
adaptation_discovery_v1,commonsense,discovery,jev_joint_ab,received,200,jev-1.13.0,jev-1.13.0,usage_based_estimate_not_invoice,13,4.932040625018999,107831.0,16340.0,0.0,0.0045289020000000004,0.0045289020000000004,0.0045289020000000004,0.0045289020000000004
adaptation_discovery_v1,commonsense,discovery,llm_full_calibration_examples,received,200,deepseek-flash,deepseek-flash,usage_based_estimate_not_invoice,13,17.356833581987303,317923.0,3639.0,57984.0,0.049871849999999995,0.09974369999999999,0.041348201999999994,0.08269640399999999
adaptation_discovery_v1,commonsense,discovery,llm_labeled_examples,received,200,deepseek-flash,deepseek-flash,usage_based_estimate_not_invoice,13,14.759684458040283,91749.0,3639.0,33664.0,0.015945749999999998,0.031891499999999996,0.010997142,0.021994284
adaptation_discovery_v1,conflict,discovery,jev_joint_ab,received,200,jev-1.13.0,jev-1.13.0,usage_based_estimate_not_invoice,5,2.3447564999805763,111525.0,31104.0,0.0,0.00468405,0.00468405,0.00468405,0.00468405
adaptation_discovery_v1,conflict,discovery,jev_joint_ab_part0,received,200,jev-1.13.0,jev-1.13.0,usage_based_estimate_not_invoice,1,0.4008690830087289,26955.0,3245.0,0.0,0.0011321100000000002,0.0011321100000000002,0.0011321100000000002,0.0011321100000000002
adaptation_discovery_v1,conflict,discovery,jev_joint_ab_part1,received,200,jev-1.13.0,jev-1.13.0,usage_based_estimate_not_invoice,1,0.3908928750024643,18987.0,3297.0,0.0,0.0007974540000000001,0.0007974540000000001,0.0007974540000000001,0.0007974540000000001
adaptation_discovery_v1,conflict,discovery,llm_full_calibration_examples,received,200,deepseek-flash,deepseek-flash,usage_based_estimate_not_invoice,6,15.55326387398236,198813.0,4354.0,40064.0,0.03243435,0.0648687,0.026544942000000002,0.053089884000000004
adaptation_discovery_v1,conflict,discovery,llm_labeled_examples,received,200,deepseek-flash,deepseek-flash,usage_based_estimate_not_invoice,6,13.325669998986996,68967.0,4363.0,18432.0,0.012962849999999998,0.025925699999999996,0.010253346,0.020506692
adaptation_discovery_v1,mbd,discovery,jev_joint_ab,received,200,jev-1.13.0,jev-1.13.0,usage_based_estimate_not_invoice,15,6.869928790998529,289643.0,62598.0,0.0,0.012165005999999999,0.012165005999999999,0.012165005999999999,0.012165005999999999
adaptation_discovery_v1,mbd,discovery,llm_full_calibration_examples,received,200,deepseek-flash,deepseek-flash,usage_based_estimate_not_invoice,15,30.985559542954434,998604.0,4705.0,83456.0,0.1526136,0.3052272,0.140345568,0.280691136
adaptation_discovery_v1,mbd,discovery,llm_labeled_examples,received,200,deepseek-flash,deepseek-flash,usage_based_estimate_not_invoice,15,19.02767387602944,250389.0,4710.0,75776.0,0.04038435,0.0807687,0.029245278000000003,0.058490556000000006
adaptation_discovery_v1,taskmap,discovery,jev_joint_ab_part0_part0_part0_part0,received,200,jev-1.13.0,jev-1.13.0,usage_based_estimate_not_invoice,2,0.8774666670069564,60495.0,1078.0,0.0,0.0025407900000000002,0.0025407900000000002,0.0025407900000000002,0.0025407900000000002
adaptation_discovery_v1,taskmap,discovery,jev_joint_ab_part0_part0_part0_part1,received,200,jev-1.13.0,jev-1.13.0,usage_based_estimate_not_invoice,2,1.1143189579888713,62723.0,1176.0,0.0,0.002634366,0.002634366,0.002634366,0.002634366
adaptation_discovery_v1,taskmap,discovery,jev_joint_ab_part0_part0_part1,received,200,jev-1.13.0,jev-1.13.0,usage_based_estimate_not_invoice,1,0.46986749999632593,35506.0,1046.0,0.0,0.0014912520000000002,0.0014912520000000002,0.0014912520000000002,0.0014912520000000002
adaptation_discovery_v1,taskmap,discovery,jev_joint_ab_part0_part0_part1_part0,received,200,jev-1.13.0,jev-1.13.0,usage_based_estimate_not_invoice,1,0.4702498339902377,35368.0,664.0,0.0,0.0014854560000000002,0.0014854560000000002,0.0014854560000000002,0.0014854560000000002
adaptation_discovery_v1,taskmap,discovery,jev_joint_ab_part0_part0_part1_part1,received,200,jev-1.13.0,jev-1.13.0,usage_based_estimate_not_invoice,1,0.4443167919962434,31124.0,646.0,0.0,0.001307208,0.001307208,0.001307208,0.001307208
adaptation_discovery_v1,taskmap,discovery,jev_joint_ab_part0_part1_part0,received,200,jev-1.13.0,jev-1.13.0,usage_based_estimate_not_invoice,1,0.5099660000123549,36842.0,1052.0,0.0,0.001547364,0.001547364,0.001547364,0.001547364
adaptation_discovery_v1,taskmap,discovery,jev_joint_ab_part0_part1_part0_part0,received,200,jev-1.13.0,jev-1.13.0,usage_based_estimate_not_invoice,1,0.4780941249919124,33445.0,598.0,0.0,0.00140469,0.00140469,0.00140469,0.00140469
adaptation_discovery_v1,taskmap,discovery,jev_joint_ab_part0_part1_part0_part1,received,200,jev-1.13.0,jev-1.13.0,usage_based_estimate_not_invoice,1,0.4829694579966599,35816.0,658.0,0.0,0.001504272,0.001504272,0.001504272,0.001504272
adaptation_discovery_v1,taskmap,discovery,jev_joint_ab_part0_part1_part1,received,200,jev-1.13.0,jev-1.13.0,usage_based_estimate_not_invoice,1,0.5335331249953015,37190.0,1054.0,0.0,0.00156198,0.00156198,0.00156198,0.00156198
adaptation_discovery_v1,taskmap,discovery,jev_joint_ab_part0_part1_part1_part0,received,200,jev-1.13.0,jev-1.13.0,usage_based_estimate_not_invoice,1,0.4475396659981925,29106.0,654.0,0.0,0.001222452,0.001222452,0.001222452,0.001222452
adaptation_discovery_v1,taskmap,discovery,jev_joint_ab_part0_part1_part1_part1,received,200,jev-1.13.0,jev-1.13.0,usage_based_estimate_not_invoice,1,0.47600733301078435,33188.0,638.0,0.0,0.0013938960000000002,0.0013938960000000002,0.0013938960000000002,0.0013938960000000002
adaptation_discovery_v1,taskmap,discovery,jev_joint_ab_part1_part0_part0,received,200,jev-1.13.0,jev-1.13.0,usage_based_estimate_not_invoice,1,0.48529695899924263,39162.0,1058.0,0.0,0.0016448040000000001,0.0016448040000000001,0.0016448040000000001,0.0016448040000000001
adaptation_discovery_v1,taskmap,discovery,jev_joint_ab_part1_part0_part0_part0,received,200,jev-1.13.0,jev-1.13.0,usage_based_estimate_not_invoice,1,0.4808706659969175,33491.0,616.0,0.0,0.0014066220000000002,0.0014066220000000002,0.0014066220000000002,0.0014066220000000002
adaptation_discovery_v1,taskmap,discovery,jev_joint_ab_part1_part0_part0_part1,received,200,jev-1.13.0,jev-1.13.0,usage_based_estimate_not_invoice,1,0.46765758300898597,34074.0,656.0,0.0,0.0014311080000000002,0.0014311080000000002,0.0014311080000000002,0.0014311080000000002
adaptation_discovery_v1,taskmap,discovery,jev_joint_ab_part1_part0_part1_part0,received,200,jev-1.13.0,jev-1.13.0,usage_based_estimate_not_invoice,2,1.0026071249885717,65821.0,1168.0,0.0,0.0027644820000000004,0.0027644820000000004,0.0027644820000000004,0.0027644820000000004
adaptation_discovery_v1,taskmap,discovery,jev_joint_ab_part1_part0_part1_part1,received,200,jev-1.13.0,jev-1.13.0,usage_based_estimate_not_invoice,2,0.905944708007155,64895.0,1180.0,0.0,0.00272559,0.00272559,0.00272559,0.00272559
adaptation_discovery_v1,taskmap,discovery,jev_joint_ab_part1_part1_part0,received,200,jev-1.13.0,jev-1.13.0,usage_based_estimate_not_invoice,1,0.4893858329887735,39004.0,1052.0,0.0,0.0016381680000000002,0.0016381680000000002,0.0016381680000000002,0.0016381680000000002
adaptation_discovery_v1,taskmap,discovery,jev_joint_ab_part1_part1_part0_part0,received,200,jev-1.13.0,jev-1.13.0,usage_based_estimate_not_invoice,1,0.4554842499928782,32052.0,660.0,0.0,0.0013461840000000003,0.0013461840000000003,0.0013461840000000003,0.0013461840000000003
adaptation_discovery_v1,taskmap,discovery,jev_joint_ab_part1_part1_part0_part1,received,200,jev-1.13.0,jev-1.13.0,usage_based_estimate_not_invoice,1,0.46119712499785237,33494.0,644.0,0.0,0.001406748,0.001406748,0.001406748,0.001406748
adaptation_discovery_v1,taskmap,discovery,jev_joint_ab_part1_part1_part1,received,200,jev-1.13.0,jev-1.13.0,usage_based_estimate_not_invoice,1,0.46629712500725873,39944.0,1058.0,0.0,0.0016776480000000001,0.0016776480000000001,0.0016776480000000001,0.0016776480000000001
adaptation_discovery_v1,taskmap,discovery,jev_joint_ab_part1_part1_part1_part0,received,200,jev-1.13.0,jev-1.13.0,usage_based_estimate_not_invoice,1,0.4625904580025235,34354.0,658.0,0.0,0.0014428680000000001,0.0014428680000000001,0.0014428680000000001,0.0014428680000000001
adaptation_discovery_v1,taskmap,discovery,jev_joint_ab_part1_part1_part1_part1,received,200,jev-1.13.0,jev-1.13.0,usage_based_estimate_not_invoice,1,0.484868458006531,35064.0,696.0,0.0,0.0014726880000000002,0.0014726880000000002,0.0014726880000000002,0.0014726880000000002
adaptation_discovery_v1,taskmap,discovery,llm_full_calibration_examples,received,200,deepseek-flash,deepseek-flash,usage_based_estimate_not_invoice,1,5.378503165993607,71867.0,1864.0,48896.0,0.01189845,0.0237969,0.004710738,0.009421476
adaptation_discovery_v1,taskmap,discovery,llm_full_calibration_examples_part0,received,200,deepseek-flash,deepseek-flash,usage_based_estimate_not_invoice,1,4.158926499992958,62560.0,1389.0,39552.0,0.0102174,0.0204348,0.0044032559999999995,0.008806511999999999
adaptation_discovery_v1,taskmap,discovery,llm_full_calibration_examples_part1,received,200,deepseek-flash,deepseek-flash,usage_based_estimate_not_invoice,1,3.4174869590060553,62690.0,1144.0,39680.0,0.010089899999999999,0.020179799999999998,0.00425694,0.00851388
adaptation_discovery_v1,taskmap,discovery,llm_labeled_examples,received,200,deepseek-flash,deepseek-flash,usage_based_estimate_not_invoice,1,5.7739949579990935,68657.0,1866.0,0.0,0.01141815,0.0228363,0.01141815,0.0228363
adaptation_discovery_v1,taskmap,discovery,llm_labeled_examples_part0,received,200,deepseek-flash,deepseek-flash,usage_based_estimate_not_invoice,1,3.872087250012555,59350.0,1137.0,8960.0,0.009584700000000002,0.019169400000000003,0.00826758,0.01653516
adaptation_discovery_v1,taskmap,discovery,llm_labeled_examples_part1,received,200,deepseek-flash,deepseek-flash,usage_based_estimate_not_invoice,1,3.718627165988437,59480.0,1144.0,14464.0,0.0096084,0.0192168,0.0074821919999999995,0.014964383999999999
adaptation_discovery_v1,ucc,discovery,jev_joint_ab,received,200,jev-1.13.0,jev-1.13.0,usage_based_estimate_not_invoice,14,9.696993792997091,399039.0,108810.0,0.0,0.016759638000000004,0.016759638000000004,0.016759638000000004,0.016759638000000004
adaptation_discovery_v1,ucc,discovery,llm_full_calibration_examples,received,200,deepseek-flash,deepseek-flash,usage_based_estimate_not_invoice,14,44.68403758399654,954180.0,11813.0,131712.0,0.1502148,0.3004296,0.13085313599999995,0.2617062719999999
adaptation_discovery_v1,ucc,discovery,llm_labeled_examples,received,200,deepseek-flash,deepseek-flash,usage_based_estimate_not_invoice,14,37.45252833300037,257344.0,11816.0,55808.0,0.0456912,0.0913824,0.037487424000000005,0.07497484800000001
cache_prefix_diagnostic_v1,babe,diagnostic,llm_direct_cached_prefix,received,200,deepseek-flash,deepseek-flash,usage_based_estimate_not_invoice,25,23.809380958031397,108445.0,4160.0,50944.0,0.01876275,0.0375255,0.011273982,0.022547964
cache_prefix_diagnostic_v1,babe,diagnostic,llm_direct_cached_prefix,uncertain,402,deepseek-flash,,no_usage_billing_unknown,38,14.586013664957136,,,,,,,
cache_prefix_diagnostic_v1,babe,diagnostic,llm_full_examples_cached_prefix,received,200,deepseek-flash,deepseek-flash,usage_based_estimate_not_invoice,17,17.307726127066417,394042.0,2844.0,333824.0,0.06081269999999999,0.12162539999999998,0.011740572,0.023481144
cache_prefix_diagnostic_v1,babe,diagnostic,llm_full_examples_cached_prefix,uncertain,402,deepseek-flash,,no_usage_billing_unknown,46,17.37096228901646,,,,,,,
cache_prefix_diagnostic_v1,babe,diagnostic,llm_native_cached_prefix,received,200,deepseek-flash,deepseek-flash,usage_based_estimate_not_invoice,31,29.914949128986336,156618.0,5206.0,61440.0,0.026616300000000002,0.053232600000000005,0.017584620000000002,0.035169240000000004
cache_prefix_diagnostic_v1,babe,diagnostic,llm_native_cached_prefix,uncertain,402,deepseek-flash,,no_usage_billing_unknown,32,11.881104041996878,,,,,,,
cache_prefix_diagnostic_v1,commonsense,diagnostic,llm_direct_cached_prefix,received,200,deepseek-flash,deepseek-flash,usage_based_estimate_not_invoice,28,36.00716928797192,130147.0,8228.0,3456.0,0.02445885,0.0489177,0.023950818000000002,0.047901636000000004
cache_prefix_diagnostic_v1,commonsense,diagnostic,llm_direct_cached_prefix,uncertain,402,deepseek-flash,,no_usage_billing_unknown,35,13.120305586053291,,,,,,,
cache_prefix_diagnostic_v1,commonsense,diagnostic,llm_full_examples_cached_prefix,received,200,deepseek-flash,deepseek-flash,usage_based_estimate_not_invoice,24,32.500580125983106,590864.0,7720.0,459264.0,0.09326160000000001,0.18652320000000003,0.025749792,0.051499584
cache_prefix_diagnostic_v1,commonsense,diagnostic,llm_full_examples_cached_prefix,uncertain,402,deepseek-flash,,no_usage_billing_unknown,39,14.553030123119242,,,,,,,
cache_prefix_diagnostic_v1,commonsense,diagnostic,llm_native_cached_prefix,received,200,deepseek-flash,deepseek-flash,usage_based_estimate_not_invoice,29,36.56073962699156,139188.0,8951.0,3584.0,0.026248800000000003,0.052497600000000005,0.025721952000000003,0.051443904000000006
cache_prefix_diagnostic_v1,commonsense,diagnostic,llm_native_cached_prefix,uncertain,402,deepseek-flash,,no_usage_billing_unknown,34,12.879993000009563,,,,,,,
cache_prefix_diagnostic_v1,conflict,diagnostic,llm_direct_cached_prefix,received,200,deepseek-flash,deepseek-flash,usage_based_estimate_not_invoice,25,59.9399804979912,233297.0,20630.0,9344.0,0.047372549999999986,0.09474509999999997,0.04599898200000001,0.09199796400000002
cache_prefix_diagnostic_v1,conflict,diagnostic,llm_direct_cached_prefix,uncertain,402,deepseek-flash,,no_usage_billing_unknown,26,9.474924206879223,,,,,,,
cache_prefix_diagnostic_v1,conflict,diagnostic,llm_full_examples_cached_prefix,received,200,deepseek-flash,deepseek-flash,usage_based_estimate_not_invoice,16,38.54205633193487,532396.0,11982.0,376320.0,0.08704859999999998,0.17409719999999995,0.03172956,0.06345912
cache_prefix_diagnostic_v1,conflict,diagnostic,llm_full_examples_cached_prefix,uncertain,402,deepseek-flash,,no_usage_billing_unknown,35,14.221743835980305,,,,,,,
cache_prefix_diagnostic_v1,conflict,diagnostic,llm_native_cached_prefix,received,200,deepseek-flash,deepseek-flash,usage_based_estimate_not_invoice,21,50.87544825000805,304040.0,16759.0,10240.0,0.0556614,0.1113228,0.05415612000000001,0.10831224000000002
cache_prefix_diagnostic_v1,conflict,diagnostic,llm_native_cached_prefix,uncertain,402,deepseek-flash,,no_usage_billing_unknown,27,10.424891124974238,,,,,,,
cache_prefix_diagnostic_v1,conflict,diagnostic,llm_native_cached_prefix_part0,uncertain,402,deepseek-flash,,no_usage_billing_unknown,2,0.740370667015668,,,,,,,
cache_prefix_diagnostic_v1,conflict,diagnostic,llm_native_cached_prefix_part0_part0_part0,uncertain,402,deepseek-flash,,no_usage_billing_unknown,1,0.37150729101267643,,,,,,,
cache_prefix_diagnostic_v1,mbd,diagnostic,llm_direct_cached_prefix,received,200,deepseek-flash,deepseek-flash,usage_based_estimate_not_invoice,17,23.401795082027093,140481.0,5686.0,24192.0,0.02448375,0.0489675,0.020927526000000002,0.041855052000000004
cache_prefix_diagnostic_v1,mbd,diagnostic,llm_direct_cached_prefix,uncertain,402,deepseek-flash,,no_usage_billing_unknown,25,9.339317961013876,,,,,,,
cache_prefix_diagnostic_v1,mbd,diagnostic,llm_full_examples_cached_prefix,received,200,deepseek-flash,deepseek-flash,usage_based_estimate_not_invoice,17,26.564486372080864,1115885.0,5520.0,951552.0,0.17069475,0.3413895,0.030816606000000003,0.06163321200000001
cache_prefix_diagnostic_v1,mbd,diagnostic,llm_full_examples_cached_prefix,uncertain,402,deepseek-flash,,no_usage_billing_unknown,25,9.497877667978173,,,,,,,
cache_prefix_diagnostic_v1,mbd,diagnostic,llm_native_cached_prefix,received,200,deepseek-flash,deepseek-flash,usage_based_estimate_not_invoice,16,20.385280460031936,151188.0,4638.0,23936.0,0.025460999999999998,0.050921999999999995,0.021942408000000004,0.04388481600000001
cache_prefix_diagnostic_v1,mbd,diagnostic,llm_native_cached_prefix,uncertain,402,deepseek-flash,,no_usage_billing_unknown,26,9.862201248994097,,,,,,,
cache_prefix_diagnostic_v1,ucc,diagnostic,llm_direct_cached_prefix,received,200,deepseek-flash,deepseek-flash,usage_based_estimate_not_invoice,32,99.57701158203417,390811.0,35536.0,44416.0,0.07994324999999998,0.15988649999999996,0.07341409800000001,0.14682819600000002
cache_prefix_diagnostic_v1,ucc,diagnostic,llm_direct_cached_prefix,uncertain,402,deepseek-flash,,no_usage_billing_unknown,31,11.49985416594427,,,,,,,
cache_prefix_diagnostic_v1,ucc,diagnostic,llm_full_examples_cached_prefix,received,200,deepseek-flash,deepseek-flash,usage_based_estimate_not_invoice,26,74.4846370430314,1785180.0,23320.0,1446400.0,0.281769,0.563538,0.06914819999999999,0.13829639999999999
cache_prefix_diagnostic_v1,ucc,diagnostic,llm_full_examples_cached_prefix,uncertain,402,deepseek-flash,,no_usage_billing_unknown,37,13.903279085090617,,,,,,,
cache_prefix_diagnostic_v1,ucc,diagnostic,llm_native_cached_prefix,received,200,deepseek-flash,deepseek-flash,usage_based_estimate_not_invoice,28,88.78702632887871,579725.0,30656.0,41472.0,0.10535234999999998,0.21070469999999997,0.099255966,0.198511932
cache_prefix_diagnostic_v1,ucc,diagnostic,llm_native_cached_prefix,uncertain,402,deepseek-flash,,no_usage_billing_unknown,35,12.778342707955744,,,,,,,
calibration_v1,babe,calibration,jev_anchored,received,200,jev-1.13.0,jev-1.13.0,usage_based_estimate_not_invoice,13,4.188478499985649,55296.0,7241.0,0.0,0.002322432,0.002322432,0.002322432,0.002322432
calibration_v1,babe,calibration,jev_compact,received,200,jev-1.13.0,jev-1.13.0,usage_based_estimate_not_invoice,13,4.194031705002999,55296.0,7248.0,0.0,0.002322432,0.002322432,0.002322432,0.002322432
calibration_v1,babe,calibration,jev_verbose,received,200,jev-1.13.0,jev-1.13.0,usage_based_estimate_not_invoice,13,4.2217040010291385,64073.0,7248.0,0.0,0.0026910659999999998,0.0026910659999999998,0.0026910659999999998,0.0026910659999999998
calibration_v1,babe,calibration,llm_direct,received,200,deepseek-flash,deepseek-flash,usage_based_estimate_not_invoice,13,11.020712290992378,55991.0,2135.0,26624.0,0.00967965,0.0193593,0.005765922000000001,0.011531844000000001
calibration_v1,commonsense,calibration,jev_anchored,received,200,jev-1.13.0,jev-1.13.0,usage_based_estimate_not_invoice,13,3.9913884589914232,46765.0,7796.0,0.0,0.00196413,0.00196413,0.00196413,0.00196413
calibration_v1,commonsense,calibration,jev_compact,received,200,jev-1.13.0,jev-1.13.0,usage_based_estimate_not_invoice,13,4.104630497007747,46765.0,7796.0,0.0,0.00196413,0.00196413,0.00196413,0.00196413
calibration_v1,commonsense,calibration,jev_verbose,received,200,jev-1.13.0,jev-1.13.0,usage_based_estimate_not_invoice,13,4.604386375009199,53407.0,7796.0,0.0,0.0022430939999999997,0.0022430939999999997,0.0022430939999999997,0.0022430939999999997
calibration_v1,commonsense,calibration,llm_direct,received,200,deepseek-flash,deepseek-flash,usage_based_estimate_not_invoice,13,14.72598508001829,59280.0,3671.0,1664.0,0.011094600000000001,0.022189200000000003,0.010849992000000001,0.021699984000000002
calibration_v1,conflict,calibration,jev_anchored,received,200,jev-1.13.0,jev-1.13.0,usage_based_estimate_not_invoice,7,2.307832957987557,45902.0,19690.0,0.0,0.0019278840000000002,0.0019278840000000002,0.0019278840000000002,0.0019278840000000002
calibration_v1,conflict,calibration,jev_compact,received,200,jev-1.13.0,jev-1.13.0,usage_based_estimate_not_invoice,7,2.328388876019744,45902.0,19694.0,0.0,0.0019278840000000002,0.0019278840000000002,0.0019278840000000002,0.0019278840000000002
calibration_v1,conflict,calibration,jev_verbose,received,200,jev-1.13.0,jev-1.13.0,usage_based_estimate_not_invoice,7,2.71611712599406,86502.0,19681.0,0.0,0.003633084000000001,0.003633084000000001,0.003633084000000001,0.003633084000000001
calibration_v1,conflict,calibration,llm_direct,received,200,deepseek-flash,deepseek-flash,usage_based_estimate_not_invoice,7,15.168153166974662,55034.0,5061.0,2688.0,0.0112917,0.0225834,0.010896564,0.021793128
calibration_v1,mbd,calibration,jev_anchored,received,200,jev-1.13.0,jev-1.13.0,usage_based_estimate_not_invoice,17,6.153283124949667,161914.0,35257.0,0.0,0.006800387999999999,0.006800387999999999,0.006800387999999999,0.006800387999999999
calibration_v1,mbd,calibration,jev_compact,received,200,jev-1.13.0,jev-1.13.0,usage_based_estimate_not_invoice,17,6.541314168018289,135536.0,35259.0,0.0,0.005692512,0.005692512,0.005692512,0.005692512
calibration_v1,mbd,calibration,jev_verbose,received,200,jev-1.13.0,jev-1.13.0,usage_based_estimate_not_invoice,17,6.856830583012197,184645.0,35276.0,0.0,0.007755090000000001,0.007755090000000001,0.007755090000000001,0.007755090000000001
calibration_v1,mbd,calibration,llm_direct,received,200,deepseek-flash,deepseek-flash,usage_based_estimate_not_invoice,17,23.978158707977855,147748.0,5669.0,19584.0,0.0255636,0.0511272,0.022684751999999996,0.04536950399999999
calibration_v1,taskmap,calibration,jev_anchored,received,200,jev-1.13.0,jev-1.13.0,usage_based_estimate_not_invoice,1,0.5425336670014076,33820.0,3973.0,0.0,0.00142044,0.00142044,0.00142044,0.00142044
calibration_v1,taskmap,calibration,jev_anchored_part0,received,200,jev-1.13.0,jev-1.13.0,usage_based_estimate_not_invoice,1,1.2953407079912722,27311.0,2413.0,0.0,0.0011470620000000001,0.0011470620000000001,0.0011470620000000001,0.0011470620000000001
calibration_v1,taskmap,calibration,jev_anchored_part1,received,200,jev-1.13.0,jev-1.13.0,usage_based_estimate_not_invoice,1,1.1005082079936983,27422.0,2469.0,0.0,0.0011517240000000002,0.0011517240000000002,0.0011517240000000002,0.0011517240000000002
calibration_v1,taskmap,calibration,jev_compact,received,200,jev-1.13.0,jev-1.13.0,usage_based_estimate_not_invoice,1,0.9553887919901172,33820.0,3973.0,0.0,0.00142044,0.00142044,0.00142044,0.00142044
calibration_v1,taskmap,calibration,jev_compact_part0,received,200,jev-1.13.0,jev-1.13.0,usage_based_estimate_not_invoice,1,0.46204262500396,27311.0,2413.0,0.0,0.0011470620000000001,0.0011470620000000001,0.0011470620000000001,0.0011470620000000001
calibration_v1,taskmap,calibration,jev_compact_part1,received,200,jev-1.13.0,jev-1.13.0,usage_based_estimate_not_invoice,1,0.5071251250046771,27422.0,2469.0,0.0,0.0011517240000000002,0.0011517240000000002,0.0011517240000000002,0.0011517240000000002
calibration_v1,taskmap,calibration,jev_verbose_part0_part0,received,200,jev-1.13.0,jev-1.13.0,usage_based_estimate_not_invoice,1,0.51064191700425,39028.0,975.0,0.0,0.0016391760000000002,0.0016391760000000002,0.0016391760000000002,0.0016391760000000002
calibration_v1,taskmap,calibration,jev_verbose_part0_part0_part0,received,200,jev-1.13.0,jev-1.13.0,usage_based_estimate_not_invoice,1,0.4734528330009198,30727.0,591.0,0.0,0.001290534,0.001290534,0.001290534,0.001290534
calibration_v1,taskmap,calibration,jev_verbose_part0_part0_part1,received,200,jev-1.13.0,jev-1.13.0,usage_based_estimate_not_invoice,1,0.5037900839961367,37523.0,623.0,0.0,0.001575966,0.001575966,0.001575966,0.001575966
calibration_v1,taskmap,calibration,jev_verbose_part0_part1_part0,received,200,jev-1.13.0,jev-1.13.0,usage_based_estimate_not_invoice,2,0.9146716250106692,58483.0,1099.0,0.0,0.0024562860000000002,0.0024562860000000002,0.0024562860000000002,0.0024562860000000002
calibration_v1,taskmap,calibration,jev_verbose_part0_part1_part1,received,200,jev-1.13.0,jev-1.13.0,usage_based_estimate_not_invoice,2,1.005623249002383,61651.0,1117.0,0.0,0.002589342,0.002589342,0.002589342,0.002589342
calibration_v1,taskmap,calibration,jev_verbose_part1_part0,received,200,jev-1.13.0,jev-1.13.0,usage_based_estimate_not_invoice,1,0.5298148750007385,37020.0,1006.0,0.0,0.00155484,0.00155484,0.00155484,0.00155484
calibration_v1,taskmap,calibration,jev_verbose_part1_part0_part0,received,200,jev-1.13.0,jev-1.13.0,usage_based_estimate_not_invoice,1,0.4685754160018405,30228.0,605.0,0.0,0.0012695760000000001,0.0012695760000000001,0.0012695760000000001,0.0012695760000000001
calibration_v1,taskmap,calibration,jev_verbose_part1_part0_part1,received,200,jev-1.13.0,jev-1.13.0,usage_based_estimate_not_invoice,1,0.4858544580056332,28449.0,611.0,0.0,0.0011948580000000002,0.0011948580000000002,0.0011948580000000002,0.0011948580000000002
calibration_v1,taskmap,calibration,jev_verbose_part1_part1,received,200,jev-1.13.0,jev-1.13.0,usage_based_estimate_not_invoice,1,0.5060558330005733,36830.0,1003.0,0.0,0.0015468600000000002,0.0015468600000000002,0.0015468600000000002,0.0015468600000000002
calibration_v1,taskmap,calibration,jev_verbose_part1_part1_part0,received,200,jev-1.13.0,jev-1.13.0,usage_based_estimate_not_invoice,1,0.4860743330063997,34118.0,620.0,0.0,0.0014329560000000002,0.0014329560000000002,0.0014329560000000002,0.0014329560000000002
calibration_v1,taskmap,calibration,jev_verbose_part1_part1_part1,received,200,jev-1.13.0,jev-1.13.0,usage_based_estimate_not_invoice,1,0.4792380409926409,30453.0,645.0,0.0,0.0012790260000000002,0.0012790260000000002,0.0012790260000000002,0.0012790260000000002
calibration_v1,taskmap,calibration,llm_direct,received,200,deepseek-flash,deepseek-flash,usage_based_estimate_not_invoice,1,5.42197604199464,41559.0,1792.0,8960.0,0.007309049999999999,0.014618099999999998,0.0059919299999999995,0.011983859999999999
calibration_v1,taskmap,calibration,llm_direct_part0,received,200,deepseek-flash,deepseek-flash,usage_based_estimate_not_invoice,1,3.3242182499961928,31822.0,1137.0,8960.0,0.0054555,0.010911,0.0041383800000000005,0.008276760000000001
calibration_v1,taskmap,calibration,llm_direct_part1,received,200,deepseek-flash,deepseek-flash,usage_based_estimate_not_invoice,1,4.057713791000424,31952.0,1400.0,14208.0,0.0056328,0.0112656,0.003544224,0.007088448
calibration_v1,ucc,calibration,jev_anchored,received,200,jev-1.13.0,jev-1.13.0,usage_based_estimate_not_invoice,13,4.959254877001513,132669.0,51479.0,0.0,0.005572098,0.005572098,0.005572098,0.005572098
calibration_v1,ucc,calibration,jev_compact,received,200,jev-1.13.0,jev-1.13.0,usage_based_estimate_not_invoice,13,4.738209625982563,132669.0,51479.0,0.0,0.005572098,0.005572098,0.005572098,0.005572098
calibration_v1,ucc,calibration,jev_verbose,received,200,jev-1.13.0,jev-1.13.0,usage_based_estimate_not_invoice,13,5.965830373010249,177837.0,51479.0,0.0,0.007469154000000001,0.007469154000000001,0.007469154000000001,0.007469154000000001
calibration_v1,ucc,calibration,llm_direct,received,200,deepseek-flash,deepseek-flash,usage_based_estimate_not_invoice,13,38.11389983301342,157966.0,13532.0,18304.0,0.0318141,0.0636282,0.029123411999999994,0.05824682399999999
confirmation_jev_v1,commonsense,confirmation,jev_native,received,200,jev-1.13.0,jev-1.13.0,usage_based_estimate_not_invoice,63,22.98763887298992,241190.0,38996.0,0.0,0.010129980000000002,0.010129980000000002,0.010129980000000002,0.010129980000000002
confirmation_jev_v1,taskmap,confirmation,jev_native_part0_part0,received,200,jev-1.13.0,jev-1.13.0,usage_based_estimate_not_invoice,1,0.5422602079925127,39490.0,769.0,0.0,0.0016585800000000002,0.0016585800000000002,0.0016585800000000002,0.0016585800000000002
confirmation_jev_v1,taskmap,confirmation,jev_native_part0_part0_part0,received,200,jev-1.13.0,jev-1.13.0,usage_based_estimate_not_invoice,5,2.4212591250252444,166116.0,2955.0,0.0,0.006976872000000002,0.006976872000000002,0.006976872000000002,0.006976872000000002
confirmation_jev_v1,taskmap,confirmation,jev_native_part0_part0_part1,received,200,jev-1.13.0,jev-1.13.0,usage_based_estimate_not_invoice,5,2.418113209976582,163670.0,3115.0,0.0,0.006874140000000001,0.006874140000000001,0.006874140000000001,0.006874140000000001
confirmation_jev_v1,taskmap,confirmation,jev_native_part0_part1,received,200,jev-1.13.0,jev-1.13.0,usage_based_estimate_not_invoice,2,1.0241251669940539,79521.0,1973.0,0.0,0.0033398820000000006,0.0033398820000000006,0.0033398820000000006,0.0033398820000000006
confirmation_jev_v1,taskmap,confirmation,jev_native_part0_part1_part0,received,200,jev-1.13.0,jev-1.13.0,usage_based_estimate_not_invoice,4,1.9564079999981914,136318.0,2388.0,0.0,0.005725356,0.005725356,0.005725356,0.005725356
confirmation_jev_v1,taskmap,confirmation,jev_native_part0_part1_part1,received,200,jev-1.13.0,jev-1.13.0,usage_based_estimate_not_invoice,4,1.9631547900207806,135799.0,2456.0,0.0,0.005703558000000001,0.005703558000000001,0.005703558000000001,0.005703558000000001
confirmation_jev_v1,taskmap,confirmation,jev_native_part1_part0,received,200,jev-1.13.0,jev-1.13.0,usage_based_estimate_not_invoice,1,0.5280365420039743,37832.0,771.0,0.0,0.0015889440000000001,0.0015889440000000001,0.0015889440000000001,0.0015889440000000001
confirmation_jev_v1,taskmap,confirmation,jev_native_part1_part0_part0,received,200,jev-1.13.0,jev-1.13.0,usage_based_estimate_not_invoice,5,2.4809721669880673,173123.0,3025.0,0.0,0.007271166000000001,0.007271166000000001,0.007271166000000001,0.007271166000000001
confirmation_jev_v1,taskmap,confirmation,jev_native_part1_part0_part1,received,200,jev-1.13.0,jev-1.13.0,usage_based_estimate_not_invoice,5,2.5710532089869957,169044.0,3055.0,0.0,0.007099848000000001,0.007099848000000001,0.007099848000000001,0.007099848000000001
confirmation_jev_v1,taskmap,confirmation,jev_native_part1_part1_part0,received,200,jev-1.13.0,jev-1.13.0,usage_based_estimate_not_invoice,6,2.918972832005238,183653.0,3491.0,0.0,0.007713426000000001,0.007713426000000001,0.007713426000000001,0.007713426000000001
confirmation_jev_v1,taskmap,confirmation,jev_native_part1_part1_part1,received,200,jev-1.13.0,jev-1.13.0,usage_based_estimate_not_invoice,6,2.8847395399643574,204162.0,3635.0,0.0,0.008574804,0.008574804,0.008574804,0.008574804
confirmation_jev_v1,ucc,confirmation,jev_native,received,200,jev-1.13.0,jev-1.13.0,usage_based_estimate_not_invoice,63,28.351670001109596,1262401.0,155380.0,0.0,0.053020842000000006,0.053020842000000006,0.053020842000000006,0.053020842000000006
diagnostic_v1,babe,diagnostic,jev_ab_A,received,200,jev-1.13.0,jev-1.13.0,usage_based_estimate_not_invoice,63,20.871151085957536,314897.0,36015.0,0.0,0.013225674000000001,0.013225674000000001,0.013225674000000001,0.013225674000000001
diagnostic_v1,babe,diagnostic,jev_ab_B,received,200,jev-1.13.0,jev-1.13.0,usage_based_estimate_not_invoice,63,21.389882872026647,351897.0,36033.0,0.0,0.014779674,0.014779674,0.014779674,0.014779674
diagnostic_v1,babe,diagnostic,jev_ab_judge_subset,received,200,deepseek-flash,deepseek-flash,usage_based_estimate_not_invoice,25,14.418370706960559,83951.0,387.0,58112.0,0.01282485,0.0256497,0.004282386000000001,0.008564772000000002
diagnostic_v1,babe,diagnostic,jev_anchored,received,200,jev-1.13.0,jev-1.13.0,usage_based_estimate_not_invoice,63,21.541593666013796,271176.0,36031.0,0.0,0.011389392,0.011389392,0.011389392,0.011389392
diagnostic_v1,babe,diagnostic,jev_boundary,received,200,jev-1.13.0,jev-1.13.0,usage_based_estimate_not_invoice,63,22.34315687304479,308176.0,36052.0,0.0,0.012943391999999998,0.012943391999999998,0.012943391999999998,0.012943391999999998
diagnostic_v1,babe,diagnostic,jev_compact,received,200,jev-1.13.0,jev-1.13.0,usage_based_estimate_not_invoice,63,21.29517929398571,271176.0,36032.0,0.0,0.011389392,0.011389392,0.011389392,0.011389392
diagnostic_v1,babe,diagnostic,jev_verbose,received,200,jev-1.13.0,jev-1.13.0,usage_based_estimate_not_invoice,63,22.44327753900143,314897.0,36016.0,0.0,0.013225674000000001,0.013225674000000001,0.013225674000000001,0.013225674000000001
diagnostic_v1,babe,diagnostic,llm_ab_A,received,200,deepseek-flash,deepseek-flash,usage_based_estimate_not_invoice,63,56.99362062691944,318806.0,10338.0,230015.0,0.05402370000000001,0.10804740000000002,0.020211495,0.04042299
diagnostic_v1,babe,diagnostic,llm_ab_B,received,200,deepseek-flash,deepseek-flash,usage_based_estimate_not_invoice,63,54.61861099906673,352677.0,10664.0,186112.0,0.05929995,0.1185999,0.03194148599999999,0.06388297199999998
diagnostic_v1,babe,diagnostic,llm_ab_judge_subset,received,200,deepseek-flash,deepseek-flash,usage_based_estimate_not_invoice,27,15.563680085033411,90046.0,467.0,57344.0,0.013787099999999997,0.027574199999999993,0.005357532000000001,0.010715064000000002
diagnostic_v1,babe,diagnostic,llm_direct,received,200,deepseek-flash,deepseek-flash,usage_based_estimate_not_invoice,63,59.23308803902182,274942.0,10542.0,161280.0,0.0475665,0.095133,0.02385834,0.04771668
diagnostic_v1,babe,diagnostic,llm_sample_0,received,200,deepseek-flash,deepseek-flash,usage_based_estimate_not_invoice,63,54.34011571003066,318806.0,10108.0,227835.0,0.0538857,0.1077714,0.020393955000000005,0.04078791000000001
diagnostic_v1,babe,diagnostic,llm_sample_1,received,200,deepseek-flash,deepseek-flash,usage_based_estimate_not_invoice,63,55.54281529400032,318806.0,10147.0,306810.0,0.05390910000000001,0.10781820000000002,0.008808029999999996,0.017616059999999992
diagnostic_v1,babe,diagnostic,llm_sample_2,received,200,deepseek-flash,deepseek-flash,usage_based_estimate_not_invoice,63,54.48953320994042,318806.0,9706.0,306810.0,0.0536445,0.107289,0.00854343,0.01708686
diagnostic_v1,babe,diagnostic,llm_sample_3,received,200,deepseek-flash,deepseek-flash,usage_based_estimate_not_invoice,63,52.390691245978815,318806.0,10116.0,306810.0,0.05389050000000001,0.10778100000000002,0.008789429999999997,0.017578859999999995
diagnostic_v1,babe,diagnostic,llm_sample_4,received,200,deepseek-flash,deepseek-flash,usage_based_estimate_not_invoice,63,54.733556126011536,318806.0,10057.0,306810.0,0.0538551,0.1077102,0.008754030000000001,0.017508060000000002
diagnostic_v1,commonsense,diagnostic,jev_ab_A,received,200,jev-1.13.0,jev-1.13.0,usage_based_estimate_not_invoice,63,22.18289062898839,265497.0,38996.0,0.0,0.011150874,0.011150874,0.011150874,0.011150874
diagnostic_v1,commonsense,diagnostic,jev_ab_B,received,200,jev-1.13.0,jev-1.13.0,usage_based_estimate_not_invoice,63,22.039387416967656,339497.0,38996.0,0.0,0.014258874000000001,0.014258874000000001,0.014258874000000001,0.014258874000000001
diagnostic_v1,commonsense,diagnostic,jev_ab_judge_subset,received,200,deepseek-flash,deepseek-flash,usage_based_estimate_not_invoice,63,68.84515837696381,408388.0,14325.0,24704.0,0.0698532,0.1397064,0.06622171199999999,0.13244342399999998
diagnostic_v1,commonsense,diagnostic,jev_anchored,received,200,jev-1.13.0,jev-1.13.0,usage_based_estimate_not_invoice,63,20.85846337804105,232635.0,38996.0,0.0,0.009770669999999999,0.009770669999999999,0.009770669999999999,0.009770669999999999
diagnostic_v1,commonsense,diagnostic,jev_boundary,received,200,jev-1.13.0,jev-1.13.0,usage_based_estimate_not_invoice,63,20.418217537982855,306635.0,38996.0,0.0,0.012878670000000007,0.012878670000000007,0.012878670000000007,0.012878670000000007
diagnostic_v1,commonsense,diagnostic,jev_compact,received,200,jev-1.13.0,jev-1.13.0,usage_based_estimate_not_invoice,63,20.5779944560054,232635.0,38996.0,0.0,0.009770669999999999,0.009770669999999999,0.009770669999999999,0.009770669999999999
diagnostic_v1,commonsense,diagnostic,jev_verbose,received,200,jev-1.13.0,jev-1.13.0,usage_based_estimate_not_invoice,63,21.980428539944114,265497.0,38996.0,0.0,0.011150874,0.011150874,0.011150874,0.011150874
diagnostic_v1,commonsense,diagnostic,llm_ab_A,received,200,deepseek-flash,deepseek-flash,usage_based_estimate_not_invoice,63,81.60029029098223,332584.0,20397.0,179068.0,0.06212579999999999,0.12425159999999998,0.03580280400000001,0.07160560800000002
diagnostic_v1,commonsense,diagnostic,llm_ab_B,received,200,deepseek-flash,deepseek-flash,usage_based_estimate_not_invoice,63,75.38304354096181,400584.0,18413.0,40320.0,0.07113539999999997,0.14227079999999995,0.06520835999999999,0.13041671999999999
diagnostic_v1,commonsense,diagnostic,llm_ab_judge_subset,received,200,deepseek-flash,deepseek-flash,usage_based_estimate_not_invoice,63,55.91979479198926,250046.0,9936.0,25216.0,0.043468499999999986,0.08693699999999997,0.039761748,0.079523496
diagnostic_v1,commonsense,diagnostic,llm_direct,received,200,deepseek-flash,deepseek-flash,usage_based_estimate_not_invoice,63,76.55594475197722,295632.0,18669.0,25856.0,0.0555462,0.1110924,0.05174536799999999,0.10349073599999999
diagnostic_v1,commonsense,diagnostic,llm_sample_0,received,200,deepseek-flash,deepseek-flash,usage_based_estimate_not_invoice,63,82.46530145707948,332584.0,20232.0,161536.0,0.0620268,0.1240536,0.038281008000000005,0.07656201600000001
diagnostic_v1,commonsense,diagnostic,llm_sample_1,received,200,deepseek-flash,deepseek-flash,usage_based_estimate_not_invoice,63,81.4205069180316,332584.0,20249.0,320380.0,0.062036999999999995,0.12407399999999999,0.014941139999999999,0.029882279999999997
diagnostic_v1,commonsense,diagnostic,llm_sample_2,received,200,deepseek-flash,deepseek-flash,usage_based_estimate_not_invoice,63,79.19228008209029,332584.0,20287.0,320380.0,0.0620598,0.1241196,0.014963939999999998,0.029927879999999997
diagnostic_v1,commonsense,diagnostic,llm_sample_3,received,200,deepseek-flash,deepseek-flash,usage_based_estimate_not_invoice,63,79.32150645901856,332584.0,20682.0,320380.0,0.0622968,0.1245936,0.015200939999999998,0.030401879999999996
diagnostic_v1,commonsense,diagnostic,llm_sample_4,received,200,deepseek-flash,deepseek-flash,usage_based_estimate_not_invoice,63,81.01224137996905,332584.0,20587.0,320380.0,0.06223979999999999,0.12447959999999998,0.015143939999999995,0.03028787999999999
diagnostic_v1,conflict,diagnostic,jev_ab_A,received,200,jev-1.13.0,jev-1.13.0,usage_based_estimate_not_invoice,48,19.19133783101279,616468.0,151660.0,0.0,0.025891656000000006,0.025891656000000006,0.025891656000000006,0.025891656000000006
diagnostic_v1,conflict,diagnostic,jev_ab_A_part0,received,200,jev-1.13.0,jev-1.13.0,usage_based_estimate_not_invoice,2,0.8855194589996245,54647.0,3193.0,0.0,0.0022951740000000005,0.0022951740000000005,0.0022951740000000005,0.0022951740000000005
diagnostic_v1,conflict,diagnostic,jev_ab_A_part0_part0_part0,received,200,jev-1.13.0,jev-1.13.0,usage_based_estimate_not_invoice,1,0.4029532080021454,21411.0,399.0,0.0,0.0008992620000000001,0.0008992620000000001,0.0008992620000000001,0.0008992620000000001
diagnostic_v1,conflict,diagnostic,jev_ab_A_part0_part0_part1,received,200,jev-1.13.0,jev-1.13.0,usage_based_estimate_not_invoice,1,0.5054755000019213,37035.0,401.0,0.0,0.00155547,0.00155547,0.00155547,0.00155547
diagnostic_v1,conflict,diagnostic,jev_ab_A_part0_part1,received,200,jev-1.13.0,jev-1.13.0,usage_based_estimate_not_invoice,1,0.45449845799885225,29727.0,800.0,0.0,0.0012485340000000001,0.0012485340000000001,0.0012485340000000001,0.0012485340000000001
diagnostic_v1,conflict,diagnostic,jev_ab_A_part1,received,200,jev-1.13.0,jev-1.13.0,usage_based_estimate_not_invoice,3,1.45548829298059,93686.0,4850.0,0.0,0.003934812,0.003934812,0.003934812,0.003934812
diagnostic_v1,conflict,diagnostic,jev_ab_B,received,200,jev-1.13.0,jev-1.13.0,usage_based_estimate_not_invoice,48,19.499936208012514,728060.0,151663.0,0.0,0.030578519999999998,0.030578519999999998,0.030578519999999998,0.030578519999999998
diagnostic_v1,conflict,diagnostic,jev_ab_B_part0,received,200,jev-1.13.0,jev-1.13.0,usage_based_estimate_not_invoice,2,1.1078913749806816,57015.0,3193.0,0.0,0.00239463,0.00239463,0.00239463,0.00239463
diagnostic_v1,conflict,diagnostic,jev_ab_B_part0_part0_part0,received,200,jev-1.13.0,jev-1.13.0,usage_based_estimate_not_invoice,1,0.4166770409938181,21707.0,399.0,0.0,0.0009116940000000001,0.0009116940000000001,0.0009116940000000001,0.0009116940000000001
diagnostic_v1,conflict,diagnostic,jev_ab_B_part0_part0_part1,received,200,jev-1.13.0,jev-1.13.0,usage_based_estimate_not_invoice,1,0.5264824590121862,37331.0,401.0,0.0,0.0015679020000000001,0.0015679020000000001,0.0015679020000000001,0.0015679020000000001
diagnostic_v1,conflict,diagnostic,jev_ab_B_part0_part1,received,200,jev-1.13.0,jev-1.13.0,usage_based_estimate_not_invoice,1,0.44174725000630133,30319.0,800.0,0.0,0.0012733980000000002,0.0012733980000000002,0.0012733980000000002,0.0012733980000000002
diagnostic_v1,conflict,diagnostic,jev_ab_B_part1,received,200,jev-1.13.0,jev-1.13.0,usage_based_estimate_not_invoice,3,1.4101283340132795,97238.0,4850.0,0.0,0.004083996,0.004083996,0.004083996,0.004083996
diagnostic_v1,conflict,diagnostic,jev_ab_judge_subset,received,200,deepseek-flash,deepseek-flash,usage_based_estimate_not_invoice,39,22.916272079979535,109480.0,1188.0,33536.0,0.0171348,0.0342696,0.012205008000000002,0.024410016000000003
diagnostic_v1,conflict,diagnostic,jev_anchored,received,200,jev-1.13.0,jev-1.13.0,usage_based_estimate_not_invoice,51,19.57256616608356,387262.0,161489.0,0.0,0.016265004000000003,0.016265004000000003,0.016265004000000003,0.016265004000000003
diagnostic_v1,conflict,diagnostic,jev_boundary,received,200,jev-1.13.0,jev-1.13.0,usage_based_estimate_not_invoice,51,19.91833749404759,505958.0,161478.0,0.0,0.021250236000000002,0.021250236000000002,0.021250236000000002,0.021250236000000002
diagnostic_v1,conflict,diagnostic,jev_compact,received,200,jev-1.13.0,jev-1.13.0,usage_based_estimate_not_invoice,51,18.743094998091692,387262.0,161485.0,0.0,0.016265004000000003,0.016265004000000003,0.016265004000000003,0.016265004000000003
diagnostic_v1,conflict,diagnostic,jev_verbose,received,200,jev-1.13.0,jev-1.13.0,usage_based_estimate_not_invoice,48,20.025438079959713,616468.0,151692.0,0.0,0.025891656000000006,0.025891656000000006,0.025891656000000006,0.025891656000000006
diagnostic_v1,conflict,diagnostic,jev_verbose_part0,received,200,jev-1.13.0,jev-1.13.0,usage_based_estimate_not_invoice,2,1.0017790409910958,54647.0,3193.0,0.0,0.0022951740000000005,0.0022951740000000005,0.0022951740000000005,0.0022951740000000005
diagnostic_v1,conflict,diagnostic,jev_verbose_part0_part0_part0,received,200,jev-1.13.0,jev-1.13.0,usage_based_estimate_not_invoice,1,0.39664037500915583,21411.0,399.0,0.0,0.0008992620000000001,0.0008992620000000001,0.0008992620000000001,0.0008992620000000001
diagnostic_v1,conflict,diagnostic,jev_verbose_part0_part0_part1,received,200,jev-1.13.0,jev-1.13.0,usage_based_estimate_not_invoice,1,0.493142874998739,37035.0,401.0,0.0,0.00155547,0.00155547,0.00155547,0.00155547
diagnostic_v1,conflict,diagnostic,jev_verbose_part0_part1,received,200,jev-1.13.0,jev-1.13.0,usage_based_estimate_not_invoice,1,0.4534823750000214,29727.0,800.0,0.0,0.0012485340000000001,0.0012485340000000001,0.0012485340000000001,0.0012485340000000001
diagnostic_v1,conflict,diagnostic,jev_verbose_part1,received,200,jev-1.13.0,jev-1.13.0,usage_based_estimate_not_invoice,3,1.6523661660030484,93686.0,4850.0,0.0,0.003934812,0.003934812,0.003934812,0.003934812
diagnostic_v1,conflict,diagnostic,llm_ab_A,received,200,deepseek-flash,deepseek-flash,usage_based_estimate_not_invoice,48,111.96024375301204,689741.0,36307.0,469632.0,0.12524535000000003,0.25049070000000007,0.05620944600000002,0.11241889200000003
diagnostic_v1,conflict,diagnostic,llm_ab_A_part0,received,200,deepseek-flash,deepseek-flash,usage_based_estimate_not_invoice,2,3.357580167008564,55704.0,832.0,26752.0,0.0088548,0.0177096,0.004922256,0.009844512
diagnostic_v1,conflict,diagnostic,llm_ab_A_part0_part0_part0,received,200,deepseek-flash,deepseek-flash,usage_based_estimate_not_invoice,1,0.8915409999899566,21214.0,113.0,20992.0,0.0032499,0.0064998,0.000164076,0.000328152
diagnostic_v1,conflict,diagnostic,llm_ab_A_part0_part0_part1,received,200,deepseek-flash,deepseek-flash,usage_based_estimate_not_invoice,1,0.7435660420014756,36518.0,99.0,36352.0,0.0055371,0.0110742,0.000193356,0.000386712
diagnostic_v1,conflict,diagnostic,llm_ab_A_part0_part1,received,200,deepseek-flash,deepseek-flash,usage_based_estimate_not_invoice,1,1.0707480419951025,29818.0,225.0,29568.0,0.0046077,0.0092154,0.000261204,0.000522408
diagnostic_v1,conflict,diagnostic,llm_ab_A_part1,received,200,deepseek-flash,deepseek-flash,usage_based_estimate_not_invoice,3,5.36766679098946,95786.0,1207.0,78976.0,0.015092099999999997,0.030184199999999994,0.0034826279999999998,0.0069652559999999995
diagnostic_v1,conflict,diagnostic,llm_ab_B,received,200,deepseek-flash,deepseek-flash,usage_based_estimate_not_invoice,48,119.40516650190693,791857.0,38190.0,102144.0,0.14169255000000003,0.28338510000000006,0.12667738200000003,0.25335476400000007
diagnostic_v1,conflict,diagnostic,llm_ab_B_part0,received,200,deepseek-flash,deepseek-flash,usage_based_estimate_not_invoice,2,2.9903756660060026,57852.0,770.0,18816.0,0.0091398,0.0182796,0.006373848,0.012747696
diagnostic_v1,conflict,diagnostic,llm_ab_B_part0_part0_part0,received,200,deepseek-flash,deepseek-flash,usage_based_estimate_not_invoice,1,0.753770416995394,21482.0,112.0,15488.0,0.0032894999999999995,0.006578999999999999,0.0010127640000000002,0.0020255280000000004
diagnostic_v1,conflict,diagnostic,llm_ab_B_part0_part0_part1,received,200,deepseek-flash,deepseek-flash,usage_based_estimate_not_invoice,1,0.7674206249939743,36786.0,99.0,15616.0,0.0055772999999999994,0.011154599999999999,0.003281748,0.006563496
diagnostic_v1,conflict,diagnostic,llm_ab_B_part0_part1,received,200,deepseek-flash,deepseek-flash,usage_based_estimate_not_invoice,1,1.322479291993659,30350.0,194.0,15488.0,0.004668899999999999,0.009337799999999999,0.0023921639999999996,0.004784327999999999
diagnostic_v1,conflict,diagnostic,llm_ab_B_part1,received,200,deepseek-flash,deepseek-flash,usage_based_estimate_not_invoice,3,5.711112168006366,99006.0,1271.0,33792.0,0.015613499999999999,0.031226999999999998,0.010646076,0.021292152
diagnostic_v1,conflict,diagnostic,llm_ab_judge_subset,received,200,deepseek-flash,deepseek-flash,usage_based_estimate_not_invoice,40,27.48752954401425,154077.0,1702.0,44416.0,0.024132750000000005,0.04826550000000001,0.017603597999999995,0.03520719599999999
diagnostic_v1,conflict,diagnostic,llm_direct,received,200,deepseek-flash,deepseek-flash,usage_based_estimate_not_invoice,51,116.37017320102314,464235.0,39290.0,99840.0,0.09320925000000001,0.18641850000000001,0.07853276999999999,0.15706553999999998
diagnostic_v1,conflict,diagnostic,llm_sample_0,received,200,deepseek-flash,deepseek-flash,usage_based_estimate_not_invoice,48,118.9550475430151,689741.0,38666.0,260480.0,0.12666075,0.2533215,0.08837018999999997,0.17674037999999995
diagnostic_v1,conflict,diagnostic,llm_sample_0_part0,received,200,deepseek-flash,deepseek-flash,usage_based_estimate_not_invoice,2,3.4603490410081577,55704.0,870.0,29436.0,0.0088776,0.0177552,0.004550508000000001,0.009101016000000002
diagnostic_v1,conflict,diagnostic,llm_sample_0_part0_part0_part0,received,200,deepseek-flash,deepseek-flash,usage_based_estimate_not_invoice,1,1.3302560419979272,21214.0,126.0,384.0,0.0032576999999999997,0.006515399999999999,0.003201252,0.006402504
diagnostic_v1,conflict,diagnostic,llm_sample_0_part0_part0_part1,received,200,deepseek-flash,deepseek-flash,usage_based_estimate_not_invoice,1,1.0580023750080727,36518.0,115.0,14976.0,0.0055467,0.0110934,0.0033452279999999996,0.006690455999999999
diagnostic_v1,conflict,diagnostic,llm_sample_0_part0_part1,received,200,deepseek-flash,deepseek-flash,usage_based_estimate_not_invoice,1,1.0654867080011172,29818.0,225.0,14976.0,0.0046077,0.0092154,0.0024062279999999994,0.004812455999999999
diagnostic_v1,conflict,diagnostic,llm_sample_0_part1,received,200,deepseek-flash,deepseek-flash,usage_based_estimate_not_invoice,3,5.01212891699106,95786.0,1207.0,48640.0,0.0150921,0.0301842,0.007942020000000001,0.015884040000000002
diagnostic_v1,conflict,diagnostic,llm_sample_1,received,200,deepseek-flash,deepseek-flash,usage_based_estimate_not_invoice,48,116.07074404504965,689741.0,38466.0,680704.0,0.12654075,0.2530815,0.026477261999999994,0.05295452399999999
diagnostic_v1,conflict,diagnostic,llm_sample_1_part0,received,200,deepseek-flash,deepseek-flash,usage_based_estimate_not_invoice,2,3.144954792005592,55704.0,836.0,55420.0,0.008857199999999999,0.017714399999999998,0.00071046,0.00142092
diagnostic_v1,conflict,diagnostic,llm_sample_1_part0_part0_part0,received,200,deepseek-flash,deepseek-flash,usage_based_estimate_not_invoice,1,0.8305926250031916,21214.0,113.0,20992.0,0.0032499,0.0064998,0.000164076,0.000328152
diagnostic_v1,conflict,diagnostic,llm_sample_1_part0_part0_part1,received,200,deepseek-flash,deepseek-flash,usage_based_estimate_not_invoice,1,0.6108770000137156,36518.0,99.0,36352.0,0.0055371,0.0110742,0.000193356,0.000386712
diagnostic_v1,conflict,diagnostic,llm_sample_1_part0_part1,received,200,deepseek-flash,deepseek-flash,usage_based_estimate_not_invoice,1,1.4566758330038283,29818.0,226.0,29568.0,0.0046083,0.0092166,0.000261804,0.000523608
diagnostic_v1,conflict,diagnostic,llm_sample_1_part1,received,200,deepseek-flash,deepseek-flash,usage_based_estimate_not_invoice,3,4.365669289996731,95786.0,1303.0,95232.0,0.015149699999999999,0.030299399999999997,0.0011505959999999998,0.0023011919999999996
diagnostic_v1,conflict,diagnostic,llm_sample_2,received,200,deepseek-flash,deepseek-flash,usage_based_estimate_not_invoice,48,112.532805661991,689741.0,37735.0,680704.0,0.12610215,0.2522043,0.026038661999999994,0.05207732399999999
diagnostic_v1,conflict,diagnostic,llm_sample_2_part0,received,200,deepseek-flash,deepseek-flash,usage_based_estimate_not_invoice,2,2.8896774590102723,55704.0,769.0,55420.0,0.008816999999999998,0.017633999999999997,0.0006702599999999999,0.0013405199999999998
diagnostic_v1,conflict,diagnostic,llm_sample_2_part0_part0_part0,received,200,deepseek-flash,deepseek-flash,usage_based_estimate_not_invoice,1,0.7238230419898173,21214.0,113.0,20992.0,0.0032499,0.0064998,0.000164076,0.000328152
diagnostic_v1,conflict,diagnostic,llm_sample_2_part0_part0_part1,received,200,deepseek-flash,deepseek-flash,usage_based_estimate_not_invoice,1,1.0681979159999173,36518.0,99.0,36352.0,0.0055371,0.0110742,0.000193356,0.000386712
diagnostic_v1,conflict,diagnostic,llm_sample_2_part0_part1,received,200,deepseek-flash,deepseek-flash,usage_based_estimate_not_invoice,1,1.4440843750053318,29818.0,247.0,29568.0,0.0046209,0.0092418,0.000274404,0.000548808
diagnostic_v1,conflict,diagnostic,llm_sample_2_part1,received,200,deepseek-flash,deepseek-flash,usage_based_estimate_not_invoice,3,4.814851581992116,95786.0,1270.0,95232.0,0.015129899999999998,0.030259799999999996,0.0011307959999999999,0.0022615919999999998
diagnostic_v1,conflict,diagnostic,llm_sample_3,received,200,deepseek-flash,deepseek-flash,usage_based_estimate_not_invoice,48,113.7506678749487,689741.0,38016.0,680704.0,0.12627075000000001,0.25254150000000003,0.026207262000000002,0.052414524000000004
diagnostic_v1,conflict,diagnostic,llm_sample_3_part0,received,200,deepseek-flash,deepseek-flash,usage_based_estimate_not_invoice,2,3.364692416987964,55704.0,874.0,55420.0,0.008879999999999999,0.017759999999999998,0.00073326,0.00146652
diagnostic_v1,conflict,diagnostic,llm_sample_3_part0_part0_part0,received,200,deepseek-flash,deepseek-flash,usage_based_estimate_not_invoice,1,0.9386210829979973,21214.0,113.0,20992.0,0.0032499,0.0064998,0.000164076,0.000328152
diagnostic_v1,conflict,diagnostic,llm_sample_3_part0_part0_part1,received,200,deepseek-flash,deepseek-flash,usage_based_estimate_not_invoice,1,1.0107875000103377,36518.0,99.0,36352.0,0.0055371,0.0110742,0.000193356,0.000386712
diagnostic_v1,conflict,diagnostic,llm_sample_3_part0_part1,received,200,deepseek-flash,deepseek-flash,usage_based_estimate_not_invoice,1,0.9482309160084696,29818.0,225.0,29568.0,0.0046077,0.0092154,0.000261204,0.000522408
diagnostic_v1,conflict,diagnostic,llm_sample_3_part1,received,200,deepseek-flash,deepseek-flash,usage_based_estimate_not_invoice,3,4.845302250017994,95786.0,1141.0,95232.0,0.015052499999999996,0.030104999999999993,0.0010533959999999998,0.0021067919999999997
diagnostic_v1,conflict,diagnostic,llm_sample_4,received,200,deepseek-flash,deepseek-flash,usage_based_estimate_not_invoice,48,116.61997699996573,689741.0,38363.0,680704.0,0.12647895,0.2529579,0.026415462,0.052830924
diagnostic_v1,conflict,diagnostic,llm_sample_4_part0,received,200,deepseek-flash,deepseek-flash,usage_based_estimate_not_invoice,2,3.491110832983395,55704.0,867.0,55420.0,0.0088758,0.0177516,0.0007290599999999999,0.0014581199999999998
diagnostic_v1,conflict,diagnostic,llm_sample_4_part0_part0_part0,received,200,deepseek-flash,deepseek-flash,usage_based_estimate_not_invoice,1,0.9099968749942491,21214.0,96.0,20992.0,0.0032397,0.0064794,0.00015387599999999997,0.00030775199999999995
diagnostic_v1,conflict,diagnostic,llm_sample_4_part0_part0_part1,received,200,deepseek-flash,deepseek-flash,usage_based_estimate_not_invoice,1,0.8802549159881892,36518.0,99.0,36352.0,0.0055371,0.0110742,0.000193356,0.000386712
diagnostic_v1,conflict,diagnostic,llm_sample_4_part0_part1,received,200,deepseek-flash,deepseek-flash,usage_based_estimate_not_invoice,1,1.3259572079987265,29818.0,193.0,29568.0,0.0045885,0.009177,0.000242004,0.000484008
diagnostic_v1,conflict,diagnostic,llm_sample_4_part1,received,200,deepseek-flash,deepseek-flash,usage_based_estimate_not_invoice,3,4.765141875017434,95786.0,1207.0,95232.0,0.015092099999999997,0.030184199999999994,0.001092996,0.002185992
diagnostic_v1,mbd,diagnostic,jev_ab_A,received,200,jev-1.13.0,jev-1.13.0,usage_based_estimate_not_invoice,42,15.831137331013451,420670.0,80500.0,0.0,0.017668140000000002,0.017668140000000002,0.017668140000000002,0.017668140000000002
diagnostic_v1,mbd,diagnostic,jev_ab_B,received,200,jev-1.13.0,jev-1.13.0,usage_based_estimate_not_invoice,42,17.147911829059012,481942.0,80495.0,0.0,0.020241564000000004,0.020241564000000004,0.020241564000000004,0.020241564000000004
diagnostic_v1,mbd,diagnostic,jev_ab_judge_subset,received,200,deepseek-flash,deepseek-flash,usage_based_estimate_not_invoice,27,14.471028418032802,105845.0,515.0,55424.0,0.01618575,0.0323715,0.008038422000000002,0.016076844000000003
diagnostic_v1,mbd,diagnostic,jev_anchored,received,200,jev-1.13.0,jev-1.13.0,usage_based_estimate_not_invoice,42,15.211722955980804,368131.0,80445.0,0.0,0.015461502,0.015461502,0.015461502,0.015461502
diagnostic_v1,mbd,diagnostic,jev_boundary,received,200,jev-1.13.0,jev-1.13.0,usage_based_estimate_not_invoice,42,15.813075293030124,369235.0,80446.0,0.0,0.015507870000000002,0.015507870000000002,0.015507870000000002,0.015507870000000002
diagnostic_v1,mbd,diagnostic,jev_compact,received,200,jev-1.13.0,jev-1.13.0,usage_based_estimate_not_invoice,42,15.798310918937204,307963.0,80443.0,0.0,0.012934445999999999,0.012934445999999999,0.012934445999999999,0.012934445999999999
diagnostic_v1,mbd,diagnostic,jev_verbose,received,200,jev-1.13.0,jev-1.13.0,usage_based_estimate_not_invoice,42,16.060612629997195,420670.0,80496.0,0.0,0.017668140000000002,0.017668140000000002,0.017668140000000002,0.017668140000000002
diagnostic_v1,mbd,diagnostic,llm_ab_A,received,200,deepseek-flash,deepseek-flash,usage_based_estimate_not_invoice,42,53.77244409087871,432956.0,13288.0,228864.0,0.0729162,0.1458324,0.039273192000000005,0.07854638400000001
diagnostic_v1,mbd,diagnostic,llm_ab_B,received,200,deepseek-flash,deepseek-flash,usage_based_estimate_not_invoice,42,54.64155762497103,489110.0,13679.0,130560.0,0.0815739,0.1631478,0.06238158,0.12476316
diagnostic_v1,mbd,diagnostic,llm_ab_judge_subset,received,200,deepseek-flash,deepseek-flash,usage_based_estimate_not_invoice,30,17.17374887202459,115408.0,695.0,52864.0,0.0177282,0.0354564,0.009957192,0.019914384
diagnostic_v1,mbd,diagnostic,llm_direct,received,200,deepseek-flash,deepseek-flash,usage_based_estimate_not_invoice,42,51.24545625394967,335117.0,12782.0,104448.0,0.05793675,0.1158735,0.042582893999999996,0.08516578799999999
diagnostic_v1,mbd,diagnostic,llm_sample_0,received,200,deepseek-flash,deepseek-flash,usage_based_estimate_not_invoice,42,56.463811751047615,432956.0,13400.0,268544.0,0.07298340000000002,0.14596680000000004,0.033507432,0.067014864
diagnostic_v1,mbd,diagnostic,llm_sample_1,received,200,deepseek-flash,deepseek-flash,usage_based_estimate_not_invoice,42,53.26003679005953,432956.0,13018.0,424576.0,0.0727542,0.1455084,0.010341528,0.020683056
diagnostic_v1,mbd,diagnostic,llm_sample_2,received,200,deepseek-flash,deepseek-flash,usage_based_estimate_not_invoice,42,53.00460620698868,432956.0,13336.0,424576.0,0.07294500000000001,0.14589000000000002,0.010532328,0.021064656
diagnostic_v1,mbd,diagnostic,llm_sample_3,received,200,deepseek-flash,deepseek-flash,usage_based_estimate_not_invoice,42,57.74286420796125,432956.0,13691.0,424576.0,0.07315800000000001,0.14631600000000003,0.010745327999999998,0.021490655999999997
diagnostic_v1,mbd,diagnostic,llm_sample_4,received,200,deepseek-flash,deepseek-flash,usage_based_estimate_not_invoice,42,50.312824584005284,432956.0,13544.0,424576.0,0.07306979999999999,0.14613959999999998,0.010657128000000004,0.021314256000000007
diagnostic_v1,ucc,diagnostic,jev_ab_A,received,200,jev-1.13.0,jev-1.13.0,usage_based_estimate_not_invoice,63,25.406198627955746,882093.0,251661.0,0.0,0.037047906000000005,0.037047906000000005,0.037047906000000005,0.037047906000000005
diagnostic_v1,ucc,diagnostic,jev_ab_B,received,200,jev-1.13.0,jev-1.13.0,usage_based_estimate_not_invoice,63,27.679170373972738,1178685.0,251661.0,0.0,0.04950477000000001,0.04950477000000001,0.04950477000000001,0.04950477000000001
diagnostic_v1,ucc,diagnostic,jev_ab_judge_subset,received,200,deepseek-flash,deepseek-flash,usage_based_estimate_not_invoice,63,37.77751087695651,203224.0,2599.0,105984.0,0.03204299999999999,0.06408599999999998,0.016463351999999997,0.032926703999999994
diagnostic_v1,ucc,diagnostic,jev_anchored,received,200,jev-1.13.0,jev-1.13.0,usage_based_estimate_not_invoice,63,24.627707210063818,649013.0,251661.0,0.0,0.027258546000000005,0.027258546000000005,0.027258546000000005,0.027258546000000005
diagnostic_v1,ucc,diagnostic,jev_boundary,received,200,jev-1.13.0,jev-1.13.0,usage_based_estimate_not_invoice,63,26.24033316699206,945605.0,251661.0,0.0,0.03971541000000001,0.03971541000000001,0.03971541000000001,0.03971541000000001
diagnostic_v1,ucc,diagnostic,jev_compact,received,200,jev-1.13.0,jev-1.13.0,usage_based_estimate_not_invoice,63,24.296574409978348,649013.0,251661.0,0.0,0.027258546000000005,0.027258546000000005,0.027258546000000005,0.027258546000000005
diagnostic_v1,ucc,diagnostic,jev_verbose,received,200,jev-1.13.0,jev-1.13.0,usage_based_estimate_not_invoice,63,26.619110747007653,882093.0,251661.0,0.0,0.037047906000000005,0.037047906000000005,0.037047906000000005,0.037047906000000005
diagnostic_v1,ucc,diagnostic,llm_ab_A,received,200,deepseek-flash,deepseek-flash,usage_based_estimate_not_invoice,63,191.38465724796697,1010419.0,65484.0,526713.0,0.19085325000000006,0.3817065000000001,0.11342643899999999,0.22685287799999998
diagnostic_v1,ucc,diagnostic,llm_ab_B,received,200,deepseek-flash,deepseek-flash,usage_based_estimate_not_invoice,63,201.18662328693608,1281307.0,67628.0,132352.0,0.23277285,0.4655457,0.21331710599999995,0.4266342119999999
diagnostic_v1,ucc,diagnostic,llm_ab_judge_subset,received,200,deepseek-flash,deepseek-flash,usage_based_estimate_not_invoice,58,40.00755616501556,183843.0,2782.0,100096.0,0.029245649999999998,0.058491299999999996,0.014531537999999998,0.029063075999999997
diagnostic_v1,ucc,diagnostic,llm_direct,received,200,deepseek-flash,deepseek-flash,usage_based_estimate_not_invoice,63,196.58232979202876,772651.0,68396.0,119552.0,0.15693524999999997,0.31387049999999994,0.139361106,0.278722212
diagnostic_v1,ucc,diagnostic,llm_sample_0,received,200,deepseek-flash,deepseek-flash,usage_based_estimate_not_invoice,63,186.31777566904202,1010419.0,64347.0,571768.0,0.19017105,0.3803421,0.10612115400000002,0.21224230800000005
diagnostic_v1,ucc,diagnostic,llm_sample_1,received,200,deepseek-flash,deepseek-flash,usage_based_estimate_not_invoice,63,182.55379704292864,1010419.0,64033.0,998897.0,0.18998265000000006,0.3799653000000001,0.043144791,0.086289582
diagnostic_v1,ucc,diagnostic,llm_sample_2,received,200,deepseek-flash,deepseek-flash,usage_based_estimate_not_invoice,63,181.833497877029,1010419.0,62552.0,998897.0,0.18909404999999999,0.37818809999999997,0.042256191,0.084512382
diagnostic_v1,ucc,diagnostic,llm_sample_3,received,200,deepseek-flash,deepseek-flash,usage_based_estimate_not_invoice,63,182.91316112894856,1010419.0,63419.0,998897.0,0.18961425000000004,0.3792285000000001,0.042776391,0.085552782
diagnostic_v1,ucc,diagnostic,llm_sample_4,received,200,deepseek-flash,deepseek-flash,usage_based_estimate_not_invoice,63,186.81978479004465,1010419.0,65893.0,998897.0,0.19109865000000006,0.38219730000000013,0.04426079100000001,0.08852158200000002
discovery_taskmap_v4,taskmap,discovery,jev_anchored,received,200,jev-1.13.0,jev-1.13.0,usage_based_estimate_not_invoice,1,1.5455286250071367,33717.0,3973.0,0.0,0.001416114,0.001416114,0.001416114,0.001416114
discovery_taskmap_v4,taskmap,discovery,jev_anchored_part0,received,200,jev-1.13.0,jev-1.13.0,usage_based_estimate_not_invoice,1,1.6330946249945555,27664.0,2413.0,0.0,0.0011618880000000002,0.0011618880000000002,0.0011618880000000002,0.0011618880000000002
discovery_taskmap_v4,taskmap,discovery,jev_anchored_part1,received,200,jev-1.13.0,jev-1.13.0,usage_based_estimate_not_invoice,1,0.6996562499989523,27775.0,2469.0,0.0,0.0011665500000000001,0.0011665500000000001,0.0011665500000000001,0.0011665500000000001
discovery_taskmap_v4,taskmap,discovery,jev_compact,received,200,jev-1.13.0,jev-1.13.0,usage_based_estimate_not_invoice,1,0.7328091660019709,33717.0,3973.0,0.0,0.001416114,0.001416114,0.001416114,0.001416114
discovery_taskmap_v4,taskmap,discovery,jev_compact_part0,received,200,jev-1.13.0,jev-1.13.0,usage_based_estimate_not_invoice,1,1.6460556669917423,27664.0,2413.0,0.0,0.0011618880000000002,0.0011618880000000002,0.0011618880000000002,0.0011618880000000002
discovery_taskmap_v4,taskmap,discovery,jev_compact_part1,received,200,jev-1.13.0,jev-1.13.0,usage_based_estimate_not_invoice,1,0.6462749999918742,27775.0,2469.0,0.0,0.0011665500000000001,0.0011665500000000001,0.0011665500000000001,0.0011665500000000001
discovery_taskmap_v4,taskmap,discovery,jev_verbose_part0_part0,received,200,jev-1.13.0,jev-1.13.0,usage_based_estimate_not_invoice,1,0.5181653750041733,37310.0,975.0,0.0,0.0015670200000000001,0.0015670200000000001,0.0015670200000000001,0.0015670200000000001
discovery_taskmap_v4,taskmap,discovery,jev_verbose_part0_part0_part0,received,200,jev-1.13.0,jev-1.13.0,usage_based_estimate_not_invoice,1,0.800465708001866,33914.0,591.0,0.0,0.0014243880000000002,0.0014243880000000002,0.0014243880000000002,0.0014243880000000002
discovery_taskmap_v4,taskmap,discovery,jev_verbose_part0_part0_part1,received,200,jev-1.13.0,jev-1.13.0,usage_based_estimate_not_invoice,1,0.4808248749905033,32654.0,623.0,0.0,0.001371468,0.001371468,0.001371468,0.001371468
discovery_taskmap_v4,taskmap,discovery,jev_verbose_part0_part1,received,200,jev-1.13.0,jev-1.13.0,usage_based_estimate_not_invoice,1,0.5326550839963602,36054.0,1001.0,0.0,0.001514268,0.001514268,0.001514268,0.001514268
discovery_taskmap_v4,taskmap,discovery,jev_verbose_part0_part1_part0,received,200,jev-1.13.0,jev-1.13.0,usage_based_estimate_not_invoice,1,0.47643075000087265,34057.0,597.0,0.0,0.001430394,0.001430394,0.001430394,0.001430394
discovery_taskmap_v4,taskmap,discovery,jev_verbose_part0_part1_part1,received,200,jev-1.13.0,jev-1.13.0,usage_based_estimate_not_invoice,1,0.4563154170027701,30555.0,614.0,0.0,0.0012833100000000002,0.0012833100000000002,0.0012833100000000002,0.0012833100000000002
discovery_taskmap_v4,taskmap,discovery,jev_verbose_part1_part0,received,200,jev-1.13.0,jev-1.13.0,usage_based_estimate_not_invoice,1,0.5356329580099555,39353.0,1006.0,0.0,0.001652826,0.001652826,0.001652826,0.001652826
discovery_taskmap_v4,taskmap,discovery,jev_verbose_part1_part0_part0,received,200,jev-1.13.0,jev-1.13.0,usage_based_estimate_not_invoice,1,0.47948495800665114,33209.0,605.0,0.0,0.001394778,0.001394778,0.001394778,0.001394778
discovery_taskmap_v4,taskmap,discovery,jev_verbose_part1_part0_part1,received,200,jev-1.13.0,jev-1.13.0,usage_based_estimate_not_invoice,1,0.5193610419955803,37411.0,611.0,0.0,0.0015712620000000001,0.0015712620000000001,0.0015712620000000001,0.0015712620000000001
discovery_taskmap_v4,taskmap,discovery,jev_verbose_part1_part1,received,200,jev-1.13.0,jev-1.13.0,usage_based_estimate_not_invoice,1,0.5549486670061015,38512.0,1003.0,0.0,0.001617504,0.001617504,0.001617504,0.001617504
discovery_taskmap_v4,taskmap,discovery,jev_verbose_part1_part1_part0,received,200,jev-1.13.0,jev-1.13.0,usage_based_estimate_not_invoice,1,0.46230212500086054,32181.0,620.0,0.0,0.0013516020000000001,0.0013516020000000001,0.0013516020000000001,0.0013516020000000001
discovery_taskmap_v4,taskmap,discovery,jev_verbose_part1_part1_part1,received,200,jev-1.13.0,jev-1.13.0,usage_based_estimate_not_invoice,1,0.4677711659896886,34117.0,645.0,0.0,0.001432914,0.001432914,0.001432914,0.001432914
discovery_taskmap_v4,taskmap,discovery,llm_direct,received,200,deepseek-flash,deepseek-flash,usage_based_estimate_not_invoice,1,4.942805416998453,41408.0,1866.0,41216.0,0.007330799999999999,0.014661599999999999,0.0012720479999999998,0.0025440959999999996
discovery_taskmap_v4,taskmap,discovery,llm_direct_part0,received,200,deepseek-flash,deepseek-flash,usage_based_estimate_not_invoice,1,3.340266540995799,32101.0,1137.0,29696.0,0.00549735,0.0109947,0.001132038,0.002264076
discovery_taskmap_v4,taskmap,discovery,llm_direct_part1,received,200,deepseek-flash,deepseek-flash,usage_based_estimate_not_invoice,1,3.2684613750025164,32231.0,1146.0,14464.0,0.00552225,0.0110445,0.0033960419999999993,0.006792083999999999
discovery_v1,babe,discovery,jev_anchored,uncertain,400,jev-1.13,,no_usage_billing_unknown,2,1.2493098749982892,,,,,,,
discovery_v1,babe,discovery,jev_compact,uncertain,400,jev-1.13,,no_usage_billing_unknown,2,0.7174094999936642,,,,,,,
discovery_v1,babe,discovery,jev_verbose,uncertain,400,jev-1.13,,no_usage_billing_unknown,2,0.7131727079977281,,,,,,,
discovery_v1,babe,discovery,llm_direct,received,200,deepseek-flash,deepseek-flash,usage_based_estimate_not_invoice,2,2.0670047070016153,8747.0,348.0,2048.0,0.0015208499999999998,0.0030416999999999996,0.001219794,0.002439588
discovery_v1,conflict,discovery,jev_anchored,uncertain,400,jev-1.13,,no_usage_billing_unknown,2,1.41206137399422,,,,,,,
discovery_v1,conflict,discovery,jev_compact,uncertain,400,jev-1.13,,no_usage_billing_unknown,2,0.6913654160016449,,,,,,,
discovery_v1,conflict,discovery,jev_verbose,uncertain,400,jev-1.13,,no_usage_billing_unknown,2,0.6993752509879414,,,,,,,
discovery_v1,conflict,discovery,llm_direct,received,200,deepseek-flash,deepseek-flash,usage_based_estimate_not_invoice,2,5.031978915983927,19028.0,1519.0,384.0,0.0037656,0.0075312,0.0037091519999999994,0.007418303999999999
discovery_v1,mbd,discovery,jev_anchored,uncertain,400,jev-1.13,,no_usage_billing_unknown,2,1.5832475000061095,,,,,,,
discovery_v1,mbd,discovery,jev_compact,uncertain,400,jev-1.13,,no_usage_billing_unknown,2,1.3465026250050869,,,,,,,
discovery_v1,mbd,discovery,jev_verbose,uncertain,400,jev-1.13,,no_usage_billing_unknown,2,1.8686612919991603,,,,,,,
discovery_v1,mbd,discovery,llm_direct,received,200,deepseek-flash,deepseek-flash,usage_based_estimate_not_invoice,2,2.729996415990172,26712.0,640.0,1152.0,0.004390799999999999,0.008781599999999999,0.004221456,0.008442912
discovery_v2,babe,discovery,jev_anchored,received,200,jev-1.13.0,jev-1.13.0,usage_based_estimate_not_invoice,13,4.263987332989927,55517.0,7203.0,0.0,0.0023317140000000004,0.0023317140000000004,0.0023317140000000004,0.0023317140000000004
discovery_v2,babe,discovery,jev_compact,received,200,jev-1.13.0,jev-1.13.0,usage_based_estimate_not_invoice,13,4.041379210961168,55517.0,7207.0,0.0,0.0023317140000000004,0.0023317140000000004,0.0023317140000000004,0.0023317140000000004
discovery_v2,babe,discovery,jev_verbose,received,200,jev-1.13.0,jev-1.13.0,usage_based_estimate_not_invoice,13,4.053862789995037,64607.0,7201.0,0.0,0.0027134940000000003,0.0027134940000000003,0.0027134940000000003,0.0027134940000000003
discovery_v2,babe,discovery,llm_direct,received,200,deepseek-flash,deepseek-flash,usage_based_estimate_not_invoice,13,12.484863126970595,56289.0,2142.0,30848.0,0.00972855,0.0194571,0.005193893999999999,0.010387787999999998
discovery_v2,commonsense,discovery,jev_anchored,received,200,jev-1.13.0,jev-1.13.0,usage_based_estimate_not_invoice,13,3.930423207988497,46819.0,7796.0,0.0,0.0019663980000000003,0.0019663980000000003,0.0019663980000000003,0.0019663980000000003
discovery_v2,commonsense,discovery,jev_compact,received,200,jev-1.13.0,jev-1.13.0,usage_based_estimate_not_invoice,13,5.031688375005615,46819.0,7796.0,0.0,0.0019663980000000003,0.0019663980000000003,0.0019663980000000003,0.0019663980000000003
discovery_v2,commonsense,discovery,jev_verbose,received,200,jev-1.13.0,jev-1.13.0,usage_based_estimate_not_invoice,13,4.004258085988113,53581.0,7796.0,0.0,0.0022504019999999994,0.0022504019999999994,0.0022504019999999994,0.0022504019999999994
discovery_v2,commonsense,discovery,llm_direct,received,200,deepseek-flash,deepseek-flash,usage_based_estimate_not_invoice,13,15.467701290996047,59353.0,3671.0,1536.0,0.01110555,0.0222111,0.010879758000000002,0.021759516000000003
discovery_v2,conflict,discovery,jev_anchored,received,200,jev-1.13.0,jev-1.13.0,usage_based_estimate_not_invoice,6,2.158165499975439,41968.0,18478.0,0.0,0.001762656,0.001762656,0.001762656,0.001762656
discovery_v2,conflict,discovery,jev_compact,received,200,jev-1.13.0,jev-1.13.0,usage_based_estimate_not_invoice,6,2.673496416013222,41968.0,18476.0,0.0,0.001762656,0.001762656,0.001762656,0.001762656
discovery_v2,conflict,discovery,jev_verbose,received,200,jev-1.13.0,jev-1.13.0,usage_based_estimate_not_invoice,6,2.2138304580148542,77624.0,18464.0,0.0,0.003260208,0.003260208,0.003260208,0.003260208
discovery_v2,conflict,discovery,llm_direct,received,200,deepseek-flash,deepseek-flash,usage_based_estimate_not_invoice,6,13.678065251006046,50829.0,4454.0,20096.0,0.010296749999999999,0.020593499999999997,0.007342637999999999,0.014685275999999999
discovery_v2,mbd,discovery,jev_anchored,received,200,jev-1.13.0,jev-1.13.0,usage_based_estimate_not_invoice,9,3.9609419990010792,171405.0,16706.0,0.0,0.0071990100000000005,0.0071990100000000005,0.0071990100000000005,0.0071990100000000005
discovery_v2,mbd,discovery,jev_anchored,uncertain,400,jev-1.13.0,,no_usage_billing_unknown,6,1.8529411240160698,,,,,,,
discovery_v2,mbd,discovery,jev_compact,received,200,jev-1.13.0,jev-1.13.0,usage_based_estimate_not_invoice,9,3.508983622989035,158870.0,16704.0,0.0,0.00667254,0.00667254,0.00667254,0.00667254
discovery_v2,mbd,discovery,jev_compact,uncertain,400,jev-1.13.0,,no_usage_billing_unknown,6,2.0695249590062303,,,,,,,
discovery_v2,mbd,discovery,jev_verbose,received,200,jev-1.13.0,jev-1.13.0,usage_based_estimate_not_invoice,9,4.3740629149688175,182043.0,16724.0,0.0,0.007645806,0.007645806,0.007645806,0.007645806
discovery_v2,mbd,discovery,jev_verbose,uncertain,400,jev-1.13.0,,no_usage_billing_unknown,6,2.0989587100048084,,,,,,,
discovery_v2,mbd,discovery,llm_direct,received,200,deepseek-flash,deepseek-flash,usage_based_estimate_not_invoice,15,24.495498707023216,455836.0,5296.0,41339.0,0.07155299999999999,0.14310599999999998,0.065476167,0.130952334
discovery_v2,ucc,discovery,jev_anchored,received,200,jev-1.13.0,jev-1.13.0,usage_based_estimate_not_invoice,14,5.168944374963758,134807.0,52746.0,0.0,0.005661894,0.005661894,0.005661894,0.005661894
discovery_v2,ucc,discovery,jev_compact,received,200,jev-1.13.0,jev-1.13.0,usage_based_estimate_not_invoice,14,5.192165793021559,134807.0,52746.0,0.0,0.005661894,0.005661894,0.005661894,0.005661894
discovery_v2,ucc,discovery,jev_verbose,received,200,jev-1.13.0,jev-1.13.0,usage_based_estimate_not_invoice,14,6.730408164963592,184343.0,52746.0,0.0,0.007742406000000001,0.007742406000000001,0.007742406000000001,0.007742406000000001
discovery_v2,ucc,discovery,llm_direct,received,200,deepseek-flash,deepseek-flash,usage_based_estimate_not_invoice,14,43.32102745796146,161024.0,14920.0,14976.0,0.0331056,0.0662112,0.030904127999999996,0.06180825599999999
discovery_v3,babe,discovery,jev_anchored,received,200,jev-1.13.0,jev-1.13.0,usage_based_estimate_not_invoice,13,4.839665794017492,55517.0,7208.0,0.0,0.0023317140000000004,0.0023317140000000004,0.0023317140000000004,0.0023317140000000004
discovery_v3,babe,discovery,jev_compact,received,200,jev-1.13.0,jev-1.13.0,usage_based_estimate_not_invoice,13,4.36359370900027,55517.0,7207.0,0.0,0.0023317140000000004,0.0023317140000000004,0.0023317140000000004,0.0023317140000000004
discovery_v3,babe,discovery,jev_verbose,received,200,jev-1.13.0,jev-1.13.0,usage_based_estimate_not_invoice,13,4.22998024901608,64607.0,7200.0,0.0,0.0027134940000000003,0.0027134940000000003,0.0027134940000000003,0.0027134940000000003
discovery_v3,babe,discovery,llm_direct,received,200,deepseek-flash,deepseek-flash,usage_based_estimate_not_invoice,13,12.323756124998908,56289.0,2030.0,53757.0,0.009661349999999999,0.019322699999999998,0.001759071,0.003518142
discovery_v3,commonsense,discovery,jev_anchored,received,200,jev-1.13.0,jev-1.13.0,usage_based_estimate_not_invoice,13,4.258961332961917,46819.0,7796.0,0.0,0.0019663980000000003,0.0019663980000000003,0.0019663980000000003,0.0019663980000000003
discovery_v3,commonsense,discovery,jev_compact,received,200,jev-1.13.0,jev-1.13.0,usage_based_estimate_not_invoice,13,4.347627043011016,46819.0,7796.0,0.0,0.0019663980000000003,0.0019663980000000003,0.0019663980000000003,0.0019663980000000003
discovery_v3,commonsense,discovery,jev_verbose,received,200,jev-1.13.0,jev-1.13.0,usage_based_estimate_not_invoice,13,4.90573333100474,53581.0,7796.0,0.0,0.0022504019999999994,0.0022504019999999994,0.0022504019999999994,0.0022504019999999994
discovery_v3,commonsense,discovery,llm_direct,received,200,deepseek-flash,deepseek-flash,usage_based_estimate_not_invoice,13,15.41939529098454,59353.0,3735.0,56823.0,0.01114395,0.0222879,0.002790969,0.005581938
discovery_v3,conflict,discovery,jev_anchored,received,200,jev-1.13.0,jev-1.13.0,usage_based_estimate_not_invoice,6,2.87674433401844,41968.0,18478.0,0.0,0.001762656,0.001762656,0.001762656,0.001762656
discovery_v3,conflict,discovery,jev_compact,received,200,jev-1.13.0,jev-1.13.0,usage_based_estimate_not_invoice,6,2.015509500997723,41968.0,18481.0,0.0,0.001762656,0.001762656,0.001762656,0.001762656
discovery_v3,conflict,discovery,jev_verbose,received,200,jev-1.13.0,jev-1.13.0,usage_based_estimate_not_invoice,6,2.258229582977947,77624.0,18462.0,0.0,0.003260208,0.003260208,0.003260208,0.003260208
discovery_v3,conflict,discovery,llm_direct,received,200,deepseek-flash,deepseek-flash,usage_based_estimate_not_invoice,6,13.573651956976391,50829.0,4356.0,49664.0,0.01023795,0.0204759,0.002937342,0.005874684
discovery_v3,mbd,discovery,jev_anchored,received,200,jev-1.13.0,jev-1.13.0,usage_based_estimate_not_invoice,15,5.414096082968172,144513.0,30673.0,0.0,0.006069546,0.006069546,0.006069546,0.006069546
discovery_v3,mbd,discovery,jev_compact,received,200,jev-1.13.0,jev-1.13.0,usage_based_estimate_not_invoice,15,5.085352584021166,121514.0,30669.0,0.0,0.005103588,0.005103588,0.005103588,0.005103588
discovery_v3,mbd,discovery,jev_verbose,received,200,jev-1.13.0,jev-1.13.0,usage_based_estimate_not_invoice,15,6.491714915027842,163593.0,30693.0,0.0,0.006870906000000001,0.006870906000000001,0.006870906000000001,0.006870906000000001
discovery_v3,mbd,discovery,llm_direct,received,200,deepseek-flash,deepseek-flash,usage_based_estimate_not_invoice,15,21.301069416978862,131439.0,4997.0,16128.0,0.02271405,0.0454281,0.020343233999999995,0.04068646799999999
discovery_v3,taskmap,discovery,jev_anchored,received,200,jev-1.13.0,jev-1.13.0,usage_based_estimate_not_invoice,2,1.0470300419983687,73972.0,8851.0,0.0,0.0031068240000000002,0.0031068240000000002,0.0031068240000000002,0.0031068240000000002
discovery_v3,taskmap,discovery,jev_compact,received,200,jev-1.13.0,jev-1.13.0,usage_based_estimate_not_invoice,2,1.32301545800874,73972.0,8851.0,0.0,0.0031068240000000002,0.0031068240000000002,0.0031068240000000002,0.0031068240000000002
discovery_v3,taskmap,discovery,jev_verbose,uncertain,400,jev-1.13.0,,no_usage_billing_unknown,2,1.2944694999896456,,,,,,,
discovery_v3,taskmap,discovery,llm_direct,received,200,deepseek-flash,deepseek-flash,usage_based_estimate_not_invoice,2,11.35783774900483,91108.0,4146.0,58496.0,0.0161538,0.0323076,0.007554888000000001,0.015109776000000002
discovery_v3,ucc,discovery,jev_anchored,received,200,jev-1.13.0,jev-1.13.0,usage_based_estimate_not_invoice,14,5.092295374008245,137649.0,52746.0,0.0,0.005781258000000001,0.005781258000000001,0.005781258000000001,0.005781258000000001
discovery_v3,ucc,discovery,jev_compact,received,200,jev-1.13.0,jev-1.13.0,usage_based_estimate_not_invoice,14,5.769519623005181,137649.0,52746.0,0.0,0.005781258000000001,0.005781258000000001,0.005781258000000001,0.005781258000000001
discovery_v3,ucc,discovery,jev_verbose,received,200,jev-1.13.0,jev-1.13.0,usage_based_estimate_not_invoice,14,6.3876939169858815,187185.0,52746.0,0.0,0.00786177,0.00786177,0.00786177,0.00786177
discovery_v3,ucc,discovery,llm_direct,received,200,deepseek-flash,deepseek-flash,usage_based_estimate_not_invoice,14,43.934593125013635,163250.0,15176.0,18432.0,0.0335931,0.0671862,0.030883596000000006,0.06176719200000001
explanation_discovery_v2,babe,discovery,jev_after_explanation,received,200,jev-1.13.0,jev-1.13.0,usage_based_estimate_not_invoice,1,0.35039199999300763,7290.0,583.0,0.0,0.00030618,0.00030618,0.00030618,0.00030618
explanation_discovery_v2,babe,discovery,jev_grounded,received,200,jev-1.13.0,jev-1.13.0,usage_based_estimate_not_invoice,13,7.363950166967697,56050.0,7202.0,0.0,0.0023541000000000005,0.0023541000000000005,0.0023541000000000005,0.0023541000000000005
explanation_discovery_v2,babe,discovery,llm_explanation_subset,received,200,deepseek-flash,deepseek-flash,usage_based_estimate_not_invoice,3,16.271519208006794,13983.0,4419.0,13440.0,0.00474885,0.0094977,0.00277317,0.00554634
explanation_discovery_v2,commonsense,discovery,jev_after_explanation,received,200,jev-1.13.0,jev-1.13.0,usage_based_estimate_not_invoice,3,2.078403875028016,20575.0,1556.0,0.0,0.00086415,0.00086415,0.00086415,0.00086415
explanation_discovery_v2,commonsense,discovery,jev_grounded,received,200,jev-1.13.0,jev-1.13.0,usage_based_estimate_not_invoice,13,6.958479459019145,41973.0,7796.0,0.0,0.001762866,0.001762866,0.001762866,0.001762866
explanation_discovery_v2,commonsense,discovery,llm_explanation_subset,received,200,deepseek-flash,deepseek-flash,usage_based_estimate_not_invoice,3,13.07795812599943,11482.0,4938.0,11003.0,0.004685099999999999,0.009370199999999999,0.003067659,0.006135318
explanation_discovery_v2,conflict,discovery,jev_grounded,received,200,jev-1.13.0,jev-1.13.0,usage_based_estimate_not_invoice,6,5.584373875026358,42664.0,18475.0,0.0,0.0017918880000000002,0.0017918880000000002,0.0017918880000000002,0.0017918880000000002
explanation_discovery_v2,conflict,discovery,llm_explanation_subset,received,200,deepseek-flash,deepseek-flash,usage_based_estimate_not_invoice,2,17.80974379100371,10888.0,5468.0,3968.0,0.004914,0.009828,0.0043307039999999995,0.008661407999999999
explanation_discovery_v2,mbd,discovery,jev_after_explanation,received,200,jev-1.13.0,jev-1.13.0,usage_based_estimate_not_invoice,3,1.531195999996271,55595.0,6986.0,0.0,0.00233499,0.00233499,0.00233499,0.00233499
explanation_discovery_v2,mbd,discovery,jev_grounded,received,200,jev-1.13.0,jev-1.13.0,usage_based_estimate_not_invoice,15,10.021745834033936,145548.0,30672.0,0.0,0.006113016000000001,0.006113016000000001,0.006113016000000001,0.006113016000000001
explanation_discovery_v2,mbd,discovery,llm_explanation_subset,received,200,deepseek-flash,deepseek-flash,usage_based_estimate_not_invoice,6,30.08477654203307,43918.0,9544.0,21248.0,0.012314099999999998,0.024628199999999996,0.009190644,0.018381288
explanation_discovery_v2,taskmap,discovery,jev_grounded,received,200,jev-1.13.0,jev-1.13.0,usage_based_estimate_not_invoice,2,3.1663512909726705,71406.0,8851.0,0.0,0.0029990520000000003,0.0029990520000000003,0.0029990520000000003,0.0029990520000000003
explanation_discovery_v2,ucc,discovery,jev_after_explanation,received,200,jev-1.13.0,jev-1.13.0,usage_based_estimate_not_invoice,3,3.7191719590337016,126161.0,12057.0,0.0,0.005298762,0.005298762,0.005298762,0.005298762
explanation_discovery_v2,ucc,discovery,jev_grounded,received,200,jev-1.13.0,jev-1.13.0,usage_based_estimate_not_invoice,14,10.7761672110355,282213.0,52746.0,0.0,0.011852946000000001,0.011852946000000001,0.011852946000000001,0.011852946000000001
explanation_discovery_v2,ucc,discovery,llm_explanation_subset,received,200,deepseek-flash,deepseek-flash,usage_based_estimate_not_invoice,12,96.67161241799477,89708.0,28669.0,28928.0,0.030657599999999997,0.06131519999999999,0.026405183999999998,0.052810367999999996
explanation_fallback_discovery_v3,babe,discovery,jev_after_explanation,received,200,jev-1.13.0,jev-1.13.0,usage_based_estimate_not_invoice,1,0.3209144999855198,7645.0,582.0,0.0,0.00032109000000000006,0.00032109000000000006,0.00032109000000000006,0.00032109000000000006
explanation_fallback_discovery_v3,babe,discovery,jev_verbose,received,200,jev-1.13.0,jev-1.13.0,usage_based_estimate_not_invoice,13,7.182732830988243,64607.0,7203.0,0.0,0.0027134940000000003,0.0027134940000000003,0.0027134940000000003,0.0027134940000000003
explanation_fallback_discovery_v3,babe,discovery,llm_explanation_subset,received,200,deepseek-flash,deepseek-flash,usage_based_estimate_not_invoice,3,15.178683290985646,16076.0,4118.0,6144.0,0.0048822,0.0097644,0.0039790319999999995,0.007958063999999999
explanation_fallback_discovery_v3,commonsense,discovery,jev_after_explanation,received,200,jev-1.13.0,jev-1.13.0,usage_based_estimate_not_invoice,3,2.3862283759808633,22317.0,1556.0,0.0,0.0009373140000000001,0.0009373140000000001,0.0009373140000000001,0.0009373140000000001
explanation_fallback_discovery_v3,commonsense,discovery,jev_verbose,received,200,jev-1.13.0,jev-1.13.0,usage_based_estimate_not_invoice,13,6.689690289931605,53581.0,7796.0,0.0,0.0022504019999999994,0.0022504019999999994,0.0022504019999999994,0.0022504019999999994
explanation_fallback_discovery_v3,commonsense,discovery,llm_explanation_subset,received,200,deepseek-flash,deepseek-flash,usage_based_estimate_not_invoice,3,13.965671165991807,14144.0,4634.0,384.0,0.004902,0.009804,0.0048455519999999995,0.009691103999999999
explanation_fallback_discovery_v3,conflict,discovery,jev_after_explanation,received,200,jev-1.13.0,jev-1.13.0,usage_based_estimate_not_invoice,1,0.6380574170034379,22340.0,3214.0,0.0,0.0009382800000000001,0.0009382800000000001,0.0009382800000000001,0.0009382800000000001
explanation_fallback_discovery_v3,conflict,discovery,jev_verbose,received,200,jev-1.13.0,jev-1.13.0,usage_based_estimate_not_invoice,6,5.965136665996397,77624.0,18465.0,0.0,0.003260208,0.003260208,0.003260208,0.003260208
explanation_fallback_discovery_v3,conflict,discovery,llm_explanation_subset,received,200,deepseek-flash,deepseek-flash,usage_based_estimate_not_invoice,2,17.06429024998215,15656.0,5254.0,1920.0,0.005500799999999999,0.011001599999999999,0.00521856,0.01043712
explanation_fallback_discovery_v3,mbd,discovery,jev_after_explanation,received,200,jev-1.13.0,jev-1.13.0,usage_based_estimate_not_invoice,3,2.5700930419843644,60013.0,6850.0,0.0,0.0025205460000000002,0.0025205460000000002,0.0025205460000000002,0.0025205460000000002
explanation_fallback_discovery_v3,mbd,discovery,jev_verbose,received,200,jev-1.13.0,jev-1.13.0,usage_based_estimate_not_invoice,15,9.101999583013821,163593.0,30687.0,0.0,0.006870906000000001,0.006870906000000001,0.006870906000000001,0.006870906000000001
explanation_fallback_discovery_v3,mbd,discovery,llm_explanation_subset,received,200,deepseek-flash,deepseek-flash,usage_based_estimate_not_invoice,6,32.70717666600831,48264.0,10161.0,13696.0,0.0133362,0.0266724,0.011322888,0.022645776
explanation_fallback_discovery_v3,taskmap,discovery,jev_verbose_part0_part0,received,200,jev-1.13.0,jev-1.13.0,usage_based_estimate_not_invoice,1,1.512067792005837,37310.0,975.0,0.0,0.0015670200000000001,0.0015670200000000001,0.0015670200000000001,0.0015670200000000001
explanation_fallback_discovery_v3,taskmap,discovery,jev_verbose_part0_part0_part0,received,200,jev-1.13.0,jev-1.13.0,usage_based_estimate_not_invoice,1,1.8636824170243926,33914.0,591.0,0.0,0.0014243880000000002,0.0014243880000000002,0.0014243880000000002,0.0014243880000000002
explanation_fallback_discovery_v3,taskmap,discovery,jev_verbose_part0_part0_part1,received,200,jev-1.13.0,jev-1.13.0,usage_based_estimate_not_invoice,1,1.0617092920001596,32654.0,623.0,0.0,0.001371468,0.001371468,0.001371468,0.001371468
explanation_fallback_discovery_v3,taskmap,discovery,jev_verbose_part0_part1,received,200,jev-1.13.0,jev-1.13.0,usage_based_estimate_not_invoice,1,0.6684027500159573,36054.0,1001.0,0.0,0.001514268,0.001514268,0.001514268,0.001514268
explanation_fallback_discovery_v3,taskmap,discovery,jev_verbose_part0_part1_part0,received,200,jev-1.13.0,jev-1.13.0,usage_based_estimate_not_invoice,1,1.0376394589839038,34057.0,597.0,0.0,0.001430394,0.001430394,0.001430394,0.001430394
explanation_fallback_discovery_v3,taskmap,discovery,jev_verbose_part0_part1_part1,received,200,jev-1.13.0,jev-1.13.0,usage_based_estimate_not_invoice,1,0.6504377909877803,30555.0,614.0,0.0,0.0012833100000000002,0.0012833100000000002,0.0012833100000000002,0.0012833100000000002
explanation_fallback_discovery_v3,taskmap,discovery,jev_verbose_part1_part0,received,200,jev-1.13.0,jev-1.13.0,usage_based_estimate_not_invoice,1,0.49287524999817833,39353.0,1006.0,0.0,0.001652826,0.001652826,0.001652826,0.001652826
explanation_fallback_discovery_v3,taskmap,discovery,jev_verbose_part1_part0_part0,received,200,jev-1.13.0,jev-1.13.0,usage_based_estimate_not_invoice,1,0.44527799999923445,33209.0,605.0,0.0,0.001394778,0.001394778,0.001394778,0.001394778
explanation_fallback_discovery_v3,taskmap,discovery,jev_verbose_part1_part0_part1,received,200,jev-1.13.0,jev-1.13.0,usage_based_estimate_not_invoice,1,0.4804287919832859,37411.0,611.0,0.0,0.0015712620000000001,0.0015712620000000001,0.0015712620000000001,0.0015712620000000001
explanation_fallback_discovery_v3,taskmap,discovery,jev_verbose_part1_part1,received,200,jev-1.13.0,jev-1.13.0,usage_based_estimate_not_invoice,1,0.5534114580077585,38512.0,1003.0,0.0,0.001617504,0.001617504,0.001617504,0.001617504
explanation_fallback_discovery_v3,taskmap,discovery,jev_verbose_part1_part1_part0,received,200,jev-1.13.0,jev-1.13.0,usage_based_estimate_not_invoice,1,0.4681115829735063,32181.0,620.0,0.0,0.0013516020000000001,0.0013516020000000001,0.0013516020000000001,0.0013516020000000001
explanation_fallback_discovery_v3,taskmap,discovery,jev_verbose_part1_part1_part1,received,200,jev-1.13.0,jev-1.13.0,usage_based_estimate_not_invoice,1,0.46820195802138187,34117.0,645.0,0.0,0.001432914,0.001432914,0.001432914,0.001432914
explanation_fallback_discovery_v3,ucc,discovery,jev_after_explanation,received,200,jev-1.13.0,jev-1.13.0,usage_based_estimate_not_invoice,2,2.6490818329912145,71104.0,8038.0,0.0,0.002986368,0.002986368,0.002986368,0.002986368
explanation_fallback_discovery_v3,ucc,discovery,jev_verbose,received,200,jev-1.13.0,jev-1.13.0,usage_based_estimate_not_invoice,14,9.963467542052967,187185.0,52746.0,0.0,0.00786177,0.00786177,0.00786177,0.00786177
explanation_fallback_discovery_v3,ucc,discovery,llm_explanation_subset,received,200,deepseek-flash,deepseek-flash,usage_based_estimate_not_invoice,10,79.12505245700595,64967.0,23523.0,18816.0,0.023858850000000004,0.04771770000000001,0.021092898,0.042185796
grounded_calibration_v1,babe,calibration,jev_grounded,received,200,jev-1.13.0,jev-1.13.0,usage_based_estimate_not_invoice,13,4.848008957997081,55829.0,7246.0,0.0,0.0023448180000000002,0.0023448180000000002,0.0023448180000000002,0.0023448180000000002
grounded_calibration_v1,babe,calibration,llm_grounded,received,200,deepseek-flash,deepseek-flash,usage_based_estimate_not_invoice,13,11.056725706992438,56407.0,2167.0,26624.0,0.009761249999999999,0.019522499999999998,0.005847522,0.011695044
grounded_calibration_v1,commonsense,calibration,jev_grounded,received,200,jev-1.13.0,jev-1.13.0,usage_based_estimate_not_invoice,13,4.005878002033569,41919.0,7796.0,0.0,0.0017605980000000004,0.0017605980000000004,0.0017605980000000004,0.0017605980000000004
grounded_calibration_v1,commonsense,calibration,llm_grounded,received,200,deepseek-flash,deepseek-flash,usage_based_estimate_not_invoice,13,14.56166687599034,53026.0,3671.0,1664.0,0.0101565,0.020313,0.009911891999999999,0.019823783999999997
grounded_calibration_v1,conflict,calibration,jev_grounded,received,200,jev-1.13.0,jev-1.13.0,usage_based_estimate_not_invoice,7,3.2693168740079273,46714.0,19686.0,0.0,0.0019619880000000004,0.0019619880000000004,0.0019619880000000004,0.0019619880000000004
grounded_calibration_v1,conflict,calibration,llm_grounded,received,200,deepseek-flash,deepseek-flash,usage_based_estimate_not_invoice,7,14.765934872979415,55664.0,4916.0,2688.0,0.0112992,0.0225984,0.010904064000000002,0.021808128000000003
grounded_calibration_v1,mbd,calibration,jev_grounded,received,200,jev-1.13.0,jev-1.13.0,usage_based_estimate_not_invoice,17,7.656588707002811,163087.0,35255.0,0.0,0.006849654,0.006849654,0.006849654,0.006849654
grounded_calibration_v1,mbd,calibration,llm_grounded,received,200,deepseek-flash,deepseek-flash,usage_based_estimate_not_invoice,17,23.324688126027468,167969.0,5738.0,19584.0,0.028638149999999998,0.057276299999999995,0.02575930199999999,0.05151860399999998
grounded_calibration_v1,taskmap,calibration,jev_grounded,received,200,jev-1.13.0,jev-1.13.0,usage_based_estimate_not_invoice,2,1.4883852080092765,71156.0,8851.0,0.0,0.0029885520000000002,0.0029885520000000002,0.0029885520000000002,0.0029885520000000002
grounded_calibration_v1,taskmap,calibration,llm_grounded,received,200,deepseek-flash,deepseek-flash,usage_based_estimate_not_invoice,1,5.125572125005419,40175.0,1866.0,9216.0,0.0071458500000000005,0.014291700000000001,0.005791098,0.011582196
grounded_calibration_v1,taskmap,calibration,llm_grounded_part0,received,200,deepseek-flash,deepseek-flash,usage_based_estimate_not_invoice,1,4.152001833994291,31290.0,1389.0,9216.0,0.0055268999999999995,0.011053799999999999,0.0041721480000000005,0.008344296000000001
grounded_calibration_v1,taskmap,calibration,llm_grounded_part1,received,200,deepseek-flash,deepseek-flash,usage_based_estimate_not_invoice,1,3.8402017499902286,31396.0,1400.0,14976.0,0.0055493999999999995,0.011098799999999999,0.003347928,0.006695856
grounded_calibration_v1,ucc,calibration,jev_grounded,received,200,jev-1.13.0,jev-1.13.0,usage_based_estimate_not_invoice,13,5.690464916013298,273607.0,51479.0,0.0,0.011491494,0.011491494,0.011491494,0.011491494
grounded_calibration_v1,ucc,calibration,llm_grounded,received,200,deepseek-flash,deepseek-flash,usage_based_estimate_not_invoice,13,42.92363237598329,260866.0,14044.0,18304.0,0.047556299999999996,0.09511259999999999,0.04486561199999999,0.08973122399999998
grounded_discovery_v1,babe,discovery,jev_grounded,received,200,jev-1.13.0,jev-1.13.0,usage_based_estimate_not_invoice,13,4.597393335032393,56050.0,7206.0,0.0,0.0023541000000000005,0.0023541000000000005,0.0023541000000000005,0.0023541000000000005
grounded_discovery_v1,babe,discovery,llm_grounded,received,200,deepseek-flash,deepseek-flash,usage_based_estimate_not_invoice,13,12.080222209973726,56705.0,2138.0,26496.0,0.009788549999999998,0.019577099999999997,0.005893638,0.011787276
grounded_discovery_v1,commonsense,discovery,jev_grounded,received,200,jev-1.13.0,jev-1.13.0,usage_based_estimate_not_invoice,13,4.4387762069527525,41973.0,7796.0,0.0,0.001762866,0.001762866,0.001762866,0.001762866
grounded_discovery_v1,commonsense,discovery,llm_grounded,received,200,deepseek-flash,deepseek-flash,usage_based_estimate_not_invoice,13,14.50004666800669,53099.0,3735.0,1536.0,0.01020585,0.0204117,0.009980058,0.019960116
grounded_discovery_v1,conflict,discovery,jev_grounded,received,200,jev-1.13.0,jev-1.13.0,usage_based_estimate_not_invoice,6,1.9534824589791242,42664.0,18479.0,0.0,0.0017918880000000002,0.0017918880000000002,0.0017918880000000002,0.0017918880000000002
grounded_discovery_v1,conflict,discovery,llm_grounded,received,200,deepseek-flash,deepseek-flash,usage_based_estimate_not_invoice,6,14.02786712499801,51369.0,4782.0,2048.0,0.010574549999999999,0.021149099999999997,0.010273494,0.020546988
grounded_discovery_v1,mbd,discovery,jev_grounded,received,200,jev-1.13.0,jev-1.13.0,usage_based_estimate_not_invoice,15,7.672989917002269,145548.0,30671.0,0.0,0.006113016000000001,0.006113016000000001,0.006113016000000001,0.006113016000000001
grounded_discovery_v1,mbd,discovery,llm_grounded,received,200,deepseek-flash,deepseek-flash,usage_based_estimate_not_invoice,15,18.71846304202336,149082.0,4906.0,17024.0,0.0253059,0.0506118,0.022803371999999995,0.04560674399999999
grounded_discovery_v1,taskmap,discovery,jev_grounded,received,200,jev-1.13.0,jev-1.13.0,usage_based_estimate_not_invoice,2,2.08357870799955,71406.0,8851.0,0.0,0.0029990520000000003,0.0029990520000000003,0.0029990520000000003,0.0029990520000000003
grounded_discovery_v1,taskmap,discovery,llm_grounded,received,200,deepseek-flash,deepseek-flash,usage_based_estimate_not_invoice,1,5.398188332997961,40024.0,1866.0,9216.0,0.007123199999999999,0.014246399999999998,0.005768448000000001,0.011536896000000001
grounded_discovery_v1,taskmap,discovery,llm_grounded_part0,received,200,deepseek-flash,deepseek-flash,usage_based_estimate_not_invoice,1,3.8568001669918885,31569.0,1389.0,6784.0,0.005568749999999999,0.011137499999999998,0.004571502,0.009143004
grounded_discovery_v1,taskmap,discovery,llm_grounded_part1,received,200,deepseek-flash,deepseek-flash,usage_based_estimate_not_invoice,1,3.2137424999964423,31675.0,1146.0,15232.0,0.00543885,0.0108777,0.003199746,0.006399492
grounded_discovery_v1,ucc,discovery,jev_grounded,received,200,jev-1.13.0,jev-1.13.0,usage_based_estimate_not_invoice,14,7.464474664971931,282213.0,52746.0,0.0,0.011852946000000001,0.011852946000000001,0.011852946000000001,0.011852946000000001
grounded_discovery_v1,ucc,discovery,llm_grounded,received,200,deepseek-flash,deepseek-flash,usage_based_estimate_not_invoice,14,42.455311709985835,268810.0,14920.0,19072.0,0.0492735,0.098547,0.046469916,0.092939832
native_calibration_v1,babe,calibration,jev_native,received,200,jev-1.13.0,jev-1.13.0,usage_based_estimate_not_invoice,13,7.012512126006186,64567.0,7249.0,0.0,0.002711814,0.002711814,0.002711814,0.002711814
native_calibration_v1,babe,calibration,llm_native,received,200,deepseek-flash,deepseek-flash,usage_based_estimate_not_invoice,13,11.95111629096209,65194.0,2164.0,37376.0,0.0110775,0.022155,0.005583227999999998,0.011166455999999996
native_calibration_v1,commonsense,calibration,jev_native,received,200,jev-1.13.0,jev-1.13.0,usage_based_estimate_not_invoice,13,4.7782879168807995,48522.0,7796.0,0.0,0.002037924,0.002037924,0.002037924,0.002037924
native_calibration_v1,commonsense,calibration,llm_native,received,200,deepseek-flash,deepseek-flash,usage_based_estimate_not_invoice,13,15.484078793990193,60069.0,3671.0,7040.0,0.011212949999999998,0.022425899999999995,0.010178069999999999,0.020356139999999998
native_calibration_v1,conflict,calibration,jev_native,received,200,jev-1.13.0,jev-1.13.0,usage_based_estimate_not_invoice,7,7.194171292998362,97289.0,11062.0,0.0,0.0040861380000000004,0.0040861380000000004,0.0040861380000000004,0.0040861380000000004
native_calibration_v1,conflict,calibration,llm_native,received,200,deepseek-flash,deepseek-flash,usage_based_estimate_not_invoice,7,16.822039249993395,96109.0,4987.0,14080.0,0.01740855,0.0348171,0.015338789999999998,0.030677579999999996
native_calibration_v1,mbd,calibration,jev_native,received,200,jev-1.13.0,jev-1.13.0,usage_based_estimate_not_invoice,17,8.658911459933734,185767.0,35273.0,0.0,0.007802214000000001,0.007802214000000001,0.007802214000000001,0.007802214000000001
native_calibration_v1,mbd,calibration,llm_native,received,200,deepseek-flash,deepseek-flash,usage_based_estimate_not_invoice,17,22.072190623992356,191202.0,5655.0,56576.0,0.032073300000000006,0.06414660000000001,0.023756628,0.047513256
native_calibration_v1,taskmap,calibration,jev_native_part0_part0,received,200,jev-1.13.0,jev-1.13.0,usage_based_estimate_not_invoice,1,1.4957772919733543,39469.0,975.0,0.0,0.0016576980000000002,0.0016576980000000002,0.0016576980000000002,0.0016576980000000002
native_calibration_v1,taskmap,calibration,jev_native_part0_part0_part0,received,200,jev-1.13.0,jev-1.13.0,usage_based_estimate_not_invoice,1,0.43867725000018254,31355.0,591.0,0.0,0.0013169100000000001,0.0013169100000000001,0.0013169100000000001,0.0013169100000000001
native_calibration_v1,taskmap,calibration,jev_native_part0_part0_part1,received,200,jev-1.13.0,jev-1.13.0,usage_based_estimate_not_invoice,1,0.4876580000272952,38118.0,623.0,0.0,0.0016009560000000002,0.0016009560000000002,0.0016009560000000002,0.0016009560000000002
native_calibration_v1,taskmap,calibration,jev_native_part0_part1_part0,received,200,jev-1.13.0,jev-1.13.0,usage_based_estimate_not_invoice,2,1.1108671660185792,59772.0,1099.0,0.0,0.0025104240000000002,0.0025104240000000002,0.0025104240000000002,0.0025104240000000002
native_calibration_v1,taskmap,calibration,jev_native_part0_part1_part1,received,200,jev-1.13.0,jev-1.13.0,usage_based_estimate_not_invoice,2,1.0922768749878742,62918.0,1117.0,0.0,0.0026425560000000003,0.0026425560000000003,0.0026425560000000003,0.0026425560000000003
native_calibration_v1,taskmap,calibration,jev_native_part1_part0,received,200,jev-1.13.0,jev-1.13.0,usage_based_estimate_not_invoice,1,0.7035916250024457,37428.0,1006.0,0.0,0.001571976,0.001571976,0.001571976,0.001571976
native_calibration_v1,taskmap,calibration,jev_native_part1_part0_part0,received,200,jev-1.13.0,jev-1.13.0,usage_based_estimate_not_invoice,1,0.47492441700887866,30834.0,605.0,0.0,0.001295028,0.001295028,0.001295028,0.001295028
native_calibration_v1,taskmap,calibration,jev_native_part1_part0_part1,received,200,jev-1.13.0,jev-1.13.0,usage_based_estimate_not_invoice,1,0.4280666669947095,29077.0,611.0,0.0,0.001221234,0.001221234,0.001221234,0.001221234
native_calibration_v1,taskmap,calibration,jev_native_part1_part1,received,200,jev-1.13.0,jev-1.13.0,usage_based_estimate_not_invoice,1,0.4803316660108976,37249.0,1003.0,0.0,0.0015644580000000001,0.0015644580000000001,0.0015644580000000001,0.0015644580000000001
native_calibration_v1,taskmap,calibration,jev_native_part1_part1_part0,received,200,jev-1.13.0,jev-1.13.0,usage_based_estimate_not_invoice,1,0.4633161249803379,34713.0,620.0,0.0,0.0014579460000000001,0.0014579460000000001,0.0014579460000000001,0.0014579460000000001
native_calibration_v1,taskmap,calibration,jev_native_part1_part1_part1,received,200,jev-1.13.0,jev-1.13.0,usage_based_estimate_not_invoice,1,0.6157455829961691,31059.0,645.0,0.0,0.001304478,0.001304478,0.001304478,0.001304478
native_calibration_v1,taskmap,calibration,llm_native_part0_part0_part0,received,200,deepseek-flash,deepseek-flash,usage_based_estimate_not_invoice,2,3.0716864580172114,61080.0,622.0,27392.0,0.0095352,0.0190704,0.005508576,0.011017152
native_calibration_v1,taskmap,calibration,llm_native_part0_part0_part1,received,200,deepseek-flash,deepseek-flash,usage_based_estimate_not_invoice,2,3.1512123749998864,65982.0,592.0,28416.0,0.0102525,0.020505,0.0060753479999999995,0.012150695999999999
native_calibration_v1,taskmap,calibration,llm_native_part0_part1_part0,received,200,deepseek-flash,deepseek-flash,usage_based_estimate_not_invoice,2,2.9406294580257963,61614.0,633.0,28416.0,0.0096219,0.0192438,0.005444748,0.010889496
native_calibration_v1,taskmap,calibration,llm_native_part0_part1_part1,received,200,deepseek-flash,deepseek-flash,usage_based_estimate_not_invoice,2,3.0601773759990465,64890.0,644.0,28416.0,0.010119899999999998,0.020239799999999995,0.005942747999999999,0.011885495999999999
native_calibration_v1,taskmap,calibration,llm_native_part1_part0,received,200,deepseek-flash,deepseek-flash,usage_based_estimate_not_invoice,1,2.350099915987812,39132.0,471.0,13440.0,0.006152400000000001,0.012304800000000001,0.00417672,0.00835344
native_calibration_v1,taskmap,calibration,llm_native_part1_part0_part0,received,200,deepseek-flash,deepseek-flash,usage_based_estimate_not_invoice,1,1.3581827500020154,31944.0,344.0,14976.0,0.004997999999999999,0.009995999999999998,0.002796528,0.005593056
native_calibration_v1,taskmap,calibration,llm_native_part1_part0_part1,received,200,deepseek-flash,deepseek-flash,usage_based_estimate_not_invoice,1,1.5143652920087334,29999.0,355.0,14976.0,0.004712849999999999,0.009425699999999999,0.002511378,0.005022756
native_calibration_v1,taskmap,calibration,llm_native_part1_part1,received,200,deepseek-flash,deepseek-flash,usage_based_estimate_not_invoice,1,2.6564524169953074,39031.0,575.0,13440.0,0.006199649999999999,0.012399299999999999,0.00422397,0.00844794
native_calibration_v1,taskmap,calibration,llm_native_part1_part1_part0,received,200,deepseek-flash,deepseek-flash,usage_based_estimate_not_invoice,1,1.836014458007412,35744.0,355.0,14976.0,0.0055746,0.0111492,0.0033731279999999995,0.006746255999999999
native_calibration_v1,taskmap,calibration,llm_native_part1_part1_part1,received,200,deepseek-flash,deepseek-flash,usage_based_estimate_not_invoice,1,1.3150512499851175,31964.0,355.0,14976.0,0.005007599999999999,0.010015199999999998,0.0028061279999999997,0.0056122559999999995
native_calibration_v1,ucc,calibration,jev_native,received,200,jev-1.13.0,jev-1.13.0,usage_based_estimate_not_invoice,13,7.968274626036873,254776.0,31812.0,0.0,0.010700592000000002,0.010700592000000002,0.010700592000000002,0.010700592000000002
native_calibration_v1,ucc,calibration,llm_native,received,200,deepseek-flash,deepseek-flash,usage_based_estimate_not_invoice,13,42.28996037496836,266197.0,13836.0,26624.0,0.04823115,0.0964623,0.04431742199999999,0.08863484399999998
native_diagnostic_v1,babe,diagnostic,jev_native,received,200,jev-1.13.0,jev-1.13.0,usage_based_estimate_not_invoice,63,21.412401333946036,317291.0,36018.0,0.0,0.013326222000000002,0.013326222000000002,0.013326222000000002,0.013326222000000002
native_diagnostic_v1,babe,diagnostic,llm_native,received,200,deepseek-flash,deepseek-flash,usage_based_estimate_not_invoice,63,56.302787462220294,320759.0,10637.0,180736.0,0.05449604999999999,0.10899209999999998,0.027927857999999993,0.055855715999999986
native_diagnostic_v1,commonsense,diagnostic,jev_native,received,200,jev-1.13.0,jev-1.13.0,usage_based_estimate_not_invoice,63,21.6370630429592,240962.0,38996.0,0.0,0.010120404,0.010120404,0.010120404,0.010120404
native_diagnostic_v1,commonsense,diagnostic,llm_native,received,200,deepseek-flash,deepseek-flash,usage_based_estimate_not_invoice,63,75.7592788389884,299169.0,18541.0,35712.0,0.05599995,0.1119999,0.050750286000000006,0.10150057200000001
native_diagnostic_v1,conflict,diagnostic,jev_native,received,200,jev-1.13.0,jev-1.13.0,usage_based_estimate_not_invoice,48,18.136710252118064,698800.0,85224.0,0.0,0.029349600000000014,0.029349600000000014,0.029349600000000014,0.029349600000000014
native_diagnostic_v1,conflict,diagnostic,jev_native_part0,received,200,jev-1.13.0,jev-1.13.0,usage_based_estimate_not_invoice,2,1.7060732919781003,56505.0,1784.0,0.0,0.0023732100000000006,0.0023732100000000006,0.0023732100000000006,0.0023732100000000006
native_diagnostic_v1,conflict,diagnostic,jev_native_part0_part0_part0,received,200,jev-1.13.0,jev-1.13.0,usage_based_estimate_not_invoice,1,0.44274637501803227,21728.0,226.0,0.0,0.000912576,0.000912576,0.000912576,0.000912576
native_diagnostic_v1,conflict,diagnostic,jev_native_part0_part0_part1,received,200,jev-1.13.0,jev-1.13.0,usage_based_estimate_not_invoice,1,0.49006570799974725,37352.0,226.0,0.0,0.0015687840000000002,0.0015687840000000002,0.0015687840000000002,0.0015687840000000002
native_diagnostic_v1,conflict,diagnostic,jev_native_part0_part1,received,200,jev-1.13.0,jev-1.13.0,usage_based_estimate_not_invoice,1,0.4675652500009164,30248.0,448.0,0.0,0.0012704160000000001,0.0012704160000000001,0.0012704160000000001,0.0012704160000000001
native_diagnostic_v1,conflict,diagnostic,jev_native_part1,received,200,jev-1.13.0,jev-1.13.0,usage_based_estimate_not_invoice,3,1.8086922920192592,96473.0,2748.0,0.0,0.004051866,0.004051866,0.004051866,0.004051866
native_diagnostic_v1,conflict,diagnostic,llm_native,received,200,deepseek-flash,deepseek-flash,usage_based_estimate_not_invoice,48,114.9090443769237,694013.0,37786.0,98048.0,0.12677355,0.2535471,0.11236049399999998,0.22472098799999995
native_diagnostic_v1,conflict,diagnostic,llm_native_part0,received,200,deepseek-flash,deepseek-flash,usage_based_estimate_not_invoice,2,2.987510957987979,55882.0,898.0,17536.0,0.008921099999999998,0.017842199999999996,0.006343308,0.012686616
native_diagnostic_v1,conflict,diagnostic,llm_native_part0_part0_part0,received,200,deepseek-flash,deepseek-flash,usage_based_estimate_not_invoice,1,0.9812981669965666,21303.0,112.0,15104.0,0.0032626499999999998,0.0065252999999999995,0.0010423619999999998,0.0020847239999999996
native_diagnostic_v1,conflict,diagnostic,llm_native_part0_part0_part1,received,200,deepseek-flash,deepseek-flash,usage_based_estimate_not_invoice,1,1.1840687499789055,36607.0,115.0,15104.0,0.00556005,0.0111201,0.0033397619999999996,0.006679523999999999
native_diagnostic_v1,conflict,diagnostic,llm_native_part0_part1,received,200,deepseek-flash,deepseek-flash,usage_based_estimate_not_invoice,1,1.3898971250164323,29907.0,226.0,15104.0,0.004621650000000001,0.009243300000000001,0.0024013619999999998,0.0048027239999999995
native_diagnostic_v1,conflict,diagnostic,llm_native_part1,received,200,deepseek-flash,deepseek-flash,usage_based_estimate_not_invoice,3,4.886171708989423,96053.0,1335.0,32768.0,0.01520895,0.0304179,0.010392054,0.020784108
native_diagnostic_v1,mbd,diagnostic,jev_native,received,200,jev-1.13.0,jev-1.13.0,usage_based_estimate_not_invoice,42,15.466678875003709,423442.0,80498.0,0.0,0.017784564000000006,0.017784564000000006,0.017784564000000006,0.017784564000000006
native_diagnostic_v1,mbd,diagnostic,llm_native,received,200,deepseek-flash,deepseek-flash,usage_based_estimate_not_invoice,42,53.795799624029314,435045.0,12662.0,126592.0,0.07285394999999997,0.14570789999999995,0.05424492599999997,0.10848985199999994
native_diagnostic_v1,ucc,diagnostic,jev_native,received,200,jev-1.13.0,jev-1.13.0,usage_based_estimate_not_invoice,63,25.538203877978958,1258008.0,155532.0,0.0,0.05283633599999999,0.05283633599999999,0.05283633599999999,0.05283633599999999
native_diagnostic_v1,ucc,diagnostic,llm_native,received,200,deepseek-flash,deepseek-flash,usage_based_estimate_not_invoice,63,194.1692812461115,1312792.0,66252.0,130560.0,0.23666999999999988,0.47333999999999976,0.21747767999999992,0.43495535999999985
native_discovery_v1,babe,discovery,jev_native,received,200,jev-1.13.0,jev-1.13.0,usage_based_estimate_not_invoice,13,4.297234503901564,65101.0,7199.0,0.0,0.0027342420000000004,0.0027342420000000004,0.0027342420000000004,0.0027342420000000004
native_discovery_v1,babe,discovery,llm_native,received,200,deepseek-flash,deepseek-flash,usage_based_estimate_not_invoice,13,12.876328627055045,65885.0,2117.0,37504.0,0.01115295,0.0223059,0.005639861999999999,0.011279723999999998
native_discovery_v1,commonsense,discovery,jev_native,received,200,jev-1.13.0,jev-1.13.0,usage_based_estimate_not_invoice,13,4.95102400102769,48696.0,7796.0,0.0,0.002045232,0.002045232,0.002045232,0.002045232
native_discovery_v1,commonsense,discovery,llm_native,received,200,deepseek-flash,deepseek-flash,usage_based_estimate_not_invoice,13,16.285109000018565,60280.0,3991.0,7424.0,0.0114366,0.0228732,0.010345271999999999,0.020690543999999998
native_discovery_v1,conflict,discovery,jev_native,received,200,jev-1.13.0,jev-1.13.0,usage_based_estimate_not_invoice,6,2.7315460829995573,87686.0,10382.0,0.0,0.0036828119999999997,0.0036828119999999997,0.0036828119999999997,0.0036828119999999997
native_discovery_v1,conflict,discovery,llm_native,received,200,deepseek-flash,deepseek-flash,usage_based_estimate_not_invoice,6,15.136406458012061,87331.0,4835.0,12544.0,0.016000649999999998,0.032001299999999996,0.014156681999999999,0.028313363999999997
native_discovery_v1,mbd,discovery,jev_native,received,200,jev-1.13.0,jev-1.13.0,usage_based_estimate_not_invoice,15,7.129696166957729,164583.0,30685.0,0.0,0.006912486,0.006912486,0.006912486,0.006912486
native_discovery_v1,mbd,discovery,llm_native,received,200,deepseek-flash,deepseek-flash,usage_based_estimate_not_invoice,15,20.795592998998472,168261.0,4769.0,52096.0,0.02810055,0.0562011,0.020442438,0.040884876
native_discovery_v1,taskmap,discovery,jev_native_part0_part0,received,200,jev-1.13.0,jev-1.13.0,usage_based_estimate_not_invoice,1,1.0798645000031684,37751.0,975.0,0.0,0.0015855420000000001,0.0015855420000000001,0.0015855420000000001,0.0015855420000000001
native_discovery_v1,taskmap,discovery,jev_native_part0_part0_part0,received,200,jev-1.13.0,jev-1.13.0,usage_based_estimate_not_invoice,1,0.6881620830099564,34542.0,591.0,0.0,0.0014507640000000002,0.0014507640000000002,0.0014507640000000002,0.0014507640000000002
native_discovery_v1,taskmap,discovery,jev_native_part0_part0_part1,received,200,jev-1.13.0,jev-1.13.0,usage_based_estimate_not_invoice,1,0.6596215419995133,33249.0,623.0,0.0,0.0013964580000000002,0.0013964580000000002,0.0013964580000000002,0.0013964580000000002
native_discovery_v1,taskmap,discovery,jev_native_part0_part1,received,200,jev-1.13.0,jev-1.13.0,usage_based_estimate_not_invoice,1,0.6882116670021787,36462.0,1001.0,0.0,0.001531404,0.001531404,0.001531404,0.001531404
native_discovery_v1,taskmap,discovery,jev_native_part0_part1_part0,received,200,jev-1.13.0,jev-1.13.0,usage_based_estimate_not_invoice,1,0.4827141669811681,34685.0,597.0,0.0,0.00145677,0.00145677,0.00145677,0.00145677
native_discovery_v1,taskmap,discovery,jev_native_part0_part1_part1,received,200,jev-1.13.0,jev-1.13.0,usage_based_estimate_not_invoice,1,0.452090374979889,31161.0,614.0,0.0,0.0013087620000000002,0.0013087620000000002,0.0013087620000000002,0.0013087620000000002
native_discovery_v1,taskmap,discovery,jev_native_part1_part0,received,200,jev-1.13.0,jev-1.13.0,usage_based_estimate_not_invoice,1,0.4975767080031801,39761.0,1006.0,0.0,0.0016699620000000003,0.0016699620000000003,0.0016699620000000003,0.0016699620000000003
native_discovery_v1,taskmap,discovery,jev_native_part1_part0_part0,received,200,jev-1.13.0,jev-1.13.0,usage_based_estimate_not_invoice,1,0.4716744580073282,33815.0,605.0,0.0,0.00142023,0.00142023,0.00142023,0.00142023
native_discovery_v1,taskmap,discovery,jev_native_part1_part0_part1,received,200,jev-1.13.0,jev-1.13.0,usage_based_estimate_not_invoice,1,0.5099473749869503,38039.0,611.0,0.0,0.0015976380000000002,0.0015976380000000002,0.0015976380000000002,0.0015976380000000002
native_discovery_v1,taskmap,discovery,jev_native_part1_part1,received,200,jev-1.13.0,jev-1.13.0,usage_based_estimate_not_invoice,1,0.49204299997654743,38931.0,1003.0,0.0,0.001635102,0.001635102,0.001635102,0.001635102
native_discovery_v1,taskmap,discovery,jev_native_part1_part1_part0,received,200,jev-1.13.0,jev-1.13.0,usage_based_estimate_not_invoice,1,0.44365966599434614,32776.0,620.0,0.0,0.001376592,0.001376592,0.001376592,0.001376592
native_discovery_v1,taskmap,discovery,jev_native_part1_part1_part1,received,200,jev-1.13.0,jev-1.13.0,usage_based_estimate_not_invoice,1,0.47566174998064525,34723.0,645.0,0.0,0.001458366,0.001458366,0.001458366,0.001458366
native_discovery_v1,taskmap,discovery,llm_native_part0_part0,received,200,deepseek-flash,deepseek-flash,usage_based_estimate_not_invoice,1,2.1801429170009214,39632.0,564.0,12800.0,0.0062832,0.0125664,0.0044015999999999994,0.008803199999999999
native_discovery_v1,taskmap,discovery,llm_native_part0_part0_part0,received,200,deepseek-flash,deepseek-flash,usage_based_estimate_not_invoice,1,1.3500617920071818,35230.0,282.0,14720.0,0.0054537,0.0109074,0.0032898599999999995,0.006579719999999999
native_discovery_v1,taskmap,discovery,llm_native_part0_part0_part1,received,200,deepseek-flash,deepseek-flash,usage_based_estimate_not_invoice,1,1.5124308750091586,34272.0,355.0,15232.0,0.005353800000000001,0.010707600000000001,0.0031146959999999997,0.006229391999999999
native_discovery_v1,taskmap,discovery,llm_native_part0_part1,received,200,deepseek-flash,deepseek-flash,usage_based_estimate_not_invoice,1,1.8861827919899952,38361.0,471.0,13312.0,0.00603675,0.0120735,0.004079886,0.008159772
native_discovery_v1,taskmap,discovery,llm_native_part0_part1_part0,received,200,deepseek-flash,deepseek-flash,usage_based_estimate_not_invoice,1,1.5344179579988122,35452.0,344.0,15232.0,0.0055242,0.0110484,0.003285096,0.006570192
native_discovery_v1,taskmap,discovery,llm_native_part0_part1_part1,received,200,deepseek-flash,deepseek-flash,usage_based_estimate_not_invoice,1,1.9184316669998225,32057.0,355.0,15232.0,0.0050215500000000005,0.010043100000000001,0.002782446,0.005564892
native_discovery_v1,taskmap,discovery,llm_native_part1_part0_part0,received,200,deepseek-flash,deepseek-flash,usage_based_estimate_not_invoice,2,3.1665126669977326,61415.0,633.0,28544.0,0.009592049999999998,0.019184099999999996,0.005396082,0.010792164
native_discovery_v1,taskmap,discovery,llm_native_part1_part0_part1,received,200,deepseek-flash,deepseek-flash,usage_based_estimate_not_invoice,2,3.3827363339660224,66623.0,644.0,28544.0,0.01037985,0.0207597,0.006183882,0.012367764
native_discovery_v1,taskmap,discovery,llm_native_part1_part1,received,200,deepseek-flash,deepseek-flash,usage_based_estimate_not_invoice,1,2.2869384580117185,40497.0,575.0,13312.0,0.00641955,0.0128391,0.0044626859999999996,0.008925371999999999
native_discovery_v1,taskmap,discovery,llm_native_part1_part1_part0,received,200,deepseek-flash,deepseek-flash,usage_based_estimate_not_invoice,1,1.8117511669988744,33425.0,355.0,15232.0,0.00522675,0.0104535,0.0029876459999999996,0.005975291999999999
native_discovery_v1,taskmap,discovery,llm_native_part1_part1_part1,received,200,deepseek-flash,deepseek-flash,usage_based_estimate_not_invoice,1,1.2102853750111535,35196.0,291.0,15232.0,0.005454,0.010908,0.0032148959999999996,0.006429791999999999
native_discovery_v1,ucc,discovery,jev_native,received,200,jev-1.13.0,jev-1.13.0,usage_based_estimate_not_invoice,14,6.456908460968407,266187.0,32600.0,0.0,0.011179854000000001,0.011179854000000001,0.011179854000000001,0.011179854000000001
native_discovery_v1,ucc,discovery,llm_native,received,200,deepseek-flash,deepseek-flash,usage_based_estimate_not_invoice,14,43.067614373983815,277228.0,14120.0,28544.0,0.0500562,0.1001124,0.045860231999999994,0.09172046399999999
routing_diagnostic_v1_b025,babe,diagnostic,jev_grounded,received,200,jev-1.13.0,jev-1.13.0,usage_based_estimate_not_invoice,63,22.342693210055586,273759.0,36034.0,0.0,0.011497878000000003,0.011497878000000003,0.011497878000000003,0.011497878000000003
routing_diagnostic_v1_b025,babe,diagnostic,jev_targeted_llm_subset,received,200,deepseek-flash,deepseek-flash,usage_based_estimate_not_invoice,15,13.10826812495361,66417.0,2360.0,63616.0,0.011378550000000001,0.022757100000000002,0.002026998,0.004053996
routing_diagnostic_v1_b025,commonsense,diagnostic,jev_grounded,received,200,jev-1.13.0,jev-1.13.0,usage_based_estimate_not_invoice,63,22.22565050891717,208289.0,38996.0,0.0,0.008748137999999999,0.008748137999999999,0.008748137999999999,0.008748137999999999
routing_diagnostic_v1_b025,commonsense,diagnostic,jev_targeted_llm_subset,received,200,deepseek-flash,deepseek-flash,usage_based_estimate_not_invoice,15,18.72750987292966,63285.0,4429.0,60415.0,0.01215015,0.0243003,0.0032691449999999993,0.006538289999999999
routing_diagnostic_v1_b025,conflict,diagnostic,jev_grounded,received,200,jev-1.13.0,jev-1.13.0,usage_based_estimate_not_invoice,51,22.19524429005105,393178.0,161460.0,0.0,0.016513475999999996,0.016513475999999996,0.016513475999999996,0.016513475999999996
routing_diagnostic_v1_b025,conflict,diagnostic,jev_targeted_llm_subset,received,200,deepseek-flash,deepseek-flash,usage_based_estimate_not_invoice,12,27.39270058297552,106679.0,9246.0,104320.0,0.021549449999999998,0.043098899999999996,0.00621441,0.01242882
routing_diagnostic_v1_b025,mbd,diagnostic,jev_grounded,received,200,jev-1.13.0,jev-1.13.0,usage_based_estimate_not_invoice,42,22.9892990848748,371029.0,80433.0,0.0,0.015583218000000003,0.015583218000000003,0.015583218000000003,0.015583218000000003
routing_diagnostic_v1_b025,mbd,diagnostic,jev_targeted_llm_subset,received,200,deepseek-flash,deepseek-flash,usage_based_estimate_not_invoice,10,13.934269581921399,99098.0,3359.0,97277.0,0.0168801,0.0337602,0.002580381,0.005160762
routing_diagnostic_v1_b025,ucc,diagnostic,jev_grounded,received,200,jev-1.13.0,jev-1.13.0,usage_based_estimate_not_invoice,63,30.10895249978057,1337741.0,251661.0,0.0,0.056185122,0.056185122,0.056185122,0.056185122
routing_diagnostic_v1_b025,ucc,diagnostic,jev_targeted_llm_subset,received,200,deepseek-flash,deepseek-flash,usage_based_estimate_not_invoice,15,44.931014415982645,305722.0,15804.0,302848.0,0.05534069999999999,0.11068139999999999,0.010822043999999998,0.021644087999999995
routing_discovery_v1_b01,babe,discovery,jev_grounded,received,200,jev-1.13.0,jev-1.13.0,usage_based_estimate_not_invoice,13,7.430255498999031,56050.0,7202.0,0.0,0.0023541000000000005,0.0023541000000000005,0.0023541000000000005,0.0023541000000000005
routing_discovery_v1_b01,babe,discovery,jev_targeted_llm_subset,received,200,deepseek-flash,deepseek-flash,usage_based_estimate_not_invoice,1,0.9417478329996811,4404.0,135.0,4224.0,0.0007416,0.0014832,0.000120672,0.000241344
routing_discovery_v1_b01,babe,discovery,llm_explanation_subset,received,200,deepseek-flash,deepseek-flash,usage_based_estimate_not_invoice,1,5.631547166995006,4622.0,1530.0,0.0,0.0016113,0.0032226,0.0016113,0.0032226
routing_discovery_v1_b01,commonsense,discovery,jev_grounded,received,200,jev-1.13.0,jev-1.13.0,usage_based_estimate_not_invoice,13,6.477428166967002,41973.0,7796.0,0.0,0.001762866,0.001762866,0.001762866,0.001762866
routing_discovery_v1_b01,commonsense,discovery,jev_targeted_llm_subset,received,200,deepseek-flash,deepseek-flash,usage_based_estimate_not_invoice,1,0.8080719170102384,2262.0,179.0,2048.0,0.00044669999999999996,0.0008933999999999999,0.000145644,0.000291288
routing_discovery_v1_b01,commonsense,discovery,llm_explanation_subset,received,200,deepseek-flash,deepseek-flash,usage_based_estimate_not_invoice,1,2.746672250010306,2433.0,898.0,0.0,0.00090375,0.0018075,0.00090375,0.0018075
routing_discovery_v1_b01,conflict,discovery,jev_grounded,received,200,jev-1.13.0,jev-1.13.0,usage_based_estimate_not_invoice,6,5.275940082981833,42664.0,18483.0,0.0,0.0017918880000000002,0.0017918880000000002,0.0017918880000000002,0.0017918880000000002
routing_discovery_v1_b01,mbd,discovery,jev_grounded,received,200,jev-1.13.0,jev-1.13.0,usage_based_estimate_not_invoice,15,15.067801084995153,145548.0,30674.0,0.0,0.006113016000000001,0.006113016000000001,0.006113016000000001,0.006113016000000001
routing_discovery_v1_b01,mbd,discovery,jev_targeted_llm_subset,received,200,deepseek-flash,deepseek-flash,usage_based_estimate_not_invoice,1,1.3416694170009578,11876.0,356.0,11648.0,0.001995,0.00399,0.00028274400000000003,0.0005654880000000001
routing_discovery_v1_b01,mbd,discovery,llm_explanation_subset,received,200,deepseek-flash,deepseek-flash,usage_based_estimate_not_invoice,1,7.806168709008489,12206.0,2423.0,0.0,0.0032846999999999998,0.0065693999999999995,0.0032846999999999998,0.0065693999999999995
routing_discovery_v1_b01,taskmap,discovery,jev_grounded,received,200,jev-1.13.0,jev-1.13.0,usage_based_estimate_not_invoice,2,3.20782816701103,71406.0,8851.0,0.0,0.0029990520000000003,0.0029990520000000003,0.0029990520000000003,0.0029990520000000003
routing_discovery_v1_b01,ucc,discovery,jev_grounded,received,200,jev-1.13.0,jev-1.13.0,usage_based_estimate_not_invoice,14,10.261668789986288,282213.0,52746.0,0.0,0.011852946000000001,0.011852946000000001,0.011852946000000001,0.011852946000000001
routing_discovery_v1_b01,ucc,discovery,jev_targeted_llm_subset,received,200,deepseek-flash,deepseek-flash,usage_based_estimate_not_invoice,1,3.5539657920016907,20464.0,1156.0,20224.0,0.0037632,0.0075264,0.0007902720000000001,0.0015805440000000001
routing_discovery_v1_b01,ucc,discovery,llm_explanation_subset,received,200,deepseek-flash,deepseek-flash,usage_based_estimate_not_invoice,1,20.44410587499442,22298.0,6554.0,0.0,0.007277099999999999,0.014554199999999998,0.007277099999999999,0.014554199999999998
routing_discovery_v1_b025,babe,discovery,jev_grounded,received,200,jev-1.13.0,jev-1.13.0,usage_based_estimate_not_invoice,13,7.417557416978525,56050.0,7205.0,0.0,0.0023541000000000005,0.0023541000000000005,0.0023541000000000005,0.0023541000000000005
routing_discovery_v1_b025,babe,discovery,jev_targeted_llm_subset,received,200,deepseek-flash,deepseek-flash,usage_based_estimate_not_invoice,3,2.4810396670072805,13329.0,487.0,12672.0,0.00229155,0.0045831,0.000428766,0.000857532
routing_discovery_v1_b025,babe,discovery,llm_explanation_subset,received,200,deepseek-flash,deepseek-flash,usage_based_estimate_not_invoice,3,17.084783333993983,13983.0,4600.0,8576.0,0.004857449999999999,0.009714899999999999,0.003596778,0.007193556
routing_discovery_v1_b025,commonsense,discovery,jev_grounded,received,200,jev-1.13.0,jev-1.13.0,usage_based_estimate_not_invoice,13,6.754824043033295,41973.0,7796.0,0.0,0.001762866,0.001762866,0.001762866,0.001762866
routing_discovery_v1_b025,commonsense,discovery,jev_targeted_llm_subset,received,200,deepseek-flash,deepseek-flash,usage_based_estimate_not_invoice,3,3.486764083005255,10713.0,761.0,10112.0,0.00206355,0.0041271,0.000577086,0.001154172
routing_discovery_v1_b025,commonsense,discovery,llm_explanation_subset,received,200,deepseek-flash,deepseek-flash,usage_based_estimate_not_invoice,3,13.438251916013542,11482.0,4549.0,2555.0,0.0044517,0.0089034,0.004076115,0.00815223
routing_discovery_v1_b025,conflict,discovery,jev_grounded,received,200,jev-1.13.0,jev-1.13.0,usage_based_estimate_not_invoice,6,5.2080267510027625,42664.0,18486.0,0.0,0.0017918880000000002,0.0017918880000000002,0.0017918880000000002,0.0017918880000000002
routing_discovery_v1_b025,conflict,discovery,jev_targeted_llm_subset,received,200,deepseek-flash,deepseek-flash,usage_based_estimate_not_invoice,1,2.247115666003083,8578.0,756.0,8444.0,0.0017403,0.0034806,0.000499032,0.000998064
routing_discovery_v1_b025,conflict,discovery,llm_explanation_subset,received,200,deepseek-flash,deepseek-flash,usage_based_estimate_not_invoice,1,12.891842249999172,8764.0,4121.0,0.0,0.0037871999999999997,0.007574399999999999,0.0037871999999999997,0.007574399999999999
routing_discovery_v1_b025,mbd,discovery,jev_grounded,received,200,jev-1.13.0,jev-1.13.0,usage_based_estimate_not_invoice,15,9.203872622994822,145548.0,30673.0,0.0,0.006113016000000001,0.006113016000000001,0.006113016000000001,0.006113016000000001
routing_discovery_v1_b025,mbd,discovery,jev_targeted_llm_subset,received,200,deepseek-flash,deepseek-flash,usage_based_estimate_not_invoice,3,3.2812104589975206,27659.0,872.0,27008.0,0.00467205,0.0093441,0.000701874,0.001403748
routing_discovery_v1_b025,mbd,discovery,llm_explanation_subset,received,200,deepseek-flash,deepseek-flash,usage_based_estimate_not_invoice,3,23.30067295698973,28487.0,7154.0,14592.0,0.00856545,0.0171309,0.006420426,0.012840852
routing_discovery_v1_b025,taskmap,discovery,jev_grounded,received,200,jev-1.13.0,jev-1.13.0,usage_based_estimate_not_invoice,2,3.053497332992265,71406.0,8851.0,0.0,0.0029990520000000003,0.0029990520000000003,0.0029990520000000003,0.0029990520000000003
routing_discovery_v1_b025,ucc,discovery,jev_grounded,received,200,jev-1.13.0,jev-1.13.0,usage_based_estimate_not_invoice,14,10.08233408399974,282213.0,52746.0,0.0,0.011852946000000001,0.011852946000000001,0.011852946000000001,0.011852946000000001
routing_discovery_v1_b025,ucc,discovery,jev_targeted_llm_subset,received,200,deepseek-flash,deepseek-flash,usage_based_estimate_not_invoice,3,9.500607374007814,61277.0,3212.0,60672.0,0.011118749999999998,0.022237499999999997,0.0021999660000000002,0.0043999320000000005
routing_discovery_v1_b025,ucc,discovery,llm_explanation_subset,received,200,deepseek-flash,deepseek-flash,usage_based_estimate_not_invoice,3,50.20710616699944,66779.0,17092.0,24960.0,0.02027205,0.0405441,0.016602930000000002,0.033205860000000004
routing_discovery_v1_b05,babe,discovery,jev_grounded,received,200,jev-1.13.0,jev-1.13.0,usage_based_estimate_not_invoice,13,7.153349541986245,56050.0,7208.0,0.0,0.0023541000000000005,0.0023541000000000005,0.0023541000000000005,0.0023541000000000005
routing_discovery_v1_b05,babe,discovery,jev_targeted_llm_subset,received,200,deepseek-flash,deepseek-flash,usage_based_estimate_not_invoice,6,5.363411417027237,26627.0,873.0,25472.0,0.00451785,0.0090357,0.0007734659999999999,0.0015469319999999998
routing_discovery_v1_b05,babe,discovery,llm_explanation_subset,received,200,deepseek-flash,deepseek-flash,usage_based_estimate_not_invoice,6,32.99704024998937,27935.0,8653.0,19584.0,0.00938205,0.0187641,0.006503202,0.013006404
routing_discovery_v1_b05,commonsense,discovery,jev_grounded,received,200,jev-1.13.0,jev-1.13.0,usage_based_estimate_not_invoice,13,6.447423334990162,41973.0,7796.0,0.0,0.001762866,0.001762866,0.001762866,0.001762866
routing_discovery_v1_b05,commonsense,discovery,jev_targeted_llm_subset,received,200,deepseek-flash,deepseek-flash,usage_based_estimate_not_invoice,6,7.164848458982306,23375.0,1634.0,22144.0,0.00448665,0.0089733,0.001231482,0.002462964
routing_discovery_v1_b05,commonsense,discovery,llm_explanation_subset,received,200,deepseek-flash,deepseek-flash,usage_based_estimate_not_invoice,6,31.6772765420028,25041.0,10864.0,11387.0,0.01027455,0.0205491,0.008600661,0.017201322
routing_discovery_v1_b05,conflict,discovery,jev_grounded,received,200,jev-1.13.0,jev-1.13.0,usage_based_estimate_not_invoice,6,5.130348791994038,42664.0,18478.0,0.0,0.0017918880000000002,0.0017918880000000002,0.0017918880000000002,0.0017918880000000002
routing_discovery_v1_b05,conflict,discovery,jev_targeted_llm_subset,received,200,deepseek-flash,deepseek-flash,usage_based_estimate_not_invoice,3,7.084261958007119,27786.0,2401.0,27260.0,0.005608500000000001,0.011217000000000001,0.0016012799999999998,0.0032025599999999997
routing_discovery_v1_b05,conflict,discovery,llm_explanation_subset,received,200,deepseek-flash,deepseek-flash,usage_based_estimate_not_invoice,3,42.20446966600139,28344.0,14043.0,9600.0,0.012677399999999998,0.025354799999999997,0.011266199999999999,0.022532399999999998
routing_discovery_v1_b05,mbd,discovery,jev_grounded,received,200,jev-1.13.0,jev-1.13.0,usage_based_estimate_not_invoice,15,8.943639666991658,145548.0,30674.0,0.0,0.006113016000000001,0.006113016000000001,0.006113016000000001,0.006113016000000001
routing_discovery_v1_b05,mbd,discovery,jev_targeted_llm_subset,received,200,deepseek-flash,deepseek-flash,usage_based_estimate_not_invoice,7,7.527370377007173,60047.0,1878.0,58624.0,0.01013385,0.0202677,0.001516122,0.003032244
routing_discovery_v1_b05,mbd,discovery,llm_explanation_subset,received,200,deepseek-flash,deepseek-flash,usage_based_estimate_not_invoice,7,48.43005316700146,61853.0,15993.0,33024.0,0.018873749999999998,0.037747499999999996,0.014019222,0.028038444
routing_discovery_v1_b05,taskmap,discovery,jev_grounded,received,200,jev-1.13.0,jev-1.13.0,usage_based_estimate_not_invoice,2,3.1596730000019306,71406.0,8851.0,0.0,0.0029990520000000003,0.0029990520000000003,0.0029990520000000003,0.0029990520000000003
routing_discovery_v1_b05,taskmap,discovery,jev_targeted_llm_subset_part0,received,200,deepseek-flash,deepseek-flash,usage_based_estimate_not_invoice,1,4.183611583997845,31569.0,1389.0,31360.0,0.005568749999999999,0.011137499999999998,0.0009588299999999999,0.0019176599999999999
routing_discovery_v1_b05,taskmap,discovery,jev_targeted_llm_subset_part1,received,200,deepseek-flash,deepseek-flash,usage_based_estimate_not_invoice,1,3.744264499997371,31675.0,1146.0,31488.0,0.00543885,0.0108777,0.000810114,0.001620228
routing_discovery_v1_b05,taskmap,discovery,llm_explanation_subset,received,200,deepseek-flash,deepseek-flash,usage_based_estimate_not_invoice,1,25.388768791992334,49903.0,8192.0,0.0,0.01240065,0.0248013,0.01240065,0.0248013
routing_discovery_v1_b05,ucc,discovery,jev_grounded,received,200,jev-1.13.0,jev-1.13.0,usage_based_estimate_not_invoice,14,9.896478292968823,282213.0,52746.0,0.0,0.011852946000000001,0.011852946000000001,0.011852946000000001,0.011852946000000001
routing_discovery_v1_b05,ucc,discovery,jev_targeted_llm_subset,received,200,deepseek-flash,deepseek-flash,usage_based_estimate_not_invoice,7,21.649795916993753,142722.0,7836.0,141312.0,0.0261099,0.0522198,0.005337036000000001,0.010674072000000001
routing_discovery_v1_b05,ucc,discovery,llm_explanation_subset,received,200,deepseek-flash,deepseek-flash,usage_based_estimate_not_invoice,7,135.36677783301275,155560.0,44234.0,71936.0,0.0498744,0.0997488,0.039299808,0.078599616
smoke_model_v2,babe,discovery,jev_compact,received,200,jev-1.13.0,jev-1.13.0,usage_based_estimate_not_invoice,1,0.9421490839886246,4277.0,579.0,0.0,0.00017963400000000002,0.00017963400000000002,0.00017963400000000002,0.00017963400000000002
smoke_taskmap_v3,taskmap,discovery,jev_compact,received,200,jev-1.13.0,jev-1.13.0,usage_based_estimate_not_invoice,1,1.6205375419958727,40255.0,4878.0,0.0,0.00169071,0.00169071,0.00169071,0.00169071
smoke_taskmap_v3,taskmap,discovery,llm_direct,received,200,deepseek-flash,deepseek-flash,usage_based_estimate_not_invoice,1,6.832932833000086,49700.0,2280.0,0.0,0.008823,0.017646,0.008823,0.017646
strengthening_diagnostic_v1,babe,diagnostic,jev_grounded,received,200,jev-1.13.0,jev-1.13.0,usage_based_estimate_not_invoice,63,21.05697421306104,273759.0,36024.0,0.0,0.011497878000000003,0.011497878000000003,0.011497878000000003,0.011497878000000003
strengthening_diagnostic_v1,babe,diagnostic,llm_full_calibration_examples,received,200,deepseek-flash,deepseek-flash,usage_based_estimate_not_invoice,63,72.15097058199171,1462114.0,8744.0,218752.0,0.22456350000000005,0.4491270000000001,0.192406956,0.384813912
strengthening_diagnostic_v1,babe,diagnostic,llm_grounded,received,200,deepseek-flash,deepseek-flash,usage_based_estimate_not_invoice,63,58.80260475096293,276958.0,10478.0,129024.0,0.04783049999999999,0.09566099999999998,0.028863971999999995,0.05772794399999999
strengthening_diagnostic_v1,babe,diagnostic,llm_labeled_examples,received,200,deepseek-flash,deepseek-flash,usage_based_estimate_not_invoice,63,55.958439872963936,422236.0,8729.0,247680.0,0.0685728,0.1371456,0.03216384,0.06432768
strengthening_diagnostic_v1,commonsense,diagnostic,jev_grounded,received,200,jev-1.13.0,jev-1.13.0,usage_based_estimate_not_invoice,63,19.939536501056864,208289.0,38996.0,0.0,0.008748137999999999,0.008748137999999999,0.008748137999999999,0.008748137999999999
strengthening_diagnostic_v1,commonsense,diagnostic,llm_full_calibration_examples,received,200,deepseek-flash,deepseek-flash,usage_based_estimate_not_invoice,63,95.60478128591785,1548702.0,18326.0,256896.0,0.24330089999999993,0.48660179999999986,0.205537188,0.411074376
strengthening_diagnostic_v1,commonsense,diagnostic,llm_grounded,received,200,deepseek-flash,deepseek-flash,usage_based_estimate_not_invoice,63,79.34970950009301,264278.0,18349.0,8064.0,0.05065109999999999,0.10130219999999998,0.04946569199999999,0.09893138399999998
strengthening_diagnostic_v1,commonsense,diagnostic,llm_labeled_examples,received,200,deepseek-flash,deepseek-flash,usage_based_estimate_not_invoice,63,79.74692291597603,452628.0,18143.0,187392.0,0.07878,0.15756,0.05123337599999999,0.10246675199999998
strengthening_diagnostic_v1,conflict,diagnostic,jev_grounded,received,200,jev-1.13.0,jev-1.13.0,usage_based_estimate_not_invoice,51,18.75129450400709,393178.0,161464.0,0.0,0.016513475999999996,0.016513475999999996,0.016513475999999996,0.016513475999999996
strengthening_diagnostic_v1,conflict,diagnostic,llm_full_calibration_examples,received,200,deepseek-flash,deepseek-flash,usage_based_estimate_not_invoice,51,137.16078925495094,1722099.0,38150.0,195968.0,0.28120485000000006,0.5624097000000001,0.252397554,0.504795108
strengthening_diagnostic_v1,conflict,diagnostic,llm_grounded,received,200,deepseek-flash,deepseek-flash,usage_based_estimate_not_invoice,51,128.00292333000107,468825.0,40444.0,19584.0,0.09459015000000001,0.18918030000000002,0.09171130200000001,0.18342260400000002
strengthening_diagnostic_v1,conflict,diagnostic,llm_labeled_examples,received,200,deepseek-flash,deepseek-flash,usage_based_estimate_not_invoice,51,121.196051669991,618408.0,38220.0,336512.0,0.1156932,0.2313864,0.066225936,0.132451872
strengthening_diagnostic_v1,mbd,diagnostic,jev_grounded,received,200,jev-1.13.0,jev-1.13.0,usage_based_estimate_not_invoice,42,15.979815459009842,371029.0,80443.0,0.0,0.015583218000000003,0.015583218000000003,0.015583218000000003,0.015583218000000003
strengthening_diagnostic_v1,mbd,diagnostic,llm_full_calibration_examples,received,200,deepseek-flash,deepseek-flash,usage_based_estimate_not_invoice,42,86.08394983390463,2763179.0,12434.0,194432.0,0.42193724999999993,0.8438744999999999,0.39335574600000006,0.7867114920000001
strengthening_diagnostic_v1,mbd,diagnostic,llm_grounded,received,200,deepseek-flash,deepseek-flash,usage_based_estimate_not_invoice,42,57.187406124023255,381408.0,12795.0,48512.0,0.0648882,0.1297764,0.057756936000000016,0.11551387200000003
strengthening_diagnostic_v1,mbd,diagnostic,llm_labeled_examples,received,200,deepseek-flash,deepseek-flash,usage_based_estimate_not_invoice,42,57.09617062396137,668177.0,12466.0,221184.0,0.10770615,0.2154123,0.07519210200000001,0.15038420400000002
strengthening_diagnostic_v1,ucc,diagnostic,jev_grounded,received,200,jev-1.13.0,jev-1.13.0,usage_based_estimate_not_invoice,63,28.963835419010138,1337741.0,251661.0,0.0,0.056185122,0.056185122,0.056185122,0.056185122
strengthening_diagnostic_v1,ucc,diagnostic,llm_full_calibration_examples,received,200,deepseek-flash,deepseek-flash,usage_based_estimate_not_invoice,63,216.09463016600057,4331836.0,56364.0,440192.0,0.6835937999999996,1.3671875999999992,0.618885576,1.237771152
strengthening_diagnostic_v1,ucc,diagnostic,llm_grounded,received,200,deepseek-flash,deepseek-flash,usage_based_estimate_not_invoice,63,206.243620001027,1275487.0,69068.0,88704.0,0.23276385,0.4655277,0.21972436199999992,0.43944872399999985
strengthening_diagnostic_v1,ucc,diagnostic,llm_labeled_examples,received,200,deepseek-flash,deepseek-flash,usage_based_estimate_not_invoice,63,176.7698407100106,1196074.0,56364.0,435712.0,0.21322950000000007,0.42645900000000014,0.14917983600000004,0.2983596720000001
verbose_routing_diagnostic_v1_b01,babe,diagnostic,jev_targeted_llm_subset,received,200,deepseek-flash,deepseek-flash,usage_based_estimate_not_invoice,6,5.177504418039462,30284.0,1023.0,29184.0,0.0051564,0.0103128,0.0008663519999999999,0.0017327039999999998
verbose_routing_diagnostic_v1_b01,babe,diagnostic,jev_verbose,received,200,jev-1.13.0,jev-1.13.0,usage_based_estimate_not_invoice,63,24.301976582908537,314897.0,36018.0,0.0,0.013225674000000001,0.013225674000000001,0.013225674000000001,0.013225674000000001
verbose_routing_diagnostic_v1_b01,commonsense,diagnostic,jev_targeted_llm_subset,received,200,deepseek-flash,deepseek-flash,usage_based_estimate_not_invoice,6,7.827772457967512,31611.0,2066.0,30464.0,0.0059812500000000005,0.011962500000000001,0.0015030419999999998,0.0030060839999999996
verbose_routing_diagnostic_v1_b01,commonsense,diagnostic,jev_verbose,received,200,jev-1.13.0,jev-1.13.0,usage_based_estimate_not_invoice,63,23.168274248047965,265497.0,38996.0,0.0,0.011150874,0.011150874,0.011150874,0.011150874
verbose_routing_diagnostic_v1_b01,conflict,diagnostic,jev_targeted_llm_subset,received,200,deepseek-flash,deepseek-flash,usage_based_estimate_not_invoice,5,11.730617958965013,67391.0,3806.0,66304.0,0.012392249999999999,0.024784499999999998,0.0026455619999999997,0.0052911239999999995
verbose_routing_diagnostic_v1_b01,conflict,diagnostic,jev_verbose,received,200,jev-1.13.0,jev-1.13.0,usage_based_estimate_not_invoice,48,19.943019085971173,616468.0,151694.0,0.0,0.025891656000000006,0.025891656000000006,0.025891656000000006,0.025891656000000006
verbose_routing_diagnostic_v1_b01,conflict,diagnostic,jev_verbose_part0,received,200,jev-1.13.0,jev-1.13.0,usage_based_estimate_not_invoice,2,3.1048442499886733,54647.0,3193.0,0.0,0.0022951740000000005,0.0022951740000000005,0.0022951740000000005,0.0022951740000000005
verbose_routing_diagnostic_v1_b01,conflict,diagnostic,jev_verbose_part0_part0_part0,received,200,jev-1.13.0,jev-1.13.0,usage_based_estimate_not_invoice,1,1.3089021669875365,21411.0,399.0,0.0,0.0008992620000000001,0.0008992620000000001,0.0008992620000000001,0.0008992620000000001
verbose_routing_diagnostic_v1_b01,conflict,diagnostic,jev_verbose_part0_part0_part1,received,200,jev-1.13.0,jev-1.13.0,usage_based_estimate_not_invoice,1,0.6800482090038713,37035.0,401.0,0.0,0.00155547,0.00155547,0.00155547,0.00155547
verbose_routing_diagnostic_v1_b01,conflict,diagnostic,jev_verbose_part0_part1,received,200,jev-1.13.0,jev-1.13.0,usage_based_estimate_not_invoice,1,0.4954232920135837,29727.0,800.0,0.0,0.0012485340000000001,0.0012485340000000001,0.0012485340000000001,0.0012485340000000001
verbose_routing_diagnostic_v1_b01,conflict,diagnostic,jev_verbose_part1,received,200,jev-1.13.0,jev-1.13.0,usage_based_estimate_not_invoice,3,2.5858251670142636,93686.0,4850.0,0.0,0.003934812,0.003934812,0.003934812,0.003934812
verbose_routing_diagnostic_v1_b01,mbd,diagnostic,jev_targeted_llm_subset,received,200,deepseek-flash,deepseek-flash,usage_based_estimate_not_invoice,4,5.0588725410052575,39025.0,1151.0,38272.0,0.00654435,0.0130887,0.0009183659999999999,0.0018367319999999998
verbose_routing_diagnostic_v1_b01,mbd,diagnostic,jev_verbose,received,200,jev-1.13.0,jev-1.13.0,usage_based_estimate_not_invoice,42,18.50989683595253,420670.0,80490.0,0.0,0.017668140000000002,0.017668140000000002,0.017668140000000002,0.017668140000000002
verbose_routing_diagnostic_v1_b01,ucc,diagnostic,jev_targeted_llm_subset,received,200,deepseek-flash,deepseek-flash,usage_based_estimate_not_invoice,6,16.927706709044287,99012.0,5656.0,97920.0,0.0182454,0.0364908,0.00385116,0.00770232
verbose_routing_diagnostic_v1_b01,ucc,diagnostic,jev_verbose,received,200,jev-1.13.0,jev-1.13.0,usage_based_estimate_not_invoice,63,30.73957970389165,882093.0,251661.0,0.0,0.037047906000000005,0.037047906000000005,0.037047906000000005,0.037047906000000005
verbose_routing_diagnostic_v1_b025,babe,diagnostic,jev_targeted_llm_subset,received,200,deepseek-flash,deepseek-flash,usage_based_estimate_not_invoice,15,12.330685541033745,76612.0,2486.0,73728.0,0.012983399999999999,0.025966799999999998,0.002145384,0.004290768
verbose_routing_diagnostic_v1_b025,babe,diagnostic,jev_verbose,received,200,jev-1.13.0,jev-1.13.0,usage_based_estimate_not_invoice,63,25.885575124033494,314897.0,36017.0,0.0,0.013225674000000001,0.013225674000000001,0.013225674000000001,0.013225674000000001
verbose_routing_diagnostic_v1_b025,commonsense,diagnostic,jev_targeted_llm_subset,received,200,deepseek-flash,deepseek-flash,usage_based_estimate_not_invoice,15,19.682081915001618,79499.0,4813.0,76668.0,0.014812650000000002,0.029625300000000004,0.003542454,0.007084908
verbose_routing_diagnostic_v1_b025,commonsense,diagnostic,jev_verbose,received,200,jev-1.13.0,jev-1.13.0,usage_based_estimate_not_invoice,63,23.88896853994811,265497.0,38996.0,0.0,0.011150874,0.011150874,0.011150874,0.011150874
verbose_routing_diagnostic_v1_b025,conflict,diagnostic,jev_targeted_llm_subset,received,200,deepseek-flash,deepseek-flash,usage_based_estimate_not_invoice,10,22.256682709004963,138140.0,7612.0,136064.0,0.025288199999999997,0.050576399999999994,0.005286792,0.010573584
verbose_routing_diagnostic_v1_b025,conflict,diagnostic,jev_targeted_llm_subset_part0,received,200,deepseek-flash,deepseek-flash,usage_based_estimate_not_invoice,1,1.408288625010755,26518.0,382.0,26368.0,0.0042068999999999995,0.008413799999999999,0.00033080399999999997,0.0006616079999999999
verbose_routing_diagnostic_v1_b025,conflict,diagnostic,jev_targeted_llm_subset_part0_part0_part0,received,200,deepseek-flash,deepseek-flash,usage_based_estimate_not_invoice,1,0.6547359579999465,21214.0,112.0,20992.0,0.0032492999999999997,0.006498599999999999,0.000163476,0.000326952
verbose_routing_diagnostic_v1_b025,conflict,diagnostic,jev_targeted_llm_subset_part0_part0_part1,received,200,deepseek-flash,deepseek-flash,usage_based_estimate_not_invoice,1,0.8965647500008345,36518.0,99.0,36352.0,0.0055371,0.0110742,0.000193356,0.000386712
verbose_routing_diagnostic_v1_b025,conflict,diagnostic,jev_targeted_llm_subset_part0_part1,received,200,deepseek-flash,deepseek-flash,usage_based_estimate_not_invoice,1,1.0429336670204066,29818.0,225.0,29568.0,0.0046077,0.0092154,0.000261204,0.000522408
verbose_routing_diagnostic_v1_b025,conflict,diagnostic,jev_targeted_llm_subset_part1,received,200,deepseek-flash,deepseek-flash,usage_based_estimate_not_invoice,2,3.5190511669788975,71160.0,824.0,70784.0,0.0111684,0.0223368,0.000763152,0.001526304
verbose_routing_diagnostic_v1_b025,conflict,diagnostic,jev_verbose,received,200,jev-1.13.0,jev-1.13.0,usage_based_estimate_not_invoice,48,18.83090904695564,616468.0,151681.0,0.0,0.025891656000000006,0.025891656000000006,0.025891656000000006,0.025891656000000006
verbose_routing_diagnostic_v1_b025,conflict,diagnostic,jev_verbose_part0,received,200,jev-1.13.0,jev-1.13.0,usage_based_estimate_not_invoice,2,3.015579708007863,54647.0,3193.0,0.0,0.0022951740000000005,0.0022951740000000005,0.0022951740000000005,0.0022951740000000005
verbose_routing_diagnostic_v1_b025,conflict,diagnostic,jev_verbose_part0_part0_part0,received,200,jev-1.13.0,jev-1.13.0,usage_based_estimate_not_invoice,1,1.274160667002434,21411.0,399.0,0.0,0.0008992620000000001,0.0008992620000000001,0.0008992620000000001,0.0008992620000000001
verbose_routing_diagnostic_v1_b025,conflict,diagnostic,jev_verbose_part0_part0_part1,received,200,jev-1.13.0,jev-1.13.0,usage_based_estimate_not_invoice,1,1.106277582992334,37035.0,401.0,0.0,0.00155547,0.00155547,0.00155547,0.00155547
verbose_routing_diagnostic_v1_b025,conflict,diagnostic,jev_verbose_part0_part1,received,200,jev-1.13.0,jev-1.13.0,usage_based_estimate_not_invoice,1,0.6377190419880208,29727.0,800.0,0.0,0.0012485340000000001,0.0012485340000000001,0.0012485340000000001,0.0012485340000000001
verbose_routing_diagnostic_v1_b025,conflict,diagnostic,jev_verbose_part1,received,200,jev-1.13.0,jev-1.13.0,usage_based_estimate_not_invoice,3,1.9177871249557938,93686.0,4850.0,0.0,0.003934812,0.003934812,0.003934812,0.003934812
verbose_routing_diagnostic_v1_b025,mbd,diagnostic,jev_targeted_llm_subset,received,200,deepseek-flash,deepseek-flash,usage_based_estimate_not_invoice,10,11.862993415968958,94572.0,3029.0,92544.0,0.0160032,0.0320064,0.002399232,0.004798464
verbose_routing_diagnostic_v1_b025,mbd,diagnostic,jev_verbose,received,200,jev-1.13.0,jev-1.13.0,usage_based_estimate_not_invoice,42,20.656110338954022,420670.0,80493.0,0.0,0.017668140000000002,0.017668140000000002,0.017668140000000002,0.017668140000000002
verbose_routing_diagnostic_v1_b025,ucc,diagnostic,jev_targeted_llm_subset,received,200,deepseek-flash,deepseek-flash,usage_based_estimate_not_invoice,15,43.730099792039255,243734.0,14780.0,241022.0,0.04542810000000001,0.09085620000000003,0.009997865999999998,0.019995731999999995
verbose_routing_diagnostic_v1_b025,ucc,diagnostic,jev_verbose,received,200,jev-1.13.0,jev-1.13.0,usage_based_estimate_not_invoice,63,30.150090836075833,882093.0,251661.0,0.0,0.037047906000000005,0.037047906000000005,0.037047906000000005,0.037047906000000005
