epoch,dataset,split,method,dimension_id,primary,kind,label,support,tp,fp,fn,precision,recall,f1,roc_auc,average_precision,ranking_n
adaptation_discovery_v1,babe,discovery,jev_joint_ab,label_bias,True,choice,Non-biased,97,75,15,22,0.8333333333333334,0.7731958762886598,0.8021390374331551,0.9001601441297168,0.8933571881732012,200
adaptation_discovery_v1,babe,discovery,jev_joint_ab,label_bias,True,choice,Biased,103,88,22,15,0.8,0.8543689320388349,0.8262910798122066,0.9002602342107897,0.8910310930946074,200
adaptation_discovery_v1,babe,discovery,llm_full_calibration_examples,label_bias,True,choice,Non-biased,97,82,18,15,0.82,0.845360824742268,0.8324873096446701,,,0
adaptation_discovery_v1,babe,discovery,llm_full_calibration_examples,label_bias,True,choice,Biased,103,85,15,18,0.85,0.8252427184466019,0.8374384236453202,,,0
adaptation_discovery_v1,babe,discovery,llm_labeled_examples,label_bias,True,choice,Non-biased,97,79,16,18,0.8315789473684211,0.8144329896907216,0.8229166666666666,,,0
adaptation_discovery_v1,babe,discovery,llm_labeled_examples,label_bias,True,choice,Biased,103,87,18,16,0.8285714285714286,0.8446601941747572,0.8365384615384616,,,0
adaptation_discovery_v1,conflict,discovery,jev_joint_ab,rating_directness_content,True,choice,Yes - Direct Content,92,84,0,8,1.0,0.9130434782608695,0.9545454545454546,,,92
adaptation_discovery_v1,conflict,discovery,jev_joint_ab,rating_directness_content,True,choice,Neutral - Content contains no opinion,0,0,2,0,0.0,0.0,0.0,,,92
adaptation_discovery_v1,conflict,discovery,jev_joint_ab,rating_directness_content,True,choice,No - Indirect Content,0,0,6,0,0.0,0.0,0.0,,,92
adaptation_discovery_v1,conflict,discovery,jev_joint_ab,rating_directness_expression,True,choice,Yes - Direct Expression,87,80,2,7,0.975609756097561,0.9195402298850575,0.9467455621301775,0.8494252873563218,0.9887170493455827,92
adaptation_discovery_v1,conflict,discovery,jev_joint_ab,rating_directness_expression,True,choice,No - Indirect Expression,5,3,7,2,0.3,0.6,0.4,0.8494252873563218,0.5592307692307693,92
adaptation_discovery_v1,conflict,discovery,jev_joint_ab,rating_OI_content,True,choice,Yes - Content opposes someone else,90,75,0,15,1.0,0.8333333333333334,0.9090909090909091,0.9694444444444444,0.9992575639789522,92
adaptation_discovery_v1,conflict,discovery,jev_joint_ab,rating_OI_content,True,choice,No - Content does not oppose anyone,2,2,15,0,0.11764705882352941,1.0,0.21052631578947367,0.9694444444444444,0.39285714285714285,92
adaptation_discovery_v1,conflict,discovery,jev_joint_ab,rating_OI_expression,True,choice,Yes - Expression is emotional/forceful,16,9,19,7,0.32142857142857145,0.5625,0.4090909090909091,0.7479440789473685,0.48227518401621094,92
adaptation_discovery_v1,conflict,discovery,jev_joint_ab,rating_OI_expression,True,choice,No - Expression is not emotional/forceful,76,57,7,19,0.890625,0.75,0.8142857142857143,0.7475328947368421,0.92899298532939,92
adaptation_discovery_v1,conflict,discovery,llm_full_calibration_examples,rating_directness_content,True,choice,Yes - Direct Content,92,92,0,0,1.0,1.0,1.0,,,0
adaptation_discovery_v1,conflict,discovery,llm_full_calibration_examples,rating_directness_content,True,choice,Neutral - Content contains no opinion,0,0,0,0,0.0,0.0,0.0,,,0
adaptation_discovery_v1,conflict,discovery,llm_full_calibration_examples,rating_directness_content,True,choice,No - Indirect Content,0,0,0,0,0.0,0.0,0.0,,,0
adaptation_discovery_v1,conflict,discovery,llm_full_calibration_examples,rating_directness_expression,True,choice,Yes - Direct Expression,87,86,4,1,0.9555555555555556,0.9885057471264368,0.9717514124293786,,,0
adaptation_discovery_v1,conflict,discovery,llm_full_calibration_examples,rating_directness_expression,True,choice,No - Indirect Expression,5,1,1,4,0.5,0.2,0.2857142857142857,,,0
adaptation_discovery_v1,conflict,discovery,llm_full_calibration_examples,rating_OI_content,True,choice,Yes - Content opposes someone else,90,81,1,9,0.9878048780487805,0.9,0.9418604651162791,,,0
adaptation_discovery_v1,conflict,discovery,llm_full_calibration_examples,rating_OI_content,True,choice,No - Content does not oppose anyone,2,1,9,1,0.1,0.5,0.16666666666666666,,,0
adaptation_discovery_v1,conflict,discovery,llm_full_calibration_examples,rating_OI_expression,True,choice,Yes - Expression is emotional/forceful,16,3,1,13,0.75,0.1875,0.3,,,0
adaptation_discovery_v1,conflict,discovery,llm_full_calibration_examples,rating_OI_expression,True,choice,No - Expression is not emotional/forceful,76,75,13,1,0.8522727272727273,0.9868421052631579,0.9146341463414634,,,0
adaptation_discovery_v1,conflict,discovery,llm_labeled_examples,rating_directness_content,True,choice,Yes - Direct Content,92,91,0,1,1.0,0.9891304347826086,0.994535519125683,,,0
adaptation_discovery_v1,conflict,discovery,llm_labeled_examples,rating_directness_content,True,choice,Neutral - Content contains no opinion,0,0,1,0,0.0,0.0,0.0,,,0
adaptation_discovery_v1,conflict,discovery,llm_labeled_examples,rating_directness_content,True,choice,No - Indirect Content,0,0,0,0,0.0,0.0,0.0,,,0
adaptation_discovery_v1,conflict,discovery,llm_labeled_examples,rating_directness_expression,True,choice,Yes - Direct Expression,87,86,4,1,0.9555555555555556,0.9885057471264368,0.9717514124293786,,,0
adaptation_discovery_v1,conflict,discovery,llm_labeled_examples,rating_directness_expression,True,choice,No - Indirect Expression,5,1,1,4,0.5,0.2,0.2857142857142857,,,0
adaptation_discovery_v1,conflict,discovery,llm_labeled_examples,rating_OI_content,True,choice,Yes - Content opposes someone else,90,66,0,24,1.0,0.7333333333333333,0.8461538461538461,,,0
adaptation_discovery_v1,conflict,discovery,llm_labeled_examples,rating_OI_content,True,choice,No - Content does not oppose anyone,2,2,24,0,0.07692307692307693,1.0,0.14285714285714285,,,0
adaptation_discovery_v1,conflict,discovery,llm_labeled_examples,rating_OI_expression,True,choice,Yes - Expression is emotional/forceful,16,5,9,11,0.35714285714285715,0.3125,0.3333333333333333,,,0
adaptation_discovery_v1,conflict,discovery,llm_labeled_examples,rating_OI_expression,True,choice,No - Expression is not emotional/forceful,76,67,11,9,0.8589743589743589,0.881578947368421,0.8701298701298701,,,0
adaptation_discovery_v1,mbd,discovery,jev_joint_ab,type,True,choice,fact,106,88,10,18,0.8979591836734694,0.8301886792452831,0.8627450980392157,0.9296116504854369,0.926286611810319,209
adaptation_discovery_v1,mbd,discovery,jev_joint_ab,type,True,choice,opinion,4,2,5,2,0.2857142857142857,0.5,0.36363636363636365,0.8365853658536585,0.3634259259259259,209
adaptation_discovery_v1,mbd,discovery,jev_joint_ab,type,True,choice,borderline,1,1,8,0,0.1111111111111111,1.0,0.2,0.9807692307692307,0.2,209
adaptation_discovery_v1,mbd,discovery,jev_joint_ab,type,True,choice,quote,73,67,5,6,0.9305555555555556,0.9178082191780822,0.9241379310344827,0.9743150684931506,0.9032787079445428,209
adaptation_discovery_v1,mbd,discovery,jev_joint_ab,type,True,choice,other,25,18,5,7,0.782608695652174,0.72,0.75,0.9435869565217392,0.7966152229727416,209
adaptation_discovery_v1,mbd,discovery,jev_joint_ab,tone,True,choice,positive,12,11,23,1,0.3235294117647059,0.9166666666666666,0.4782608695652174,0.9711700336700336,0.645327265435961,210
adaptation_discovery_v1,mbd,discovery,jev_joint_ab,tone,True,choice,negative,35,33,14,2,0.7021276595744681,0.9428571428571428,0.8048780487804879,0.9724081632653061,0.8213708532338155,210
adaptation_discovery_v1,mbd,discovery,jev_joint_ab,tone,True,choice,neutral,163,126,3,37,0.9767441860465116,0.7730061349693251,0.863013698630137,0.9274246181960579,0.9791669906455202,210
adaptation_discovery_v1,mbd,discovery,jev_joint_ab,focus,True,choice,democrat,15,12,4,3,0.75,0.8,0.7741935483870968,0.990652557319224,0.8842470128147879,204
adaptation_discovery_v1,mbd,discovery,jev_joint_ab,focus,True,choice,republican,34,24,0,10,1.0,0.7058823529411765,0.8275862068965517,0.9973183391003461,0.9870084216002537,204
adaptation_discovery_v1,mbd,discovery,jev_joint_ab,focus,True,choice,both,11,7,3,4,0.7,0.6363636363636364,0.6666666666666666,0.9773904851625059,0.7894894694748067,204
adaptation_discovery_v1,mbd,discovery,jev_joint_ab,focus,True,choice,neither,144,142,12,2,0.922077922077922,0.9861111111111112,0.9530201342281879,0.9866898148148148,0.9947814885642292,204
adaptation_discovery_v1,mbd,discovery,llm_full_calibration_examples,type,True,choice,fact,106,91,9,15,0.91,0.8584905660377359,0.883495145631068,,,0
adaptation_discovery_v1,mbd,discovery,llm_full_calibration_examples,type,True,choice,opinion,4,1,6,3,0.14285714285714285,0.25,0.18181818181818182,,,0
adaptation_discovery_v1,mbd,discovery,llm_full_calibration_examples,type,True,choice,borderline,1,0,0,1,0.0,0.0,0.0,,,0
adaptation_discovery_v1,mbd,discovery,llm_full_calibration_examples,type,True,choice,quote,73,65,7,8,0.9027777777777778,0.8904109589041096,0.896551724137931,,,0
adaptation_discovery_v1,mbd,discovery,llm_full_calibration_examples,type,True,choice,other,25,24,6,1,0.8,0.96,0.8727272727272727,,,0
adaptation_discovery_v1,mbd,discovery,llm_full_calibration_examples,tone,True,choice,positive,12,7,4,5,0.6363636363636364,0.5833333333333334,0.6086956521739131,,,0
adaptation_discovery_v1,mbd,discovery,llm_full_calibration_examples,tone,True,choice,negative,35,23,6,12,0.7931034482758621,0.6571428571428571,0.71875,,,0
adaptation_discovery_v1,mbd,discovery,llm_full_calibration_examples,tone,True,choice,neutral,163,153,17,10,0.9,0.9386503067484663,0.918918918918919,,,0
adaptation_discovery_v1,mbd,discovery,llm_full_calibration_examples,focus,True,choice,democrat,15,12,1,3,0.9230769230769231,0.8,0.8571428571428571,,,0
adaptation_discovery_v1,mbd,discovery,llm_full_calibration_examples,focus,True,choice,republican,34,19,0,15,1.0,0.5588235294117647,0.7169811320754716,,,0
adaptation_discovery_v1,mbd,discovery,llm_full_calibration_examples,focus,True,choice,both,11,8,6,3,0.5714285714285714,0.7272727272727273,0.64,,,0
adaptation_discovery_v1,mbd,discovery,llm_full_calibration_examples,focus,True,choice,neither,144,143,15,1,0.9050632911392406,0.9930555555555556,0.9470198675496688,,,0
adaptation_discovery_v1,mbd,discovery,llm_labeled_examples,type,True,choice,fact,106,87,9,19,0.90625,0.8207547169811321,0.8613861386138614,,,0
adaptation_discovery_v1,mbd,discovery,llm_labeled_examples,type,True,choice,opinion,4,2,6,2,0.25,0.5,0.3333333333333333,,,0
adaptation_discovery_v1,mbd,discovery,llm_labeled_examples,type,True,choice,borderline,1,0,1,1,0.0,0.0,0.0,,,0
adaptation_discovery_v1,mbd,discovery,llm_labeled_examples,type,True,choice,quote,73,65,6,8,0.9154929577464789,0.8904109589041096,0.9027777777777778,,,0
adaptation_discovery_v1,mbd,discovery,llm_labeled_examples,type,True,choice,other,25,23,10,2,0.696969696969697,0.92,0.7931034482758621,,,0
adaptation_discovery_v1,mbd,discovery,llm_labeled_examples,tone,True,choice,positive,12,9,12,3,0.42857142857142855,0.75,0.5454545454545454,,,0
adaptation_discovery_v1,mbd,discovery,llm_labeled_examples,tone,True,choice,negative,35,26,10,9,0.7222222222222222,0.7428571428571429,0.7323943661971831,,,0
adaptation_discovery_v1,mbd,discovery,llm_labeled_examples,tone,True,choice,neutral,163,141,12,22,0.9215686274509803,0.8650306748466258,0.8924050632911392,,,0
adaptation_discovery_v1,mbd,discovery,llm_labeled_examples,focus,True,choice,democrat,15,10,1,5,0.9090909090909091,0.6666666666666666,0.7692307692307693,,,0
adaptation_discovery_v1,mbd,discovery,llm_labeled_examples,focus,True,choice,republican,34,16,1,18,0.9411764705882353,0.47058823529411764,0.6274509803921569,,,0
adaptation_discovery_v1,mbd,discovery,llm_labeled_examples,focus,True,choice,both,11,8,5,3,0.6153846153846154,0.7272727272727273,0.6666666666666666,,,0
adaptation_discovery_v1,mbd,discovery,llm_labeled_examples,focus,True,choice,neither,144,144,19,0,0.8834355828220859,1.0,0.9381107491856677,,,0
adaptation_discovery_v1,ucc,discovery,jev_joint_ab,healthy,True,choice,0,18,13,97,5,0.11818181818181818,0.7222222222222222,0.203125,0.7210648148148148,0.23871599177047326,210
adaptation_discovery_v1,ucc,discovery,jev_joint_ab,healthy,True,choice,1,192,95,5,97,0.95,0.4947916666666667,0.6506849315068494,0.7212094907407407,0.9646039230829697,210
adaptation_discovery_v1,ucc,discovery,jev_joint_ab,sarcastic,True,choice,0,205,124,2,81,0.9841269841269841,0.6048780487804878,0.7492447129909365,0.6702439024390244,0.9879264152448679,210
adaptation_discovery_v1,ucc,discovery,jev_joint_ab,sarcastic,True,choice,1,5,3,81,2,0.03571428571428571,0.6,0.06741573033707865,0.6717073170731708,0.05988226266487137,210
adaptation_discovery_v1,ucc,discovery,jev_joint_ab,generalisation,False,choice,0,207,182,0,25,1.0,0.8792270531400966,0.9357326478149101,0.9492753623188406,0.9992436556118995,210
adaptation_discovery_v1,ucc,discovery,jev_joint_ab,generalisation,False,choice,1,3,3,25,0,0.10714285714285714,1.0,0.1935483870967742,0.9492753623188406,0.15178571428571427,210
adaptation_discovery_v1,ucc,discovery,jev_joint_ab,generalisation_unfair,True,choice,0,207,185,0,22,1.0,0.893719806763285,0.9438775510204082,0.9315619967793881,0.9989776074071942,210
adaptation_discovery_v1,ucc,discovery,jev_joint_ab,generalisation_unfair,True,choice,1,3,3,22,0,0.12,1.0,0.21428571428571427,0.9315619967793881,0.11810776942355888,210
adaptation_discovery_v1,ucc,discovery,jev_joint_ab,hostile,True,choice,0,208,149,0,59,1.0,0.7163461538461539,0.834733893557423,0.8653846153846154,0.9985151483784486,210
adaptation_discovery_v1,ucc,discovery,jev_joint_ab,hostile,True,choice,1,2,2,59,0,0.03278688524590164,1.0,0.06349206349206349,0.8653846153846154,0.2675438596491228,210
adaptation_discovery_v1,ucc,discovery,jev_joint_ab,antagonize,True,choice,0,203,112,2,91,0.9824561403508771,0.5517241379310345,0.7066246056782335,0.840253342716397,0.9928906056778377,210
adaptation_discovery_v1,ucc,discovery,jev_joint_ab,antagonize,True,choice,1,7,5,91,2,0.052083333333333336,0.7142857142857143,0.0970873786407767,0.840253342716397,0.35187859549785283,210
adaptation_discovery_v1,ucc,discovery,jev_joint_ab,condescending,True,choice,0,206,128,1,78,0.9922480620155039,0.6213592233009708,0.764179104477612,0.8131067961165048,0.9949457391487436,210
adaptation_discovery_v1,ucc,discovery,jev_joint_ab,condescending,True,choice,1,4,3,78,1,0.037037037037037035,0.75,0.07058823529411765,0.8131067961165048,0.20438113054909496,210
adaptation_discovery_v1,ucc,discovery,jev_joint_ab,dismissive,True,choice,0,207,122,1,85,0.991869918699187,0.5893719806763285,0.7393939393939394,0.7624798711755234,0.9956866917877143,210
adaptation_discovery_v1,ucc,discovery,jev_joint_ab,dismissive,True,choice,1,3,2,85,1,0.022988505747126436,0.6666666666666666,0.044444444444444446,0.7624798711755234,0.04693802713604694,210
adaptation_discovery_v1,ucc,discovery,llm_full_calibration_examples,healthy,True,choice,0,18,6,17,12,0.2608695652173913,0.3333333333333333,0.2926829268292683,,,0
adaptation_discovery_v1,ucc,discovery,llm_full_calibration_examples,healthy,True,choice,1,192,175,12,17,0.9358288770053476,0.9114583333333334,0.9234828496042217,,,0
adaptation_discovery_v1,ucc,discovery,llm_full_calibration_examples,sarcastic,True,choice,0,205,186,4,19,0.9789473684210527,0.9073170731707317,0.9417721518987342,,,0
adaptation_discovery_v1,ucc,discovery,llm_full_calibration_examples,sarcastic,True,choice,1,5,1,19,4,0.05,0.2,0.08,,,0
adaptation_discovery_v1,ucc,discovery,llm_full_calibration_examples,generalisation,False,choice,0,207,205,3,2,0.9855769230769231,0.9903381642512077,0.9879518072289156,,,0
adaptation_discovery_v1,ucc,discovery,llm_full_calibration_examples,generalisation,False,choice,1,3,0,2,3,0.0,0.0,0.0,,,0
adaptation_discovery_v1,ucc,discovery,llm_full_calibration_examples,generalisation_unfair,True,choice,0,207,205,3,2,0.9855769230769231,0.9903381642512077,0.9879518072289156,,,0
adaptation_discovery_v1,ucc,discovery,llm_full_calibration_examples,generalisation_unfair,True,choice,1,3,0,2,3,0.0,0.0,0.0,,,0
adaptation_discovery_v1,ucc,discovery,llm_full_calibration_examples,hostile,True,choice,0,208,186,1,22,0.9946524064171123,0.8942307692307693,0.9417721518987342,,,0
adaptation_discovery_v1,ucc,discovery,llm_full_calibration_examples,hostile,True,choice,1,2,1,22,1,0.043478260869565216,0.5,0.08,,,0
adaptation_discovery_v1,ucc,discovery,llm_full_calibration_examples,antagonize,True,choice,0,203,185,2,18,0.9893048128342246,0.9113300492610837,0.9487179487179487,,,0
adaptation_discovery_v1,ucc,discovery,llm_full_calibration_examples,antagonize,True,choice,1,7,5,18,2,0.21739130434782608,0.7142857142857143,0.3333333333333333,,,0
adaptation_discovery_v1,ucc,discovery,llm_full_calibration_examples,condescending,True,choice,0,206,182,1,24,0.994535519125683,0.883495145631068,0.9357326478149101,,,0
adaptation_discovery_v1,ucc,discovery,llm_full_calibration_examples,condescending,True,choice,1,4,3,24,1,0.1111111111111111,0.75,0.1935483870967742,,,0
adaptation_discovery_v1,ucc,discovery,llm_full_calibration_examples,dismissive,True,choice,0,207,184,3,23,0.983957219251337,0.8888888888888888,0.934010152284264,,,0
adaptation_discovery_v1,ucc,discovery,llm_full_calibration_examples,dismissive,True,choice,1,3,0,23,3,0.0,0.0,0.0,,,0
adaptation_discovery_v1,ucc,discovery,llm_labeled_examples,healthy,True,choice,0,18,7,30,11,0.1891891891891892,0.3888888888888889,0.2545454545454545,,,0
adaptation_discovery_v1,ucc,discovery,llm_labeled_examples,healthy,True,choice,1,192,162,11,30,0.9364161849710982,0.84375,0.8876712328767123,,,0
adaptation_discovery_v1,ucc,discovery,llm_labeled_examples,sarcastic,True,choice,0,205,171,3,34,0.9827586206896551,0.8341463414634146,0.9023746701846965,,,0
adaptation_discovery_v1,ucc,discovery,llm_labeled_examples,sarcastic,True,choice,1,5,2,34,3,0.05555555555555555,0.4,0.0975609756097561,,,0
adaptation_discovery_v1,ucc,discovery,llm_labeled_examples,generalisation,False,choice,0,207,194,2,13,0.9897959183673469,0.9371980676328503,0.9627791563275434,,,0
adaptation_discovery_v1,ucc,discovery,llm_labeled_examples,generalisation,False,choice,1,3,1,13,2,0.07142857142857142,0.3333333333333333,0.11764705882352941,,,0
adaptation_discovery_v1,ucc,discovery,llm_labeled_examples,generalisation_unfair,True,choice,0,207,196,2,11,0.98989898989899,0.9468599033816425,0.9679012345679012,,,0
adaptation_discovery_v1,ucc,discovery,llm_labeled_examples,generalisation_unfair,True,choice,1,3,1,11,2,0.08333333333333333,0.3333333333333333,0.13333333333333333,,,0
adaptation_discovery_v1,ucc,discovery,llm_labeled_examples,hostile,True,choice,0,208,174,1,34,0.9942857142857143,0.8365384615384616,0.9086161879895561,,,0
adaptation_discovery_v1,ucc,discovery,llm_labeled_examples,hostile,True,choice,1,2,1,34,1,0.02857142857142857,0.5,0.05405405405405406,,,0
adaptation_discovery_v1,ucc,discovery,llm_labeled_examples,antagonize,True,choice,0,203,175,1,28,0.9943181818181818,0.8620689655172413,0.9234828496042217,,,0
adaptation_discovery_v1,ucc,discovery,llm_labeled_examples,antagonize,True,choice,1,7,6,28,1,0.17647058823529413,0.8571428571428571,0.2926829268292683,,,0
adaptation_discovery_v1,ucc,discovery,llm_labeled_examples,condescending,True,choice,0,206,164,0,42,1.0,0.7961165048543689,0.8864864864864865,,,0
adaptation_discovery_v1,ucc,discovery,llm_labeled_examples,condescending,True,choice,1,4,4,42,0,0.08695652173913043,1.0,0.16,,,0
adaptation_discovery_v1,ucc,discovery,llm_labeled_examples,dismissive,True,choice,0,207,169,3,38,0.9825581395348837,0.8164251207729468,0.8918205804749341,,,0
adaptation_discovery_v1,ucc,discovery,llm_labeled_examples,dismissive,True,choice,1,3,0,38,3,0.0,0.0,0.0,,,0
cache_prefix_diagnostic_v1,babe,diagnostic,llm_direct_cached_prefix,label_bias,True,choice,Non-biased,511,148,24,363,0.8604651162790697,0.2896281800391389,0.4333821376281113,,,0
cache_prefix_diagnostic_v1,babe,diagnostic,llm_direct_cached_prefix,label_bias,True,choice,Biased,489,165,55,324,0.75,0.3374233128834356,0.46544428772919605,,,0
cache_prefix_diagnostic_v1,babe,diagnostic,llm_full_examples_cached_prefix,label_bias,True,choice,Non-biased,511,108,28,403,0.7941176470588235,0.21135029354207435,0.33384853168469864,,,0
cache_prefix_diagnostic_v1,babe,diagnostic,llm_full_examples_cached_prefix,label_bias,True,choice,Biased,489,98,30,391,0.765625,0.20040899795501022,0.31766612641815234,,,0
cache_prefix_diagnostic_v1,babe,diagnostic,llm_native_cached_prefix,label_bias,True,choice,Non-biased,511,181,21,330,0.8960396039603961,0.3542074363992172,0.5077138849929874,,,0
cache_prefix_diagnostic_v1,babe,diagnostic,llm_native_cached_prefix,label_bias,True,choice,Biased,489,205,81,284,0.7167832167832168,0.41922290388548056,0.5290322580645161,,,0
cache_prefix_diagnostic_v1,conflict,diagnostic,llm_direct_cached_prefix,rating_directness_content,True,choice,Yes - Direct Content,791,372,0,419,1.0,0.47029077117572693,0.6397248495270851,,,0
cache_prefix_diagnostic_v1,conflict,diagnostic,llm_direct_cached_prefix,rating_directness_content,True,choice,Neutral - Content contains no opinion,6,2,12,4,0.14285714285714285,0.3333333333333333,0.2,,,0
cache_prefix_diagnostic_v1,conflict,diagnostic,llm_direct_cached_prefix,rating_directness_content,True,choice,No - Indirect Content,0,0,9,0,0.0,0.0,0.0,,,0
cache_prefix_diagnostic_v1,conflict,diagnostic,llm_direct_cached_prefix,rating_directness_expression,True,choice,Yes - Direct Expression,748,308,24,440,0.927710843373494,0.4117647058823529,0.5703703703703704,,,0
cache_prefix_diagnostic_v1,conflict,diagnostic,llm_direct_cached_prefix,rating_directness_expression,True,choice,No - Indirect Expression,54,10,58,44,0.14705882352941177,0.18518518518518517,0.16393442622950818,,,0
cache_prefix_diagnostic_v1,conflict,diagnostic,llm_direct_cached_prefix,rating_OI_content,True,choice,Yes - Content opposes someone else,740,238,2,502,0.9916666666666667,0.3216216216216216,0.4857142857142857,,,0
cache_prefix_diagnostic_v1,conflict,diagnostic,llm_direct_cached_prefix,rating_OI_content,True,choice,No - Content does not oppose anyone,62,23,137,39,0.14375,0.3709677419354839,0.2072072072072072,,,0
cache_prefix_diagnostic_v1,conflict,diagnostic,llm_direct_cached_prefix,rating_OI_expression,True,choice,Yes - Expression is emotional/forceful,73,23,60,50,0.27710843373493976,0.3150684931506849,0.2948717948717949,,,0
cache_prefix_diagnostic_v1,conflict,diagnostic,llm_direct_cached_prefix,rating_OI_expression,True,choice,No - Expression is not emotional/forceful,729,303,14,426,0.9558359621451105,0.4156378600823045,0.5793499043977055,,,0
cache_prefix_diagnostic_v1,conflict,diagnostic,llm_full_examples_cached_prefix,rating_directness_content,True,choice,Yes - Direct Content,791,234,2,557,0.9915254237288136,0.29582806573957016,0.45569620253164556,,,0
cache_prefix_diagnostic_v1,conflict,diagnostic,llm_full_examples_cached_prefix,rating_directness_content,True,choice,Neutral - Content contains no opinion,6,2,4,4,0.3333333333333333,0.3333333333333333,0.3333333333333333,,,0
cache_prefix_diagnostic_v1,conflict,diagnostic,llm_full_examples_cached_prefix,rating_directness_content,True,choice,No - Indirect Content,0,0,0,0,0.0,0.0,0.0,,,0
cache_prefix_diagnostic_v1,conflict,diagnostic,llm_full_examples_cached_prefix,rating_directness_expression,True,choice,Yes - Direct Expression,748,222,10,526,0.9568965517241379,0.2967914438502674,0.4530612244897959,,,0
cache_prefix_diagnostic_v1,conflict,diagnostic,llm_full_examples_cached_prefix,rating_directness_expression,True,choice,No - Indirect Expression,54,2,8,52,0.2,0.037037037037037035,0.0625,,,0
cache_prefix_diagnostic_v1,conflict,diagnostic,llm_full_examples_cached_prefix,rating_OI_content,True,choice,Yes - Content opposes someone else,740,212,14,528,0.9380530973451328,0.2864864864864865,0.4389233954451346,,,0
cache_prefix_diagnostic_v1,conflict,diagnostic,llm_full_examples_cached_prefix,rating_OI_content,True,choice,No - Content does not oppose anyone,62,7,9,55,0.4375,0.11290322580645161,0.1794871794871795,,,0
cache_prefix_diagnostic_v1,conflict,diagnostic,llm_full_examples_cached_prefix,rating_OI_expression,True,choice,Yes - Expression is emotional/forceful,73,1,1,72,0.5,0.0136986301369863,0.02666666666666667,,,0
cache_prefix_diagnostic_v1,conflict,diagnostic,llm_full_examples_cached_prefix,rating_OI_expression,True,choice,No - Expression is not emotional/forceful,729,219,21,510,0.9125,0.3004115226337449,0.4520123839009288,,,0
cache_prefix_diagnostic_v1,conflict,diagnostic,llm_native_cached_prefix,rating_directness_content,True,choice,Yes - Direct Content,791,302,1,489,0.9966996699669967,0.38179519595448796,0.5521023765996343,,,0
cache_prefix_diagnostic_v1,conflict,diagnostic,llm_native_cached_prefix,rating_directness_content,True,choice,Neutral - Content contains no opinion,6,3,11,3,0.21428571428571427,0.5,0.3,,,0
cache_prefix_diagnostic_v1,conflict,diagnostic,llm_native_cached_prefix,rating_directness_content,True,choice,No - Indirect Content,0,0,0,0,0.0,0.0,0.0,,,0
cache_prefix_diagnostic_v1,conflict,diagnostic,llm_native_cached_prefix,rating_directness_expression,True,choice,Yes - Direct Expression,748,258,20,490,0.9280575539568345,0.3449197860962567,0.5029239766081871,,,0
cache_prefix_diagnostic_v1,conflict,diagnostic,llm_native_cached_prefix,rating_directness_expression,True,choice,No - Indirect Expression,54,8,36,46,0.18181818181818182,0.14814814814814814,0.16326530612244897,,,0
cache_prefix_diagnostic_v1,conflict,diagnostic,llm_native_cached_prefix,rating_OI_content,True,choice,Yes - Content opposes someone else,740,194,2,546,0.9897959183673469,0.26216216216216215,0.41452991452991456,,,0
cache_prefix_diagnostic_v1,conflict,diagnostic,llm_native_cached_prefix,rating_OI_content,True,choice,No - Content does not oppose anyone,62,20,106,42,0.15873015873015872,0.3225806451612903,0.2127659574468085,,,0
cache_prefix_diagnostic_v1,conflict,diagnostic,llm_native_cached_prefix,rating_OI_expression,True,choice,Yes - Expression is emotional/forceful,73,18,39,55,0.3157894736842105,0.2465753424657534,0.27692307692307694,,,0
cache_prefix_diagnostic_v1,conflict,diagnostic,llm_native_cached_prefix,rating_OI_expression,True,choice,No - Expression is not emotional/forceful,729,249,16,480,0.939622641509434,0.34156378600823045,0.5010060362173038,,,0
cache_prefix_diagnostic_v1,mbd,diagnostic,llm_direct_cached_prefix,tone,True,choice,positive,51,15,7,36,0.6818181818181818,0.29411764705882354,0.410958904109589,,,0
cache_prefix_diagnostic_v1,mbd,diagnostic,llm_direct_cached_prefix,tone,True,choice,negative,114,47,18,67,0.7230769230769231,0.41228070175438597,0.5251396648044693,,,0
cache_prefix_diagnostic_v1,mbd,diagnostic,llm_direct_cached_prefix,tone,True,choice,neutral,379,128,17,251,0.8827586206896552,0.33773087071240104,0.48854961832061067,,,0
cache_prefix_diagnostic_v1,mbd,diagnostic,llm_direct_cached_prefix,focus,True,choice,democrat,89,28,6,61,0.8235294117647058,0.3146067415730337,0.45528455284552843,,,0
cache_prefix_diagnostic_v1,mbd,diagnostic,llm_direct_cached_prefix,focus,True,choice,republican,138,27,4,111,0.8709677419354839,0.1956521739130435,0.31952662721893493,,,0
cache_prefix_diagnostic_v1,mbd,diagnostic,llm_direct_cached_prefix,focus,True,choice,both,27,9,1,18,0.9,0.3333333333333333,0.4864864864864865,,,0
cache_prefix_diagnostic_v1,mbd,diagnostic,llm_direct_cached_prefix,focus,True,choice,neither,292,106,52,186,0.6708860759493671,0.363013698630137,0.4711111111111111,,,0
cache_prefix_diagnostic_v1,mbd,diagnostic,llm_direct_cached_prefix,type,True,choice,fact,239,75,9,164,0.8928571428571429,0.3138075313807531,0.46439628482972134,,,0
cache_prefix_diagnostic_v1,mbd,diagnostic,llm_direct_cached_prefix,type,True,choice,opinion,73,37,18,36,0.6727272727272727,0.5068493150684932,0.578125,,,0
cache_prefix_diagnostic_v1,mbd,diagnostic,llm_direct_cached_prefix,type,True,choice,borderline,24,4,6,20,0.4,0.16666666666666666,0.23529411764705882,,,0
cache_prefix_diagnostic_v1,mbd,diagnostic,llm_direct_cached_prefix,type,True,choice,quote,121,41,4,80,0.9111111111111111,0.33884297520661155,0.4939759036144578,,,0
cache_prefix_diagnostic_v1,mbd,diagnostic,llm_direct_cached_prefix,type,True,choice,other,51,20,0,31,1.0,0.39215686274509803,0.5633802816901409,,,0
cache_prefix_diagnostic_v1,mbd,diagnostic,llm_full_examples_cached_prefix,tone,True,choice,positive,51,14,6,37,0.7,0.27450980392156865,0.39436619718309857,,,0
cache_prefix_diagnostic_v1,mbd,diagnostic,llm_full_examples_cached_prefix,tone,True,choice,negative,114,39,4,75,0.9069767441860465,0.34210526315789475,0.4968152866242038,,,0
cache_prefix_diagnostic_v1,mbd,diagnostic,llm_full_examples_cached_prefix,tone,True,choice,neutral,379,129,26,250,0.832258064516129,0.3403693931398417,0.48314606741573035,,,0
cache_prefix_diagnostic_v1,mbd,diagnostic,llm_full_examples_cached_prefix,focus,True,choice,democrat,89,24,4,65,0.8571428571428571,0.2696629213483146,0.41025641025641024,,,0
cache_prefix_diagnostic_v1,mbd,diagnostic,llm_full_examples_cached_prefix,focus,True,choice,republican,138,44,2,94,0.9565217391304348,0.3188405797101449,0.4782608695652174,,,0
cache_prefix_diagnostic_v1,mbd,diagnostic,llm_full_examples_cached_prefix,focus,True,choice,both,27,9,4,18,0.6923076923076923,0.3333333333333333,0.45,,,0
cache_prefix_diagnostic_v1,mbd,diagnostic,llm_full_examples_cached_prefix,focus,True,choice,neither,292,108,23,184,0.8244274809160306,0.3698630136986301,0.5106382978723404,,,0
cache_prefix_diagnostic_v1,mbd,diagnostic,llm_full_examples_cached_prefix,type,True,choice,fact,239,84,11,155,0.8842105263157894,0.3514644351464435,0.5029940119760479,,,0
cache_prefix_diagnostic_v1,mbd,diagnostic,llm_full_examples_cached_prefix,type,True,choice,opinion,73,19,5,54,0.7916666666666666,0.2602739726027397,0.3917525773195876,,,0
cache_prefix_diagnostic_v1,mbd,diagnostic,llm_full_examples_cached_prefix,type,True,choice,borderline,24,0,0,24,0.0,0.0,0.0,,,0
cache_prefix_diagnostic_v1,mbd,diagnostic,llm_full_examples_cached_prefix,type,True,choice,quote,121,45,8,76,0.8490566037735849,0.371900826446281,0.5172413793103449,,,0
cache_prefix_diagnostic_v1,mbd,diagnostic,llm_full_examples_cached_prefix,type,True,choice,other,51,31,2,20,0.9393939393939394,0.6078431372549019,0.7380952380952381,,,0
cache_prefix_diagnostic_v1,mbd,diagnostic,llm_native_cached_prefix,tone,True,choice,positive,51,21,7,30,0.75,0.4117647058823529,0.5316455696202531,,,0
cache_prefix_diagnostic_v1,mbd,diagnostic,llm_native_cached_prefix,tone,True,choice,negative,114,45,18,69,0.7142857142857143,0.39473684210526316,0.5084745762711864,,,0
cache_prefix_diagnostic_v1,mbd,diagnostic,llm_native_cached_prefix,tone,True,choice,neutral,379,88,8,291,0.9166666666666666,0.23218997361477572,0.3705263157894737,,,0
cache_prefix_diagnostic_v1,mbd,diagnostic,llm_native_cached_prefix,focus,True,choice,democrat,89,35,1,54,0.9722222222222222,0.39325842696629215,0.56,,,0
cache_prefix_diagnostic_v1,mbd,diagnostic,llm_native_cached_prefix,focus,True,choice,republican,138,10,0,128,1.0,0.07246376811594203,0.13513513513513514,,,0
cache_prefix_diagnostic_v1,mbd,diagnostic,llm_native_cached_prefix,focus,True,choice,both,27,15,2,12,0.8823529411764706,0.5555555555555556,0.6818181818181818,,,0
cache_prefix_diagnostic_v1,mbd,diagnostic,llm_native_cached_prefix,focus,True,choice,neither,292,85,38,207,0.6910569105691057,0.2910958904109589,0.40963855421686746,,,0
cache_prefix_diagnostic_v1,mbd,diagnostic,llm_native_cached_prefix,type,True,choice,fact,239,48,4,191,0.9230769230769231,0.200836820083682,0.32989690721649484,,,0
cache_prefix_diagnostic_v1,mbd,diagnostic,llm_native_cached_prefix,type,True,choice,opinion,73,36,17,37,0.6792452830188679,0.4931506849315068,0.5714285714285714,,,0
cache_prefix_diagnostic_v1,mbd,diagnostic,llm_native_cached_prefix,type,True,choice,borderline,24,5,11,19,0.3125,0.20833333333333334,0.25,,,0
cache_prefix_diagnostic_v1,mbd,diagnostic,llm_native_cached_prefix,type,True,choice,quote,121,29,1,92,0.9666666666666667,0.2396694214876033,0.3841059602649007,,,0
cache_prefix_diagnostic_v1,mbd,diagnostic,llm_native_cached_prefix,type,True,choice,other,51,18,0,33,1.0,0.35294117647058826,0.5217391304347826,,,0
cache_prefix_diagnostic_v1,ucc,diagnostic,llm_direct_cached_prefix,healthy,True,choice,0,65,25,147,40,0.14534883720930233,0.38461538461538464,0.2109704641350211,,,0
cache_prefix_diagnostic_v1,ucc,diagnostic,llm_direct_cached_prefix,healthy,True,choice,1,937,330,4,607,0.9880239520958084,0.35218783351120597,0.5192761605035405,,,0
cache_prefix_diagnostic_v1,ucc,diagnostic,llm_direct_cached_prefix,sarcastic,True,choice,0,954,374,3,580,0.9920424403183024,0.3920335429769392,0.5619834710743802,,,0
cache_prefix_diagnostic_v1,ucc,diagnostic,llm_direct_cached_prefix,sarcastic,True,choice,1,48,18,111,30,0.13953488372093023,0.375,0.2033898305084746,,,0
cache_prefix_diagnostic_v1,ucc,diagnostic,llm_direct_cached_prefix,generalisation,False,choice,0,987,447,4,540,0.991130820399113,0.45288753799392095,0.6216968011126565,,,0
cache_prefix_diagnostic_v1,ucc,diagnostic,llm_direct_cached_prefix,generalisation,False,choice,1,15,5,50,10,0.09090909090909091,0.3333333333333333,0.14285714285714285,,,0
cache_prefix_diagnostic_v1,ucc,diagnostic,llm_direct_cached_prefix,generalisation_unfair,True,choice,0,988,451,6,537,0.986870897155361,0.4564777327935223,0.6242214532871972,,,0
cache_prefix_diagnostic_v1,ucc,diagnostic,llm_direct_cached_prefix,generalisation_unfair,True,choice,1,14,3,46,11,0.061224489795918366,0.21428571428571427,0.09523809523809523,,,0
cache_prefix_diagnostic_v1,ucc,diagnostic,llm_direct_cached_prefix,hostile,True,choice,0,981,390,2,591,0.9948979591836735,0.39755351681957185,0.5680990531682447,,,0
cache_prefix_diagnostic_v1,ucc,diagnostic,llm_direct_cached_prefix,hostile,True,choice,1,21,10,104,11,0.08771929824561403,0.47619047619047616,0.14814814814814814,,,0
cache_prefix_diagnostic_v1,ucc,diagnostic,llm_direct_cached_prefix,antagonize,True,choice,0,951,395,13,556,0.9681372549019608,0.4153522607781283,0.5813097866077999,,,0
cache_prefix_diagnostic_v1,ucc,diagnostic,llm_direct_cached_prefix,antagonize,True,choice,1,51,13,85,38,0.1326530612244898,0.2549019607843137,0.174496644295302,,,0
cache_prefix_diagnostic_v1,ucc,diagnostic,llm_direct_cached_prefix,condescending,True,choice,0,955,374,10,581,0.9739583333333334,0.39162303664921466,0.5586258401792382,,,0
cache_prefix_diagnostic_v1,ucc,diagnostic,llm_direct_cached_prefix,condescending,True,choice,1,47,15,107,32,0.12295081967213115,0.3191489361702128,0.17751479289940827,,,0
cache_prefix_diagnostic_v1,ucc,diagnostic,llm_direct_cached_prefix,dismissive,True,choice,0,978,387,8,591,0.979746835443038,0.39570552147239263,0.5637290604515659,,,0
cache_prefix_diagnostic_v1,ucc,diagnostic,llm_direct_cached_prefix,dismissive,True,choice,1,24,6,105,18,0.05405405405405406,0.25,0.08888888888888889,,,0
cache_prefix_diagnostic_v1,ucc,diagnostic,llm_full_examples_cached_prefix,healthy,True,choice,0,65,5,8,60,0.38461538461538464,0.07692307692307693,0.1282051282051282,,,0
cache_prefix_diagnostic_v1,ucc,diagnostic,llm_full_examples_cached_prefix,healthy,True,choice,1,937,371,26,566,0.9345088161209067,0.3959445037353255,0.5562218890554723,,,0
cache_prefix_diagnostic_v1,ucc,diagnostic,llm_full_examples_cached_prefix,sarcastic,True,choice,0,954,356,11,598,0.9700272479564033,0.3731656184486373,0.5389856169568509,,,0
cache_prefix_diagnostic_v1,ucc,diagnostic,llm_full_examples_cached_prefix,sarcastic,True,choice,1,48,10,33,38,0.23255813953488372,0.20833333333333334,0.21978021978021978,,,0
cache_prefix_diagnostic_v1,ucc,diagnostic,llm_full_examples_cached_prefix,generalisation,False,choice,0,987,400,8,587,0.9803921568627451,0.40526849037487334,0.5734767025089605,,,0
cache_prefix_diagnostic_v1,ucc,diagnostic,llm_full_examples_cached_prefix,generalisation,False,choice,1,15,1,1,14,0.5,0.06666666666666667,0.11764705882352941,,,0
cache_prefix_diagnostic_v1,ucc,diagnostic,llm_full_examples_cached_prefix,generalisation_unfair,True,choice,0,988,400,8,588,0.9803921568627451,0.4048582995951417,0.5730659025787965,,,0
cache_prefix_diagnostic_v1,ucc,diagnostic,llm_full_examples_cached_prefix,generalisation_unfair,True,choice,1,14,1,1,13,0.5,0.07142857142857142,0.125,,,0
cache_prefix_diagnostic_v1,ucc,diagnostic,llm_full_examples_cached_prefix,hostile,True,choice,0,981,393,4,588,0.9899244332493703,0.40061162079510704,0.5703918722786647,,,0
cache_prefix_diagnostic_v1,ucc,diagnostic,llm_full_examples_cached_prefix,hostile,True,choice,1,21,5,8,16,0.38461538461538464,0.23809523809523808,0.29411764705882354,,,0
cache_prefix_diagnostic_v1,ucc,diagnostic,llm_full_examples_cached_prefix,antagonize,True,choice,0,951,379,18,572,0.9546599496221663,0.39852786540483703,0.5623145400593472,,,0
cache_prefix_diagnostic_v1,ucc,diagnostic,llm_full_examples_cached_prefix,antagonize,True,choice,1,51,7,6,44,0.5384615384615384,0.13725490196078433,0.21875,,,0
cache_prefix_diagnostic_v1,ucc,diagnostic,llm_full_examples_cached_prefix,condescending,True,choice,0,955,374,13,581,0.9664082687338501,0.39162303664921466,0.5573770491803278,,,0
cache_prefix_diagnostic_v1,ucc,diagnostic,llm_full_examples_cached_prefix,condescending,True,choice,1,47,7,16,40,0.30434782608695654,0.14893617021276595,0.2,,,0
cache_prefix_diagnostic_v1,ucc,diagnostic,llm_full_examples_cached_prefix,dismissive,True,choice,0,978,380,8,598,0.979381443298969,0.3885480572597137,0.5563689604685212,,,0
cache_prefix_diagnostic_v1,ucc,diagnostic,llm_full_examples_cached_prefix,dismissive,True,choice,1,24,6,16,18,0.2727272727272727,0.25,0.2608695652173913,,,0
cache_prefix_diagnostic_v1,ucc,diagnostic,llm_native_cached_prefix,healthy,True,choice,0,65,29,136,36,0.17575757575757575,0.4461538461538462,0.25217391304347825,,,0
cache_prefix_diagnostic_v1,ucc,diagnostic,llm_native_cached_prefix,healthy,True,choice,1,937,272,5,665,0.9819494584837545,0.2902881536819637,0.44810543657331137,,,0
cache_prefix_diagnostic_v1,ucc,diagnostic,llm_native_cached_prefix,sarcastic,True,choice,0,954,321,8,633,0.9756838905775076,0.33647798742138363,0.5003897116134061,,,0
cache_prefix_diagnostic_v1,ucc,diagnostic,llm_native_cached_prefix,sarcastic,True,choice,1,48,19,94,29,0.168141592920354,0.3958333333333333,0.2360248447204969,,,0
cache_prefix_diagnostic_v1,ucc,diagnostic,llm_native_cached_prefix,generalisation,False,choice,0,987,365,1,622,0.9972677595628415,0.3698074974670719,0.5395417590539542,,,0
cache_prefix_diagnostic_v1,ucc,diagnostic,llm_native_cached_prefix,generalisation,False,choice,1,15,9,67,6,0.11842105263157894,0.6,0.1978021978021978,,,0
cache_prefix_diagnostic_v1,ucc,diagnostic,llm_native_cached_prefix,generalisation_unfair,True,choice,0,988,371,2,617,0.9946380697050938,0.37550607287449395,0.5451873622336517,,,0
cache_prefix_diagnostic_v1,ucc,diagnostic,llm_native_cached_prefix,generalisation_unfair,True,choice,1,14,8,61,6,0.11594202898550725,0.5714285714285714,0.1927710843373494,,,0
cache_prefix_diagnostic_v1,ucc,diagnostic,llm_native_cached_prefix,hostile,True,choice,0,981,337,0,644,1.0,0.3435270132517839,0.511380880121396,,,0
cache_prefix_diagnostic_v1,ucc,diagnostic,llm_native_cached_prefix,hostile,True,choice,1,21,14,91,7,0.13333333333333333,0.6666666666666666,0.2222222222222222,,,0
cache_prefix_diagnostic_v1,ucc,diagnostic,llm_native_cached_prefix,antagonize,True,choice,0,951,325,5,626,0.9848484848484849,0.34174553101997895,0.507416081186573,,,0
cache_prefix_diagnostic_v1,ucc,diagnostic,llm_native_cached_prefix,antagonize,True,choice,1,51,19,93,32,0.16964285714285715,0.37254901960784315,0.2331288343558282,,,0
cache_prefix_diagnostic_v1,ucc,diagnostic,llm_native_cached_prefix,condescending,True,choice,0,955,316,5,639,0.9844236760124611,0.3308900523560209,0.4952978056426332,,,0
cache_prefix_diagnostic_v1,ucc,diagnostic,llm_native_cached_prefix,condescending,True,choice,1,47,16,105,31,0.1322314049586777,0.3404255319148936,0.19047619047619047,,,0
cache_prefix_diagnostic_v1,ucc,diagnostic,llm_native_cached_prefix,dismissive,True,choice,0,978,328,1,650,0.9969604863221885,0.33537832310838445,0.5019127773527161,,,0
cache_prefix_diagnostic_v1,ucc,diagnostic,llm_native_cached_prefix,dismissive,True,choice,1,24,9,104,15,0.07964601769911504,0.375,0.13138686131386862,,,0
calibration_v1,babe,calibration,jev_anchored,label_bias,True,choice,Non-biased,113,76,19,37,0.8,0.672566371681416,0.7307692307692307,0.8123491552695092,0.8157632359800112,201
calibration_v1,babe,calibration,jev_anchored,label_bias,True,choice,Biased,88,69,37,19,0.6509433962264151,0.7840909090909091,0.711340206185567,0.8123491552695092,0.7866624995255312,201
calibration_v1,babe,calibration,jev_compact,label_bias,True,choice,Non-biased,113,79,23,34,0.7745098039215687,0.6991150442477876,0.7348837209302326,0.8093825422365245,0.8110131097012494,201
calibration_v1,babe,calibration,jev_compact,label_bias,True,choice,Biased,88,65,34,23,0.6565656565656566,0.7386363636363636,0.6951871657754011,0.8093825422365245,0.7978473900134583,201
calibration_v1,babe,calibration,jev_verbose,label_bias,True,choice,Non-biased,113,91,11,22,0.8921568627450981,0.8053097345132744,0.8465116279069768,0.9072807723250201,0.9179867661766887,201
calibration_v1,babe,calibration,jev_verbose,label_bias,True,choice,Biased,88,77,22,11,0.7777777777777778,0.875,0.8235294117647058,0.9072807723250201,0.8988433739727167,201
calibration_v1,babe,calibration,llm_direct,label_bias,True,choice,Non-biased,113,92,13,21,0.8761904761904762,0.8141592920353983,0.8440366972477065,,,0
calibration_v1,babe,calibration,llm_direct,label_bias,True,choice,Biased,88,75,21,13,0.78125,0.8522727272727273,0.8152173913043478,,,0
calibration_v1,conflict,calibration,jev_anchored,rating_directness_content,True,choice,Yes - Direct Content,98,92,0,6,1.0,0.9387755102040817,0.968421052631579,,,98
calibration_v1,conflict,calibration,jev_anchored,rating_directness_content,True,choice,Neutral - Content contains no opinion,0,0,1,0,0.0,0.0,0.0,,,98
calibration_v1,conflict,calibration,jev_anchored,rating_directness_content,True,choice,No - Indirect Content,0,0,5,0,0.0,0.0,0.0,,,98
calibration_v1,conflict,calibration,jev_anchored,rating_directness_expression,True,choice,Yes - Direct Expression,94,81,1,13,0.9878048780487805,0.8617021276595744,0.9204545454545454,0.8377659574468085,0.9909654685731684,98
calibration_v1,conflict,calibration,jev_anchored,rating_directness_expression,True,choice,No - Indirect Expression,4,3,13,1,0.1875,0.75,0.3,0.8377659574468085,0.4063679245283019,98
calibration_v1,conflict,calibration,jev_anchored,rating_OI_content,True,choice,Yes - Content opposes someone else,96,63,0,33,1.0,0.65625,0.7924528301886793,0.8463541666666666,0.9962312034365035,98
calibration_v1,conflict,calibration,jev_anchored,rating_OI_content,True,choice,No - Content does not oppose anyone,2,2,33,0,0.05714285714285714,1.0,0.10810810810810811,0.8463541666666666,0.282258064516129,98
calibration_v1,conflict,calibration,jev_anchored,rating_OI_expression,True,choice,Yes - Expression is emotional/forceful,11,7,14,4,0.3333333333333333,0.6363636363636364,0.4375,0.7873563218390804,0.44743462471624723,98
calibration_v1,conflict,calibration,jev_anchored,rating_OI_expression,True,choice,No - Expression is not emotional/forceful,87,73,4,14,0.948051948051948,0.8390804597701149,0.8902439024390244,0.7873563218390804,0.9523143121588163,98
calibration_v1,conflict,calibration,jev_compact,rating_directness_content,True,choice,Yes - Direct Content,98,91,0,7,1.0,0.9285714285714286,0.9629629629629629,,,98
calibration_v1,conflict,calibration,jev_compact,rating_directness_content,True,choice,Neutral - Content contains no opinion,0,0,1,0,0.0,0.0,0.0,,,98
calibration_v1,conflict,calibration,jev_compact,rating_directness_content,True,choice,No - Indirect Content,0,0,6,0,0.0,0.0,0.0,,,98
calibration_v1,conflict,calibration,jev_compact,rating_directness_expression,True,choice,Yes - Direct Expression,94,80,1,14,0.9876543209876543,0.851063829787234,0.9142857142857143,0.8284574468085106,0.9897824681907339,98
calibration_v1,conflict,calibration,jev_compact,rating_directness_expression,True,choice,No - Indirect Expression,4,3,14,1,0.17647058823529413,0.75,0.2857142857142857,0.8284574468085106,0.4252824858757062,98
calibration_v1,conflict,calibration,jev_compact,rating_OI_content,True,choice,Yes - Content opposes someone else,96,63,0,33,1.0,0.65625,0.7924528301886793,0.8567708333333334,0.9965248233655912,98
calibration_v1,conflict,calibration,jev_compact,rating_OI_content,True,choice,No - Content does not oppose anyone,2,2,33,0,0.05714285714285714,1.0,0.10810810810810811,0.8567708333333334,0.28448275862068967,98
calibration_v1,conflict,calibration,jev_compact,rating_OI_expression,True,choice,Yes - Expression is emotional/forceful,11,6,15,5,0.2857142857142857,0.5454545454545454,0.375,0.7601880877742947,0.41030206319269974,98
calibration_v1,conflict,calibration,jev_compact,rating_OI_expression,True,choice,No - Expression is not emotional/forceful,87,72,5,15,0.935064935064935,0.8275862068965517,0.8780487804878049,0.7601880877742947,0.9478963421906373,98
calibration_v1,conflict,calibration,jev_verbose,rating_directness_content,True,choice,Yes - Direct Content,98,92,0,6,1.0,0.9387755102040817,0.968421052631579,,,98
calibration_v1,conflict,calibration,jev_verbose,rating_directness_content,True,choice,Neutral - Content contains no opinion,0,0,1,0,0.0,0.0,0.0,,,98
calibration_v1,conflict,calibration,jev_verbose,rating_directness_content,True,choice,No - Indirect Content,0,0,5,0,0.0,0.0,0.0,,,98
calibration_v1,conflict,calibration,jev_verbose,rating_directness_expression,True,choice,Yes - Direct Expression,94,85,1,9,0.9883720930232558,0.9042553191489362,0.9444444444444444,0.910904255319149,0.9956116117772049,98
calibration_v1,conflict,calibration,jev_verbose,rating_directness_expression,True,choice,No - Indirect Expression,4,3,9,1,0.25,0.75,0.375,0.910904255319149,0.5303030303030303,98
calibration_v1,conflict,calibration,jev_verbose,rating_OI_content,True,choice,Yes - Content opposes someone else,96,69,1,27,0.9857142857142858,0.71875,0.8313253012048193,0.8333333333333334,0.9958746144469219,98
calibration_v1,conflict,calibration,jev_verbose,rating_OI_content,True,choice,No - Content does not oppose anyone,2,1,27,1,0.03571428571428571,0.5,0.06666666666666667,0.8333333333333334,0.5294117647058824,98
calibration_v1,conflict,calibration,jev_verbose,rating_OI_expression,True,choice,Yes - Expression is emotional/forceful,11,8,14,3,0.36363636363636365,0.7272727272727273,0.48484848484848486,0.8970741901776385,0.5043194056497826,98
calibration_v1,conflict,calibration,jev_verbose,rating_OI_expression,True,choice,No - Expression is not emotional/forceful,87,73,3,14,0.9605263157894737,0.8390804597701149,0.8957055214723927,0.8970741901776385,0.9852481309847545,98
calibration_v1,conflict,calibration,llm_direct,rating_directness_content,True,choice,Yes - Direct Content,98,95,0,3,1.0,0.9693877551020408,0.9844559585492227,,,0
calibration_v1,conflict,calibration,llm_direct,rating_directness_content,True,choice,Neutral - Content contains no opinion,0,0,2,0,0.0,0.0,0.0,,,0
calibration_v1,conflict,calibration,llm_direct,rating_directness_content,True,choice,No - Indirect Content,0,0,1,0,0.0,0.0,0.0,,,0
calibration_v1,conflict,calibration,llm_direct,rating_directness_expression,True,choice,Yes - Direct Expression,94,83,1,11,0.9880952380952381,0.8829787234042553,0.9325842696629213,,,0
calibration_v1,conflict,calibration,llm_direct,rating_directness_expression,True,choice,No - Indirect Expression,4,3,11,1,0.21428571428571427,0.75,0.3333333333333333,,,0
calibration_v1,conflict,calibration,llm_direct,rating_OI_content,True,choice,Yes - Content opposes someone else,96,63,0,33,1.0,0.65625,0.7924528301886793,,,0
calibration_v1,conflict,calibration,llm_direct,rating_OI_content,True,choice,No - Content does not oppose anyone,2,2,33,0,0.05714285714285714,1.0,0.10810810810810811,,,0
calibration_v1,conflict,calibration,llm_direct,rating_OI_expression,True,choice,Yes - Expression is emotional/forceful,11,9,15,2,0.375,0.8181818181818182,0.5142857142857142,,,0
calibration_v1,conflict,calibration,llm_direct,rating_OI_expression,True,choice,No - Expression is not emotional/forceful,87,72,2,15,0.972972972972973,0.8275862068965517,0.8944099378881988,,,0
calibration_v1,mbd,calibration,jev_anchored,type,True,choice,fact,127,102,9,25,0.918918918918919,0.8031496062992126,0.8571428571428571,0.9258959452498344,0.9400279862264934,234
calibration_v1,mbd,calibration,jev_anchored,type,True,choice,opinion,21,19,18,2,0.5135135135135135,0.9047619047619048,0.6551724137931034,0.969930695282808,0.7150161162863313,234
calibration_v1,mbd,calibration,jev_anchored,type,True,choice,borderline,11,1,10,10,0.09090909090909091,0.09090909090909091,0.09090909090909091,0.8573175703220546,0.15784701900710044,234
calibration_v1,mbd,calibration,jev_anchored,type,True,choice,quote,55,49,1,6,0.98,0.8909090909090909,0.9333333333333333,0.9838496698831894,0.9725504332063897,234
calibration_v1,mbd,calibration,jev_anchored,type,True,choice,other,20,19,6,1,0.76,0.95,0.8444444444444444,0.9905373831775701,0.8863594982028485,234
calibration_v1,mbd,calibration,jev_anchored,tone,True,choice,positive,6,2,7,4,0.2222222222222222,0.3333333333333333,0.26666666666666666,0.9280141843971631,0.28084415584415584,241
calibration_v1,mbd,calibration,jev_anchored,tone,True,choice,negative,31,29,34,2,0.4603174603174603,0.9354838709677419,0.6170212765957447,0.9395545314900153,0.5967219602370943,241
calibration_v1,mbd,calibration,jev_anchored,tone,True,choice,neutral,204,163,6,41,0.9644970414201184,0.7990196078431373,0.8739946380697051,0.8968600953895072,0.9802245485095267,241
calibration_v1,mbd,calibration,jev_anchored,focus,True,choice,democrat,33,20,1,13,0.9523809523809523,0.6060606060606061,0.7407407407407407,0.9591791703442188,0.873107273518195,239
calibration_v1,mbd,calibration,jev_anchored,focus,True,choice,republican,50,39,1,11,0.975,0.78,0.8666666666666667,0.9909523809523809,0.9511859432834109,239
calibration_v1,mbd,calibration,jev_anchored,focus,True,choice,both,13,9,3,4,0.75,0.6923076923076923,0.72,0.9858747447243023,0.8203511888330113,239
calibration_v1,mbd,calibration,jev_anchored,focus,True,choice,neither,143,143,23,0,0.8614457831325302,1.0,0.9255663430420712,0.9809149184149184,0.9829974354338479,239
calibration_v1,mbd,calibration,jev_compact,type,True,choice,fact,127,100,10,27,0.9090909090909091,0.7874015748031497,0.8438818565400844,0.9306056369122084,0.9432959723187769,234
calibration_v1,mbd,calibration,jev_compact,type,True,choice,opinion,21,19,16,2,0.5428571428571428,0.9047619047619048,0.6785714285714286,0.9687010954616588,0.7295616206036557,234
calibration_v1,mbd,calibration,jev_compact,type,True,choice,borderline,11,1,12,10,0.07692307692307693,0.09090909090909091,0.08333333333333333,0.8721973094170403,0.17664663552821447,234
calibration_v1,mbd,calibration,jev_compact,type,True,choice,quote,55,48,2,7,0.96,0.8727272727272727,0.9142857142857143,0.9858303707465719,0.966545118844009,234
calibration_v1,mbd,calibration,jev_compact,type,True,choice,other,20,19,7,1,0.7307692307692307,0.95,0.8260869565217391,0.9907710280373832,0.9024506847940349,234
calibration_v1,mbd,calibration,jev_compact,tone,True,choice,positive,6,2,6,4,0.25,0.3333333333333333,0.2857142857142857,0.9219858156028369,0.26282051282051283,241
calibration_v1,mbd,calibration,jev_compact,tone,True,choice,negative,31,29,32,2,0.47540983606557374,0.9354838709677419,0.6304347826086957,0.936405529953917,0.581576581382292,241
calibration_v1,mbd,calibration,jev_compact,tone,True,choice,neutral,204,166,6,38,0.9651162790697675,0.8137254901960784,0.8829787234042553,0.887586115527292,0.9781371195971187,241
calibration_v1,mbd,calibration,jev_compact,focus,True,choice,democrat,33,21,1,12,0.9545454545454546,0.6363636363636364,0.7636363636363637,0.9609443954104149,0.8779175237838527,239
calibration_v1,mbd,calibration,jev_compact,focus,True,choice,republican,50,38,2,12,0.95,0.76,0.8444444444444444,0.9902116402116402,0.9462126664083225,239
calibration_v1,mbd,calibration,jev_compact,focus,True,choice,both,13,9,4,4,0.6923076923076923,0.6923076923076923,0.6923076923076923,0.9894486044928523,0.8667500141184352,239
calibration_v1,mbd,calibration,jev_compact,focus,True,choice,neither,143,141,23,2,0.8597560975609756,0.986013986013986,0.9185667752442996,0.979858682983683,0.9829470270001156,239
calibration_v1,mbd,calibration,jev_verbose,type,True,choice,fact,127,93,8,34,0.9207920792079208,0.7322834645669292,0.8157894736842105,0.9311943483700051,0.9448455771207344,234
calibration_v1,mbd,calibration,jev_verbose,type,True,choice,opinion,21,20,16,1,0.5555555555555556,0.9523809523809523,0.7017543859649122,0.979096803040465,0.7726589617567061,234
calibration_v1,mbd,calibration,jev_verbose,type,True,choice,borderline,11,5,20,6,0.2,0.45454545454545453,0.2777777777777778,0.8620057072971871,0.18467087982264355,234
calibration_v1,mbd,calibration,jev_verbose,type,True,choice,quote,55,49,1,6,0.98,0.8909090909090909,0.9333333333333333,0.9961909598781107,0.9883259157377556,234
calibration_v1,mbd,calibration,jev_verbose,type,True,choice,other,20,18,4,2,0.8181818181818182,0.9,0.8571428571428571,0.9910046728971963,0.9099294784163204,234
calibration_v1,mbd,calibration,jev_verbose,tone,True,choice,positive,6,3,10,3,0.23076923076923078,0.5,0.3157894736842105,0.9684397163120567,0.5873015873015872,241
calibration_v1,mbd,calibration,jev_verbose,tone,True,choice,negative,31,31,44,0,0.41333333333333333,1.0,0.5849056603773585,0.9357142857142857,0.5752889460806668,241
calibration_v1,mbd,calibration,jev_verbose,tone,True,choice,neutral,204,150,3,54,0.9803921568627451,0.7352941176470589,0.8403361344537815,0.9076576576576577,0.9821809808046158,241
calibration_v1,mbd,calibration,jev_verbose,focus,True,choice,democrat,33,18,1,15,0.9473684210526315,0.5454545454545454,0.6923076923076923,0.9740364813180347,0.916681098191245,239
calibration_v1,mbd,calibration,jev_verbose,focus,True,choice,republican,50,36,1,14,0.972972972972973,0.72,0.8275862068965517,0.9958730158730159,0.9829263329300876,239
calibration_v1,mbd,calibration,jev_verbose,focus,True,choice,both,13,9,5,4,0.6428571428571429,0.6923076923076923,0.6666666666666666,0.9879169503063309,0.8262913986598199,239
calibration_v1,mbd,calibration,jev_verbose,focus,True,choice,neither,143,141,28,2,0.834319526627219,0.986013986013986,0.9038461538461539,0.9829181235431236,0.9849308048825031,239
calibration_v1,mbd,calibration,llm_direct,type,True,choice,fact,127,103,10,24,0.911504424778761,0.8110236220472441,0.8583333333333333,,,0
calibration_v1,mbd,calibration,llm_direct,type,True,choice,opinion,21,19,12,2,0.6129032258064516,0.9047619047619048,0.7307692307692307,,,0
calibration_v1,mbd,calibration,llm_direct,type,True,choice,borderline,11,2,4,9,0.3333333333333333,0.18181818181818182,0.23529411764705882,,,0
calibration_v1,mbd,calibration,llm_direct,type,True,choice,quote,55,49,5,6,0.9074074074074074,0.8909090909090909,0.8990825688073395,,,0
calibration_v1,mbd,calibration,llm_direct,type,True,choice,other,20,19,11,1,0.6333333333333333,0.95,0.76,,,0
calibration_v1,mbd,calibration,llm_direct,tone,True,choice,positive,6,1,2,5,0.3333333333333333,0.16666666666666666,0.2222222222222222,,,0
calibration_v1,mbd,calibration,llm_direct,tone,True,choice,negative,31,26,25,5,0.5098039215686274,0.8387096774193549,0.6341463414634146,,,0
calibration_v1,mbd,calibration,llm_direct,tone,True,choice,neutral,204,177,10,27,0.946524064171123,0.8676470588235294,0.9053708439897699,,,0
calibration_v1,mbd,calibration,llm_direct,focus,True,choice,democrat,33,14,2,19,0.875,0.42424242424242425,0.5714285714285714,,,0
calibration_v1,mbd,calibration,llm_direct,focus,True,choice,republican,50,27,4,23,0.8709677419354839,0.54,0.6666666666666666,,,0
calibration_v1,mbd,calibration,llm_direct,focus,True,choice,both,13,10,1,3,0.9090909090909091,0.7692307692307693,0.8333333333333334,,,0
calibration_v1,mbd,calibration,llm_direct,focus,True,choice,neither,143,142,39,1,0.7845303867403315,0.993006993006993,0.8765432098765432,,,0
calibration_v1,ucc,calibration,jev_anchored,healthy,True,choice,0,9,8,93,1,0.07920792079207921,0.8888888888888888,0.14545454545454545,0.8055555555555556,0.22936304907819152,205
calibration_v1,ucc,calibration,jev_anchored,healthy,True,choice,1,196,103,1,93,0.9903846153846154,0.5255102040816326,0.6866666666666666,0.8055555555555556,0.9845942271521821,205
calibration_v1,ucc,calibration,jev_anchored,sarcastic,True,choice,0,195,135,3,60,0.9782608695652174,0.6923076923076923,0.8108108108108109,0.7482051282051282,0.9769589681152956,205
calibration_v1,ucc,calibration,jev_anchored,sarcastic,True,choice,1,10,7,60,3,0.1044776119402985,0.7,0.18181818181818182,0.7482051282051282,0.17120548427142346,205
calibration_v1,ucc,calibration,jev_anchored,generalisation,False,choice,0,203,173,1,30,0.9942528735632183,0.8522167487684729,0.9177718832891246,0.8731527093596059,0.9985253678125778,205
calibration_v1,ucc,calibration,jev_anchored,generalisation,False,choice,1,2,1,30,1,0.03225806451612903,0.5,0.06060606060606061,0.8731527093596059,0.5181818181818182,205
calibration_v1,ucc,calibration,jev_anchored,generalisation_unfair,True,choice,0,203,177,1,26,0.9943820224719101,0.8719211822660099,0.9291338582677166,0.8706896551724138,0.9985258634235608,205
calibration_v1,ucc,calibration,jev_anchored,generalisation_unfair,True,choice,1,2,1,26,1,0.037037037037037035,0.5,0.06896551724137931,0.8706896551724138,0.5181818181818182,205
calibration_v1,ucc,calibration,jev_anchored,hostile,True,choice,0,202,158,0,44,1.0,0.7821782178217822,0.8777777777777778,0.943069306930693,0.9990498386080215,205
calibration_v1,ucc,calibration,jev_anchored,hostile,True,choice,1,3,3,44,0,0.06382978723404255,1.0,0.12,0.943069306930693,0.47147147147147145,205
calibration_v1,ucc,calibration,jev_anchored,antagonize,True,choice,0,199,136,1,63,0.9927007299270073,0.6834170854271356,0.8095238095238095,0.7872696817420436,0.9896288983877745,205
calibration_v1,ucc,calibration,jev_anchored,antagonize,True,choice,1,6,5,63,1,0.07352941176470588,0.8333333333333334,0.13513513513513514,0.7872696817420436,0.26240212025332127,205
calibration_v1,ucc,calibration,jev_anchored,condescending,True,choice,0,199,136,2,63,0.9855072463768116,0.6834170854271356,0.8071216617210683,0.7215242881072027,0.989228481177485,205
calibration_v1,ucc,calibration,jev_anchored,condescending,True,choice,1,6,4,63,2,0.05970149253731343,0.6666666666666666,0.1095890410958904,0.7215242881072027,0.06414846420101467,205
calibration_v1,ucc,calibration,jev_anchored,dismissive,True,choice,0,196,136,1,60,0.9927007299270073,0.6938775510204082,0.8168168168168168,0.8035714285714286,0.9882197938784113,205
calibration_v1,ucc,calibration,jev_anchored,dismissive,True,choice,1,9,8,60,1,0.11764705882352941,0.8888888888888888,0.2077922077922078,0.8035714285714286,0.14659266658661335,205
calibration_v1,ucc,calibration,jev_compact,healthy,True,choice,0,9,8,93,1,0.07920792079207921,0.8888888888888888,0.14545454545454545,0.8047052154195011,0.209620845059984,205
calibration_v1,ucc,calibration,jev_compact,healthy,True,choice,1,196,103,1,93,0.9903846153846154,0.5255102040816326,0.6866666666666666,0.8047052154195011,0.9848832440578066,205
calibration_v1,ucc,calibration,jev_compact,sarcastic,True,choice,0,195,137,3,58,0.9785714285714285,0.7025641025641025,0.817910447761194,0.7512820512820513,0.9793316655745368,205
calibration_v1,ucc,calibration,jev_compact,sarcastic,True,choice,1,10,7,58,3,0.1076923076923077,0.7,0.18666666666666668,0.7512820512820513,0.16356918656852082,205
calibration_v1,ucc,calibration,jev_compact,generalisation,False,choice,0,203,174,1,29,0.9942857142857143,0.8571428571428571,0.9206349206349206,0.8817733990147784,0.9986846411461199,205
calibration_v1,ucc,calibration,jev_compact,generalisation,False,choice,1,2,1,29,1,0.03333333333333333,0.5,0.0625,0.8817733990147784,0.52,205
calibration_v1,ucc,calibration,jev_compact,generalisation_unfair,True,choice,0,203,176,1,27,0.9943502824858758,0.8669950738916257,0.9263157894736842,0.896551724137931,0.998869649149261,205
calibration_v1,ucc,calibration,jev_compact,generalisation_unfair,True,choice,1,2,1,27,1,0.03571428571428571,0.5,0.06666666666666667,0.896551724137931,0.5227272727272727,205
calibration_v1,ucc,calibration,jev_compact,hostile,True,choice,0,202,157,0,45,1.0,0.7772277227722773,0.8746518105849582,0.9513201320132013,0.9992007041892249,205
calibration_v1,ucc,calibration,jev_compact,hostile,True,choice,1,3,3,45,0,0.0625,1.0,0.11764705882352941,0.9513201320132013,0.3333333333333333,205
calibration_v1,ucc,calibration,jev_compact,antagonize,True,choice,0,199,140,1,59,0.9929078014184397,0.7035175879396985,0.8235294117647058,0.7776381909547738,0.9879698313044685,205
calibration_v1,ucc,calibration,jev_compact,antagonize,True,choice,1,6,5,59,1,0.078125,0.8333333333333334,0.14285714285714285,0.7776381909547738,0.2650901404791374,205
calibration_v1,ucc,calibration,jev_compact,condescending,True,choice,0,199,139,2,60,0.9858156028368794,0.6984924623115578,0.8176470588235294,0.7005862646566164,0.9883481624030744,205
calibration_v1,ucc,calibration,jev_compact,condescending,True,choice,1,6,4,60,2,0.0625,0.6666666666666666,0.11428571428571428,0.7005862646566164,0.058971981557480874,205
calibration_v1,ucc,calibration,jev_compact,dismissive,True,choice,0,196,140,1,56,0.9929078014184397,0.7142857142857143,0.8308605341246291,0.7837301587301587,0.9870263204305213,205
calibration_v1,ucc,calibration,jev_compact,dismissive,True,choice,1,9,8,56,1,0.125,0.8888888888888888,0.2191780821917808,0.7837301587301587,0.11630532365826482,205
calibration_v1,ucc,calibration,jev_verbose,healthy,True,choice,0,9,9,73,0,0.10975609756097561,1.0,0.1978021978021978,0.9016439909297053,0.2566777678291308,205
calibration_v1,ucc,calibration,jev_verbose,healthy,True,choice,1,196,123,0,73,1.0,0.6275510204081632,0.7711598746081505,0.9016439909297053,0.9949785730253657,205
calibration_v1,ucc,calibration,jev_verbose,sarcastic,True,choice,0,195,136,4,59,0.9714285714285714,0.6974358974358974,0.8119402985074626,0.7,0.9704233658217943,205
calibration_v1,ucc,calibration,jev_verbose,sarcastic,True,choice,1,10,6,59,4,0.09230769230769231,0.6,0.16,0.7,0.15868713115768512,205
calibration_v1,ucc,calibration,jev_verbose,generalisation,False,choice,0,203,175,1,28,0.9943181818181818,0.8620689655172413,0.9234828496042217,0.8275862068965517,0.9979423762835969,205
calibration_v1,ucc,calibration,jev_verbose,generalisation,False,choice,1,2,1,28,1,0.034482758620689655,0.5,0.06451612903225806,0.8275862068965517,0.5138888888888888,205
calibration_v1,ucc,calibration,jev_verbose,generalisation_unfair,True,choice,0,203,176,1,27,0.9943502824858758,0.8669950738916257,0.9263157894736842,0.8608374384236454,0.998327576283771,205
calibration_v1,ucc,calibration,jev_verbose,generalisation_unfair,True,choice,1,2,1,27,1,0.03571428571428571,0.5,0.06666666666666667,0.8608374384236454,0.5163934426229508,205
calibration_v1,ucc,calibration,jev_verbose,hostile,True,choice,0,202,149,0,53,1.0,0.7376237623762376,0.8490028490028491,0.9504950495049505,0.999213683351391,205
calibration_v1,ucc,calibration,jev_verbose,hostile,True,choice,1,3,3,53,0,0.05357142857142857,1.0,0.1016949152542373,0.9504950495049505,0.6969696969696969,205
calibration_v1,ucc,calibration,jev_verbose,antagonize,True,choice,0,199,138,0,61,1.0,0.6934673366834171,0.8189910979228486,0.890284757118928,0.9962757988628241,205
calibration_v1,ucc,calibration,jev_verbose,antagonize,True,choice,1,6,6,61,0,0.08955223880597014,1.0,0.1643835616438356,0.890284757118928,0.3466430398554054,205
calibration_v1,ucc,calibration,jev_verbose,condescending,True,choice,0,199,135,1,64,0.9926470588235294,0.678391959798995,0.8059701492537313,0.8103015075376885,0.9932440123429181,205
calibration_v1,ucc,calibration,jev_verbose,condescending,True,choice,1,6,5,64,1,0.07246376811594203,0.8333333333333334,0.13333333333333333,0.8103015075376885,0.20089993762808517,205
calibration_v1,ucc,calibration,jev_verbose,dismissive,True,choice,0,196,132,0,64,1.0,0.673469387755102,0.8048780487804879,0.8917233560090703,0.9944052571798866,205
calibration_v1,ucc,calibration,jev_verbose,dismissive,True,choice,1,9,9,64,0,0.1232876712328767,1.0,0.21951219512195122,0.8917233560090703,0.26061221038389987,205
calibration_v1,ucc,calibration,llm_direct,healthy,True,choice,0,9,8,70,1,0.10256410256410256,0.8888888888888888,0.1839080459770115,,,0
calibration_v1,ucc,calibration,llm_direct,healthy,True,choice,1,196,126,1,70,0.9921259842519685,0.6428571428571429,0.7801857585139319,,,0
calibration_v1,ucc,calibration,llm_direct,sarcastic,True,choice,0,195,163,5,32,0.9702380952380952,0.8358974358974359,0.8980716253443526,,,0
calibration_v1,ucc,calibration,llm_direct,sarcastic,True,choice,1,10,5,32,5,0.13513513513513514,0.5,0.2127659574468085,,,0
calibration_v1,ucc,calibration,llm_direct,generalisation,False,choice,0,203,175,1,28,0.9943181818181818,0.8620689655172413,0.9234828496042217,,,0
calibration_v1,ucc,calibration,llm_direct,generalisation,False,choice,1,2,1,28,1,0.034482758620689655,0.5,0.06451612903225806,,,0
calibration_v1,ucc,calibration,llm_direct,generalisation_unfair,True,choice,0,203,178,1,25,0.994413407821229,0.8768472906403941,0.9319371727748691,,,0
calibration_v1,ucc,calibration,llm_direct,generalisation_unfair,True,choice,1,2,1,25,1,0.038461538461538464,0.5,0.07142857142857142,,,0
calibration_v1,ucc,calibration,llm_direct,hostile,True,choice,0,202,145,0,57,1.0,0.7178217821782178,0.8357348703170029,,,0
calibration_v1,ucc,calibration,llm_direct,hostile,True,choice,1,3,3,57,0,0.05,1.0,0.09523809523809523,,,0
calibration_v1,ucc,calibration,llm_direct,antagonize,True,choice,0,199,148,1,51,0.9932885906040269,0.7437185929648241,0.8505747126436781,,,0
calibration_v1,ucc,calibration,llm_direct,antagonize,True,choice,1,6,5,51,1,0.08928571428571429,0.8333333333333334,0.16129032258064516,,,0
calibration_v1,ucc,calibration,llm_direct,condescending,True,choice,0,199,144,4,55,0.972972972972973,0.7236180904522613,0.829971181556196,,,0
calibration_v1,ucc,calibration,llm_direct,condescending,True,choice,1,6,2,55,4,0.03508771929824561,0.3333333333333333,0.06349206349206349,,,0
calibration_v1,ucc,calibration,llm_direct,dismissive,True,choice,0,196,138,0,58,1.0,0.7040816326530612,0.8263473053892215,,,0
calibration_v1,ucc,calibration,llm_direct,dismissive,True,choice,1,9,9,58,0,0.13432835820895522,1.0,0.23684210526315788,,,0
confirmation_jev_v1,ucc,confirmation,jev_native,healthy,True,choice,0,73,58,400,15,0.12663755458515283,0.7945205479452054,0.2184557438794727,0.7529153873405763,0.16985756449472603,1001
confirmation_jev_v1,ucc,confirmation,jev_native,healthy,True,choice,1,928,528,15,400,0.9723756906077348,0.5689655172413793,0.7178789938817132,0.7529153873405763,0.9746900209485961,1001
confirmation_jev_v1,ucc,confirmation,jev_native,sarcastic,True,choice,0,948,556,5,392,0.9910873440285205,0.5864978902953587,0.7369118621603711,0.8272131995860202,0.9880782289638977,1001
confirmation_jev_v1,ucc,confirmation,jev_native,sarcastic,True,choice,1,53,48,392,5,0.10909090909090909,0.9056603773584906,0.1947261663286004,0.8272131995860202,0.18162731714652136,1001
confirmation_jev_v1,ucc,confirmation,jev_native,generalisation,False,choice,0,985,808,2,177,0.9975308641975309,0.8203045685279188,0.9002785515320334,0.9020621827411167,0.9979826380616337,1001
confirmation_jev_v1,ucc,confirmation,jev_native,generalisation,False,choice,1,16,14,177,2,0.07329842931937172,0.875,0.13526570048309178,0.9020621827411167,0.1661665548321164,1001
confirmation_jev_v1,ucc,confirmation,jev_native,generalisation_unfair,True,choice,0,985,848,3,137,0.9964747356051704,0.8609137055837564,0.9237472766884531,0.8886104060913705,0.9978071697527059,1001
confirmation_jev_v1,ucc,confirmation,jev_native,generalisation_unfair,True,choice,1,16,13,137,3,0.08666666666666667,0.8125,0.1566265060240964,0.8886104060913705,0.12679295246330602,1001
confirmation_jev_v1,ucc,confirmation,jev_native,hostile,True,choice,0,980,664,0,316,1.0,0.6775510204081633,0.8077858880778589,0.9217201166180758,0.9981282526633954,1001
confirmation_jev_v1,ucc,confirmation,jev_native,hostile,True,choice,1,21,21,316,0,0.06231454005934718,1.0,0.11731843575418995,0.9217201166180758,0.15876468392964446,1001
confirmation_jev_v1,ucc,confirmation,jev_native,antagonize,True,choice,0,956,549,2,407,0.9963702359346642,0.5742677824267782,0.7285998672859987,0.8554044630404463,0.9916107382646456,1001
confirmation_jev_v1,ucc,confirmation,jev_native,antagonize,True,choice,1,45,43,407,2,0.09555555555555556,0.9555555555555556,0.17373737373737375,0.8554044630404463,0.19255055228512974,1001
confirmation_jev_v1,ucc,confirmation,jev_native,condescending,True,choice,0,948,559,5,389,0.9911347517730497,0.5896624472573839,0.7394179894179894,0.8571670249183982,0.9902726448431374,1001
confirmation_jev_v1,ucc,confirmation,jev_native,condescending,True,choice,1,53,48,389,5,0.10983981693363844,0.9056603773584906,0.19591836734693877,0.8571670249183982,0.2074969015489779,1001
confirmation_jev_v1,ucc,confirmation,jev_native,dismissive,True,choice,0,972,579,0,393,1.0,0.595679012345679,0.746615087040619,0.8408010500922378,0.9944967171596674,1001
confirmation_jev_v1,ucc,confirmation,jev_native,dismissive,True,choice,1,29,29,393,0,0.06872037914691943,1.0,0.1286031042128603,0.8408010500922378,0.17124123439611164,1001
confirmation_jev_v1,ucc,confirmation,jev_threshold_calibrated,healthy,True,choice,0,73,0,0,73,0.0,0.0,0.0,0.7529153873405763,0.16985756449472603,1001
confirmation_jev_v1,ucc,confirmation,jev_threshold_calibrated,healthy,True,choice,1,928,928,73,0,0.9270729270729271,1.0,0.96215655780197,0.7529153873405763,0.9746900209485961,1001
confirmation_jev_v1,ucc,confirmation,jev_threshold_calibrated,sarcastic,True,choice,0,948,717,14,231,0.9808481532147743,0.7563291139240507,0.8540798094103633,0.8272131995860202,0.9880782289638977,1001
confirmation_jev_v1,ucc,confirmation,jev_threshold_calibrated,sarcastic,True,choice,1,53,39,231,14,0.14444444444444443,0.7358490566037735,0.24148606811145512,0.8272131995860202,0.18162731714652136,1001
confirmation_jev_v1,ucc,confirmation,jev_threshold_calibrated,generalisation,False,choice,0,985,980,13,5,0.9869083585095669,0.9949238578680203,0.9908998988877654,0.9020621827411167,0.9979826380616337,1001
confirmation_jev_v1,ucc,confirmation,jev_threshold_calibrated,generalisation,False,choice,1,16,3,5,13,0.375,0.1875,0.25,0.9020621827411167,0.1661665548321164,1001
confirmation_jev_v1,ucc,confirmation,jev_threshold_calibrated,generalisation_unfair,True,choice,0,985,982,16,3,0.9839679358717435,0.9969543147208122,0.9904185577407968,0.8886104060913705,0.9978071697527059,1001
confirmation_jev_v1,ucc,confirmation,jev_threshold_calibrated,generalisation_unfair,True,choice,1,16,0,3,16,0.0,0.0,0.0,0.8886104060913705,0.12679295246330602,1001
confirmation_jev_v1,ucc,confirmation,jev_threshold_calibrated,hostile,True,choice,0,980,974,21,6,0.978894472361809,0.9938775510204082,0.9863291139240506,0.9217201166180758,0.9981282526633954,1001
confirmation_jev_v1,ucc,confirmation,jev_threshold_calibrated,hostile,True,choice,1,21,0,6,21,0.0,0.0,0.0,0.9217201166180758,0.15876468392964446,1001
confirmation_jev_v1,ucc,confirmation,jev_threshold_calibrated,antagonize,True,choice,0,956,885,25,71,0.9725274725274725,0.9257322175732218,0.9485530546623794,0.8554044630404463,0.9916107382646456,1001
confirmation_jev_v1,ucc,confirmation,jev_threshold_calibrated,antagonize,True,choice,1,45,20,71,25,0.21978021978021978,0.4444444444444444,0.29411764705882354,0.8554044630404463,0.19255055228512974,1001
confirmation_jev_v1,ucc,confirmation,jev_threshold_calibrated,condescending,True,choice,0,948,943,52,5,0.9477386934673366,0.9947257383966245,0.970663921770458,0.8571670249183982,0.9902726448431374,1001
confirmation_jev_v1,ucc,confirmation,jev_threshold_calibrated,condescending,True,choice,1,53,1,5,52,0.16666666666666666,0.018867924528301886,0.03389830508474576,0.8571670249183982,0.2074969015489779,1001
confirmation_jev_v1,ucc,confirmation,jev_threshold_calibrated,dismissive,True,choice,0,972,935,22,37,0.9770114942528736,0.9619341563786008,0.9694142042509072,0.8408010500922378,0.9944967171596674,1001
confirmation_jev_v1,ucc,confirmation,jev_threshold_calibrated,dismissive,True,choice,1,29,7,37,22,0.1590909090909091,0.2413793103448276,0.1917808219178082,0.8408010500922378,0.17124123439611164,1001
diagnostic_v1,babe,diagnostic,jev_ab_average,label_bias,True,choice,Non-biased,511,389,71,122,0.8456521739130435,0.761252446183953,0.8012358393408857,0.8893144281832407,0.896886991088585,1000
diagnostic_v1,babe,diagnostic,jev_ab_average,label_bias,True,choice,Biased,489,418,122,71,0.774074074074074,0.8548057259713702,0.8124392614188533,0.8893444427102718,0.8690407546084016,1000
diagnostic_v1,babe,diagnostic,jev_ab_judge,label_bias,True,choice,Non-biased,511,395,66,116,0.8568329718004338,0.7729941291585127,0.8127572016460906,0.8936928010070425,0.9005132000591972,970
diagnostic_v1,babe,diagnostic,jev_ab_judge,label_bias,True,choice,Biased,489,423,116,66,0.7847866419294991,0.8650306748466258,0.8229571984435797,0.8937140645731977,0.8733811497067187,970
diagnostic_v1,babe,diagnostic,jev_anchored,label_bias,True,choice,Non-biased,511,382,88,129,0.8127659574468085,0.7475538160469667,0.7787971457696228,0.8564905414220483,0.8508388289174742,1000
diagnostic_v1,babe,diagnostic,jev_anchored,label_bias,True,choice,Biased,489,401,129,88,0.7566037735849057,0.820040899795501,0.7870461236506379,0.8564905414220483,0.8443299267496923,1000
diagnostic_v1,babe,diagnostic,jev_boundary,label_bias,True,choice,Non-biased,511,389,102,122,0.7922606924643585,0.761252446183953,0.7764471057884231,0.8531109056783484,0.8419814855549335,1000
diagnostic_v1,babe,diagnostic,jev_boundary,label_bias,True,choice,Biased,489,387,122,102,0.7603143418467584,0.7914110429447853,0.7755511022044088,0.8531109056783484,0.8372909175331359,1000
diagnostic_v1,babe,diagnostic,jev_calibrated,label_bias,True,choice,Non-biased,511,433,128,78,0.7718360071301248,0.8473581213307241,0.8078358208955224,0.890024771989643,0.8961798017009379,1000
diagnostic_v1,babe,diagnostic,jev_calibrated,label_bias,True,choice,Biased,489,361,78,128,0.8223234624145785,0.7382413087934561,0.7780172413793104,0.890024771989643,0.8635222348875353,1000
diagnostic_v1,babe,diagnostic,jev_compact,label_bias,True,choice,Non-biased,511,380,91,131,0.8067940552016986,0.7436399217221135,0.7739307535641547,0.8561343690346127,0.8488595645179063,1000
diagnostic_v1,babe,diagnostic,jev_compact,label_bias,True,choice,Biased,489,398,131,91,0.7523629489603024,0.8139059304703476,0.7819253438113949,0.8561343690346127,0.8420345862130698,1000
diagnostic_v1,babe,diagnostic,jev_verbose,label_bias,True,choice,Non-biased,511,388,67,123,0.8527472527472527,0.7592954990215264,0.8033126293995859,0.890024771989643,0.8961798017009379,1000
diagnostic_v1,babe,diagnostic,jev_verbose,label_bias,True,choice,Biased,489,422,123,67,0.7743119266055046,0.8629856850715747,0.816247582205029,0.890024771989643,0.8635222348875353,1000
diagnostic_v1,babe,diagnostic,llm_ab_judge,label_bias,True,choice,Non-biased,511,359,56,152,0.8650602409638555,0.7025440313111546,0.775377969762419,,,0
diagnostic_v1,babe,diagnostic,llm_ab_judge,label_bias,True,choice,Biased,489,433,152,56,0.7401709401709402,0.885480572597137,0.8063314711359404,,,0
diagnostic_v1,babe,diagnostic,llm_direct,label_bias,True,choice,Non-biased,511,377,73,134,0.8377777777777777,0.7377690802348337,0.7845993756503642,,,0
diagnostic_v1,babe,diagnostic,llm_direct,label_bias,True,choice,Biased,489,416,134,73,0.7563636363636363,0.8507157464212679,0.8007699711260827,,,0
diagnostic_v1,babe,diagnostic,llm_vote5,label_bias,True,choice,Non-biased,511,363,53,148,0.8725961538461539,0.7103718199608611,0.7831715210355987,,,0
diagnostic_v1,babe,diagnostic,llm_vote5,label_bias,True,choice,Biased,489,436,148,53,0.7465753424657534,0.8916155419222904,0.8126747437092264,,,0
diagnostic_v1,conflict,diagnostic,jev_ab_average,rating_directness_content,True,choice,Yes - Direct Content,791,700,2,91,0.9971509971509972,0.8849557522123894,0.9377093101138647,0.9266750948166877,0.9993955819624024,797
diagnostic_v1,conflict,diagnostic,jev_ab_average,rating_directness_content,True,choice,Neutral - Content contains no opinion,6,3,34,3,0.08108108108108109,0.5,0.13953488372093023,0.951432785503582,0.1291823370563528,797
diagnostic_v1,conflict,diagnostic,jev_ab_average,rating_directness_content,True,choice,No - Indirect Content,0,0,58,0,0.0,0.0,0.0,,,797
diagnostic_v1,conflict,diagnostic,jev_ab_average,rating_directness_expression,True,choice,Yes - Direct Expression,748,612,24,136,0.9622641509433962,0.8181818181818182,0.884393063583815,0.7700163398692811,0.9769025767636523,802
diagnostic_v1,conflict,diagnostic,jev_ab_average,rating_directness_expression,True,choice,No - Indirect Expression,54,30,136,24,0.18072289156626506,0.5555555555555556,0.2727272727272727,0.7701401267577738,0.17046883154947096,802
diagnostic_v1,conflict,diagnostic,jev_ab_average,rating_OI_content,True,choice,Yes - Content opposes someone else,740,473,8,267,0.9833679833679834,0.6391891891891892,0.7747747747747747,0.8276809067131647,0.9813729945031305,802
diagnostic_v1,conflict,diagnostic,jev_ab_average,rating_OI_content,True,choice,No - Content does not oppose anyone,62,54,267,8,0.16822429906542055,0.8709677419354839,0.2819843342036554,0.8277462946817785,0.26073129742850076,802
diagnostic_v1,conflict,diagnostic,jev_ab_average,rating_OI_expression,True,choice,Yes - Expression is emotional/forceful,73,53,130,20,0.2896174863387978,0.726027397260274,0.4140625,0.8671852979311122,0.46423389718960756,802
diagnostic_v1,conflict,diagnostic,jev_ab_average,rating_OI_expression,True,choice,No - Expression is not emotional/forceful,729,599,20,130,0.9676898222940227,0.821673525377229,0.8887240356083086,0.8671289249675855,0.9838897518717461,802
diagnostic_v1,conflict,diagnostic,jev_ab_judge,rating_directness_content,True,choice,Yes - Direct Content,791,700,2,91,0.9971509971509972,0.8849557522123894,0.9377093101138647,0.9345703125,0.9994525847249016,774
diagnostic_v1,conflict,diagnostic,jev_ab_judge,rating_directness_content,True,choice,Neutral - Content contains no opinion,6,3,39,3,0.07142857142857142,0.5,0.125,0.9567057291666666,0.13701961861901424,774
diagnostic_v1,conflict,diagnostic,jev_ab_judge,rating_directness_content,True,choice,No - Indirect Content,0,0,53,0,0.0,0.0,0.0,,,774
diagnostic_v1,conflict,diagnostic,jev_ab_judge,rating_directness_expression,True,choice,Yes - Direct Expression,748,616,24,132,0.9625,0.8235294117647058,0.8876080691642652,0.7730290456431536,0.9780048168461777,773
diagnostic_v1,conflict,diagnostic,jev_ab_judge,rating_directness_expression,True,choice,No - Indirect Expression,54,30,132,24,0.18518518518518517,0.5555555555555556,0.2777777777777778,0.7731673582295989,0.1695158968520182,773
diagnostic_v1,conflict,diagnostic,jev_ab_judge,rating_OI_content,True,choice,Yes - Content opposes someone else,740,475,8,265,0.9834368530020704,0.6418918918918919,0.776778413736713,0.8360409780340858,0.9826635213736198,782
diagnostic_v1,conflict,diagnostic,jev_ab_judge,rating_OI_content,True,choice,No - Content does not oppose anyone,62,54,265,8,0.16927899686520376,0.8709677419354839,0.28346456692913385,0.8361113064678716,0.2652456046188301,782
diagnostic_v1,conflict,diagnostic,jev_ab_judge,rating_OI_expression,True,choice,Yes - Expression is emotional/forceful,73,52,134,21,0.27956989247311825,0.7123287671232876,0.4015444015444015,0.8709477535604689,0.4701586563557122,787
diagnostic_v1,conflict,diagnostic,jev_ab_judge,rating_OI_expression,True,choice,No - Expression is not emotional/forceful,729,595,21,134,0.9659090909090909,0.8161865569272977,0.8847583643122676,0.8708887402628059,0.9845103233253638,787
diagnostic_v1,conflict,diagnostic,jev_anchored,rating_directness_content,True,choice,Yes - Direct Content,791,685,2,106,0.9970887918486172,0.865992414664981,0.9269282814614344,0.8955962916139907,0.9990872541311202,797
diagnostic_v1,conflict,diagnostic,jev_anchored,rating_directness_content,True,choice,Neutral - Content contains no opinion,6,3,61,3,0.046875,0.5,0.08571428571428572,0.9358407079646017,0.1270003107901649,797
diagnostic_v1,conflict,diagnostic,jev_anchored,rating_directness_content,True,choice,No - Indirect Content,0,0,46,0,0.0,0.0,0.0,,,797
diagnostic_v1,conflict,diagnostic,jev_anchored,rating_directness_expression,True,choice,Yes - Direct Expression,748,543,23,205,0.9593639575971732,0.7259358288770054,0.8264840182648402,0.7103263022380669,0.9670226975015064,802
diagnostic_v1,conflict,diagnostic,jev_anchored,rating_directness_expression,True,choice,No - Indirect Expression,54,31,205,23,0.13135593220338984,0.5740740740740741,0.21379310344827587,0.7103263022380669,0.14533564188713233,802
diagnostic_v1,conflict,diagnostic,jev_anchored,rating_OI_content,True,choice,Yes - Content opposes someone else,740,426,16,314,0.9638009049773756,0.5756756756756757,0.7208121827411168,0.6751416739319965,0.949965884614938,802
diagnostic_v1,conflict,diagnostic,jev_anchored,rating_OI_content,True,choice,No - Content does not oppose anyone,62,46,314,16,0.12777777777777777,0.7419354838709677,0.21800947867298578,0.6751416739319965,0.15717832777619734,802
diagnostic_v1,conflict,diagnostic,jev_anchored,rating_OI_expression,True,choice,Yes - Expression is emotional/forceful,73,41,119,32,0.25625,0.5616438356164384,0.351931330472103,0.8030422609316572,0.392136062760754,802
diagnostic_v1,conflict,diagnostic,jev_anchored,rating_OI_expression,True,choice,No - Expression is not emotional/forceful,729,610,32,119,0.9501557632398754,0.8367626886145405,0.8898614150255288,0.8030422609316572,0.9718436070217749,802
diagnostic_v1,conflict,diagnostic,jev_boundary,rating_directness_content,True,choice,Yes - Direct Content,791,680,2,111,0.9970674486803519,0.8596713021491783,0.923285811269518,0.8971765697429415,0.9990820979718793,797
diagnostic_v1,conflict,diagnostic,jev_boundary,rating_directness_content,True,choice,Neutral - Content contains no opinion,6,4,71,2,0.05333333333333334,0.6666666666666666,0.09876543209876543,0.9219342604298356,0.11025039123630671,797
diagnostic_v1,conflict,diagnostic,jev_boundary,rating_directness_content,True,choice,No - Indirect Content,0,0,40,0,0.0,0.0,0.0,,,797
diagnostic_v1,conflict,diagnostic,jev_boundary,rating_directness_expression,True,choice,Yes - Direct Expression,748,553,24,195,0.9584055459272097,0.7393048128342246,0.8347169811320755,0.7239923747276689,0.9701302229479888,802
diagnostic_v1,conflict,diagnostic,jev_boundary,rating_directness_expression,True,choice,No - Indirect Expression,54,30,195,24,0.13333333333333333,0.5555555555555556,0.21505376344086022,0.7239923747276689,0.1569961872813854,802
diagnostic_v1,conflict,diagnostic,jev_boundary,rating_OI_content,True,choice,Yes - Content opposes someone else,740,429,18,311,0.959731543624161,0.5797297297297297,0.7228306655433867,0.6824324324324325,0.9506740040893229,802
diagnostic_v1,conflict,diagnostic,jev_boundary,rating_OI_content,True,choice,No - Content does not oppose anyone,62,44,311,18,0.12394366197183099,0.7096774193548387,0.21103117505995203,0.6824324324324325,0.15717670365545966,802
diagnostic_v1,conflict,diagnostic,jev_boundary,rating_OI_expression,True,choice,Yes - Expression is emotional/forceful,73,41,118,32,0.2578616352201258,0.5616438356164384,0.35344827586206895,0.7885168273296127,0.3634590246916871,802
diagnostic_v1,conflict,diagnostic,jev_boundary,rating_OI_expression,True,choice,No - Expression is not emotional/forceful,729,611,32,118,0.9502332814930016,0.8381344307270233,0.89067055393586,0.7885168273296127,0.9681478259127023,802
diagnostic_v1,conflict,diagnostic,jev_calibrated,rating_directness_content,True,choice,Yes - Direct Content,791,695,2,96,0.9971305595408895,0.8786346396965866,0.9341397849462365,0.927307206068268,0.9993934281490985,797
diagnostic_v1,conflict,diagnostic,jev_calibrated,rating_directness_content,True,choice,Neutral - Content contains no opinion,6,3,36,3,0.07692307692307693,0.5,0.13333333333333333,0.9502739148756848,0.15084658554944688,797
diagnostic_v1,conflict,diagnostic,jev_calibrated,rating_directness_content,True,choice,No - Indirect Content,0,0,61,0,0.0,0.0,0.0,,,797
diagnostic_v1,conflict,diagnostic,jev_calibrated,rating_directness_expression,True,choice,Yes - Direct Expression,748,704,44,44,0.9411764705882353,0.9411764705882353,0.9411764705882353,0.7557065755595167,0.9733778980765736,802
diagnostic_v1,conflict,diagnostic,jev_calibrated,rating_directness_expression,True,choice,No - Indirect Expression,54,10,44,44,0.18518518518518517,0.18518518518518517,0.18518518518518517,0.7557065755595167,0.15930228040036845,802
diagnostic_v1,conflict,diagnostic,jev_calibrated,rating_OI_content,True,choice,Yes - Content opposes someone else,740,699,41,41,0.9445945945945946,0.9445945945945946,0.9445945945945946,0.8344376634699215,0.9813408461993209,802
diagnostic_v1,conflict,diagnostic,jev_calibrated,rating_OI_content,True,choice,No - Content does not oppose anyone,62,21,41,41,0.3387096774193548,0.3387096774193548,0.3387096774193548,0.8344376634699215,0.2747046831229867,802
diagnostic_v1,conflict,diagnostic,jev_calibrated,rating_OI_expression,True,choice,Yes - Expression is emotional/forceful,73,11,4,62,0.7333333333333333,0.1506849315068493,0.25,0.8678335870116692,0.46600572562373305,802
diagnostic_v1,conflict,diagnostic,jev_calibrated,rating_OI_expression,True,choice,No - Expression is not emotional/forceful,729,725,62,4,0.9212198221092758,0.9945130315500685,0.9564643799472295,0.8678335870116692,0.983775563966219,802
diagnostic_v1,conflict,diagnostic,jev_compact,rating_directness_content,True,choice,Yes - Direct Content,791,684,1,107,0.9985401459854014,0.8647281921618205,0.926829268292683,0.8994943109987358,0.9990936103186998,797
diagnostic_v1,conflict,diagnostic,jev_compact,rating_directness_content,True,choice,Neutral - Content contains no opinion,6,4,62,2,0.06060606060606061,0.6666666666666666,0.1111111111111111,0.9302570585756427,0.12228464419475656,797
diagnostic_v1,conflict,diagnostic,jev_compact,rating_directness_content,True,choice,No - Indirect Content,0,0,46,0,0.0,0.0,0.0,,,797
diagnostic_v1,conflict,diagnostic,jev_compact,rating_directness_expression,True,choice,Yes - Direct Expression,748,547,24,201,0.957968476357268,0.7312834224598931,0.8294162244124337,0.7122573776985541,0.9677342418716168,802
diagnostic_v1,conflict,diagnostic,jev_compact,rating_directness_expression,True,choice,No - Indirect Expression,54,30,201,24,0.12987012987012986,0.5555555555555556,0.21052631578947367,0.7122573776985541,0.14594964016049647,802
diagnostic_v1,conflict,diagnostic,jev_compact,rating_OI_content,True,choice,Yes - Content opposes someone else,740,431,18,309,0.9599109131403119,0.5824324324324325,0.7249789739276703,0.6695401046207498,0.9479955861681565,802
diagnostic_v1,conflict,diagnostic,jev_compact,rating_OI_content,True,choice,No - Content does not oppose anyone,62,44,309,18,0.12464589235127478,0.7096774193548387,0.21204819277108433,0.6695401046207498,0.1550119116050854,802
diagnostic_v1,conflict,diagnostic,jev_compact,rating_OI_expression,True,choice,Yes - Expression is emotional/forceful,73,38,120,35,0.24050632911392406,0.5205479452054794,0.329004329004329,0.7926508446549035,0.36257023062477894,802
diagnostic_v1,conflict,diagnostic,jev_compact,rating_OI_expression,True,choice,No - Expression is not emotional/forceful,729,609,35,120,0.9456521739130435,0.8353909465020576,0.8871085214857976,0.7926508446549035,0.9703243370260473,802
diagnostic_v1,conflict,diagnostic,jev_verbose,rating_directness_content,True,choice,Yes - Direct Content,791,695,2,96,0.9971305595408895,0.8786346396965866,0.9341397849462365,0.927307206068268,0.9993934466564766,797
diagnostic_v1,conflict,diagnostic,jev_verbose,rating_directness_content,True,choice,Neutral - Content contains no opinion,6,3,36,3,0.07692307692307693,0.5,0.13333333333333333,0.9502739148756848,0.15084658554944688,797
diagnostic_v1,conflict,diagnostic,jev_verbose,rating_directness_content,True,choice,No - Indirect Content,0,0,61,0,0.0,0.0,0.0,,,797
diagnostic_v1,conflict,diagnostic,jev_verbose,rating_directness_expression,True,choice,Yes - Direct Expression,748,608,23,140,0.9635499207606973,0.8128342245989305,0.8817984046410442,0.7557065755595167,0.9733778980765736,802
diagnostic_v1,conflict,diagnostic,jev_verbose,rating_directness_expression,True,choice,No - Indirect Expression,54,31,140,23,0.18128654970760233,0.5740740740740741,0.27555555555555555,0.7557065755595167,0.15930228040036845,802
diagnostic_v1,conflict,diagnostic,jev_verbose,rating_OI_content,True,choice,Yes - Content opposes someone else,740,479,7,261,0.98559670781893,0.6472972972972973,0.7814029363784666,0.8344376634699215,0.9813408461993209,802
diagnostic_v1,conflict,diagnostic,jev_verbose,rating_OI_content,True,choice,No - Content does not oppose anyone,62,55,261,7,0.17405063291139242,0.8870967741935484,0.291005291005291,0.8344376634699215,0.2747046831229867,802
diagnostic_v1,conflict,diagnostic,jev_verbose,rating_OI_expression,True,choice,Yes - Expression is emotional/forceful,73,51,130,22,0.281767955801105,0.6986301369863014,0.4015748031496063,0.8678335870116692,0.46600572562373305,802
diagnostic_v1,conflict,diagnostic,jev_verbose,rating_OI_expression,True,choice,No - Expression is not emotional/forceful,729,599,22,130,0.964573268921095,0.821673525377229,0.8874074074074074,0.8678335870116692,0.983775563966219,802
diagnostic_v1,conflict,diagnostic,llm_ab_judge,rating_directness_content,True,choice,Yes - Direct Content,791,755,2,36,0.9973579920739762,0.95448798988622,0.975452196382429,,,0
diagnostic_v1,conflict,diagnostic,llm_ab_judge,rating_directness_content,True,choice,Neutral - Content contains no opinion,6,4,27,2,0.12903225806451613,0.6666666666666666,0.21621621621621623,,,0
diagnostic_v1,conflict,diagnostic,llm_ab_judge,rating_directness_content,True,choice,No - Indirect Content,0,0,9,0,0.0,0.0,0.0,,,0
diagnostic_v1,conflict,diagnostic,llm_ab_judge,rating_directness_expression,True,choice,Yes - Direct Expression,748,630,32,118,0.9516616314199395,0.8422459893048129,0.8936170212765957,,,0
diagnostic_v1,conflict,diagnostic,llm_ab_judge,rating_directness_expression,True,choice,No - Indirect Expression,54,22,118,32,0.15714285714285714,0.4074074074074074,0.2268041237113402,,,0
diagnostic_v1,conflict,diagnostic,llm_ab_judge,rating_OI_content,True,choice,Yes - Content opposes someone else,740,442,7,298,0.9844097995545658,0.5972972972972973,0.7434819175777965,,,0
diagnostic_v1,conflict,diagnostic,llm_ab_judge,rating_OI_content,True,choice,No - Content does not oppose anyone,62,55,298,7,0.1558073654390935,0.8870967741935484,0.26506024096385544,,,0
diagnostic_v1,conflict,diagnostic,llm_ab_judge,rating_OI_expression,True,choice,Yes - Expression is emotional/forceful,73,44,96,29,0.3142857142857143,0.6027397260273972,0.4131455399061033,,,0
diagnostic_v1,conflict,diagnostic,llm_ab_judge,rating_OI_expression,True,choice,No - Expression is not emotional/forceful,729,633,29,96,0.9561933534743202,0.8683127572016461,0.910136592379583,,,0
diagnostic_v1,conflict,diagnostic,llm_direct,rating_directness_content,True,choice,Yes - Direct Content,791,762,3,29,0.996078431372549,0.9633375474083439,0.9794344473007712,,,0
diagnostic_v1,conflict,diagnostic,llm_direct,rating_directness_content,True,choice,Neutral - Content contains no opinion,6,3,25,3,0.10714285714285714,0.5,0.17647058823529413,,,0
diagnostic_v1,conflict,diagnostic,llm_direct,rating_directness_content,True,choice,No - Indirect Content,0,0,4,0,0.0,0.0,0.0,,,0
diagnostic_v1,conflict,diagnostic,llm_direct,rating_directness_expression,True,choice,Yes - Direct Expression,748,649,37,99,0.9460641399416909,0.8676470588235294,0.905160390516039,,,0
diagnostic_v1,conflict,diagnostic,llm_direct,rating_directness_expression,True,choice,No - Indirect Expression,54,17,99,37,0.14655172413793102,0.3148148148148148,0.2,,,0
diagnostic_v1,conflict,diagnostic,llm_direct,rating_OI_content,True,choice,Yes - Content opposes someone else,740,420,5,320,0.9882352941176471,0.5675675675675675,0.721030042918455,,,0
diagnostic_v1,conflict,diagnostic,llm_direct,rating_OI_content,True,choice,No - Content does not oppose anyone,62,57,320,5,0.15119363395225463,0.9193548387096774,0.25968109339407747,,,0
diagnostic_v1,conflict,diagnostic,llm_direct,rating_OI_expression,True,choice,Yes - Expression is emotional/forceful,73,45,90,28,0.3333333333333333,0.6164383561643836,0.4326923076923077,,,0
diagnostic_v1,conflict,diagnostic,llm_direct,rating_OI_expression,True,choice,No - Expression is not emotional/forceful,729,639,28,90,0.9580209895052474,0.8765432098765432,0.9154727793696275,,,0
diagnostic_v1,conflict,diagnostic,llm_vote5,rating_directness_content,True,choice,Yes - Direct Content,791,762,3,29,0.996078431372549,0.9633375474083439,0.9794344473007712,,,0
diagnostic_v1,conflict,diagnostic,llm_vote5,rating_directness_content,True,choice,Neutral - Content contains no opinion,6,3,27,3,0.1,0.5,0.16666666666666666,,,0
diagnostic_v1,conflict,diagnostic,llm_vote5,rating_directness_content,True,choice,No - Indirect Content,0,0,2,0,0.0,0.0,0.0,,,0
diagnostic_v1,conflict,diagnostic,llm_vote5,rating_directness_expression,True,choice,Yes - Direct Expression,748,638,36,110,0.9465875370919882,0.8529411764705882,0.8973277074542897,,,0
diagnostic_v1,conflict,diagnostic,llm_vote5,rating_directness_expression,True,choice,No - Indirect Expression,54,18,110,36,0.140625,0.3333333333333333,0.1978021978021978,,,0
diagnostic_v1,conflict,diagnostic,llm_vote5,rating_OI_content,True,choice,Yes - Content opposes someone else,740,446,8,294,0.9823788546255506,0.6027027027027027,0.7470686767169179,,,0
diagnostic_v1,conflict,diagnostic,llm_vote5,rating_OI_content,True,choice,No - Content does not oppose anyone,62,54,294,8,0.15517241379310345,0.8709677419354839,0.2634146341463415,,,0
diagnostic_v1,conflict,diagnostic,llm_vote5,rating_OI_expression,True,choice,Yes - Expression is emotional/forceful,73,40,93,33,0.3007518796992481,0.547945205479452,0.3883495145631068,,,0
diagnostic_v1,conflict,diagnostic,llm_vote5,rating_OI_expression,True,choice,No - Expression is not emotional/forceful,729,636,33,93,0.9506726457399103,0.8724279835390947,0.9098712446351931,,,0
diagnostic_v1,mbd,diagnostic,jev_ab_average,tone,True,choice,positive,51,39,34,12,0.5342465753424658,0.7647058823529411,0.6290322580645161,0.9621166925187925,0.6808434255726393,544
diagnostic_v1,mbd,diagnostic,jev_ab_average,tone,True,choice,negative,114,104,103,10,0.5024154589371981,0.9122807017543859,0.6479750778816199,0.9116687066503468,0.7224873462277933,544
diagnostic_v1,mbd,diagnostic,jev_ab_average,tone,True,choice,neutral,379,246,18,133,0.9318181818181818,0.6490765171503958,0.7651632970451011,0.8580155113136644,0.9358515417488686,544
diagnostic_v1,mbd,diagnostic,jev_ab_average,focus,True,choice,democrat,89,74,9,15,0.891566265060241,0.8314606741573034,0.8604651162790697,0.9891697194699186,0.942496222139741,546
diagnostic_v1,mbd,diagnostic,jev_ab_average,focus,True,choice,republican,138,85,1,53,0.9883720930232558,0.6159420289855072,0.7589285714285714,0.9900628729752771,0.9710986150918799,546
diagnostic_v1,mbd,diagnostic,jev_ab_average,focus,True,choice,both,27,19,4,8,0.8260869565217391,0.7037037037037037,0.76,0.9733461785484907,0.8533295954681444,546
diagnostic_v1,mbd,diagnostic,jev_ab_average,focus,True,choice,neither,292,288,66,4,0.8135593220338984,0.9863013698630136,0.891640866873065,0.9801936144968181,0.9841287343875913,546
diagnostic_v1,mbd,diagnostic,jev_ab_average,type,True,choice,fact,239,186,26,53,0.8773584905660378,0.7782426778242678,0.8248337028824834,0.932611096420961,0.9124967911626036,508
diagnostic_v1,mbd,diagnostic,jev_ab_average,type,True,choice,opinion,73,61,34,12,0.6421052631578947,0.8356164383561644,0.7261904761904762,0.9728389230042513,0.8546272663164927,508
diagnostic_v1,mbd,diagnostic,jev_ab_average,type,True,choice,borderline,24,8,38,16,0.17391304347826086,0.3333333333333333,0.22857142857142856,0.7896435950413223,0.17282628097896904,508
diagnostic_v1,mbd,diagnostic,jev_ab_average,type,True,choice,quote,121,115,12,6,0.905511811023622,0.9504132231404959,0.9274193548387096,0.9952805005659128,0.9863057412537967,508
diagnostic_v1,mbd,diagnostic,jev_ab_average,type,True,choice,other,51,27,1,24,0.9642857142857143,0.5294117647058824,0.6835443037974683,0.949864847470717,0.8461173231356689,508
diagnostic_v1,mbd,diagnostic,jev_ab_judge,tone,True,choice,positive,51,38,32,13,0.5428571428571428,0.7450980392156863,0.628099173553719,0.9656079975228912,0.6916172041785504,528
diagnostic_v1,mbd,diagnostic,jev_ab_judge,tone,True,choice,negative,114,105,99,9,0.5147058823529411,0.9210526315789473,0.660377358490566,0.9140625,0.728144468592856,528
diagnostic_v1,mbd,diagnostic,jev_ab_judge,tone,True,choice,neutral,379,251,19,128,0.9296296296296296,0.662269129287599,0.773497688751926,0.8644389903018527,0.9393993451377357,528
diagnostic_v1,mbd,diagnostic,jev_ab_judge,focus,True,choice,democrat,89,72,6,17,0.9230769230769231,0.8089887640449438,0.8622754491017964,0.9903828197945845,0.947714495408681,526
diagnostic_v1,mbd,diagnostic,jev_ab_judge,focus,True,choice,republican,138,82,0,56,1.0,0.5942028985507246,0.7454545454545455,0.9899900793650793,0.9692606612458481,526
diagnostic_v1,mbd,diagnostic,jev_ab_judge,focus,True,choice,both,27,22,3,5,0.88,0.8148148148148148,0.8461538461538461,0.9723605577689243,0.851096442212136,526
diagnostic_v1,mbd,diagnostic,jev_ab_judge,focus,True,choice,neither,292,289,72,3,0.8005540166204986,0.9897260273972602,0.885145482388974,0.9805439789427506,0.9852060933221051,526
diagnostic_v1,mbd,diagnostic,jev_ab_judge,type,True,choice,fact,239,185,26,54,0.8767772511848341,0.7740585774058577,0.8222222222222222,0.9343516332152696,0.9139263528380006,495
diagnostic_v1,mbd,diagnostic,jev_ab_judge,type,True,choice,opinion,73,63,32,10,0.6631578947368421,0.863013698630137,0.75,0.9755966386554622,0.8641595570162097,495
diagnostic_v1,mbd,diagnostic,jev_ab_judge,type,True,choice,borderline,24,8,39,16,0.1702127659574468,0.3333333333333333,0.22535211267605634,0.7918201915991157,0.17461139943884899,495
diagnostic_v1,mbd,diagnostic,jev_ab_judge,type,True,choice,quote,121,115,11,6,0.9126984126984127,0.9504132231404959,0.9311740890688259,0.9955142086887347,0.987274311184611,495
diagnostic_v1,mbd,diagnostic,jev_ab_judge,type,True,choice,other,51,28,1,23,0.9655172413793104,0.5490196078431373,0.7,0.9496853932584269,0.844774796757354,495
diagnostic_v1,mbd,diagnostic,jev_anchored,tone,True,choice,positive,51,35,24,16,0.5932203389830508,0.6862745098039216,0.6363636363636364,0.9561508173249016,0.6792655071146795,544
diagnostic_v1,mbd,diagnostic,jev_anchored,tone,True,choice,negative,114,102,88,12,0.5368421052631579,0.8947368421052632,0.6710526315789473,0.9154324765401877,0.7325024442612011,544
diagnostic_v1,mbd,diagnostic,jev_anchored,tone,True,choice,neutral,379,268,27,111,0.9084745762711864,0.7071240105540897,0.7952522255192879,0.8506516350843527,0.9290166034828811,544
diagnostic_v1,mbd,diagnostic,jev_anchored,focus,True,choice,democrat,89,70,12,19,0.8536585365853658,0.7865168539325843,0.8187134502923976,0.9874732623607799,0.9315718743391932,546
diagnostic_v1,mbd,diagnostic,jev_anchored,focus,True,choice,republican,138,82,1,56,0.9879518072289156,0.5942028985507246,0.7420814479638009,0.9898675049730037,0.9683112987846602,546
diagnostic_v1,mbd,diagnostic,jev_anchored,focus,True,choice,both,27,17,5,10,0.7727272727272727,0.6296296296296297,0.6938775510204082,0.9767715692571184,0.8189535526545617,546
diagnostic_v1,mbd,diagnostic,jev_anchored,focus,True,choice,neither,292,287,72,5,0.7994428969359332,0.9828767123287672,0.8817204301075269,0.979795868838313,0.9838930805338071,546
diagnostic_v1,mbd,diagnostic,jev_anchored,type,True,choice,fact,239,196,32,43,0.8596491228070176,0.8200836820083682,0.8394004282655246,0.9327744163257687,0.9190427512427775,508
diagnostic_v1,mbd,diagnostic,jev_anchored,type,True,choice,opinion,73,61,31,12,0.6630434782608695,0.8356164383561644,0.7393939393939394,0.9666981577704299,0.8251001055721967,508
diagnostic_v1,mbd,diagnostic,jev_anchored,type,True,choice,borderline,24,2,23,22,0.08,0.08333333333333333,0.08163265306122448,0.7884383608815427,0.11900445109563823,508
diagnostic_v1,mbd,diagnostic,jev_anchored,type,True,choice,quote,121,117,19,4,0.8602941176470589,0.9669421487603306,0.9105058365758755,0.9926111004335105,0.9757869502392108,508
diagnostic_v1,mbd,diagnostic,jev_anchored,type,True,choice,other,51,27,0,24,1.0,0.5294117647058824,0.6923076923076923,0.9810571931179474,0.9179700148182701,508
diagnostic_v1,mbd,diagnostic,jev_boundary,tone,True,choice,positive,51,34,27,17,0.5573770491803278,0.6666666666666666,0.6071428571428571,0.954082647257686,0.6517469251033693,544
diagnostic_v1,mbd,diagnostic,jev_boundary,tone,True,choice,negative,114,101,93,13,0.520618556701031,0.8859649122807017,0.6558441558441559,0.9128416972664218,0.7296547091654251,544
diagnostic_v1,mbd,diagnostic,jev_boundary,tone,True,choice,neutral,379,261,28,118,0.903114186851211,0.6886543535620053,0.781437125748503,0.8457024066522747,0.9269412432136223,544
diagnostic_v1,mbd,diagnostic,jev_boundary,focus,True,choice,democrat,89,71,13,18,0.8452380952380952,0.797752808988764,0.8208092485549133,0.9875347281980675,0.936732673633237,546
diagnostic_v1,mbd,diagnostic,jev_boundary,focus,True,choice,republican,138,74,4,64,0.9487179487179487,0.5362318840579711,0.6851851851851852,0.9868481813015061,0.9547783982434624,546
diagnostic_v1,mbd,diagnostic,jev_boundary,focus,True,choice,both,27,17,5,10,0.7727272727272727,0.6296296296296297,0.6938775510204082,0.9734532220081353,0.8290342902358668,546
diagnostic_v1,mbd,diagnostic,jev_boundary,focus,True,choice,neither,292,284,78,8,0.7845303867403315,0.9726027397260274,0.8685015290519877,0.9748071944774026,0.9802213107832157,546
diagnostic_v1,mbd,diagnostic,jev_boundary,type,True,choice,fact,239,192,26,47,0.8807339449541285,0.803347280334728,0.8402625820568927,0.9343765068205503,0.9239870605849378,508
diagnostic_v1,mbd,diagnostic,jev_boundary,type,True,choice,opinion,73,65,31,8,0.6770833333333334,0.8904109589041096,0.7692307692307693,0.9690757361045504,0.8598212781536337,508
diagnostic_v1,mbd,diagnostic,jev_boundary,type,True,choice,borderline,24,3,20,21,0.13043478260869565,0.125,0.1276595744680851,0.7737172865013774,0.11509396797846222,508
diagnostic_v1,mbd,diagnostic,jev_boundary,type,True,choice,quote,121,118,20,3,0.855072463768116,0.9752066115702479,0.9111969111969112,0.9912016571636022,0.9719594086391039,508
diagnostic_v1,mbd,diagnostic,jev_boundary,type,True,choice,other,51,31,2,20,0.9393939393939394,0.6078431372549019,0.7380952380952381,0.9866349165486764,0.9292980303539199,508
diagnostic_v1,mbd,diagnostic,jev_calibrated,tone,True,choice,positive,51,23,7,28,0.7666666666666667,0.45098039215686275,0.5679012345679012,0.9612615837410015,0.6770856365998148,544
diagnostic_v1,mbd,diagnostic,jev_calibrated,tone,True,choice,negative,114,58,14,56,0.8055555555555556,0.5087719298245614,0.6236559139784946,0.9133210934312526,0.7193751862458955,544
diagnostic_v1,mbd,diagnostic,jev_calibrated,tone,True,choice,neutral,379,358,84,21,0.8099547511312217,0.9445910290237467,0.8721071863580999,0.8631486367634125,0.9380175430713409,544
diagnostic_v1,mbd,diagnostic,jev_calibrated,focus,True,choice,democrat,89,75,8,14,0.9036144578313253,0.8426966292134831,0.872093023255814,0.9903006908760111,0.9502713571634851,546
diagnostic_v1,mbd,diagnostic,jev_calibrated,focus,True,choice,republican,138,87,0,51,1.0,0.6304347826086957,0.7733333333333333,0.9856848536516055,0.9657855468571064,546
diagnostic_v1,mbd,diagnostic,jev_calibrated,focus,True,choice,both,27,21,4,6,0.84,0.7777777777777778,0.8076923076923077,0.9815885249411261,0.8540588725919392,546
diagnostic_v1,mbd,diagnostic,jev_calibrated,focus,True,choice,neither,292,288,63,4,0.8205128205128205,0.9863013698630136,0.895800933125972,0.9769105274511919,0.9769994508859513,546
diagnostic_v1,mbd,diagnostic,jev_calibrated,type,True,choice,fact,239,186,26,53,0.8773584905660378,0.7782426778242678,0.8248337028824834,0.9303557263069481,0.9045297853085064,508
diagnostic_v1,mbd,diagnostic,jev_calibrated,type,True,choice,opinion,73,62,33,11,0.6526315789473685,0.8493150684931506,0.7380952380952381,0.9730751062824752,0.8545038578349408,508
diagnostic_v1,mbd,diagnostic,jev_calibrated,type,True,choice,borderline,24,8,39,16,0.1702127659574468,0.3333333333333333,0.22535211267605634,0.7997589531680441,0.1781521383126974,508
diagnostic_v1,mbd,diagnostic,jev_calibrated,type,True,choice,quote,121,115,12,6,0.905511811023622,0.9504132231404959,0.9274193548387096,0.9945757789309586,0.9837566428546138,508
diagnostic_v1,mbd,diagnostic,jev_calibrated,type,True,choice,other,51,26,1,25,0.9629629629629629,0.5098039215686274,0.6666666666666666,0.9441584073454327,0.8459201986899456,508
diagnostic_v1,mbd,diagnostic,jev_compact,tone,True,choice,positive,51,34,25,17,0.576271186440678,0.6666666666666666,0.6181818181818182,0.9550968460406475,0.6513695184166868,544
diagnostic_v1,mbd,diagnostic,jev_compact,tone,True,choice,negative,114,101,85,13,0.543010752688172,0.8859649122807017,0.6733333333333333,0.9152896776825785,0.734756876088005,544
diagnostic_v1,mbd,diagnostic,jev_compact,tone,True,choice,neutral,379,270,29,109,0.903010033444816,0.712401055408971,0.7964601769911505,0.8497081634284801,0.9277680215913838,544
diagnostic_v1,mbd,diagnostic,jev_compact,focus,True,choice,democrat,89,69,12,20,0.8518518518518519,0.7752808988764045,0.8117647058823529,0.9870430014997664,0.9311698618154355,546
diagnostic_v1,mbd,diagnostic,jev_compact,focus,True,choice,republican,138,82,3,56,0.9647058823529412,0.5942028985507246,0.7354260089686099,0.9888729042341574,0.9619830722476608,546
diagnostic_v1,mbd,diagnostic,jev_compact,focus,True,choice,both,27,17,6,10,0.7391304347826086,0.6296296296296297,0.68,0.9841575679725969,0.8310255403359789,546
diagnostic_v1,mbd,diagnostic,jev_compact,focus,True,choice,neither,292,285,72,7,0.7983193277310925,0.976027397260274,0.8782742681047766,0.9786633049293496,0.9833134780352534,546
diagnostic_v1,mbd,diagnostic,jev_compact,type,True,choice,fact,239,194,27,45,0.8778280542986425,0.8117154811715481,0.8434782608695652,0.9371296137873109,0.9277599997333698,508
diagnostic_v1,mbd,diagnostic,jev_compact,type,True,choice,opinion,73,64,30,9,0.6808510638297872,0.8767123287671232,0.7664670658682635,0.9678003464021414,0.8392034272892581,508
diagnostic_v1,mbd,diagnostic,jev_compact,type,True,choice,borderline,24,3,21,21,0.125,0.125,0.125,0.787362258953168,0.13023377532952676,508
diagnostic_v1,mbd,diagnostic,jev_compact,type,True,choice,quote,121,117,19,4,0.8602941176470589,0.9669421487603306,0.9105058365758755,0.9910521707561877,0.9700218191446969,508
diagnostic_v1,mbd,diagnostic,jev_compact,type,True,choice,other,51,31,2,20,0.9393939393939394,0.6078431372549019,0.7380952380952381,0.9850045050843095,0.9263565926346504,508
diagnostic_v1,mbd,diagnostic,jev_verbose,tone,True,choice,positive,51,42,35,9,0.5454545454545454,0.8235294117647058,0.65625,0.9652786063715547,0.689671431881711,544
diagnostic_v1,mbd,diagnostic,jev_verbose,tone,True,choice,negative,114,103,102,11,0.5024390243902439,0.9035087719298246,0.64576802507837,0.9128620971032232,0.7172703452162287,544
diagnostic_v1,mbd,diagnostic,jev_verbose,tone,True,choice,neutral,379,246,16,133,0.9389312977099237,0.6490765171503958,0.7675507020280812,0.8621731830175102,0.9363536819756728,544
diagnostic_v1,mbd,diagnostic,jev_verbose,focus,True,choice,democrat,89,74,7,15,0.9135802469135802,0.8314606741573034,0.8705882352941177,0.9901531728665208,0.9474344341902976,546
diagnostic_v1,mbd,diagnostic,jev_verbose,focus,True,choice,republican,138,84,0,54,1.0,0.6086956521739131,0.7567567567567568,0.9829141801648196,0.9626387589666036,546
diagnostic_v1,mbd,diagnostic,jev_verbose,focus,True,choice,both,27,21,4,6,0.84,0.7777777777777778,0.8076923076923077,0.9727395989438379,0.8376906052589945,546
diagnostic_v1,mbd,diagnostic,jev_verbose,focus,True,choice,neither,292,289,67,3,0.8117977528089888,0.9897260273972602,0.8919753086419753,0.9772071513321109,0.9767554036555025,546
diagnostic_v1,mbd,diagnostic,jev_verbose,type,True,choice,fact,239,186,26,53,0.8773584905660378,0.7782426778242678,0.8248337028824834,0.930347949168624,0.9045268162574523,508
diagnostic_v1,mbd,diagnostic,jev_verbose,type,True,choice,opinion,73,62,33,11,0.6526315789473685,0.8493150684931506,0.7380952380952381,0.973043615178712,0.8538833561151563,508
diagnostic_v1,mbd,diagnostic,jev_verbose,type,True,choice,borderline,24,8,39,16,0.1702127659574468,0.3333333333333333,0.22535211267605634,0.799845041322314,0.1781521383126974,508
diagnostic_v1,mbd,diagnostic,jev_verbose,type,True,choice,quote,121,115,12,6,0.905511811023622,0.9504132231404959,0.9274193548387096,0.9945757789309586,0.9837566428546138,508
diagnostic_v1,mbd,diagnostic,jev_verbose,type,True,choice,other,51,26,1,25,0.9629629629629629,0.5098039215686274,0.6666666666666666,0.9443514823872656,0.8459201986899456,508
diagnostic_v1,mbd,diagnostic,llm_ab_judge,tone,True,choice,positive,51,37,19,14,0.6607142857142857,0.7254901960784313,0.6915887850467289,,,0
diagnostic_v1,mbd,diagnostic,llm_ab_judge,tone,True,choice,negative,114,97,64,17,0.6024844720496895,0.8508771929824561,0.7054545454545454,,,0
diagnostic_v1,mbd,diagnostic,llm_ab_judge,tone,True,choice,neutral,379,296,31,83,0.9051987767584098,0.7810026385224275,0.8385269121813032,,,0
diagnostic_v1,mbd,diagnostic,llm_ab_judge,focus,True,choice,democrat,89,65,6,24,0.9154929577464789,0.7303370786516854,0.8125,,,0
diagnostic_v1,mbd,diagnostic,llm_ab_judge,focus,True,choice,republican,138,65,2,73,0.9701492537313433,0.47101449275362317,0.6341463414634146,,,0
diagnostic_v1,mbd,diagnostic,llm_ab_judge,focus,True,choice,both,27,19,4,8,0.8260869565217391,0.7037037037037037,0.76,,,0
diagnostic_v1,mbd,diagnostic,llm_ab_judge,focus,True,choice,neither,292,288,97,4,0.7480519480519481,0.9863013698630136,0.8508124076809453,,,0
diagnostic_v1,mbd,diagnostic,llm_ab_judge,type,True,choice,fact,239,195,17,44,0.9198113207547169,0.8158995815899581,0.8647450110864745,,,0
diagnostic_v1,mbd,diagnostic,llm_ab_judge,type,True,choice,opinion,73,67,25,6,0.7282608695652174,0.9178082191780822,0.8121212121212121,,,0
diagnostic_v1,mbd,diagnostic,llm_ab_judge,type,True,choice,borderline,24,8,28,16,0.2222222222222222,0.3333333333333333,0.26666666666666666,,,0
diagnostic_v1,mbd,diagnostic,llm_ab_judge,type,True,choice,quote,121,113,9,8,0.9262295081967213,0.9338842975206612,0.9300411522633745,,,0
diagnostic_v1,mbd,diagnostic,llm_ab_judge,type,True,choice,other,51,44,2,7,0.9565217391304348,0.8627450980392157,0.9072164948453608,,,0
diagnostic_v1,mbd,diagnostic,llm_direct,tone,True,choice,positive,51,34,16,17,0.68,0.6666666666666666,0.6732673267326733,,,0
diagnostic_v1,mbd,diagnostic,llm_direct,tone,True,choice,negative,114,91,61,23,0.5986842105263158,0.7982456140350878,0.6842105263157895,,,0
diagnostic_v1,mbd,diagnostic,llm_direct,tone,True,choice,neutral,379,302,40,77,0.8830409356725146,0.7968337730870713,0.8377253814147018,,,0
diagnostic_v1,mbd,diagnostic,llm_direct,focus,True,choice,democrat,89,57,5,32,0.9193548387096774,0.6404494382022472,0.7549668874172185,,,0
diagnostic_v1,mbd,diagnostic,llm_direct,focus,True,choice,republican,138,45,4,93,0.9183673469387755,0.32608695652173914,0.48128342245989303,,,0
diagnostic_v1,mbd,diagnostic,llm_direct,focus,True,choice,both,27,19,8,8,0.7037037037037037,0.7037037037037037,0.7037037037037037,,,0
diagnostic_v1,mbd,diagnostic,llm_direct,focus,True,choice,neither,292,288,120,4,0.7058823529411765,0.9863013698630136,0.8228571428571428,,,0
diagnostic_v1,mbd,diagnostic,llm_direct,type,True,choice,fact,239,199,23,40,0.8963963963963963,0.8326359832635983,0.8633405639913232,,,0
diagnostic_v1,mbd,diagnostic,llm_direct,type,True,choice,opinion,73,65,24,8,0.7303370786516854,0.8904109589041096,0.8024691358024691,,,0
diagnostic_v1,mbd,diagnostic,llm_direct,type,True,choice,borderline,24,3,24,21,0.1111111111111111,0.125,0.11764705882352941,,,0
diagnostic_v1,mbd,diagnostic,llm_direct,type,True,choice,quote,121,114,11,7,0.912,0.9421487603305785,0.926829268292683,,,0
diagnostic_v1,mbd,diagnostic,llm_direct,type,True,choice,other,51,44,1,7,0.9777777777777777,0.8627450980392157,0.9166666666666666,,,0
diagnostic_v1,mbd,diagnostic,llm_vote5,tone,True,choice,positive,51,37,16,14,0.6981132075471698,0.7254901960784313,0.7115384615384616,,,0
diagnostic_v1,mbd,diagnostic,llm_vote5,tone,True,choice,negative,114,96,61,18,0.6114649681528662,0.8421052631578947,0.7084870848708487,,,0
diagnostic_v1,mbd,diagnostic,llm_vote5,tone,True,choice,neutral,379,302,32,77,0.9041916167664671,0.7968337730870713,0.847124824684432,,,0
diagnostic_v1,mbd,diagnostic,llm_vote5,focus,True,choice,democrat,89,66,7,23,0.9041095890410958,0.7415730337078652,0.8148148148148148,,,0
diagnostic_v1,mbd,diagnostic,llm_vote5,focus,True,choice,republican,138,57,0,81,1.0,0.41304347826086957,0.5846153846153846,,,0
diagnostic_v1,mbd,diagnostic,llm_vote5,focus,True,choice,both,27,19,4,8,0.8260869565217391,0.7037037037037037,0.76,,,0
diagnostic_v1,mbd,diagnostic,llm_vote5,focus,True,choice,neither,292,289,104,3,0.7353689567430025,0.9897260273972602,0.8437956204379562,,,0
diagnostic_v1,mbd,diagnostic,llm_vote5,type,True,choice,fact,239,194,19,45,0.9107981220657277,0.8117154811715481,0.8584070796460177,,,0
diagnostic_v1,mbd,diagnostic,llm_vote5,type,True,choice,opinion,73,68,24,5,0.7391304347826086,0.9315068493150684,0.8242424242424242,,,0
diagnostic_v1,mbd,diagnostic,llm_vote5,type,True,choice,borderline,24,9,29,15,0.23684210526315788,0.375,0.2903225806451613,,,0
diagnostic_v1,mbd,diagnostic,llm_vote5,type,True,choice,quote,121,113,10,8,0.9186991869918699,0.9338842975206612,0.9262295081967213,,,0
diagnostic_v1,mbd,diagnostic,llm_vote5,type,True,choice,other,51,42,0,9,1.0,0.8235294117647058,0.9032258064516129,,,0
diagnostic_v1,ucc,diagnostic,jev_ab_average,healthy,True,choice,0,65,52,428,13,0.10833333333333334,0.8,0.1908256880733945,0.7621049174944586,0.1760381161410794,1002
diagnostic_v1,ucc,diagnostic,jev_ab_average,healthy,True,choice,1,937,509,13,428,0.975095785440613,0.5432230522945571,0.6977381768334475,0.7622034315737625,0.975730078427173,1002
diagnostic_v1,ucc,diagnostic,jev_ab_average,sarcastic,True,choice,0,954,600,9,354,0.9852216748768473,0.6289308176100629,0.7677543186180422,0.7830843815513627,0.9843317471967485,1002
diagnostic_v1,ucc,diagnostic,jev_ab_average,sarcastic,True,choice,1,48,39,354,9,0.09923664122137404,0.8125,0.17687074829931973,0.783029786862334,0.13260025870442205,1002
diagnostic_v1,ucc,diagnostic,jev_ab_average,generalisation,False,choice,0,987,865,2,122,0.9976931949250288,0.8763931104356636,0.9331175836030206,0.9457953394123607,0.9991113041698846,1002
diagnostic_v1,ucc,diagnostic,jev_ab_average,generalisation,False,choice,1,15,13,122,2,0.0962962962962963,0.8666666666666667,0.17333333333333334,0.9457615670381628,0.2500191840451617,1002
diagnostic_v1,ucc,diagnostic,jev_ab_average,generalisation_unfair,True,choice,0,988,868,4,120,0.9954128440366973,0.8785425101214575,0.9333333333333333,0.9178354540196646,0.9987267411742754,1002
diagnostic_v1,ucc,diagnostic,jev_ab_average,generalisation_unfair,True,choice,1,14,10,120,4,0.07692307692307693,0.7142857142857143,0.1388888888888889,0.9180161943319838,0.1504284222698989,1002
diagnostic_v1,ucc,diagnostic,jev_ab_average,hostile,True,choice,0,981,698,3,283,0.9957203994293866,0.7115188583078491,0.8299643281807372,0.8791320809669434,0.9963466237952263,1002
diagnostic_v1,ucc,diagnostic,jev_ab_average,hostile,True,choice,1,21,18,283,3,0.059800664451827246,0.8571428571428571,0.11180124223602485,0.8790349983010534,0.19135796938255376,1002
diagnostic_v1,ucc,diagnostic,jev_ab_average,antagonize,True,choice,0,951,578,8,373,0.9863481228668942,0.6077812828601472,0.7521145087833442,0.812972928393229,0.9871338406937625,1002
diagnostic_v1,ucc,diagnostic,jev_ab_average,antagonize,True,choice,1,51,43,373,8,0.10336538461538461,0.8431372549019608,0.1841541755888651,0.8129316921300592,0.18185038056414057,1002
diagnostic_v1,ucc,diagnostic,jev_ab_average,condescending,True,choice,0,955,574,2,381,0.9965277777777778,0.6010471204188481,0.7498367080339647,0.8220786454272029,0.989634946221663,1002
diagnostic_v1,ucc,diagnostic,jev_ab_average,condescending,True,choice,1,47,45,381,2,0.1056338028169014,0.9574468085106383,0.19027484143763213,0.8221232037428985,0.18363870226614745,1002
diagnostic_v1,ucc,diagnostic,jev_ab_average,dismissive,True,choice,0,978,569,6,409,0.9895652173913043,0.581799591002045,0.7327752736638764,0.7250340831629175,0.9902867919414204,1002
diagnostic_v1,ucc,diagnostic,jev_ab_average,dismissive,True,choice,1,24,18,409,6,0.04215456674473068,0.75,0.07982261640798226,0.7248423653715065,0.06969618107481611,1002
diagnostic_v1,ucc,diagnostic,jev_ab_judge,healthy,True,choice,0,65,53,417,12,0.1127659574468085,0.8153846153846154,0.19813084112149532,0.7774870081662955,0.1812055066400108,958
diagnostic_v1,ucc,diagnostic,jev_ab_judge,healthy,True,choice,1,937,520,12,417,0.9774436090225563,0.5549626467449307,0.7079646017699115,0.7775983667409058,0.977863108456696,958
diagnostic_v1,ucc,diagnostic,jev_ab_judge,sarcastic,True,choice,0,954,593,8,361,0.9866888519134775,0.6215932914046122,0.7627009646302251,0.7846359103995506,0.9841419535333924,956
diagnostic_v1,ucc,diagnostic,jev_ab_judge,sarcastic,True,choice,1,48,40,361,8,0.09975062344139651,0.8333333333333334,0.17817371937639198,0.7845422840156356,0.13434103583050483,956
diagnostic_v1,ucc,diagnostic,jev_ab_judge,generalisation,False,choice,0,987,855,2,132,0.9976662777129521,0.8662613981762918,0.9273318872017353,0.9522080616478956,0.9992541342316532,978
diagnostic_v1,ucc,diagnostic,jev_ab_judge,generalisation,False,choice,1,15,13,132,2,0.0896551724137931,0.8666666666666667,0.1625,0.9521710136336692,0.261206415843481,978
diagnostic_v1,ucc,diagnostic,jev_ab_judge,generalisation_unfair,True,choice,0,988,863,4,125,0.9953863898500577,0.8734817813765182,0.9304582210242588,0.924163179916318,0.9987992167002804,970
diagnostic_v1,ucc,diagnostic,jev_ab_judge,generalisation_unfair,True,choice,1,14,10,125,4,0.07407407407407407,0.7142857142857143,0.1342281879194631,0.9243499701135685,0.15387696479966867,970
diagnostic_v1,ucc,diagnostic,jev_ab_judge,hostile,True,choice,0,981,699,3,282,0.9957264957264957,0.7125382262996942,0.8306595365418895,0.8882259767687434,0.9966314605450642,967
diagnostic_v1,ucc,diagnostic,jev_ab_judge,hostile,True,choice,1,21,18,282,3,0.06,0.8571428571428571,0.11214953271028037,0.8880939809926083,0.19801754790138668,967
diagnostic_v1,ucc,diagnostic,jev_ab_judge,antagonize,True,choice,0,951,584,8,367,0.9864864864864865,0.6140904311251314,0.7569669475048607,0.8150218818380744,0.9871202998018896,964
diagnostic_v1,ucc,diagnostic,jev_ab_judge,antagonize,True,choice,1,51,43,367,8,0.1048780487804878,0.8431372549019608,0.18655097613882862,0.8149781181619256,0.1839279875724428,964
diagnostic_v1,ucc,diagnostic,jev_ab_judge,condescending,True,choice,0,955,567,3,388,0.9947368421052631,0.5937172774869109,0.7436065573770492,0.8390450169138693,0.9912756774261957,957
diagnostic_v1,ucc,diagnostic,jev_ab_judge,condescending,True,choice,1,47,44,388,3,0.10185185185185185,0.9361702127659575,0.1837160751565762,0.8390580275826177,0.19210703703465354,957
diagnostic_v1,ucc,diagnostic,jev_ab_judge,dismissive,True,choice,0,978,568,6,410,0.9895470383275261,0.5807770961145194,0.7319587628865979,0.7232566630156991,0.9897951392270653,937
diagnostic_v1,ucc,diagnostic,jev_ab_judge,dismissive,True,choice,1,24,18,410,6,0.04205607476635514,0.75,0.07964601769911504,0.7230512960934647,0.07056075703081918,937
diagnostic_v1,ucc,diagnostic,jev_anchored,healthy,True,choice,0,65,52,485,13,0.09683426443202979,0.8,0.17275747508305647,0.7060093588375339,0.14766853834635219,1002
diagnostic_v1,ucc,diagnostic,jev_anchored,healthy,True,choice,1,937,452,13,485,0.9720430107526882,0.4823906083244397,0.644793152639087,0.7060093588375339,0.9697738649776626,1002
diagnostic_v1,ucc,diagnostic,jev_anchored,sarcastic,True,choice,0,954,597,16,357,0.9738988580750407,0.6257861635220126,0.7619655392469687,0.656086215932914,0.9703874175839059,1002
diagnostic_v1,ucc,diagnostic,jev_anchored,sarcastic,True,choice,1,48,32,357,16,0.08226221079691516,0.6666666666666666,0.14645308924485126,0.656086215932914,0.08849042652009212,1002
diagnostic_v1,ucc,diagnostic,jev_anchored,generalisation,False,choice,0,987,816,5,171,0.9939098660170523,0.8267477203647416,0.9026548672566371,0.8264099966227626,0.9963505265569557,1002
diagnostic_v1,ucc,diagnostic,jev_anchored,generalisation,False,choice,1,15,10,171,5,0.055248618784530384,0.6666666666666666,0.10204081632653061,0.8264099966227626,0.15462454267311768,1002
diagnostic_v1,ucc,diagnostic,jev_anchored,generalisation_unfair,True,choice,0,988,844,6,144,0.9929411764705882,0.854251012145749,0.9183895538628944,0.7950766338924233,0.9957101550695314,1002
diagnostic_v1,ucc,diagnostic,jev_anchored,generalisation_unfair,True,choice,1,14,8,144,6,0.05263157894736842,0.5714285714285714,0.0963855421686747,0.7950766338924233,0.09969590717144064,1002
diagnostic_v1,ucc,diagnostic,jev_anchored,hostile,True,choice,0,981,706,3,275,0.995768688293371,0.7196738022426096,0.8355029585798817,0.8531867385078394,0.995936912964967,1002
diagnostic_v1,ucc,diagnostic,jev_anchored,hostile,True,choice,1,21,18,275,3,0.06143344709897611,0.8571428571428571,0.11464968152866242,0.8531867385078394,0.11755237449902566,1002
diagnostic_v1,ucc,diagnostic,jev_anchored,antagonize,True,choice,0,951,569,14,382,0.9759862778730704,0.5983175604626709,0.741851368970013,0.7578091173377869,0.983317731546936,1002
diagnostic_v1,ucc,diagnostic,jev_anchored,antagonize,True,choice,1,51,37,382,14,0.0883054892601432,0.7254901960784313,0.1574468085106383,0.7578091173377869,0.13874403976890298,1002
diagnostic_v1,ucc,diagnostic,jev_anchored,condescending,True,choice,0,955,626,11,329,0.9827315541601256,0.6554973821989529,0.7864321608040201,0.7737105937395566,0.986366496826139,1002
diagnostic_v1,ucc,diagnostic,jev_anchored,condescending,True,choice,1,47,36,329,11,0.09863013698630137,0.7659574468085106,0.17475728155339806,0.7737105937395566,0.12138131976141629,1002
diagnostic_v1,ucc,diagnostic,jev_anchored,dismissive,True,choice,0,978,624,7,354,0.9889064976228209,0.6380368098159509,0.7756370416407706,0.7301678595773687,0.9912475967965293,1002
diagnostic_v1,ucc,diagnostic,jev_anchored,dismissive,True,choice,1,24,17,354,7,0.04582210242587601,0.7083333333333334,0.08607594936708861,0.7301678595773687,0.05333583061794685,1002
diagnostic_v1,ucc,diagnostic,jev_boundary,healthy,True,choice,0,65,47,426,18,0.09936575052854123,0.7230769230769231,0.17472118959107807,0.6955340284048929,0.1385405099555494,1002
diagnostic_v1,ucc,diagnostic,jev_boundary,healthy,True,choice,1,937,511,18,426,0.9659735349716446,0.5453575240128068,0.6971350613915416,0.6955340284048929,0.9673660358741704,1002
diagnostic_v1,ucc,diagnostic,jev_boundary,sarcastic,True,choice,0,954,612,17,342,0.972972972972973,0.6415094339622641,0.7732154137713203,0.6582700034940601,0.9701284034718011,1002
diagnostic_v1,ucc,diagnostic,jev_boundary,sarcastic,True,choice,1,48,31,342,17,0.08310991957104558,0.6458333333333334,0.14726840855106887,0.6582700034940601,0.09595165719040363,1002
diagnostic_v1,ucc,diagnostic,jev_boundary,generalisation,False,choice,0,987,846,6,141,0.9929577464788732,0.8571428571428571,0.9200652528548124,0.8181357649442755,0.9960383333914549,1002
diagnostic_v1,ucc,diagnostic,jev_boundary,generalisation,False,choice,1,15,9,141,6,0.06,0.6,0.10909090909090909,0.8181357649442755,0.20511143053371847,1002
diagnostic_v1,ucc,diagnostic,jev_boundary,generalisation_unfair,True,choice,0,988,837,7,151,0.9917061611374408,0.847165991902834,0.9137554585152838,0.7843768074031232,0.9956842292646759,1002
diagnostic_v1,ucc,diagnostic,jev_boundary,generalisation_unfair,True,choice,1,14,7,151,7,0.04430379746835443,0.5,0.08139534883720931,0.7843768074031232,0.09132973399664815,1002
diagnostic_v1,ucc,diagnostic,jev_boundary,hostile,True,choice,0,981,722,3,259,0.9958620689655172,0.7359836901121305,0.8464243845252052,0.8473617785544391,0.9956303829922584,1002
diagnostic_v1,ucc,diagnostic,jev_boundary,hostile,True,choice,1,21,18,259,3,0.06498194945848375,0.8571428571428571,0.12080536912751678,0.8473617785544391,0.11191979332780606,1002
diagnostic_v1,ucc,diagnostic,jev_boundary,antagonize,True,choice,0,951,572,15,379,0.9744463373083475,0.601472134595163,0.7438231469440832,0.7586956969959382,0.9831374841044915,1002
diagnostic_v1,ucc,diagnostic,jev_boundary,antagonize,True,choice,1,51,36,379,15,0.08674698795180723,0.7058823529411765,0.15450643776824036,0.7586956969959382,0.13172455806439096,1002
diagnostic_v1,ucc,diagnostic,jev_boundary,condescending,True,choice,0,955,616,13,339,0.9793322734499205,0.6450261780104712,0.7777777777777778,0.7733541272139913,0.9859132430505376,1002
diagnostic_v1,ucc,diagnostic,jev_boundary,condescending,True,choice,1,47,34,339,13,0.09115281501340483,0.723404255319149,0.1619047619047619,0.7733541272139913,0.1309459357124471,1002
diagnostic_v1,ucc,diagnostic,jev_boundary,dismissive,True,choice,0,978,662,9,316,0.9865871833084948,0.6768916155419223,0.802910855063675,0.7312542603953647,0.9912897081634041,1002
diagnostic_v1,ucc,diagnostic,jev_boundary,dismissive,True,choice,1,24,15,316,9,0.045317220543806644,0.625,0.08450704225352113,0.7312542603953647,0.0711881913451526,1002
diagnostic_v1,ucc,diagnostic,jev_calibrated,healthy,True,choice,0,65,2,10,63,0.16666666666666666,0.03076923076923077,0.05194805194805195,0.7702897955832855,0.18168897710990958,1002
diagnostic_v1,ucc,diagnostic,jev_calibrated,healthy,True,choice,1,937,927,63,10,0.9363636363636364,0.9893276414087513,0.9621172807472755,0.7702897955832855,0.9767912222025379,1002
diagnostic_v1,ucc,diagnostic,jev_calibrated,sarcastic,True,choice,0,954,951,48,3,0.9519519519519519,0.9968553459119497,0.9738863287250384,0.7830843815513627,0.9847471646194514,1002
diagnostic_v1,ucc,diagnostic,jev_calibrated,sarcastic,True,choice,1,48,0,3,48,0.0,0.0,0.0,0.7830843815513627,0.12520414030579496,1002
diagnostic_v1,ucc,diagnostic,jev_calibrated,generalisation,False,choice,0,987,861,2,126,0.9976825028968713,0.8723404255319149,0.9308108108108109,0.9457277946639648,0.9990936979337149,1002
diagnostic_v1,ucc,diagnostic,jev_calibrated,generalisation,False,choice,1,15,13,126,2,0.09352517985611511,0.8666666666666667,0.16883116883116883,0.9457277946639648,0.21707051815410702,1002
diagnostic_v1,ucc,diagnostic,jev_calibrated,generalisation_unfair,True,choice,0,988,864,4,124,0.9953917050691244,0.8744939271255061,0.9310344827586207,0.916244939271255,0.998707503661111,1002
diagnostic_v1,ucc,diagnostic,jev_calibrated,generalisation_unfair,True,choice,1,14,10,124,4,0.07462686567164178,0.7142857142857143,0.13513513513513514,0.916244939271255,0.13983249057060407,1002
diagnostic_v1,ucc,diagnostic,jev_calibrated,hostile,True,choice,0,981,981,21,0,0.9790419161676647,1.0,0.989409984871407,0.8767050143196932,0.9959002515767146,1002
diagnostic_v1,ucc,diagnostic,jev_calibrated,hostile,True,choice,1,21,0,0,21,0.0,0.0,0.0,0.8767050143196932,0.18383654124142854,1002
diagnostic_v1,ucc,diagnostic,jev_calibrated,antagonize,True,choice,0,951,950,51,1,0.949050949050949,0.9989484752891693,0.9733606557377049,0.8119935671429455,0.9866330881929142,1002
diagnostic_v1,ucc,diagnostic,jev_calibrated,antagonize,True,choice,1,51,0,1,51,0.0,0.0,0.0,0.8119935671429455,0.176270261480672,1002
diagnostic_v1,ucc,diagnostic,jev_calibrated,condescending,True,choice,0,955,955,47,0,0.9530938123752495,1.0,0.9759836484414921,0.8208421521666481,0.9894798981454899,1002
diagnostic_v1,ucc,diagnostic,jev_calibrated,condescending,True,choice,1,47,0,0,47,0.0,0.0,0.0,0.8208421521666481,0.17550026868305124,1002
diagnostic_v1,ucc,diagnostic,jev_calibrated,dismissive,True,choice,0,978,978,24,0,0.9760479041916168,1.0,0.9878787878787879,0.7350247102931152,0.9907582205614787,1002
diagnostic_v1,ucc,diagnostic,jev_calibrated,dismissive,True,choice,1,24,0,0,24,0.0,0.0,0.0,0.7350247102931152,0.07667841957477038,1002
diagnostic_v1,ucc,diagnostic,jev_compact,healthy,True,choice,0,65,51,482,14,0.09568480300187618,0.7846153846153846,0.1705685618729097,0.701937443559642,0.1480207488192046,1002
diagnostic_v1,ucc,diagnostic,jev_compact,healthy,True,choice,1,937,455,14,482,0.9701492537313433,0.4855923159018143,0.647226173541963,0.701937443559642,0.9684961382590811,1002
diagnostic_v1,ucc,diagnostic,jev_compact,sarcastic,True,choice,0,954,598,17,356,0.9723577235772358,0.6268343815513627,0.7622689611217336,0.6599406009783368,0.9719763563501046,1002
diagnostic_v1,ucc,diagnostic,jev_compact,sarcastic,True,choice,1,48,31,356,17,0.08010335917312661,0.6458333333333334,0.1425287356321839,0.6599406009783368,0.08766626249787651,1002
diagnostic_v1,ucc,diagnostic,jev_compact,generalisation,False,choice,0,987,825,5,162,0.9939759036144579,0.8358662613981763,0.9080902586681343,0.8261398176291793,0.9963301461642767,1002
diagnostic_v1,ucc,diagnostic,jev_compact,generalisation,False,choice,1,15,10,162,5,0.05813953488372093,0.6666666666666666,0.10695187165775401,0.8261398176291793,0.16314958383616418,1002
diagnostic_v1,ucc,diagnostic,jev_compact,generalisation_unfair,True,choice,0,988,844,7,144,0.9917743830787309,0.854251012145749,0.9178901576943991,0.8071862348178138,0.996122751003742,1002
diagnostic_v1,ucc,diagnostic,jev_compact,generalisation_unfair,True,choice,1,14,7,144,7,0.046357615894039736,0.5,0.08484848484848485,0.8071862348178138,0.10040528747640477,1002
diagnostic_v1,ucc,diagnostic,jev_compact,hostile,True,choice,0,981,710,3,271,0.9957924263674615,0.7237512742099899,0.8382526564344747,0.854133294500267,0.9959847912171432,1002
diagnostic_v1,ucc,diagnostic,jev_compact,hostile,True,choice,1,21,18,271,3,0.06228373702422145,0.8571428571428571,0.11612903225806452,0.854133294500267,0.1229467986881862,1002
diagnostic_v1,ucc,diagnostic,jev_compact,antagonize,True,choice,0,951,563,15,388,0.9740484429065744,0.5920084121976866,0.736429038587312,0.7478917960454423,0.9824511878826588,1002
diagnostic_v1,ucc,diagnostic,jev_compact,antagonize,True,choice,1,51,36,388,15,0.08490566037735849,0.7058823529411765,0.15157894736842106,0.7478917960454423,0.133192492448892,1002
diagnostic_v1,ucc,diagnostic,jev_compact,condescending,True,choice,0,955,625,12,330,0.9811616954474097,0.6544502617801047,0.785175879396985,0.7713267238498385,0.9861714783250879,1002
diagnostic_v1,ucc,diagnostic,jev_compact,condescending,True,choice,1,47,35,330,12,0.0958904109589041,0.7446808510638298,0.16990291262135923,0.7713267238498385,0.12526425356842316,1002
diagnostic_v1,ucc,diagnostic,jev_compact,dismissive,True,choice,0,978,626,7,352,0.9889415481832543,0.6400817995910021,0.7771570453134699,0.7283145875937287,0.9910882121185058,1002
diagnostic_v1,ucc,diagnostic,jev_compact,dismissive,True,choice,1,24,17,352,7,0.04607046070460705,0.7083333333333334,0.08651399491094147,0.7283145875937287,0.052365839324228995,1002
diagnostic_v1,ucc,diagnostic,jev_verbose,healthy,True,choice,0,65,55,425,10,0.11458333333333333,0.8461538461538461,0.2018348623853211,0.7702897955832855,0.18168897710990958,1002
diagnostic_v1,ucc,diagnostic,jev_verbose,healthy,True,choice,1,937,512,10,425,0.9808429118773946,0.5464247598719317,0.7018505825908157,0.7702897955832855,0.9767912222025379,1002
diagnostic_v1,ucc,diagnostic,jev_verbose,sarcastic,True,choice,0,954,593,8,361,0.9866888519134775,0.6215932914046122,0.7627009646302251,0.7830843815513627,0.9847471646194514,1002
diagnostic_v1,ucc,diagnostic,jev_verbose,sarcastic,True,choice,1,48,40,361,8,0.09975062344139651,0.8333333333333334,0.17817371937639198,0.7830843815513627,0.12520414030579496,1002
diagnostic_v1,ucc,diagnostic,jev_verbose,generalisation,False,choice,0,987,861,2,126,0.9976825028968713,0.8723404255319149,0.9308108108108109,0.9457277946639648,0.9990936979337149,1002
diagnostic_v1,ucc,diagnostic,jev_verbose,generalisation,False,choice,1,15,13,126,2,0.09352517985611511,0.8666666666666667,0.16883116883116883,0.9457277946639648,0.21707051815410702,1002
diagnostic_v1,ucc,diagnostic,jev_verbose,generalisation_unfair,True,choice,0,988,863,4,125,0.9953863898500577,0.8734817813765182,0.9304582210242588,0.916244939271255,0.998707503661111,1002
diagnostic_v1,ucc,diagnostic,jev_verbose,generalisation_unfair,True,choice,1,14,10,125,4,0.07407407407407407,0.7142857142857143,0.1342281879194631,0.916244939271255,0.13983249057060407,1002
diagnostic_v1,ucc,diagnostic,jev_verbose,hostile,True,choice,0,981,688,3,293,0.9956584659913169,0.7013251783893986,0.8229665071770335,0.8767050143196932,0.9959002515767146,1002
diagnostic_v1,ucc,diagnostic,jev_verbose,hostile,True,choice,1,21,18,293,3,0.05787781350482315,0.8571428571428571,0.10843373493975904,0.8767050143196932,0.18383654124142854,1002
diagnostic_v1,ucc,diagnostic,jev_verbose,antagonize,True,choice,0,951,571,8,380,0.9861830742659758,0.6004206098843323,0.74640522875817,0.8119935671429455,0.9866330881929142,1002
diagnostic_v1,ucc,diagnostic,jev_verbose,antagonize,True,choice,1,51,43,380,8,0.1016548463356974,0.8431372549019608,0.18143459915611815,0.8119935671429455,0.176270261480672,1002
diagnostic_v1,ucc,diagnostic,jev_verbose,condescending,True,choice,0,955,573,4,382,0.9930675909878682,0.6,0.7480417754569191,0.8208421521666481,0.9894798981454899,1002
diagnostic_v1,ucc,diagnostic,jev_verbose,condescending,True,choice,1,47,43,382,4,0.1011764705882353,0.9148936170212766,0.18220338983050846,0.8208421521666481,0.17550026868305124,1002
diagnostic_v1,ucc,diagnostic,jev_verbose,dismissive,True,choice,0,978,548,6,430,0.9891696750902527,0.5603271983640081,0.7154046997389034,0.7350247102931152,0.9907582205614787,1002
diagnostic_v1,ucc,diagnostic,jev_verbose,dismissive,True,choice,1,24,18,430,6,0.04017857142857143,0.75,0.07627118644067797,0.7350247102931152,0.07667841957477038,1002
diagnostic_v1,ucc,diagnostic,llm_ab_judge,healthy,True,choice,0,65,50,280,15,0.15151515151515152,0.7692307692307693,0.25316455696202533,,,0
diagnostic_v1,ucc,diagnostic,llm_ab_judge,healthy,True,choice,1,937,657,15,280,0.9776785714285714,0.7011739594450374,0.8166563082660038,,,0
diagnostic_v1,ucc,diagnostic,llm_ab_judge,sarcastic,True,choice,0,954,726,13,228,0.9824086603518268,0.7610062893081762,0.8576491435321913,,,0
diagnostic_v1,ucc,diagnostic,llm_ab_judge,sarcastic,True,choice,1,48,35,228,13,0.13307984790874525,0.7291666666666666,0.22508038585209003,,,0
diagnostic_v1,ucc,diagnostic,llm_ab_judge,generalisation,False,choice,0,987,832,0,155,1.0,0.8429584599797366,0.9147883452446399,,,0
diagnostic_v1,ucc,diagnostic,llm_ab_judge,generalisation,False,choice,1,15,15,155,0,0.08823529411764706,1.0,0.16216216216216217,,,0
diagnostic_v1,ucc,diagnostic,llm_ab_judge,generalisation_unfair,True,choice,0,988,854,1,134,0.9988304093567252,0.8643724696356275,0.9267498643516007,,,0
diagnostic_v1,ucc,diagnostic,llm_ab_judge,generalisation_unfair,True,choice,1,14,13,134,1,0.08843537414965986,0.9285714285714286,0.16149068322981366,,,0
diagnostic_v1,ucc,diagnostic,llm_ab_judge,hostile,True,choice,0,981,742,1,239,0.9986541049798116,0.7563710499490316,0.8607888631090487,,,0
diagnostic_v1,ucc,diagnostic,llm_ab_judge,hostile,True,choice,1,21,20,239,1,0.07722007722007722,0.9523809523809523,0.14285714285714285,,,0
diagnostic_v1,ucc,diagnostic,llm_ab_judge,antagonize,True,choice,0,951,739,14,212,0.9814077025232404,0.7770767613038907,0.8673708920187794,,,0
diagnostic_v1,ucc,diagnostic,llm_ab_judge,antagonize,True,choice,1,51,37,212,14,0.14859437751004015,0.7254901960784313,0.24666666666666667,,,0
diagnostic_v1,ucc,diagnostic,llm_ab_judge,condescending,True,choice,0,955,701,11,254,0.9845505617977528,0.7340314136125654,0.8410317936412718,,,0
diagnostic_v1,ucc,diagnostic,llm_ab_judge,condescending,True,choice,1,47,36,254,11,0.12413793103448276,0.7659574468085106,0.21364985163204747,,,0
diagnostic_v1,ucc,diagnostic,llm_ab_judge,dismissive,True,choice,0,978,729,7,249,0.9904891304347826,0.745398773006135,0.8506417736289381,,,0
diagnostic_v1,ucc,diagnostic,llm_ab_judge,dismissive,True,choice,1,24,17,249,7,0.06390977443609022,0.7083333333333334,0.11724137931034483,,,0
diagnostic_v1,ucc,diagnostic,llm_direct,healthy,True,choice,0,65,47,295,18,0.13742690058479531,0.7230769230769231,0.23095823095823095,,,0
diagnostic_v1,ucc,diagnostic,llm_direct,healthy,True,choice,1,937,642,18,295,0.9727272727272728,0.6851654215581644,0.8040075140889167,,,0
diagnostic_v1,ucc,diagnostic,llm_direct,sarcastic,True,choice,0,954,746,12,208,0.9841688654353562,0.7819706498951782,0.8714953271028038,,,0
diagnostic_v1,ucc,diagnostic,llm_direct,sarcastic,True,choice,1,48,36,208,12,0.14754098360655737,0.75,0.2465753424657534,,,0
diagnostic_v1,ucc,diagnostic,llm_direct,generalisation,False,choice,0,987,893,4,94,0.9955406911928651,0.9047619047619048,0.9479830148619958,,,0
diagnostic_v1,ucc,diagnostic,llm_direct,generalisation,False,choice,1,15,11,94,4,0.10476190476190476,0.7333333333333333,0.18333333333333332,,,0
diagnostic_v1,ucc,diagnostic,llm_direct,generalisation_unfair,True,choice,0,988,900,6,88,0.9933774834437086,0.9109311740890689,0.9503695881731784,,,0
diagnostic_v1,ucc,diagnostic,llm_direct,generalisation_unfair,True,choice,1,14,8,88,6,0.08333333333333333,0.5714285714285714,0.14545454545454545,,,0
diagnostic_v1,ucc,diagnostic,llm_direct,hostile,True,choice,0,981,738,1,243,0.9986468200270636,0.7522935779816514,0.858139534883721,,,0
diagnostic_v1,ucc,diagnostic,llm_direct,hostile,True,choice,1,21,20,243,1,0.07604562737642585,0.9523809523809523,0.14084507042253522,,,0
diagnostic_v1,ucc,diagnostic,llm_direct,antagonize,True,choice,0,951,739,18,212,0.9762219286657859,0.7770767613038907,0.8653395784543325,,,0
diagnostic_v1,ucc,diagnostic,llm_direct,antagonize,True,choice,1,51,33,212,18,0.1346938775510204,0.6470588235294118,0.22297297297297297,,,0
diagnostic_v1,ucc,diagnostic,llm_direct,condescending,True,choice,0,955,729,14,226,0.9811574697173621,0.7633507853403141,0.8586572438162544,,,0
diagnostic_v1,ucc,diagnostic,llm_direct,condescending,True,choice,1,47,33,226,14,0.1274131274131274,0.7021276595744681,0.21568627450980393,,,0
diagnostic_v1,ucc,diagnostic,llm_direct,dismissive,True,choice,0,978,762,13,216,0.983225806451613,0.7791411042944786,0.8693667997718197,,,0
diagnostic_v1,ucc,diagnostic,llm_direct,dismissive,True,choice,1,24,11,216,13,0.048458149779735685,0.4583333333333333,0.08764940239043825,,,0
diagnostic_v1,ucc,diagnostic,llm_vote5,healthy,True,choice,0,65,46,266,19,0.14743589743589744,0.7076923076923077,0.2440318302387268,,,0
diagnostic_v1,ucc,diagnostic,llm_vote5,healthy,True,choice,1,937,671,19,266,0.972463768115942,0.7161152614727855,0.8248309772587584,,,0
diagnostic_v1,ucc,diagnostic,llm_vote5,sarcastic,True,choice,0,954,750,17,204,0.9778357235984355,0.7861635220125787,0.8715862870424173,,,0
diagnostic_v1,ucc,diagnostic,llm_vote5,sarcastic,True,choice,1,48,31,204,17,0.13191489361702127,0.6458333333333334,0.21908127208480566,,,0
diagnostic_v1,ucc,diagnostic,llm_vote5,generalisation,False,choice,0,987,832,1,155,0.9987995198079231,0.8429584599797366,0.9142857142857143,,,0
diagnostic_v1,ucc,diagnostic,llm_vote5,generalisation,False,choice,1,15,14,155,1,0.08284023668639054,0.9333333333333333,0.15217391304347827,,,0
diagnostic_v1,ucc,diagnostic,llm_vote5,generalisation_unfair,True,choice,0,988,861,1,127,0.9988399071925754,0.8714574898785425,0.9308108108108109,,,0
diagnostic_v1,ucc,diagnostic,llm_vote5,generalisation_unfair,True,choice,1,14,13,127,1,0.09285714285714286,0.9285714285714286,0.16883116883116883,,,0
diagnostic_v1,ucc,diagnostic,llm_vote5,hostile,True,choice,0,981,756,2,225,0.9973614775725593,0.7706422018348624,0.8694652098907418,,,0
diagnostic_v1,ucc,diagnostic,llm_vote5,hostile,True,choice,1,21,19,225,2,0.0778688524590164,0.9047619047619048,0.14339622641509434,,,0
diagnostic_v1,ucc,diagnostic,llm_vote5,antagonize,True,choice,0,951,760,18,191,0.9768637532133676,0.7991587802313355,0.8791208791208791,,,0
diagnostic_v1,ucc,diagnostic,llm_vote5,antagonize,True,choice,1,51,33,191,18,0.14732142857142858,0.6470588235294118,0.24,,,0
diagnostic_v1,ucc,diagnostic,llm_vote5,condescending,True,choice,0,955,732,15,223,0.9799196787148594,0.7664921465968586,0.8601645123384254,,,0
diagnostic_v1,ucc,diagnostic,llm_vote5,condescending,True,choice,1,47,32,223,15,0.12549019607843137,0.6808510638297872,0.2119205298013245,,,0
diagnostic_v1,ucc,diagnostic,llm_vote5,dismissive,True,choice,0,978,741,9,237,0.988,0.7576687116564417,0.8576388888888888,,,0
diagnostic_v1,ucc,diagnostic,llm_vote5,dismissive,True,choice,1,24,15,237,9,0.05952380952380952,0.625,0.10869565217391304,,,0
discovery_v1,babe,discovery,jev_anchored,label_bias,True,choice,Non-biased,18,0,0,18,0.0,0.0,0.0,,,0
discovery_v1,babe,discovery,jev_anchored,label_bias,True,choice,Biased,14,0,0,14,0.0,0.0,0.0,,,0
discovery_v1,babe,discovery,jev_compact,label_bias,True,choice,Non-biased,18,0,0,18,0.0,0.0,0.0,,,0
discovery_v1,babe,discovery,jev_compact,label_bias,True,choice,Biased,14,0,0,14,0.0,0.0,0.0,,,0
discovery_v1,babe,discovery,jev_verbose,label_bias,True,choice,Non-biased,18,0,0,18,0.0,0.0,0.0,,,0
discovery_v1,babe,discovery,jev_verbose,label_bias,True,choice,Biased,14,0,0,14,0.0,0.0,0.0,,,0
discovery_v1,babe,discovery,llm_direct,label_bias,True,choice,Non-biased,18,17,3,1,0.85,0.9444444444444444,0.8947368421052632,,,0
discovery_v1,babe,discovery,llm_direct,label_bias,True,choice,Biased,14,11,1,3,0.9166666666666666,0.7857142857142857,0.8461538461538461,,,0
discovery_v1,conflict,discovery,jev_anchored,rating_directness_content,True,choice,Yes - Direct Content,32,0,0,32,0.0,0.0,0.0,,,0
discovery_v1,conflict,discovery,jev_anchored,rating_directness_content,True,choice,Neutral - Content contains no opinion,0,0,0,0,0.0,0.0,0.0,,,0
discovery_v1,conflict,discovery,jev_anchored,rating_directness_content,True,choice,No - Indirect Content,0,0,0,0,0.0,0.0,0.0,,,0
discovery_v1,conflict,discovery,jev_anchored,rating_directness_expression,True,choice,Yes - Direct Expression,31,0,0,31,0.0,0.0,0.0,,,0
discovery_v1,conflict,discovery,jev_anchored,rating_directness_expression,True,choice,No - Indirect Expression,1,0,0,1,0.0,0.0,0.0,,,0
discovery_v1,conflict,discovery,jev_anchored,rating_OI_content,True,choice,Yes - Content opposes someone else,31,0,0,31,0.0,0.0,0.0,,,0
discovery_v1,conflict,discovery,jev_anchored,rating_OI_content,True,choice,No - Content does not oppose anyone,1,0,0,1,0.0,0.0,0.0,,,0
discovery_v1,conflict,discovery,jev_anchored,rating_OI_expression,True,choice,Yes - Expression is emotional/forceful,4,0,0,4,0.0,0.0,0.0,,,0
discovery_v1,conflict,discovery,jev_anchored,rating_OI_expression,True,choice,No - Expression is not emotional/forceful,28,0,0,28,0.0,0.0,0.0,,,0
discovery_v1,conflict,discovery,jev_compact,rating_directness_content,True,choice,Yes - Direct Content,32,0,0,32,0.0,0.0,0.0,,,0
discovery_v1,conflict,discovery,jev_compact,rating_directness_content,True,choice,Neutral - Content contains no opinion,0,0,0,0,0.0,0.0,0.0,,,0
discovery_v1,conflict,discovery,jev_compact,rating_directness_content,True,choice,No - Indirect Content,0,0,0,0,0.0,0.0,0.0,,,0
discovery_v1,conflict,discovery,jev_compact,rating_directness_expression,True,choice,Yes - Direct Expression,31,0,0,31,0.0,0.0,0.0,,,0
discovery_v1,conflict,discovery,jev_compact,rating_directness_expression,True,choice,No - Indirect Expression,1,0,0,1,0.0,0.0,0.0,,,0
discovery_v1,conflict,discovery,jev_compact,rating_OI_content,True,choice,Yes - Content opposes someone else,31,0,0,31,0.0,0.0,0.0,,,0
discovery_v1,conflict,discovery,jev_compact,rating_OI_content,True,choice,No - Content does not oppose anyone,1,0,0,1,0.0,0.0,0.0,,,0
discovery_v1,conflict,discovery,jev_compact,rating_OI_expression,True,choice,Yes - Expression is emotional/forceful,4,0,0,4,0.0,0.0,0.0,,,0
discovery_v1,conflict,discovery,jev_compact,rating_OI_expression,True,choice,No - Expression is not emotional/forceful,28,0,0,28,0.0,0.0,0.0,,,0
discovery_v1,conflict,discovery,jev_verbose,rating_directness_content,True,choice,Yes - Direct Content,32,0,0,32,0.0,0.0,0.0,,,0
discovery_v1,conflict,discovery,jev_verbose,rating_directness_content,True,choice,Neutral - Content contains no opinion,0,0,0,0,0.0,0.0,0.0,,,0
discovery_v1,conflict,discovery,jev_verbose,rating_directness_content,True,choice,No - Indirect Content,0,0,0,0,0.0,0.0,0.0,,,0
discovery_v1,conflict,discovery,jev_verbose,rating_directness_expression,True,choice,Yes - Direct Expression,31,0,0,31,0.0,0.0,0.0,,,0
discovery_v1,conflict,discovery,jev_verbose,rating_directness_expression,True,choice,No - Indirect Expression,1,0,0,1,0.0,0.0,0.0,,,0
discovery_v1,conflict,discovery,jev_verbose,rating_OI_content,True,choice,Yes - Content opposes someone else,31,0,0,31,0.0,0.0,0.0,,,0
discovery_v1,conflict,discovery,jev_verbose,rating_OI_content,True,choice,No - Content does not oppose anyone,1,0,0,1,0.0,0.0,0.0,,,0
discovery_v1,conflict,discovery,jev_verbose,rating_OI_expression,True,choice,Yes - Expression is emotional/forceful,4,0,0,4,0.0,0.0,0.0,,,0
discovery_v1,conflict,discovery,jev_verbose,rating_OI_expression,True,choice,No - Expression is not emotional/forceful,28,0,0,28,0.0,0.0,0.0,,,0
discovery_v1,conflict,discovery,llm_direct,rating_directness_content,True,choice,Yes - Direct Content,32,31,0,1,1.0,0.96875,0.9841269841269841,,,0
discovery_v1,conflict,discovery,llm_direct,rating_directness_content,True,choice,Neutral - Content contains no opinion,0,0,1,0,0.0,0.0,0.0,,,0
discovery_v1,conflict,discovery,llm_direct,rating_directness_content,True,choice,No - Indirect Content,0,0,0,0,0.0,0.0,0.0,,,0
discovery_v1,conflict,discovery,llm_direct,rating_directness_expression,True,choice,Yes - Direct Expression,31,29,1,2,0.9666666666666667,0.9354838709677419,0.9508196721311475,,,0
discovery_v1,conflict,discovery,llm_direct,rating_directness_expression,True,choice,No - Indirect Expression,1,0,2,1,0.0,0.0,0.0,,,0
discovery_v1,conflict,discovery,llm_direct,rating_OI_content,True,choice,Yes - Content opposes someone else,31,20,0,11,1.0,0.6451612903225806,0.7843137254901961,,,0
discovery_v1,conflict,discovery,llm_direct,rating_OI_content,True,choice,No - Content does not oppose anyone,1,1,11,0,0.08333333333333333,1.0,0.15384615384615385,,,0
discovery_v1,conflict,discovery,llm_direct,rating_OI_expression,True,choice,Yes - Expression is emotional/forceful,4,2,6,2,0.25,0.5,0.3333333333333333,,,0
discovery_v1,conflict,discovery,llm_direct,rating_OI_expression,True,choice,No - Expression is not emotional/forceful,28,22,2,6,0.9166666666666666,0.7857142857142857,0.8461538461538461,,,0
discovery_v1,mbd,discovery,jev_anchored,type,True,choice,fact,19,0,0,19,0.0,0.0,0.0,,,0
discovery_v1,mbd,discovery,jev_anchored,type,True,choice,opinion,1,0,0,1,0.0,0.0,0.0,,,0
discovery_v1,mbd,discovery,jev_anchored,type,True,choice,borderline,0,0,0,0,0.0,0.0,0.0,,,0
discovery_v1,mbd,discovery,jev_anchored,type,True,choice,quote,0,0,0,0,0.0,0.0,0.0,,,0
discovery_v1,mbd,discovery,jev_anchored,type,True,choice,other,4,0,0,4,0.0,0.0,0.0,,,0
discovery_v1,mbd,discovery,jev_anchored,tone,True,choice,positive,3,0,0,3,0.0,0.0,0.0,,,0
discovery_v1,mbd,discovery,jev_anchored,tone,True,choice,negative,0,0,0,0,0.0,0.0,0.0,,,0
discovery_v1,mbd,discovery,jev_anchored,tone,True,choice,neutral,21,0,0,21,0.0,0.0,0.0,,,0
discovery_v1,mbd,discovery,jev_anchored,focus,True,choice,democrat,0,0,0,0,0.0,0.0,0.0,,,0
discovery_v1,mbd,discovery,jev_anchored,focus,True,choice,republican,0,0,0,0,0.0,0.0,0.0,,,0
discovery_v1,mbd,discovery,jev_anchored,focus,True,choice,both,0,0,0,0,0.0,0.0,0.0,,,0
discovery_v1,mbd,discovery,jev_anchored,focus,True,choice,neither,24,0,0,24,0.0,0.0,0.0,,,0
discovery_v1,mbd,discovery,jev_compact,type,True,choice,fact,19,0,0,19,0.0,0.0,0.0,,,0
discovery_v1,mbd,discovery,jev_compact,type,True,choice,opinion,1,0,0,1,0.0,0.0,0.0,,,0
discovery_v1,mbd,discovery,jev_compact,type,True,choice,borderline,0,0,0,0,0.0,0.0,0.0,,,0
discovery_v1,mbd,discovery,jev_compact,type,True,choice,quote,0,0,0,0,0.0,0.0,0.0,,,0
discovery_v1,mbd,discovery,jev_compact,type,True,choice,other,4,0,0,4,0.0,0.0,0.0,,,0
discovery_v1,mbd,discovery,jev_compact,tone,True,choice,positive,3,0,0,3,0.0,0.0,0.0,,,0
discovery_v1,mbd,discovery,jev_compact,tone,True,choice,negative,0,0,0,0,0.0,0.0,0.0,,,0
discovery_v1,mbd,discovery,jev_compact,tone,True,choice,neutral,21,0,0,21,0.0,0.0,0.0,,,0
discovery_v1,mbd,discovery,jev_compact,focus,True,choice,democrat,0,0,0,0,0.0,0.0,0.0,,,0
discovery_v1,mbd,discovery,jev_compact,focus,True,choice,republican,0,0,0,0,0.0,0.0,0.0,,,0
discovery_v1,mbd,discovery,jev_compact,focus,True,choice,both,0,0,0,0,0.0,0.0,0.0,,,0
discovery_v1,mbd,discovery,jev_compact,focus,True,choice,neither,24,0,0,24,0.0,0.0,0.0,,,0
discovery_v1,mbd,discovery,jev_verbose,type,True,choice,fact,19,0,0,19,0.0,0.0,0.0,,,0
discovery_v1,mbd,discovery,jev_verbose,type,True,choice,opinion,1,0,0,1,0.0,0.0,0.0,,,0
discovery_v1,mbd,discovery,jev_verbose,type,True,choice,borderline,0,0,0,0,0.0,0.0,0.0,,,0
discovery_v1,mbd,discovery,jev_verbose,type,True,choice,quote,0,0,0,0,0.0,0.0,0.0,,,0
discovery_v1,mbd,discovery,jev_verbose,type,True,choice,other,4,0,0,4,0.0,0.0,0.0,,,0
discovery_v1,mbd,discovery,jev_verbose,tone,True,choice,positive,3,0,0,3,0.0,0.0,0.0,,,0
discovery_v1,mbd,discovery,jev_verbose,tone,True,choice,negative,0,0,0,0,0.0,0.0,0.0,,,0
discovery_v1,mbd,discovery,jev_verbose,tone,True,choice,neutral,21,0,0,21,0.0,0.0,0.0,,,0
discovery_v1,mbd,discovery,jev_verbose,focus,True,choice,democrat,0,0,0,0,0.0,0.0,0.0,,,0
discovery_v1,mbd,discovery,jev_verbose,focus,True,choice,republican,0,0,0,0,0.0,0.0,0.0,,,0
discovery_v1,mbd,discovery,jev_verbose,focus,True,choice,both,0,0,0,0,0.0,0.0,0.0,,,0
discovery_v1,mbd,discovery,jev_verbose,focus,True,choice,neither,24,0,0,24,0.0,0.0,0.0,,,0
discovery_v1,mbd,discovery,llm_direct,type,True,choice,fact,19,11,0,8,1.0,0.5789473684210527,0.7333333333333333,,,0
discovery_v1,mbd,discovery,llm_direct,type,True,choice,opinion,1,1,6,0,0.14285714285714285,1.0,0.25,,,0
discovery_v1,mbd,discovery,llm_direct,type,True,choice,borderline,0,0,1,0,0.0,0.0,0.0,,,0
discovery_v1,mbd,discovery,llm_direct,type,True,choice,quote,0,0,0,0,0.0,0.0,0.0,,,0
discovery_v1,mbd,discovery,llm_direct,type,True,choice,other,4,4,1,0,0.8,1.0,0.8888888888888888,,,0
discovery_v1,mbd,discovery,llm_direct,tone,True,choice,positive,3,3,6,0,0.3333333333333333,1.0,0.5,,,0
discovery_v1,mbd,discovery,llm_direct,tone,True,choice,negative,0,0,0,0,0.0,0.0,0.0,,,0
discovery_v1,mbd,discovery,llm_direct,tone,True,choice,neutral,21,15,0,6,1.0,0.7142857142857143,0.8333333333333334,,,0
discovery_v1,mbd,discovery,llm_direct,focus,True,choice,democrat,0,0,0,0,0.0,0.0,0.0,,,0
discovery_v1,mbd,discovery,llm_direct,focus,True,choice,republican,0,0,0,0,0.0,0.0,0.0,,,0
discovery_v1,mbd,discovery,llm_direct,focus,True,choice,both,0,0,0,0,0.0,0.0,0.0,,,0
discovery_v1,mbd,discovery,llm_direct,focus,True,choice,neither,24,24,0,0,1.0,1.0,1.0,,,0
discovery_v2,babe,discovery,jev_anchored,label_bias,True,choice,Non-biased,97,74,18,23,0.8043478260869565,0.7628865979381443,0.783068783068783,0.8460614553097788,0.8062937939142182,200
discovery_v2,babe,discovery,jev_anchored,label_bias,True,choice,Biased,103,85,23,18,0.7870370370370371,0.8252427184466019,0.8056872037914692,0.8460614553097788,0.838011497978122,200
discovery_v2,babe,discovery,jev_compact,label_bias,True,choice,Non-biased,97,73,23,24,0.7604166666666666,0.7525773195876289,0.7564766839378239,0.8364528075267741,0.805974403004815,200
discovery_v2,babe,discovery,jev_compact,label_bias,True,choice,Biased,103,80,24,23,0.7692307692307693,0.7766990291262136,0.7729468599033816,0.8364528075267741,0.8242111720616514,200
discovery_v2,babe,discovery,jev_verbose,label_bias,True,choice,Non-biased,97,76,14,21,0.8444444444444444,0.7835051546391752,0.8128342245989305,0.9027124411970774,0.8967055190635337,200
discovery_v2,babe,discovery,jev_verbose,label_bias,True,choice,Biased,103,89,21,14,0.8090909090909091,0.8640776699029126,0.8356807511737089,0.9027124411970774,0.8917685617404106,200
discovery_v2,babe,discovery,llm_direct,label_bias,True,choice,Non-biased,97,74,16,23,0.8222222222222222,0.7628865979381443,0.7914438502673797,,,0
discovery_v2,babe,discovery,llm_direct,label_bias,True,choice,Biased,103,87,23,16,0.7909090909090909,0.8446601941747572,0.8169014084507042,,,0
discovery_v2,conflict,discovery,jev_anchored,rating_directness_content,True,choice,Yes - Direct Content,92,84,0,8,1.0,0.9130434782608695,0.9545454545454546,,,92
discovery_v2,conflict,discovery,jev_anchored,rating_directness_content,True,choice,Neutral - Content contains no opinion,0,0,3,0,0.0,0.0,0.0,,,92
discovery_v2,conflict,discovery,jev_anchored,rating_directness_content,True,choice,No - Indirect Content,0,0,5,0,0.0,0.0,0.0,,,92
discovery_v2,conflict,discovery,jev_anchored,rating_directness_expression,True,choice,Yes - Direct Expression,87,73,3,14,0.9605263157894737,0.8390804597701149,0.8957055214723927,0.6425287356321839,0.9606318404063053,92
discovery_v2,conflict,discovery,jev_anchored,rating_directness_expression,True,choice,No - Indirect Expression,5,2,14,3,0.125,0.4,0.19047619047619047,0.6425287356321839,0.17266009852216752,92
discovery_v2,conflict,discovery,jev_anchored,rating_OI_content,True,choice,Yes - Content opposes someone else,90,72,1,18,0.9863013698630136,0.8,0.8834355828220859,0.7861111111111111,0.993821422672171,92
discovery_v2,conflict,discovery,jev_anchored,rating_OI_content,True,choice,No - Content does not oppose anyone,2,1,18,1,0.05263157894736842,0.5,0.09523809523809523,0.7861111111111111,0.19166666666666665,92
discovery_v2,conflict,discovery,jev_anchored,rating_OI_expression,True,choice,Yes - Expression is emotional/forceful,16,8,16,8,0.3333333333333333,0.5,0.4,0.7129934210526315,0.4654074994107686,92
discovery_v2,conflict,discovery,jev_anchored,rating_OI_expression,True,choice,No - Expression is not emotional/forceful,76,60,8,16,0.8823529411764706,0.7894736842105263,0.8333333333333334,0.7129934210526315,0.9034104338758657,92
discovery_v2,conflict,discovery,jev_compact,rating_directness_content,True,choice,Yes - Direct Content,92,85,0,7,1.0,0.9239130434782609,0.96045197740113,,,92
discovery_v2,conflict,discovery,jev_compact,rating_directness_content,True,choice,Neutral - Content contains no opinion,0,0,3,0,0.0,0.0,0.0,,,92
discovery_v2,conflict,discovery,jev_compact,rating_directness_content,True,choice,No - Indirect Content,0,0,4,0,0.0,0.0,0.0,,,92
discovery_v2,conflict,discovery,jev_compact,rating_directness_expression,True,choice,Yes - Direct Expression,87,73,3,14,0.9605263157894737,0.8390804597701149,0.8957055214723927,0.667816091954023,0.9671086493930734,92
discovery_v2,conflict,discovery,jev_compact,rating_directness_expression,True,choice,No - Indirect Expression,5,2,14,3,0.125,0.4,0.19047619047619047,0.667816091954023,0.14612345679012345,92
discovery_v2,conflict,discovery,jev_compact,rating_OI_content,True,choice,Yes - Content opposes someone else,90,71,1,19,0.9861111111111112,0.7888888888888889,0.8765432098765432,0.8055555555555556,0.9946607149293957,92
discovery_v2,conflict,discovery,jev_compact,rating_OI_content,True,choice,No - Content does not oppose anyone,2,1,19,1,0.05,0.5,0.09090909090909091,0.8055555555555556,0.527027027027027,92
discovery_v2,conflict,discovery,jev_compact,rating_OI_expression,True,choice,Yes - Expression is emotional/forceful,16,9,15,7,0.375,0.5625,0.45,0.7101151315789473,0.45090768273712645,92
discovery_v2,conflict,discovery,jev_compact,rating_OI_expression,True,choice,No - Expression is not emotional/forceful,76,61,7,15,0.8970588235294118,0.8026315789473685,0.8472222222222222,0.7101151315789473,0.9053022630813489,92
discovery_v2,conflict,discovery,jev_verbose,rating_directness_content,True,choice,Yes - Direct Content,92,82,0,10,1.0,0.8913043478260869,0.9425287356321839,,,92
discovery_v2,conflict,discovery,jev_verbose,rating_directness_content,True,choice,Neutral - Content contains no opinion,0,0,3,0,0.0,0.0,0.0,,,92
discovery_v2,conflict,discovery,jev_verbose,rating_directness_content,True,choice,No - Indirect Content,0,0,7,0,0.0,0.0,0.0,,,92
discovery_v2,conflict,discovery,jev_verbose,rating_directness_expression,True,choice,Yes - Direct Expression,87,81,2,6,0.9759036144578314,0.9310344827586207,0.9529411764705882,0.8586206896551725,0.9893390887106485,92
discovery_v2,conflict,discovery,jev_verbose,rating_directness_expression,True,choice,No - Indirect Expression,5,3,6,2,0.3333333333333333,0.6,0.42857142857142855,0.8586206896551725,0.5640522875816993,92
discovery_v2,conflict,discovery,jev_verbose,rating_OI_content,True,choice,Yes - Content opposes someone else,90,76,0,14,1.0,0.8444444444444444,0.9156626506024096,0.9694444444444444,0.9992575639789528,92
discovery_v2,conflict,discovery,jev_verbose,rating_OI_content,True,choice,No - Content does not oppose anyone,2,2,14,0,0.125,1.0,0.2222222222222222,0.9694444444444444,0.39285714285714285,92
discovery_v2,conflict,discovery,jev_verbose,rating_OI_expression,True,choice,Yes - Expression is emotional/forceful,16,9,19,7,0.32142857142857145,0.5625,0.4090909090909091,0.7462993421052632,0.47466319628084336,92
discovery_v2,conflict,discovery,jev_verbose,rating_OI_expression,True,choice,No - Expression is not emotional/forceful,76,57,7,19,0.890625,0.75,0.8142857142857143,0.7462993421052632,0.9270330066503331,92
discovery_v2,conflict,discovery,llm_direct,rating_directness_content,True,choice,Yes - Direct Content,92,89,0,3,1.0,0.967391304347826,0.9834254143646409,,,0
discovery_v2,conflict,discovery,llm_direct,rating_directness_content,True,choice,Neutral - Content contains no opinion,0,0,1,0,0.0,0.0,0.0,,,0
discovery_v2,conflict,discovery,llm_direct,rating_directness_content,True,choice,No - Indirect Content,0,0,2,0,0.0,0.0,0.0,,,0
discovery_v2,conflict,discovery,llm_direct,rating_directness_expression,True,choice,Yes - Direct Expression,87,84,3,3,0.9655172413793104,0.9655172413793104,0.9655172413793104,,,0
discovery_v2,conflict,discovery,llm_direct,rating_directness_expression,True,choice,No - Indirect Expression,5,2,3,3,0.4,0.4,0.4,,,0
discovery_v2,conflict,discovery,llm_direct,rating_OI_content,True,choice,Yes - Content opposes someone else,90,67,0,23,1.0,0.7444444444444445,0.8535031847133758,,,0
discovery_v2,conflict,discovery,llm_direct,rating_OI_content,True,choice,No - Content does not oppose anyone,2,2,23,0,0.08,1.0,0.14814814814814814,,,0
discovery_v2,conflict,discovery,llm_direct,rating_OI_expression,True,choice,Yes - Expression is emotional/forceful,16,7,11,9,0.3888888888888889,0.4375,0.4117647058823529,,,0
discovery_v2,conflict,discovery,llm_direct,rating_OI_expression,True,choice,No - Expression is not emotional/forceful,76,65,9,11,0.8783783783783784,0.8552631578947368,0.8666666666666667,,,0
discovery_v2,mbd,discovery,jev_anchored,type,True,choice,fact,106,32,7,74,0.8205128205128205,0.3018867924528302,0.4413793103448276,0.9161585365853658,0.8330043938438886,113
discovery_v2,mbd,discovery,jev_anchored,type,True,choice,opinion,4,2,2,2,0.5,0.5,0.5,0.7637614678899083,0.44999999999999996,113
discovery_v2,mbd,discovery,jev_anchored,type,True,choice,borderline,1,0,3,1,0.0,0.0,0.0,,,113
discovery_v2,mbd,discovery,jev_anchored,type,True,choice,quote,73,47,2,26,0.9591836734693877,0.6438356164383562,0.7704918032786885,0.9722572509457755,0.9408921900454491,113
discovery_v2,mbd,discovery,jev_anchored,type,True,choice,other,25,12,6,13,0.6666666666666666,0.48,0.5581395348837209,0.9487757731958762,0.8240967164203279,113
discovery_v2,mbd,discovery,jev_anchored,tone,True,choice,positive,12,10,8,2,0.5555555555555556,0.8333333333333334,0.6666666666666666,0.9593998234774934,0.6235025001736232,114
discovery_v2,mbd,discovery,jev_anchored,tone,True,choice,negative,35,24,5,11,0.8275862068965517,0.6857142857142857,0.75,0.9678586632609621,0.9117487744449666,114
discovery_v2,mbd,discovery,jev_anchored,tone,True,choice,neutral,163,63,4,100,0.9402985074626866,0.38650306748466257,0.5478260869565217,0.9130886426592798,0.9565318170945646,114
discovery_v2,mbd,discovery,jev_anchored,focus,True,choice,democrat,15,6,4,9,0.6,0.4,0.48,0.9865629420084866,0.8595238095238096,108
discovery_v2,mbd,discovery,jev_anchored,focus,True,choice,republican,34,14,0,20,1.0,0.4117647058823529,0.5833333333333334,0.9918076109936576,0.9686693449811887,108
discovery_v2,mbd,discovery,jev_anchored,focus,True,choice,both,11,7,4,4,0.6363636363636364,0.6363636363636364,0.6363636363636364,0.9662605435801312,0.8147359963269055,108
discovery_v2,mbd,discovery,jev_anchored,focus,True,choice,neither,144,65,8,79,0.8904109589041096,0.4513888888888889,0.5990783410138248,0.978125,0.9882086692338776,108
discovery_v2,mbd,discovery,jev_compact,type,True,choice,fact,106,30,7,76,0.8108108108108109,0.2830188679245283,0.4195804195804196,0.9168360433604336,0.8391402591333234,113
discovery_v2,mbd,discovery,jev_compact,type,True,choice,opinion,4,2,3,2,0.4,0.5,0.4444444444444444,0.8073394495412844,0.4155869910100476,113
discovery_v2,mbd,discovery,jev_compact,type,True,choice,borderline,1,0,2,1,0.0,0.0,0.0,,,113
discovery_v2,mbd,discovery,jev_compact,type,True,choice,quote,73,47,3,26,0.94,0.6438356164383562,0.7642276422764228,0.9720996216897856,0.9530516008015686,113
discovery_v2,mbd,discovery,jev_compact,type,True,choice,other,25,12,7,13,0.631578947368421,0.48,0.5454545454545454,0.9574742268041238,0.8269926601176603,113
discovery_v2,mbd,discovery,jev_compact,tone,True,choice,positive,12,10,8,2,0.5555555555555556,0.8333333333333334,0.6666666666666666,0.9598411297440423,0.6467451665981078,114
discovery_v2,mbd,discovery,jev_compact,tone,True,choice,negative,35,24,6,11,0.8,0.6857142857142857,0.7384615384615385,0.9689229459344402,0.9159189578599327,114
discovery_v2,mbd,discovery,jev_compact,tone,True,choice,neutral,163,62,4,101,0.9393939393939394,0.3803680981595092,0.5414847161572053,0.9134349030470914,0.955071793653914,114
discovery_v2,mbd,discovery,jev_compact,focus,True,choice,democrat,15,5,3,10,0.625,0.3333333333333333,0.43478260869565216,0.9915134370579916,0.9142857142857141,108
discovery_v2,mbd,discovery,jev_compact,focus,True,choice,republican,34,16,0,18,1.0,0.47058823529411764,0.64,0.9936575052854123,0.9796783832109917,108
discovery_v2,mbd,discovery,jev_compact,focus,True,choice,both,11,8,4,3,0.6666666666666666,0.7272727272727273,0.6956521739130435,0.9690721649484536,0.8367171717171717,108
discovery_v2,mbd,discovery,jev_compact,focus,True,choice,neither,144,65,7,79,0.9027777777777778,0.4513888888888889,0.6018518518518519,0.9818014705882353,0.9901213627799609,108
discovery_v2,mbd,discovery,jev_verbose,type,True,choice,fact,106,30,10,76,0.75,0.2830188679245283,0.410958904109589,0.8922764227642277,0.7530913559136556,113
discovery_v2,mbd,discovery,jev_verbose,type,True,choice,opinion,4,2,3,2,0.4,0.5,0.4444444444444444,0.7970183486238532,0.4089366515837104,113
discovery_v2,mbd,discovery,jev_verbose,type,True,choice,borderline,1,0,8,1,0.0,0.0,0.0,,,113
discovery_v2,mbd,discovery,jev_verbose,type,True,choice,quote,73,45,2,28,0.9574468085106383,0.6164383561643836,0.75,0.9698928121059268,0.9293574130991418,113
discovery_v2,mbd,discovery,jev_verbose,type,True,choice,other,25,9,4,16,0.6923076923076923,0.36,0.47368421052631576,0.9059278350515464,0.7677202585803249,113
discovery_v2,mbd,discovery,jev_verbose,tone,True,choice,positive,12,10,13,2,0.43478260869565216,0.8333333333333334,0.5714285714285714,0.9677846425419241,0.6812187812187811,114
discovery_v2,mbd,discovery,jev_verbose,tone,True,choice,negative,35,24,8,11,0.75,0.6857142857142857,0.7164179104477612,0.9785014899957428,0.9361993168262221,114
discovery_v2,mbd,discovery,jev_verbose,tone,True,choice,neutral,163,55,4,108,0.9322033898305084,0.3374233128834356,0.4954954954954955,0.923303324099723,0.9614455658402739,114
discovery_v2,mbd,discovery,jev_verbose,focus,True,choice,democrat,15,7,3,8,0.7,0.4666666666666667,0.56,0.9915134370579916,0.9095238095238094,108
discovery_v2,mbd,discovery,jev_verbose,focus,True,choice,republican,34,16,0,18,1.0,0.47058823529411764,0.64,0.9989429175475687,0.9960474308300391,108
discovery_v2,mbd,discovery,jev_verbose,focus,True,choice,both,11,7,1,4,0.875,0.6363636363636364,0.7368421052631579,0.9756326148078726,0.8197438784126092,108
discovery_v2,mbd,discovery,jev_verbose,focus,True,choice,neither,144,67,7,77,0.9054054054054054,0.4652777777777778,0.6146788990825688,0.9795955882352941,0.9900624192458956,108
discovery_v2,mbd,discovery,llm_direct,type,True,choice,fact,106,87,7,19,0.925531914893617,0.8207547169811321,0.87,,,0
discovery_v2,mbd,discovery,llm_direct,type,True,choice,opinion,4,2,7,2,0.2222222222222222,0.5,0.3076923076923077,,,0
discovery_v2,mbd,discovery,llm_direct,type,True,choice,borderline,1,0,2,1,0.0,0.0,0.0,,,0
discovery_v2,mbd,discovery,llm_direct,type,True,choice,quote,73,69,6,4,0.92,0.9452054794520548,0.9324324324324325,,,0
discovery_v2,mbd,discovery,llm_direct,type,True,choice,other,25,23,6,2,0.7931034482758621,0.92,0.8518518518518519,,,0
discovery_v2,mbd,discovery,llm_direct,tone,True,choice,positive,12,10,13,2,0.43478260869565216,0.8333333333333334,0.5714285714285714,,,0
discovery_v2,mbd,discovery,llm_direct,tone,True,choice,negative,35,27,7,8,0.7941176470588235,0.7714285714285715,0.782608695652174,,,0
discovery_v2,mbd,discovery,llm_direct,tone,True,choice,neutral,163,143,10,20,0.934640522875817,0.8773006134969326,0.9050632911392406,,,0
discovery_v2,mbd,discovery,llm_direct,focus,True,choice,democrat,15,8,2,7,0.8,0.5333333333333333,0.64,,,0
discovery_v2,mbd,discovery,llm_direct,focus,True,choice,republican,34,19,1,15,0.95,0.5588235294117647,0.7037037037037037,,,0
discovery_v2,mbd,discovery,llm_direct,focus,True,choice,both,11,8,4,3,0.6666666666666666,0.7272727272727273,0.6956521739130435,,,0
discovery_v2,mbd,discovery,llm_direct,focus,True,choice,neither,144,143,19,1,0.8827160493827161,0.9930555555555556,0.934640522875817,,,0
discovery_v2,ucc,discovery,jev_anchored,healthy,True,choice,0,18,12,102,6,0.10526315789473684,0.6666666666666666,0.18181818181818182,0.6332465277777778,0.17070839306495217,210
discovery_v2,ucc,discovery,jev_anchored,healthy,True,choice,1,192,90,6,102,0.9375,0.46875,0.625,0.6332465277777778,0.9367941956853424,210
discovery_v2,ucc,discovery,jev_anchored,sarcastic,True,choice,0,205,142,2,63,0.9861111111111112,0.6926829268292682,0.8137535816618912,0.6682926829268293,0.9873820140197732,210
discovery_v2,ucc,discovery,jev_anchored,sarcastic,True,choice,1,5,3,63,2,0.045454545454545456,0.6,0.08450704225352113,0.6682926829268293,0.05286389223231329,210
discovery_v2,ucc,discovery,jev_anchored,generalisation,False,choice,0,207,171,0,36,1.0,0.8260869565217391,0.9047619047619048,0.8687600644122383,0.9979567512324697,210
discovery_v2,ucc,discovery,jev_anchored,generalisation,False,choice,1,3,3,36,0,0.07692307692307693,1.0,0.14285714285714285,0.8687600644122383,0.06489326765188834,210
discovery_v2,ucc,discovery,jev_anchored,generalisation_unfair,True,choice,0,207,170,2,37,0.9883720930232558,0.821256038647343,0.8970976253298153,0.7600644122383253,0.9959548327737413,210
discovery_v2,ucc,discovery,jev_anchored,generalisation_unfair,True,choice,1,3,1,37,2,0.02631578947368421,0.3333333333333333,0.04878048780487805,0.7600644122383253,0.037483521820578646,210
discovery_v2,ucc,discovery,jev_anchored,hostile,True,choice,0,208,146,0,62,1.0,0.7019230769230769,0.8248587570621468,0.8858173076923077,0.9987234058742824,210
discovery_v2,ucc,discovery,jev_anchored,hostile,True,choice,1,2,2,62,0,0.03125,1.0,0.06060606060606061,0.8858173076923077,0.5196078431372549,210
discovery_v2,ucc,discovery,jev_anchored,antagonize,True,choice,0,203,110,1,93,0.990990990990991,0.541871921182266,0.7006369426751592,0.7758620689655172,0.979077841348731,210
discovery_v2,ucc,discovery,jev_anchored,antagonize,True,choice,1,7,6,93,1,0.06060606060606061,0.8571428571428571,0.11320754716981132,0.7758620689655172,0.5027967019529749,210
discovery_v2,ucc,discovery,jev_anchored,condescending,True,choice,0,206,137,2,69,0.9856115107913669,0.6650485436893204,0.7942028985507247,0.7785194174757282,0.9945175138623125,210
discovery_v2,ucc,discovery,jev_anchored,condescending,True,choice,1,4,2,69,2,0.028169014084507043,0.5,0.05333333333333334,0.7785194174757282,0.18970189701897022,210
discovery_v2,ucc,discovery,jev_anchored,dismissive,True,choice,0,207,137,1,70,0.9927536231884058,0.6618357487922706,0.7942028985507247,0.7616747181964574,0.9959830671735599,210
discovery_v2,ucc,discovery,jev_anchored,dismissive,True,choice,1,3,2,70,1,0.027777777777777776,0.6666666666666666,0.05333333333333334,0.7616747181964574,0.037516339869281046,210
discovery_v2,ucc,discovery,jev_compact,healthy,True,choice,0,18,12,99,6,0.10810810810810811,0.6666666666666666,0.18604651162790697,0.6558159722222222,0.181580444946399,210
discovery_v2,ucc,discovery,jev_compact,healthy,True,choice,1,192,93,6,99,0.9393939393939394,0.484375,0.6391752577319587,0.6558159722222222,0.9433597904155359,210
discovery_v2,ucc,discovery,jev_compact,sarcastic,True,choice,0,205,142,1,63,0.993006993006993,0.6926829268292682,0.8160919540229885,0.6941463414634146,0.9886003653577797,210
discovery_v2,ucc,discovery,jev_compact,sarcastic,True,choice,1,5,4,63,1,0.05970149253731343,0.8,0.1111111111111111,0.6941463414634146,0.06476719539179908,210
discovery_v2,ucc,discovery,jev_compact,generalisation,False,choice,0,207,173,1,34,0.9942528735632183,0.8357487922705314,0.9081364829396326,0.8518518518518519,0.9975927580547408,210
discovery_v2,ucc,discovery,jev_compact,generalisation,False,choice,1,3,2,34,1,0.05555555555555555,0.6666666666666666,0.10256410256410256,0.8518518518518519,0.06889564336372847,210
discovery_v2,ucc,discovery,jev_compact,generalisation_unfair,True,choice,0,207,176,2,31,0.9887640449438202,0.8502415458937198,0.9142857142857143,0.8051529790660226,0.9967132075489833,210
discovery_v2,ucc,discovery,jev_compact,generalisation_unfair,True,choice,1,3,1,31,2,0.03125,0.3333333333333333,0.05714285714285714,0.8051529790660226,0.05144086394086394,210
discovery_v2,ucc,discovery,jev_compact,hostile,True,choice,0,208,152,0,56,1.0,0.7307692307692307,0.8444444444444444,0.890625,0.9988119714407958,210
discovery_v2,ucc,discovery,jev_compact,hostile,True,choice,1,2,2,56,0,0.034482758620689655,1.0,0.06666666666666667,0.890625,0.5208333333333334,210
discovery_v2,ucc,discovery,jev_compact,antagonize,True,choice,0,203,111,1,92,0.9910714285714286,0.5467980295566502,0.7047619047619048,0.7931034482758621,0.9799692541869501,210
discovery_v2,ucc,discovery,jev_compact,antagonize,True,choice,1,7,6,92,1,0.061224489795918366,0.8571428571428571,0.11428571428571428,0.7931034482758621,0.497231784279977,210
discovery_v2,ucc,discovery,jev_compact,condescending,True,choice,0,206,143,2,63,0.9862068965517241,0.6941747572815534,0.8148148148148148,0.8003640776699029,0.995082357067679,210
discovery_v2,ucc,discovery,jev_compact,condescending,True,choice,1,4,2,63,2,0.03076923076923077,0.5,0.057971014492753624,0.8003640776699029,0.19131185270425777,210
discovery_v2,ucc,discovery,jev_compact,dismissive,True,choice,0,207,136,0,71,1.0,0.6570048309178744,0.793002915451895,0.749597423510467,0.9958005262151548,210
discovery_v2,ucc,discovery,jev_compact,dismissive,True,choice,1,3,3,71,0,0.04054054054054054,1.0,0.07792207792207792,0.749597423510467,0.03521601959101959,210
discovery_v2,ucc,discovery,jev_verbose,healthy,True,choice,0,18,12,88,6,0.12,0.6666666666666666,0.2033898305084746,0.7184606481481481,0.21086222320862405,210
discovery_v2,ucc,discovery,jev_verbose,healthy,True,choice,1,192,104,6,88,0.9454545454545454,0.5416666666666666,0.6887417218543046,0.7184606481481481,0.9637340102880511,210
discovery_v2,ucc,discovery,jev_verbose,sarcastic,True,choice,0,205,131,2,74,0.9849624060150376,0.6390243902439025,0.7751479289940828,0.6980487804878048,0.9894693326413809,210
discovery_v2,ucc,discovery,jev_verbose,sarcastic,True,choice,1,5,3,74,2,0.03896103896103896,0.6,0.07317073170731707,0.6980487804878048,0.05725174422542844,210
discovery_v2,ucc,discovery,jev_verbose,generalisation,False,choice,0,207,181,0,26,1.0,0.8743961352657005,0.9329896907216495,0.9380032206119162,0.9990662210466608,210
discovery_v2,ucc,discovery,jev_verbose,generalisation,False,choice,1,3,3,26,0,0.10344827586206896,1.0,0.1875,0.9380032206119162,0.1369047619047619,210
discovery_v2,ucc,discovery,jev_verbose,generalisation_unfair,True,choice,0,207,189,1,18,0.9947368421052631,0.9130434782608695,0.9521410579345088,0.9227053140096618,0.9987904495979409,210
discovery_v2,ucc,discovery,jev_verbose,generalisation_unfair,True,choice,1,3,2,18,1,0.1,0.6666666666666666,0.17391304347826086,0.9227053140096618,0.10833333333333334,210
discovery_v2,ucc,discovery,jev_verbose,hostile,True,choice,0,208,147,0,61,1.0,0.7067307692307693,0.828169014084507,0.8509615384615384,0.9982843182910308,210
discovery_v2,ucc,discovery,jev_verbose,hostile,True,choice,1,2,2,61,0,0.031746031746031744,1.0,0.06153846153846154,0.8509615384615384,0.14087301587301587,210
discovery_v2,ucc,discovery,jev_verbose,antagonize,True,choice,0,203,118,2,85,0.9833333333333333,0.5812807881773399,0.7306501547987616,0.8416608022519353,0.9926965539839308,210
discovery_v2,ucc,discovery,jev_verbose,antagonize,True,choice,1,7,5,85,2,0.05555555555555555,0.7142857142857143,0.10309278350515463,0.8416608022519353,0.35756779580557957,210
discovery_v2,ucc,discovery,jev_verbose,condescending,True,choice,0,206,129,1,77,0.9923076923076923,0.6262135922330098,0.7678571428571429,0.7949029126213593,0.9945041571931075,210
discovery_v2,ucc,discovery,jev_verbose,condescending,True,choice,1,4,3,77,1,0.0375,0.75,0.07142857142857142,0.7949029126213593,0.20399175930534813,210
discovery_v2,ucc,discovery,jev_verbose,dismissive,True,choice,0,207,128,1,79,0.9922480620155039,0.6183574879227053,0.7619047619047619,0.7713365539452496,0.995930682812878,210
discovery_v2,ucc,discovery,jev_verbose,dismissive,True,choice,1,3,2,79,1,0.024691358024691357,0.6666666666666666,0.047619047619047616,0.7713365539452496,0.043400249635947574,210
discovery_v2,ucc,discovery,llm_direct,healthy,True,choice,0,18,11,62,7,0.1506849315068493,0.6111111111111112,0.24175824175824176,,,0
discovery_v2,ucc,discovery,llm_direct,healthy,True,choice,1,192,130,7,62,0.948905109489051,0.6770833333333334,0.790273556231003,,,0
discovery_v2,ucc,discovery,llm_direct,sarcastic,True,choice,0,205,165,3,40,0.9821428571428571,0.8048780487804879,0.8847184986595175,,,0
discovery_v2,ucc,discovery,llm_direct,sarcastic,True,choice,1,5,2,40,3,0.047619047619047616,0.4,0.0851063829787234,,,0
discovery_v2,ucc,discovery,llm_direct,generalisation,False,choice,0,207,183,1,24,0.9945652173913043,0.8840579710144928,0.9360613810741688,,,0
discovery_v2,ucc,discovery,llm_direct,generalisation,False,choice,1,3,2,24,1,0.07692307692307693,0.6666666666666666,0.13793103448275862,,,0
discovery_v2,ucc,discovery,llm_direct,generalisation_unfair,True,choice,0,207,184,1,23,0.9945945945945946,0.8888888888888888,0.9387755102040817,,,0
discovery_v2,ucc,discovery,llm_direct,generalisation_unfair,True,choice,1,3,2,23,1,0.08,0.6666666666666666,0.14285714285714285,,,0
discovery_v2,ucc,discovery,llm_direct,hostile,True,choice,0,208,153,1,55,0.9935064935064936,0.7355769230769231,0.8453038674033149,,,0
discovery_v2,ucc,discovery,llm_direct,hostile,True,choice,1,2,1,55,1,0.017857142857142856,0.5,0.034482758620689655,,,0
discovery_v2,ucc,discovery,llm_direct,antagonize,True,choice,0,203,155,1,48,0.9935897435897436,0.7635467980295566,0.8635097493036211,,,0
discovery_v2,ucc,discovery,llm_direct,antagonize,True,choice,1,7,6,48,1,0.1111111111111111,0.8571428571428571,0.19672131147540983,,,0
discovery_v2,ucc,discovery,llm_direct,condescending,True,choice,0,206,159,0,47,1.0,0.7718446601941747,0.8712328767123287,,,0
discovery_v2,ucc,discovery,llm_direct,condescending,True,choice,1,4,4,47,0,0.0784313725490196,1.0,0.14545454545454545,,,0
discovery_v2,ucc,discovery,llm_direct,dismissive,True,choice,0,207,164,1,43,0.9939393939393939,0.7922705314009661,0.8817204301075269,,,0
discovery_v2,ucc,discovery,llm_direct,dismissive,True,choice,1,3,2,43,1,0.044444444444444446,0.6666666666666666,0.08333333333333333,,,0
discovery_v3,babe,discovery,jev_anchored,label_bias,True,choice,Non-biased,97,76,21,21,0.7835051546391752,0.7835051546391752,0.7835051546391752,0.8415574016614954,0.8127978886790198,200
discovery_v3,babe,discovery,jev_anchored,label_bias,True,choice,Biased,103,82,21,21,0.7961165048543689,0.7961165048543689,0.7961165048543689,0.8415574016614954,0.8239503622302838,200
discovery_v3,babe,discovery,jev_compact,label_bias,True,choice,Non-biased,97,74,22,23,0.7708333333333334,0.7628865979381443,0.7668393782383419,0.8471624462015814,0.8249352797790509,200
discovery_v3,babe,discovery,jev_compact,label_bias,True,choice,Biased,103,81,23,22,0.7788461538461539,0.7864077669902912,0.782608695652174,0.8471624462015814,0.8282844357380363,200
discovery_v3,babe,discovery,jev_verbose,label_bias,True,choice,Non-biased,97,75,14,22,0.8426966292134831,0.7731958762886598,0.8064516129032258,0.9018616755079572,0.8940124560675005,200
discovery_v3,babe,discovery,jev_verbose,label_bias,True,choice,Biased,103,89,22,14,0.8018018018018018,0.8640776699029126,0.8317757009345794,0.9018616755079572,0.8903260203194465,200
discovery_v3,babe,discovery,llm_direct,label_bias,True,choice,Non-biased,97,74,16,23,0.8222222222222222,0.7628865979381443,0.7914438502673797,,,0
discovery_v3,babe,discovery,llm_direct,label_bias,True,choice,Biased,103,87,23,16,0.7909090909090909,0.8446601941747572,0.8169014084507042,,,0
discovery_v3,conflict,discovery,jev_anchored,rating_directness_content,True,choice,Yes - Direct Content,92,83,0,9,1.0,0.9021739130434783,0.9485714285714286,,,92
discovery_v3,conflict,discovery,jev_anchored,rating_directness_content,True,choice,Neutral - Content contains no opinion,0,0,3,0,0.0,0.0,0.0,,,92
discovery_v3,conflict,discovery,jev_anchored,rating_directness_content,True,choice,No - Indirect Content,0,0,6,0,0.0,0.0,0.0,,,92
discovery_v3,conflict,discovery,jev_anchored,rating_directness_expression,True,choice,Yes - Direct Expression,87,74,3,13,0.961038961038961,0.8505747126436781,0.9024390243902439,0.6402298850574712,0.9618341551562763,92
discovery_v3,conflict,discovery,jev_anchored,rating_directness_expression,True,choice,No - Indirect Expression,5,2,13,3,0.13333333333333333,0.4,0.2,0.6402298850574712,0.15976029468359998,92
discovery_v3,conflict,discovery,jev_anchored,rating_OI_content,True,choice,Yes - Content opposes someone else,90,70,1,20,0.9859154929577465,0.7777777777777778,0.8695652173913043,0.775,0.9934183562360069,92
discovery_v3,conflict,discovery,jev_anchored,rating_OI_content,True,choice,No - Content does not oppose anyone,2,1,20,1,0.047619047619047616,0.5,0.08695652173913043,0.775,0.5232558139534884,92
discovery_v3,conflict,discovery,jev_anchored,rating_OI_expression,True,choice,Yes - Expression is emotional/forceful,16,9,15,7,0.375,0.5625,0.45,0.7014802631578947,0.4482701245190372,92
discovery_v3,conflict,discovery,jev_anchored,rating_OI_expression,True,choice,No - Expression is not emotional/forceful,76,61,7,15,0.8970588235294118,0.8026315789473685,0.8472222222222222,0.7014802631578947,0.8974111039941576,92
discovery_v3,conflict,discovery,jev_compact,rating_directness_content,True,choice,Yes - Direct Content,92,84,0,8,1.0,0.9130434782608695,0.9545454545454546,,,92
discovery_v3,conflict,discovery,jev_compact,rating_directness_content,True,choice,Neutral - Content contains no opinion,0,0,4,0,0.0,0.0,0.0,,,92
discovery_v3,conflict,discovery,jev_compact,rating_directness_content,True,choice,No - Indirect Content,0,0,4,0,0.0,0.0,0.0,,,92
discovery_v3,conflict,discovery,jev_compact,rating_directness_expression,True,choice,Yes - Direct Expression,87,72,3,15,0.96,0.8275862068965517,0.8888888888888888,0.6367816091954023,0.9599411301665169,92
discovery_v3,conflict,discovery,jev_compact,rating_directness_expression,True,choice,No - Indirect Expression,5,2,15,3,0.11764705882352941,0.4,0.18181818181818182,0.6367816091954023,0.1649741063534167,92
discovery_v3,conflict,discovery,jev_compact,rating_OI_content,True,choice,Yes - Content opposes someone else,90,71,1,19,0.9861111111111112,0.7888888888888889,0.8765432098765432,0.8,0.994474173618657,92
discovery_v3,conflict,discovery,jev_compact,rating_OI_content,True,choice,No - Content does not oppose anyone,2,1,19,1,0.05,0.5,0.09090909090909091,0.8,0.5263157894736842,92
discovery_v3,conflict,discovery,jev_compact,rating_OI_expression,True,choice,Yes - Expression is emotional/forceful,16,8,15,8,0.34782608695652173,0.5,0.41025641025641024,0.7224506578947368,0.45339588048110807,92
discovery_v3,conflict,discovery,jev_compact,rating_OI_expression,True,choice,No - Expression is not emotional/forceful,76,61,8,15,0.8840579710144928,0.8026315789473685,0.8413793103448276,0.7224506578947368,0.9081698304399123,92
discovery_v3,conflict,discovery,jev_verbose,rating_directness_content,True,choice,Yes - Direct Content,92,84,0,8,1.0,0.9130434782608695,0.9545454545454546,,,92
discovery_v3,conflict,discovery,jev_verbose,rating_directness_content,True,choice,Neutral - Content contains no opinion,0,0,3,0,0.0,0.0,0.0,,,92
discovery_v3,conflict,discovery,jev_verbose,rating_directness_content,True,choice,No - Indirect Content,0,0,5,0,0.0,0.0,0.0,,,92
discovery_v3,conflict,discovery,jev_verbose,rating_directness_expression,True,choice,Yes - Direct Expression,87,80,2,7,0.975609756097561,0.9195402298850575,0.9467455621301775,0.8597701149425288,0.9892246781995516,92
discovery_v3,conflict,discovery,jev_verbose,rating_directness_expression,True,choice,No - Indirect Expression,5,3,7,2,0.3,0.6,0.4,0.8597701149425288,0.5475641025641026,92
discovery_v3,conflict,discovery,jev_verbose,rating_OI_content,True,choice,Yes - Content opposes someone else,90,75,0,15,1.0,0.8333333333333334,0.9090909090909091,0.9694444444444444,0.9992575639789526,92
discovery_v3,conflict,discovery,jev_verbose,rating_OI_content,True,choice,No - Content does not oppose anyone,2,2,15,0,0.11764705882352941,1.0,0.21052631578947367,0.9694444444444444,0.39285714285714285,92
discovery_v3,conflict,discovery,jev_verbose,rating_OI_expression,True,choice,Yes - Expression is emotional/forceful,16,9,19,7,0.32142857142857145,0.5625,0.4090909090909091,0.7483552631578947,0.47821029039572927,92
discovery_v3,conflict,discovery,jev_verbose,rating_OI_expression,True,choice,No - Expression is not emotional/forceful,76,57,7,19,0.890625,0.75,0.8142857142857143,0.7483552631578947,0.9277830423920251,92
discovery_v3,conflict,discovery,llm_direct,rating_directness_content,True,choice,Yes - Direct Content,92,88,0,4,1.0,0.9565217391304348,0.9777777777777777,,,0
discovery_v3,conflict,discovery,llm_direct,rating_directness_content,True,choice,Neutral - Content contains no opinion,0,0,2,0,0.0,0.0,0.0,,,0
discovery_v3,conflict,discovery,llm_direct,rating_directness_content,True,choice,No - Indirect Content,0,0,2,0,0.0,0.0,0.0,,,0
discovery_v3,conflict,discovery,llm_direct,rating_directness_expression,True,choice,Yes - Direct Expression,87,83,3,4,0.9651162790697675,0.9540229885057471,0.9595375722543352,,,0
discovery_v3,conflict,discovery,llm_direct,rating_directness_expression,True,choice,No - Indirect Expression,5,2,4,3,0.3333333333333333,0.4,0.36363636363636365,,,0
discovery_v3,conflict,discovery,llm_direct,rating_OI_content,True,choice,Yes - Content opposes someone else,90,67,0,23,1.0,0.7444444444444445,0.8535031847133758,,,0
discovery_v3,conflict,discovery,llm_direct,rating_OI_content,True,choice,No - Content does not oppose anyone,2,2,23,0,0.08,1.0,0.14814814814814814,,,0
discovery_v3,conflict,discovery,llm_direct,rating_OI_expression,True,choice,Yes - Expression is emotional/forceful,16,8,15,8,0.34782608695652173,0.5,0.41025641025641024,,,0
discovery_v3,conflict,discovery,llm_direct,rating_OI_expression,True,choice,No - Expression is not emotional/forceful,76,61,8,15,0.8840579710144928,0.8026315789473685,0.8413793103448276,,,0
discovery_v3,mbd,discovery,jev_anchored,type,True,choice,fact,106,89,10,17,0.898989898989899,0.839622641509434,0.8682926829268293,0.9381754900164866,0.9376894939039656,209
discovery_v3,mbd,discovery,jev_anchored,type,True,choice,opinion,4,2,6,2,0.25,0.5,0.3333333333333333,0.8176829268292682,0.3346669037458511,209
discovery_v3,mbd,discovery,jev_anchored,type,True,choice,borderline,1,0,4,1,0.0,0.0,0.0,0.9591346153846154,0.1,209
discovery_v3,mbd,discovery,jev_anchored,type,True,choice,quote,73,66,6,7,0.9166666666666666,0.9041095890410958,0.9103448275862069,0.9685737308622079,0.8927795081880378,209
discovery_v3,mbd,discovery,jev_anchored,type,True,choice,other,25,19,7,6,0.7307692307692307,0.76,0.7450980392156863,0.9702173913043478,0.8007704328280284,209
discovery_v3,mbd,discovery,jev_anchored,tone,True,choice,positive,12,12,17,0,0.41379310344827586,1.0,0.5853658536585366,0.9705387205387206,0.5782967636228504,210
discovery_v3,mbd,discovery,jev_anchored,tone,True,choice,negative,35,32,14,3,0.6956521739130435,0.9142857142857143,0.7901234567901234,0.9704489795918367,0.8660973571120303,210
discovery_v3,mbd,discovery,jev_anchored,tone,True,choice,neutral,163,132,3,31,0.9777777777777777,0.8098159509202454,0.8859060402684564,0.9301657747030414,0.9789848808370383,210
discovery_v3,mbd,discovery,jev_anchored,focus,True,choice,democrat,15,12,4,3,0.75,0.8,0.7741935483870968,0.9887125220458554,0.872380046853731,204
discovery_v3,mbd,discovery,jev_anchored,focus,True,choice,republican,34,22,0,12,1.0,0.6470588235294118,0.7857142857142857,0.9940311418685122,0.9701622172210408,204
discovery_v3,mbd,discovery,jev_anchored,focus,True,choice,both,11,8,6,3,0.5714285714285714,0.7272727272727273,0.64,0.9785680640602921,0.787642660369933,204
discovery_v3,mbd,discovery,jev_anchored,focus,True,choice,neither,144,142,10,2,0.9342105263157895,0.9861111111111112,0.9594594594594594,0.9854166666666667,0.9942762258320652,204
discovery_v3,mbd,discovery,jev_compact,type,True,choice,fact,106,89,8,17,0.9175257731958762,0.839622641509434,0.8768472906403941,0.9489375343469499,0.9498757932761818,209
discovery_v3,mbd,discovery,jev_compact,type,True,choice,opinion,4,2,8,2,0.2,0.5,0.2857142857142857,0.8384146341463414,0.3633089133089133,209
discovery_v3,mbd,discovery,jev_compact,type,True,choice,borderline,1,0,1,1,0.0,0.0,0.0,0.9278846153846154,0.0625,209
discovery_v3,mbd,discovery,jev_compact,type,True,choice,quote,73,66,7,7,0.9041095890410958,0.9041095890410958,0.9041095890410958,0.97366035455278,0.9058686566913794,209
discovery_v3,mbd,discovery,jev_compact,type,True,choice,other,25,20,8,5,0.7142857142857143,0.8,0.7547169811320755,0.975,0.8044482428849773,209
discovery_v3,mbd,discovery,jev_compact,tone,True,choice,positive,12,12,18,0,0.4,1.0,0.5714285714285714,0.9755892255892256,0.6776252823263693,210
discovery_v3,mbd,discovery,jev_compact,tone,True,choice,negative,35,31,15,4,0.6739130434782609,0.8857142857142857,0.7654320987654321,0.9677551020408163,0.8471098962281731,210
discovery_v3,mbd,discovery,jev_compact,tone,True,choice,neutral,163,130,4,33,0.9701492537313433,0.7975460122699386,0.8754208754208754,0.929121524605143,0.977943242742166,210
discovery_v3,mbd,discovery,jev_compact,focus,True,choice,democrat,15,12,4,3,0.75,0.8,0.7741935483870968,0.9890652557319224,0.8777065527065528,204
discovery_v3,mbd,discovery,jev_compact,focus,True,choice,republican,34,22,0,12,1.0,0.6470588235294118,0.7857142857142857,0.9948961937716263,0.9742021594847298,204
discovery_v3,mbd,discovery,jev_compact,focus,True,choice,both,11,8,6,3,0.5714285714285714,0.7272727272727273,0.64,0.9821008007536505,0.8129390632251045,204
discovery_v3,mbd,discovery,jev_compact,focus,True,choice,neither,144,142,10,2,0.9342105263157895,0.9861111111111112,0.9594594594594594,0.986574074074074,0.9948218895709028,204
discovery_v3,mbd,discovery,jev_verbose,type,True,choice,fact,106,85,10,21,0.8947368421052632,0.8018867924528302,0.845771144278607,0.9227880564205898,0.9126863887021391,209
discovery_v3,mbd,discovery,jev_verbose,type,True,choice,opinion,4,2,5,2,0.2857142857142857,0.5,0.36363636363636365,0.7475609756097561,0.3375768967874231,209
discovery_v3,mbd,discovery,jev_verbose,type,True,choice,borderline,1,1,11,0,0.08333333333333333,1.0,0.15384615384615385,0.9807692307692307,0.2,209
discovery_v3,mbd,discovery,jev_verbose,type,True,choice,quote,73,66,6,7,0.9166666666666666,0.9041095890410958,0.9103448275862069,0.9709407735697019,0.8811819349764776,209
discovery_v3,mbd,discovery,jev_verbose,type,True,choice,other,25,18,5,7,0.782608695652174,0.72,0.75,0.9418478260869565,0.7582514045981539,209
discovery_v3,mbd,discovery,jev_verbose,tone,True,choice,positive,12,12,25,0,0.32432432432432434,1.0,0.4897959183673469,0.9692760942760943,0.5952992634578311,210
discovery_v3,mbd,discovery,jev_verbose,tone,True,choice,negative,35,34,16,1,0.68,0.9714285714285714,0.8,0.9755918367346939,0.8634177658899506,210
discovery_v3,mbd,discovery,jev_verbose,tone,True,choice,neutral,163,122,1,41,0.991869918699187,0.7484662576687117,0.8531468531468531,0.9310794935387026,0.978940143824727,210
discovery_v3,mbd,discovery,jev_verbose,focus,True,choice,democrat,15,11,4,4,0.7333333333333333,0.7333333333333333,0.7333333333333333,0.9873015873015873,0.8428016118728194,204
discovery_v3,mbd,discovery,jev_verbose,focus,True,choice,republican,34,24,0,10,1.0,0.7058823529411765,0.8275862068965517,0.9975778546712802,0.9872957330786052,204
discovery_v3,mbd,discovery,jev_verbose,focus,True,choice,both,11,7,3,4,0.7,0.6363636363636364,0.6666666666666666,0.9747998115873764,0.7925606699676019,204
discovery_v3,mbd,discovery,jev_verbose,focus,True,choice,neither,144,142,13,2,0.9161290322580645,0.9861111111111112,0.9498327759197325,0.9865162037037037,0.9946290265066223,204
discovery_v3,mbd,discovery,llm_direct,type,True,choice,fact,106,87,9,19,0.90625,0.8207547169811321,0.8613861386138614,,,0
discovery_v3,mbd,discovery,llm_direct,type,True,choice,opinion,4,1,6,3,0.14285714285714285,0.25,0.18181818181818182,,,0
discovery_v3,mbd,discovery,llm_direct,type,True,choice,borderline,1,0,1,1,0.0,0.0,0.0,,,0
discovery_v3,mbd,discovery,llm_direct,type,True,choice,quote,73,65,7,8,0.9027777777777778,0.8904109589041096,0.896551724137931,,,0
discovery_v3,mbd,discovery,llm_direct,type,True,choice,other,25,23,10,2,0.696969696969697,0.92,0.7931034482758621,,,0
discovery_v3,mbd,discovery,llm_direct,tone,True,choice,positive,12,10,12,2,0.45454545454545453,0.8333333333333334,0.5882352941176471,,,0
discovery_v3,mbd,discovery,llm_direct,tone,True,choice,negative,35,30,8,5,0.7894736842105263,0.8571428571428571,0.821917808219178,,,0
discovery_v3,mbd,discovery,llm_direct,tone,True,choice,neutral,163,143,7,20,0.9533333333333334,0.8773006134969326,0.9137380191693291,,,0
discovery_v3,mbd,discovery,llm_direct,focus,True,choice,democrat,15,9,0,6,1.0,0.6,0.75,,,0
discovery_v3,mbd,discovery,llm_direct,focus,True,choice,republican,34,18,0,16,1.0,0.5294117647058824,0.6923076923076923,,,0
discovery_v3,mbd,discovery,llm_direct,focus,True,choice,both,11,10,6,1,0.625,0.9090909090909091,0.7407407407407407,,,0
discovery_v3,mbd,discovery,llm_direct,focus,True,choice,neither,144,144,17,0,0.8944099378881988,1.0,0.9442622950819672,,,0
discovery_v3,ucc,discovery,jev_anchored,healthy,True,choice,0,18,12,112,6,0.0967741935483871,0.6666666666666666,0.16901408450704225,0.6478587962962963,0.193721135767975,210
discovery_v3,ucc,discovery,jev_anchored,healthy,True,choice,1,192,80,6,112,0.9302325581395349,0.4166666666666667,0.5755395683453237,0.6478587962962963,0.9441919885407305,210
discovery_v3,ucc,discovery,jev_anchored,sarcastic,True,choice,0,205,135,1,70,0.9926470588235294,0.6585365853658537,0.7917888563049853,0.7034146341463414,0.9895936598084948,210
discovery_v3,ucc,discovery,jev_anchored,sarcastic,True,choice,1,5,4,70,1,0.05405405405405406,0.8,0.10126582278481013,0.7034146341463414,0.07260229959299606,210
discovery_v3,ucc,discovery,jev_anchored,generalisation,False,choice,0,207,173,0,34,1.0,0.8357487922705314,0.9105263157894737,0.9170692431561996,0.998727007531672,210
discovery_v3,ucc,discovery,jev_anchored,generalisation,False,choice,1,3,3,34,0,0.08108108108108109,1.0,0.15,0.9170692431561996,0.09722222222222221,210
discovery_v3,ucc,discovery,jev_anchored,generalisation_unfair,True,choice,0,207,172,2,35,0.9885057471264368,0.8309178743961353,0.9028871391076115,0.8293075684380032,0.9972277174207648,210
discovery_v3,ucc,discovery,jev_anchored,generalisation_unfair,True,choice,1,3,1,35,2,0.027777777777777776,0.3333333333333333,0.05128205128205128,0.8293075684380032,0.05036576949620428,210
discovery_v3,ucc,discovery,jev_anchored,hostile,True,choice,0,208,145,0,63,1.0,0.6971153846153846,0.8215297450424929,0.8858173076923077,0.9986435117217629,210
discovery_v3,ucc,discovery,jev_anchored,hostile,True,choice,1,2,2,63,0,0.03076923076923077,1.0,0.05970149253731343,0.8858173076923077,0.2688679245283019,210
discovery_v3,ucc,discovery,jev_anchored,antagonize,True,choice,0,203,109,1,94,0.990909090909091,0.5369458128078818,0.6964856230031949,0.7976776917663617,0.9804956395717604,210
discovery_v3,ucc,discovery,jev_anchored,antagonize,True,choice,1,7,6,94,1,0.06,0.8571428571428571,0.11214953271028037,0.7976776917663617,0.4075983717774762,210
discovery_v3,ucc,discovery,jev_anchored,condescending,True,choice,0,206,141,1,65,0.9929577464788732,0.6844660194174758,0.8103448275862069,0.8385922330097088,0.9962334639586194,210
discovery_v3,ucc,discovery,jev_anchored,condescending,True,choice,1,4,3,65,1,0.04411764705882353,0.75,0.08333333333333333,0.8385922330097088,0.32779860069965017,210
discovery_v3,ucc,discovery,jev_anchored,dismissive,True,choice,0,207,124,0,83,1.0,0.5990338164251208,0.7492447129909365,0.7544283413848631,0.9958571157488006,210
discovery_v3,ucc,discovery,jev_anchored,dismissive,True,choice,1,3,3,83,0,0.03488372093023256,1.0,0.06741573033707865,0.7544283413848631,0.035428635016900585,210
discovery_v3,ucc,discovery,jev_compact,healthy,True,choice,0,18,12,109,6,0.09917355371900827,0.6666666666666666,0.17266187050359713,0.6555266203703703,0.18223153155747046,210
discovery_v3,ucc,discovery,jev_compact,healthy,True,choice,1,192,83,6,109,0.9325842696629213,0.4322916666666667,0.5907473309608541,0.6555266203703703,0.9423341404904475,210
discovery_v3,ucc,discovery,jev_compact,sarcastic,True,choice,0,205,141,1,64,0.9929577464788732,0.6878048780487804,0.8126801152737753,0.6878048780487804,0.9892578253720609,210
discovery_v3,ucc,discovery,jev_compact,sarcastic,True,choice,1,5,4,64,1,0.058823529411764705,0.8,0.1095890410958904,0.6878048780487804,0.05519485710903262,210
discovery_v3,ucc,discovery,jev_compact,generalisation,False,choice,0,207,173,1,34,0.9942528735632183,0.8357487922705314,0.9081364829396326,0.8599033816425121,0.9978383442432769,210
discovery_v3,ucc,discovery,jev_compact,generalisation,False,choice,1,3,2,34,1,0.05555555555555555,0.6666666666666666,0.10256410256410256,0.8599033816425121,0.06211180124223602,210
discovery_v3,ucc,discovery,jev_compact,generalisation_unfair,True,choice,0,207,170,2,37,0.9883720930232558,0.821256038647343,0.8970976253298153,0.7946859903381642,0.9964864508726492,210
discovery_v3,ucc,discovery,jev_compact,generalisation_unfair,True,choice,1,3,1,37,2,0.02631578947368421,0.3333333333333333,0.04878048780487805,0.7946859903381642,0.04827076346063687,210
discovery_v3,ucc,discovery,jev_compact,hostile,True,choice,0,208,147,0,61,1.0,0.7067307692307693,0.828169014084507,0.9002403846153846,0.9989292381677949,210
discovery_v3,ucc,discovery,jev_compact,hostile,True,choice,1,2,2,61,0,0.031746031746031744,1.0,0.06153846153846154,0.9002403846153846,0.5227272727272727,210
discovery_v3,ucc,discovery,jev_compact,antagonize,True,choice,0,203,108,1,95,0.9908256880733946,0.5320197044334976,0.6923076923076923,0.796622097114708,0.980514928102272,210
discovery_v3,ucc,discovery,jev_compact,antagonize,True,choice,1,7,6,95,1,0.0594059405940594,0.8571428571428571,0.1111111111111111,0.796622097114708,0.3476951452303565,210
discovery_v3,ucc,discovery,jev_compact,condescending,True,choice,0,206,141,0,65,1.0,0.6844660194174758,0.8126801152737753,0.8391990291262136,0.9963228922673862,210
discovery_v3,ucc,discovery,jev_compact,condescending,True,choice,1,4,4,65,0,0.057971014492753624,1.0,0.1095890410958904,0.8391990291262136,0.33158677071720555,210
discovery_v3,ucc,discovery,jev_compact,dismissive,True,choice,0,207,124,0,83,1.0,0.5990338164251208,0.7492447129909365,0.7769726247987118,0.9963343212434818,210
discovery_v3,ucc,discovery,jev_compact,dismissive,True,choice,1,3,3,83,0,0.03488372093023256,1.0,0.06741573033707865,0.7769726247987118,0.03912172119068671,210
discovery_v3,ucc,discovery,jev_verbose,healthy,True,choice,0,18,13,93,5,0.12264150943396226,0.7222222222222222,0.20967741935483872,0.7249710648148148,0.21372032101649252,210
discovery_v3,ucc,discovery,jev_verbose,healthy,True,choice,1,192,99,5,93,0.9519230769230769,0.515625,0.668918918918919,0.7249710648148148,0.9645009460051558,210
discovery_v3,ucc,discovery,jev_verbose,sarcastic,True,choice,0,205,127,2,78,0.9844961240310077,0.6195121951219512,0.7604790419161677,0.6785365853658537,0.9882816330753716,210
discovery_v3,ucc,discovery,jev_verbose,sarcastic,True,choice,1,5,3,78,2,0.037037037037037035,0.6,0.06976744186046512,0.6785365853658537,0.058678250727924916,210
discovery_v3,ucc,discovery,jev_verbose,generalisation,False,choice,0,207,181,0,26,1.0,0.8743961352657005,0.9329896907216495,0.9412238325281803,0.999120710851238,210
discovery_v3,ucc,discovery,jev_verbose,generalisation,False,choice,1,3,3,26,0,0.10344827586206896,1.0,0.1875,0.9412238325281803,0.13596491228070173,210
discovery_v3,ucc,discovery,jev_verbose,generalisation_unfair,True,choice,0,207,185,0,22,1.0,0.893719806763285,0.9438775510204082,0.9202898550724637,0.9988022118917295,210
discovery_v3,ucc,discovery,jev_verbose,generalisation_unfair,True,choice,1,3,3,22,0,0.12,1.0,0.21428571428571427,0.9202898550724637,0.11655011655011654,210
discovery_v3,ucc,discovery,jev_verbose,hostile,True,choice,0,208,146,1,62,0.9931972789115646,0.7019230769230769,0.8225352112676056,0.8197115384615384,0.9977871665420475,210
discovery_v3,ucc,discovery,jev_verbose,hostile,True,choice,1,2,1,62,1,0.015873015873015872,0.5,0.03076923076923077,0.8197115384615384,0.112987012987013,210
discovery_v3,ucc,discovery,jev_verbose,antagonize,True,choice,0,203,113,2,90,0.9826086956521739,0.5566502463054187,0.710691823899371,0.8476425052779732,0.9930327408121351,210
discovery_v3,ucc,discovery,jev_verbose,antagonize,True,choice,1,7,5,90,2,0.05263157894736842,0.7142857142857143,0.09803921568627451,0.8476425052779732,0.36543985528800926,210
discovery_v3,ucc,discovery,jev_verbose,condescending,True,choice,0,206,124,1,82,0.992,0.6019417475728155,0.7492447129909365,0.8015776699029126,0.9943714298657753,210
discovery_v3,ucc,discovery,jev_verbose,condescending,True,choice,1,4,3,82,1,0.03529411764705882,0.75,0.06741573033707865,0.8015776699029126,0.19892146657413837,210
discovery_v3,ucc,discovery,jev_verbose,dismissive,True,choice,0,207,118,1,89,0.9915966386554622,0.5700483091787439,0.7239263803680982,0.7729468599033816,0.9959079993740736,210
discovery_v3,ucc,discovery,jev_verbose,dismissive,True,choice,1,3,2,89,1,0.02197802197802198,0.6666666666666666,0.0425531914893617,0.7729468599033816,0.05008503401360544,210
discovery_v3,ucc,discovery,llm_direct,healthy,True,choice,0,18,12,63,6,0.16,0.6666666666666666,0.25806451612903225,,,0
discovery_v3,ucc,discovery,llm_direct,healthy,True,choice,1,192,129,6,63,0.9555555555555556,0.671875,0.7889908256880734,,,0
discovery_v3,ucc,discovery,llm_direct,sarcastic,True,choice,0,205,161,3,44,0.9817073170731707,0.7853658536585366,0.8726287262872628,,,0
discovery_v3,ucc,discovery,llm_direct,sarcastic,True,choice,1,5,2,44,3,0.043478260869565216,0.4,0.0784313725490196,,,0
discovery_v3,ucc,discovery,llm_direct,generalisation,False,choice,0,207,182,1,25,0.994535519125683,0.8792270531400966,0.9333333333333333,,,0
discovery_v3,ucc,discovery,llm_direct,generalisation,False,choice,1,3,2,25,1,0.07407407407407407,0.6666666666666666,0.13333333333333333,,,0
discovery_v3,ucc,discovery,llm_direct,generalisation_unfair,True,choice,0,207,183,1,24,0.9945652173913043,0.8840579710144928,0.9360613810741688,,,0
discovery_v3,ucc,discovery,llm_direct,generalisation_unfair,True,choice,1,3,2,24,1,0.07692307692307693,0.6666666666666666,0.13793103448275862,,,0
discovery_v3,ucc,discovery,llm_direct,hostile,True,choice,0,208,148,1,60,0.9932885906040269,0.7115384615384616,0.8291316526610645,,,0
discovery_v3,ucc,discovery,llm_direct,hostile,True,choice,1,2,1,60,1,0.01639344262295082,0.5,0.031746031746031744,,,0
discovery_v3,ucc,discovery,llm_direct,antagonize,True,choice,0,203,157,1,46,0.9936708860759493,0.7733990147783252,0.8698060941828255,,,0
discovery_v3,ucc,discovery,llm_direct,antagonize,True,choice,1,7,6,46,1,0.11538461538461539,0.8571428571428571,0.2033898305084746,,,0
discovery_v3,ucc,discovery,llm_direct,condescending,True,choice,0,206,156,0,50,1.0,0.7572815533980582,0.861878453038674,,,0
discovery_v3,ucc,discovery,llm_direct,condescending,True,choice,1,4,4,50,0,0.07407407407407407,1.0,0.13793103448275862,,,0
discovery_v3,ucc,discovery,llm_direct,dismissive,True,choice,0,207,155,2,52,0.9872611464968153,0.748792270531401,0.8516483516483516,,,0
discovery_v3,ucc,discovery,llm_direct,dismissive,True,choice,1,3,1,52,2,0.018867924528301886,0.3333333333333333,0.03571428571428571,,,0
explanation_discovery_v2,babe,discovery,jev_explanation,label_bias,True,choice,Non-biased,97,77,32,20,0.7064220183486238,0.7938144329896907,0.7475728155339806,0.87462792345854,0.8681453806417835,168
explanation_discovery_v2,babe,discovery,jev_explanation,label_bias,True,choice,Biased,103,51,8,52,0.864406779661017,0.49514563106796117,0.6296296296296297,0.87462792345854,0.8530192611044995,168
explanation_discovery_v2,babe,discovery,jev_grounded,label_bias,True,choice,Non-biased,97,71,20,26,0.7802197802197802,0.7319587628865979,0.7553191489361702,0.8519167250525473,0.8193411708714162,200
explanation_discovery_v2,babe,discovery,jev_grounded,label_bias,True,choice,Biased,103,83,26,20,0.7614678899082569,0.8058252427184466,0.7830188679245284,0.8519167250525473,0.8539010819294323,200
explanation_discovery_v2,conflict,discovery,jev_explanation,rating_directness_content,True,choice,Yes - Direct Content,92,71,0,21,1.0,0.7717391304347826,0.8711656441717791,,,76
explanation_discovery_v2,conflict,discovery,jev_explanation,rating_directness_content,True,choice,Neutral - Content contains no opinion,0,0,1,0,0.0,0.0,0.0,,,76
explanation_discovery_v2,conflict,discovery,jev_explanation,rating_directness_content,True,choice,No - Indirect Content,0,0,4,0,0.0,0.0,0.0,,,76
explanation_discovery_v2,conflict,discovery,jev_explanation,rating_directness_expression,True,choice,Yes - Direct Expression,87,74,2,13,0.9736842105263158,0.8505747126436781,0.9079754601226994,0.8918918918918919,0.996663536704362,76
explanation_discovery_v2,conflict,discovery,jev_explanation,rating_directness_expression,True,choice,No - Indirect Expression,5,0,0,5,0.0,0.0,0.0,0.8918918918918919,0.22549019607843135,76
explanation_discovery_v2,conflict,discovery,jev_explanation,rating_OI_content,True,choice,Yes - Content opposes someone else,90,73,1,17,0.9864864864864865,0.8111111111111111,0.8902439024390244,0.64,0.9942212002394826,76
explanation_discovery_v2,conflict,discovery,jev_explanation,rating_OI_content,True,choice,No - Content does not oppose anyone,2,0,2,2,0.0,0.0,0.0,0.64,0.03571428571428571,76
explanation_discovery_v2,conflict,discovery,jev_explanation,rating_OI_expression,True,choice,Yes - Expression is emotional/forceful,16,4,2,12,0.6666666666666666,0.25,0.36363636363636365,0.7513020833333334,0.491173360480409,76
explanation_discovery_v2,conflict,discovery,jev_explanation,rating_OI_expression,True,choice,No - Expression is not emotional/forceful,76,62,8,14,0.8857142857142857,0.8157894736842105,0.8493150684931506,0.7513020833333334,0.9327883169487325,76
explanation_discovery_v2,conflict,discovery,jev_grounded,rating_directness_content,True,choice,Yes - Direct Content,92,83,0,9,1.0,0.9021739130434783,0.9485714285714286,,,92
explanation_discovery_v2,conflict,discovery,jev_grounded,rating_directness_content,True,choice,Neutral - Content contains no opinion,0,0,2,0,0.0,0.0,0.0,,,92
explanation_discovery_v2,conflict,discovery,jev_grounded,rating_directness_content,True,choice,No - Indirect Content,0,0,7,0,0.0,0.0,0.0,,,92
explanation_discovery_v2,conflict,discovery,jev_grounded,rating_directness_expression,True,choice,Yes - Direct Expression,87,75,3,12,0.9615384615384616,0.8620689655172413,0.9090909090909091,0.6494252873563219,0.9602819618673636,92
explanation_discovery_v2,conflict,discovery,jev_grounded,rating_directness_expression,True,choice,No - Indirect Expression,5,2,12,3,0.14285714285714285,0.4,0.21052631578947367,0.6494252873563219,0.1972552591628714,92
explanation_discovery_v2,conflict,discovery,jev_grounded,rating_OI_content,True,choice,Yes - Content opposes someone else,90,75,1,15,0.9868421052631579,0.8333333333333334,0.9036144578313253,0.8,0.9944724208624588,92
explanation_discovery_v2,conflict,discovery,jev_grounded,rating_OI_content,True,choice,No - Content does not oppose anyone,2,1,15,1,0.0625,0.5,0.1111111111111111,0.8,0.5263157894736842,92
explanation_discovery_v2,conflict,discovery,jev_grounded,rating_OI_expression,True,choice,Yes - Expression is emotional/forceful,16,9,16,7,0.36,0.5625,0.43902439024390244,0.6986019736842105,0.44623160831034714,92
explanation_discovery_v2,conflict,discovery,jev_grounded,rating_OI_expression,True,choice,No - Expression is not emotional/forceful,76,60,7,16,0.8955223880597015,0.7894736842105263,0.8391608391608392,0.6986019736842105,0.895657525031368,92
explanation_discovery_v2,mbd,discovery,jev_explanation,type,True,choice,fact,106,89,9,17,0.9081632653061225,0.839622641509434,0.8725490196078431,0.9352445502839348,0.9381780456536164,209
explanation_discovery_v2,mbd,discovery,jev_explanation,type,True,choice,opinion,4,2,5,2,0.2857142857142857,0.5,0.36363636363636365,0.7298780487804878,0.36491982413035046,209
explanation_discovery_v2,mbd,discovery,jev_explanation,type,True,choice,borderline,1,0,5,1,0.0,0.0,0.0,0.8653846153846154,0.03225806451612903,209
explanation_discovery_v2,mbd,discovery,jev_explanation,type,True,choice,quote,73,67,6,6,0.9178082191780822,0.9178082191780822,0.9178082191780822,0.9698831587429493,0.8899547925697907,209
explanation_discovery_v2,mbd,discovery,jev_explanation,type,True,choice,other,25,20,6,5,0.7692307692307693,0.8,0.7843137254901961,0.9744565217391304,0.764223511503613,209
explanation_discovery_v2,mbd,discovery,jev_explanation,tone,True,choice,positive,12,9,11,3,0.45,0.75,0.5625,0.9736952861952862,0.6950581825581825,210
explanation_discovery_v2,mbd,discovery,jev_explanation,tone,True,choice,negative,35,27,7,8,0.7941176470588235,0.7714285714285715,0.782608695652174,0.969469387755102,0.8690674876168534,210
explanation_discovery_v2,mbd,discovery,jev_explanation,tone,True,choice,neutral,163,145,11,18,0.9294871794871795,0.8895705521472392,0.9090909090909091,0.9286646651873124,0.9784550720782939,210
explanation_discovery_v2,mbd,discovery,jev_explanation,focus,True,choice,democrat,15,12,2,3,0.8571428571428571,0.8,0.8275862068965517,0.9927689594356262,0.9065558206270282,204
explanation_discovery_v2,mbd,discovery,jev_explanation,focus,True,choice,republican,34,23,0,11,1.0,0.6764705882352942,0.8070175438596491,0.9959342560553633,0.977825214549501,204
explanation_discovery_v2,mbd,discovery,jev_explanation,focus,True,choice,both,11,8,5,3,0.6153846153846154,0.7272727272727273,0.6666666666666666,0.985633537447009,0.845787419651056,204
explanation_discovery_v2,mbd,discovery,jev_explanation,focus,True,choice,neither,144,143,11,1,0.9285714285714286,0.9930555555555556,0.959731543624161,0.9914351851851851,0.99638564221998,204
explanation_discovery_v2,mbd,discovery,jev_grounded,type,True,choice,fact,106,90,10,16,0.9,0.8490566037735849,0.8737864077669902,0.9400989192159737,0.9391865714072033,209
explanation_discovery_v2,mbd,discovery,jev_grounded,type,True,choice,opinion,4,2,6,2,0.25,0.5,0.3333333333333333,0.7603658536585366,0.3360346889952153,209
explanation_discovery_v2,mbd,discovery,jev_grounded,type,True,choice,borderline,1,0,3,1,0.0,0.0,0.0,0.9663461538461539,0.125,209
explanation_discovery_v2,mbd,discovery,jev_grounded,type,True,choice,quote,73,67,6,6,0.9178082191780822,0.9178082191780822,0.9178082191780822,0.973257453666398,0.9075539773218401,209
explanation_discovery_v2,mbd,discovery,jev_grounded,type,True,choice,other,25,19,6,6,0.76,0.76,0.76,0.9704347826086956,0.7975704866602433,209
explanation_discovery_v2,mbd,discovery,jev_grounded,tone,True,choice,positive,12,12,17,0,0.41379310344827586,1.0,0.5853658536585366,0.9715909090909091,0.6530402236652236,210
explanation_discovery_v2,mbd,discovery,jev_grounded,tone,True,choice,negative,35,31,14,4,0.6888888888888889,0.8857142857142857,0.775,0.9690612244897959,0.8584043782443398,210
explanation_discovery_v2,mbd,discovery,jev_grounded,tone,True,choice,neutral,163,132,4,31,0.9705882352941176,0.8098159509202454,0.882943143812709,0.9302963059652787,0.9788774798607022,210
explanation_discovery_v2,mbd,discovery,jev_grounded,focus,True,choice,democrat,15,12,3,3,0.8,0.8,0.8,0.991358024691358,0.8950769600769601,204
explanation_discovery_v2,mbd,discovery,jev_grounded,focus,True,choice,republican,34,23,0,11,1.0,0.6764705882352942,0.8070175438596491,0.9949826989619377,0.9727273491719902,204
explanation_discovery_v2,mbd,discovery,jev_grounded,focus,True,choice,both,11,8,5,3,0.6153846153846154,0.7272727272727273,0.6666666666666666,0.9821008007536505,0.8082188808054274,204
explanation_discovery_v2,mbd,discovery,jev_grounded,focus,True,choice,neither,144,142,11,2,0.9281045751633987,0.9861111111111112,0.9562289562289562,0.985011574074074,0.9940435004975342,204
explanation_discovery_v2,ucc,discovery,jev_explanation,healthy,True,choice,0,18,6,22,12,0.21428571428571427,0.3333333333333333,0.2608695652173913,0.6769386574074074,0.16330272176868732,210
explanation_discovery_v2,ucc,discovery,jev_explanation,healthy,True,choice,1,192,170,12,22,0.9340659340659341,0.8854166666666666,0.9090909090909091,0.6769386574074074,0.9526465090498824,210
explanation_discovery_v2,ucc,discovery,jev_explanation,sarcastic,True,choice,0,205,180,4,25,0.9782608695652174,0.8780487804878049,0.9254498714652957,0.6624390243902439,0.988396446131014,210
explanation_discovery_v2,ucc,discovery,jev_explanation,sarcastic,True,choice,1,5,1,25,4,0.038461538461538464,0.2,0.06451612903225806,0.6624390243902439,0.06570872787518761,210
explanation_discovery_v2,ucc,discovery,jev_explanation,generalisation,False,choice,0,207,192,3,15,0.9846153846153847,0.927536231884058,0.9552238805970149,0.7262479871175523,0.9948427244738796,210
explanation_discovery_v2,ucc,discovery,jev_explanation,generalisation,False,choice,1,3,0,15,3,0.0,0.0,0.0,0.7262479871175523,0.03807720057720057,210
explanation_discovery_v2,ucc,discovery,jev_explanation,generalisation_unfair,True,choice,0,207,195,3,12,0.9848484848484849,0.9420289855072463,0.9629629629629629,0.7028985507246377,0.9941553341932662,210
explanation_discovery_v2,ucc,discovery,jev_explanation,generalisation_unfair,True,choice,1,3,0,12,3,0.0,0.0,0.0,0.7028985507246377,0.03788678714011323,210
explanation_discovery_v2,ucc,discovery,jev_explanation,hostile,True,choice,0,208,192,1,16,0.9948186528497409,0.9230769230769231,0.9576059850374065,0.9459134615384616,0.9994594420076124,210
explanation_discovery_v2,ucc,discovery,jev_explanation,hostile,True,choice,1,2,1,16,1,0.058823529411764705,0.5,0.10526315789473684,0.9459134615384616,0.11805555555555555,210
explanation_discovery_v2,ucc,discovery,jev_explanation,antagonize,True,choice,0,203,186,3,17,0.9841269841269841,0.916256157635468,0.9489795918367347,0.7677691766361717,0.9862035491101109,210
explanation_discovery_v2,ucc,discovery,jev_explanation,antagonize,True,choice,1,7,4,17,3,0.19047619047619047,0.5714285714285714,0.2857142857142857,0.7677691766361717,0.13812115864377666,210
explanation_discovery_v2,ucc,discovery,jev_explanation,condescending,True,choice,0,206,179,2,27,0.988950276243094,0.8689320388349514,0.9250645994832042,0.8228155339805825,0.9959629563462198,210
explanation_discovery_v2,ucc,discovery,jev_explanation,condescending,True,choice,1,4,2,27,2,0.06896551724137931,0.5,0.12121212121212122,0.8228155339805825,0.06866194938484095,210
explanation_discovery_v2,ucc,discovery,jev_explanation,dismissive,True,choice,0,207,175,2,32,0.9887005649717514,0.8454106280193237,0.9114583333333334,0.8349436392914654,0.9972816503787407,210
explanation_discovery_v2,ucc,discovery,jev_explanation,dismissive,True,choice,1,3,1,32,2,0.030303030303030304,0.3333333333333333,0.05555555555555555,0.8349436392914654,0.06600529100529101,210
explanation_discovery_v2,ucc,discovery,jev_grounded,healthy,True,choice,0,18,12,103,6,0.10434782608695652,0.6666666666666666,0.18045112781954886,0.6644965277777778,0.2051894705795852,210
explanation_discovery_v2,ucc,discovery,jev_grounded,healthy,True,choice,1,192,89,6,103,0.9368421052631579,0.4635416666666667,0.6202090592334495,0.6644965277777778,0.9463081550596426,210
explanation_discovery_v2,ucc,discovery,jev_grounded,sarcastic,True,choice,0,205,122,1,83,0.991869918699187,0.5951219512195122,0.7439024390243902,0.6448780487804878,0.9871315194611188,210
explanation_discovery_v2,ucc,discovery,jev_grounded,sarcastic,True,choice,1,5,4,83,1,0.04597701149425287,0.8,0.08695652173913043,0.6448780487804878,0.04120823304403234,210
explanation_discovery_v2,ucc,discovery,jev_grounded,generalisation,False,choice,0,207,166,1,41,0.9940119760479041,0.8019323671497585,0.8877005347593583,0.7061191626409018,0.9942330450884481,210
explanation_discovery_v2,ucc,discovery,jev_grounded,generalisation,False,choice,1,3,2,41,1,0.046511627906976744,0.6666666666666666,0.08695652173913043,0.7061191626409018,0.037213145277661404,210
explanation_discovery_v2,ucc,discovery,jev_grounded,generalisation_unfair,True,choice,0,207,180,2,27,0.989010989010989,0.8695652173913043,0.9254498714652957,0.6924315619967794,0.9934653087303031,210
explanation_discovery_v2,ucc,discovery,jev_grounded,generalisation_unfair,True,choice,1,3,1,27,2,0.03571428571428571,0.3333333333333333,0.06451612903225806,0.6924315619967794,0.04003337505214852,210
explanation_discovery_v2,ucc,discovery,jev_grounded,hostile,True,choice,0,208,135,0,73,1.0,0.6490384615384616,0.7871720116618076,0.8762019230769231,0.998605773542983,210
explanation_discovery_v2,ucc,discovery,jev_grounded,hostile,True,choice,1,2,2,73,0,0.02666666666666667,1.0,0.05194805194805195,0.8762019230769231,0.5181818181818182,210
explanation_discovery_v2,ucc,discovery,jev_grounded,antagonize,True,choice,0,203,99,1,104,0.99,0.4876847290640394,0.6534653465346535,0.7755102040816326,0.9825585670691672,210
explanation_discovery_v2,ucc,discovery,jev_grounded,antagonize,True,choice,1,7,6,104,1,0.05454545454545454,0.8571428571428571,0.10256410256410256,0.7755102040816326,0.3188332094690712,210
explanation_discovery_v2,ucc,discovery,jev_grounded,condescending,True,choice,0,206,128,0,78,1.0,0.6213592233009708,0.7664670658682635,0.8216019417475728,0.9958735815105215,210
explanation_discovery_v2,ucc,discovery,jev_grounded,condescending,True,choice,1,4,4,78,0,0.04878048780487805,1.0,0.09302325581395349,0.8216019417475728,0.1335704250087812,210
explanation_discovery_v2,ucc,discovery,jev_grounded,dismissive,True,choice,0,207,127,0,80,1.0,0.6135265700483091,0.7604790419161677,0.7979066022544283,0.9966642644197872,210
explanation_discovery_v2,ucc,discovery,jev_grounded,dismissive,True,choice,1,3,3,80,0,0.03614457831325301,1.0,0.06976744186046512,0.7979066022544283,0.04258720930232558,210
explanation_fallback_discovery_v3,babe,discovery,jev_explanation_fallback,label_bias,True,choice,Non-biased,97,85,27,12,0.7589285714285714,0.8762886597938144,0.8133971291866029,0.8946551896707037,0.8888418876051198,200
explanation_fallback_discovery_v3,babe,discovery,jev_explanation_fallback,label_bias,True,choice,Biased,103,76,12,27,0.8636363636363636,0.7378640776699029,0.7958115183246073,0.8946551896707037,0.8836055720650096,200
explanation_fallback_discovery_v3,babe,discovery,jev_verbose,label_bias,True,choice,Non-biased,97,74,18,23,0.8043478260869565,0.7628865979381443,0.783068783068783,0.9002602342107897,0.8913647998073143,200
explanation_fallback_discovery_v3,babe,discovery,jev_verbose,label_bias,True,choice,Biased,103,85,23,18,0.7870370370370371,0.8252427184466019,0.8056872037914692,0.9002602342107897,0.8900159774671066,200
explanation_fallback_discovery_v3,conflict,discovery,jev_explanation_fallback,rating_directness_content,True,choice,Yes - Direct Content,92,84,0,8,1.0,0.9130434782608695,0.9545454545454546,,,92
explanation_fallback_discovery_v3,conflict,discovery,jev_explanation_fallback,rating_directness_content,True,choice,Neutral - Content contains no opinion,0,0,1,0,0.0,0.0,0.0,,,92
explanation_fallback_discovery_v3,conflict,discovery,jev_explanation_fallback,rating_directness_content,True,choice,No - Indirect Content,0,0,7,0,0.0,0.0,0.0,,,92
explanation_fallback_discovery_v3,conflict,discovery,jev_explanation_fallback,rating_directness_expression,True,choice,Yes - Direct Expression,87,81,3,6,0.9642857142857143,0.9310344827586207,0.9473684210526315,0.8436781609195402,0.9880125151983868,92
explanation_fallback_discovery_v3,conflict,discovery,jev_explanation_fallback,rating_directness_expression,True,choice,No - Indirect Expression,5,2,6,3,0.25,0.4,0.3076923076923077,0.8436781609195402,0.42166666666666675,92
explanation_fallback_discovery_v3,conflict,discovery,jev_explanation_fallback,rating_OI_content,True,choice,Yes - Content opposes someone else,90,85,1,5,0.9883720930232558,0.9444444444444444,0.9659090909090909,0.9583333333333334,0.9988921868053514,92
explanation_fallback_discovery_v3,conflict,discovery,jev_explanation_fallback,rating_OI_content,True,choice,No - Content does not oppose anyone,2,1,5,1,0.16666666666666666,0.5,0.25,0.9583333333333334,0.25,92
explanation_fallback_discovery_v3,conflict,discovery,jev_explanation_fallback,rating_OI_expression,True,choice,Yes - Expression is emotional/forceful,16,6,4,10,0.6,0.375,0.46153846153846156,0.7162828947368421,0.4336626490187643,92
explanation_fallback_discovery_v3,conflict,discovery,jev_explanation_fallback,rating_OI_expression,True,choice,No - Expression is not emotional/forceful,76,72,10,4,0.8780487804878049,0.9473684210526315,0.9113924050632911,0.7162828947368421,0.8928389140934354,92
explanation_fallback_discovery_v3,conflict,discovery,jev_verbose,rating_directness_content,True,choice,Yes - Direct Content,92,83,0,9,1.0,0.9021739130434783,0.9485714285714286,,,92
explanation_fallback_discovery_v3,conflict,discovery,jev_verbose,rating_directness_content,True,choice,Neutral - Content contains no opinion,0,0,3,0,0.0,0.0,0.0,,,92
explanation_fallback_discovery_v3,conflict,discovery,jev_verbose,rating_directness_content,True,choice,No - Indirect Content,0,0,6,0,0.0,0.0,0.0,,,92
explanation_fallback_discovery_v3,conflict,discovery,jev_verbose,rating_directness_expression,True,choice,Yes - Direct Expression,87,80,2,7,0.975609756097561,0.9195402298850575,0.9467455621301775,0.8494252873563218,0.9888538126574009,92
explanation_fallback_discovery_v3,conflict,discovery,jev_verbose,rating_directness_expression,True,choice,No - Indirect Expression,5,3,7,2,0.3,0.6,0.4,0.8494252873563218,0.557703081232493,92
explanation_fallback_discovery_v3,conflict,discovery,jev_verbose,rating_OI_content,True,choice,Yes - Content opposes someone else,90,77,0,13,1.0,0.8555555555555555,0.9221556886227545,0.9638888888888889,0.9991311708486835,92
explanation_fallback_discovery_v3,conflict,discovery,jev_verbose,rating_OI_content,True,choice,No - Content does not oppose anyone,2,2,13,0,0.13333333333333333,1.0,0.23529411764705882,0.9638888888888889,0.375,92
explanation_fallback_discovery_v3,conflict,discovery,jev_verbose,rating_OI_expression,True,choice,Yes - Expression is emotional/forceful,16,9,18,7,0.3333333333333333,0.5625,0.4186046511627907,0.7314967105263158,0.4770341369633418,92
explanation_fallback_discovery_v3,conflict,discovery,jev_verbose,rating_OI_expression,True,choice,No - Expression is not emotional/forceful,76,58,7,18,0.8923076923076924,0.7631578947368421,0.8226950354609929,0.7314967105263158,0.9050511505629295,92
explanation_fallback_discovery_v3,mbd,discovery,jev_explanation_fallback,type,True,choice,fact,106,87,8,19,0.9157894736842105,0.8207547169811321,0.8656716417910447,0.9259937717530683,0.9087099743789465,209
explanation_fallback_discovery_v3,mbd,discovery,jev_explanation_fallback,type,True,choice,opinion,4,2,5,2,0.2857142857142857,0.5,0.36363636363636365,0.7292682926829268,0.20983395007895914,209
explanation_fallback_discovery_v3,mbd,discovery,jev_explanation_fallback,type,True,choice,borderline,1,1,10,0,0.09090909090909091,1.0,0.16666666666666666,0.9759615384615384,0.16666666666666666,209
explanation_fallback_discovery_v3,mbd,discovery,jev_explanation_fallback,type,True,choice,quote,73,65,6,8,0.9154929577464789,0.8904109589041096,0.9027777777777778,0.9705882352941176,0.8873368048349606,209
explanation_fallback_discovery_v3,mbd,discovery,jev_explanation_fallback,type,True,choice,other,25,20,5,5,0.8,0.8,0.8,0.9270652173913043,0.7832567135307074,209
explanation_fallback_discovery_v3,mbd,discovery,jev_explanation_fallback,tone,True,choice,positive,12,9,10,3,0.47368421052631576,0.75,0.5806451612903226,0.9711700336700336,0.599751984126984,210
explanation_fallback_discovery_v3,mbd,discovery,jev_explanation_fallback,tone,True,choice,negative,35,23,6,12,0.7931034482758621,0.6571428571428571,0.71875,0.9675102040816327,0.8286462571809492,210
explanation_fallback_discovery_v3,mbd,discovery,jev_explanation_fallback,tone,True,choice,neutral,163,147,15,16,0.9074074074074074,0.901840490797546,0.9046153846153846,0.9177000391593787,0.9753362020721864,210
explanation_fallback_discovery_v3,mbd,discovery,jev_explanation_fallback,focus,True,choice,democrat,15,11,4,4,0.7333333333333333,0.7333333333333333,0.7333333333333333,0.982010582010582,0.7070202781967488,204
explanation_fallback_discovery_v3,mbd,discovery,jev_explanation_fallback,focus,True,choice,republican,34,26,0,8,1.0,0.7647058823529411,0.8666666666666667,0.9417820069204152,0.9399125300356231,204
explanation_fallback_discovery_v3,mbd,discovery,jev_explanation_fallback,focus,True,choice,both,11,7,4,4,0.6363636363636364,0.6363636363636364,0.6363636363636364,0.9434762129062647,0.607936507936508,204
explanation_fallback_discovery_v3,mbd,discovery,jev_explanation_fallback,focus,True,choice,neither,144,141,11,3,0.9276315789473685,0.9791666666666666,0.9527027027027027,0.9715277777777778,0.9815616712113355,204
explanation_fallback_discovery_v3,mbd,discovery,jev_verbose,type,True,choice,fact,106,87,10,19,0.8969072164948454,0.8207547169811321,0.8571428571428571,0.9218721377541674,0.905965706775847,209
explanation_fallback_discovery_v3,mbd,discovery,jev_verbose,type,True,choice,opinion,4,2,5,2,0.2857142857142857,0.5,0.36363636363636365,0.723170731707317,0.20936543433683022,209
explanation_fallback_discovery_v3,mbd,discovery,jev_verbose,type,True,choice,borderline,1,1,8,0,0.1111111111111111,1.0,0.2,0.9807692307692307,0.2,209
explanation_fallback_discovery_v3,mbd,discovery,jev_verbose,type,True,choice,quote,73,67,6,6,0.9178082191780822,0.9178082191780822,0.9178082191780822,0.9695809830781628,0.8766587043426763,209
explanation_fallback_discovery_v3,mbd,discovery,jev_verbose,type,True,choice,other,25,18,5,7,0.782608695652174,0.72,0.75,0.9244565217391304,0.7513355429852013,209
explanation_fallback_discovery_v3,mbd,discovery,jev_verbose,tone,True,choice,positive,12,12,24,0,0.3333333333333333,1.0,0.5,0.9711700336700336,0.5978616084114805,210
explanation_fallback_discovery_v3,mbd,discovery,jev_verbose,tone,True,choice,negative,35,34,17,1,0.6666666666666666,0.9714285714285714,0.7906976744186046,0.9741224489795919,0.8414974904536792,210
explanation_fallback_discovery_v3,mbd,discovery,jev_verbose,tone,True,choice,neutral,163,122,1,41,0.991869918699187,0.7484662576687117,0.8531468531468531,0.9295783840229735,0.9782329505487611,210
explanation_fallback_discovery_v3,mbd,discovery,jev_verbose,focus,True,choice,democrat,15,11,4,4,0.7333333333333333,0.7333333333333333,0.7333333333333333,0.9858906525573192,0.8580609723953377,204
explanation_fallback_discovery_v3,mbd,discovery,jev_verbose,focus,True,choice,republican,34,24,0,10,1.0,0.7058823529411765,0.8275862068965517,0.9986159169550173,0.9924713747946671,204
explanation_fallback_discovery_v3,mbd,discovery,jev_verbose,focus,True,choice,both,11,7,3,4,0.7,0.6363636363636364,0.6666666666666666,0.9785680640602921,0.7962954976712091,204
explanation_fallback_discovery_v3,mbd,discovery,jev_verbose,focus,True,choice,neither,144,142,13,2,0.9161290322580645,0.9861111111111112,0.9498327759197325,0.9861111111111112,0.9946115093048933,204
explanation_fallback_discovery_v3,ucc,discovery,jev_explanation_fallback,healthy,True,choice,0,18,1,8,17,0.1111111111111111,0.05555555555555555,0.07407407407407407,0.6925636574074074,0.14572974586933413,210
explanation_fallback_discovery_v3,ucc,discovery,jev_explanation_fallback,healthy,True,choice,1,192,184,17,8,0.9154228855721394,0.9583333333333334,0.9363867684478372,0.6925636574074074,0.9624818199761443,210
explanation_fallback_discovery_v3,ucc,discovery,jev_explanation_fallback,sarcastic,True,choice,0,205,186,5,19,0.9738219895287958,0.9073170731707317,0.9393939393939394,0.6551219512195122,0.9882486149803351,210
explanation_fallback_discovery_v3,ucc,discovery,jev_explanation_fallback,sarcastic,True,choice,1,5,0,19,5,0.0,0.0,0.0,0.6551219512195122,0.043346097566999156,210
explanation_fallback_discovery_v3,ucc,discovery,jev_explanation_fallback,generalisation,False,choice,0,207,200,2,7,0.9900990099009901,0.966183574879227,0.9779951100244498,0.9388083735909822,0.9990673554144115,210
explanation_fallback_discovery_v3,ucc,discovery,jev_explanation_fallback,generalisation,False,choice,1,3,1,7,2,0.125,0.3333333333333333,0.18181818181818182,0.9388083735909822,0.14022578728461083,210
explanation_fallback_discovery_v3,ucc,discovery,jev_explanation_fallback,generalisation_unfair,True,choice,0,207,202,3,5,0.9853658536585366,0.9758454106280193,0.9805825242718447,0.8196457326892109,0.9968050286207116,210
explanation_fallback_discovery_v3,ucc,discovery,jev_explanation_fallback,generalisation_unfair,True,choice,1,3,0,5,3,0.0,0.0,0.0,0.8196457326892109,0.06325863678804855,210
explanation_fallback_discovery_v3,ucc,discovery,jev_explanation_fallback,hostile,True,choice,0,208,206,2,2,0.9903846153846154,0.9903846153846154,0.9903846153846154,0.8341346153846154,0.9981010715502107,210
explanation_fallback_discovery_v3,ucc,discovery,jev_explanation_fallback,hostile,True,choice,1,2,0,2,2,0.0,0.0,0.0,0.8341346153846154,0.07094017094017094,210
explanation_fallback_discovery_v3,ucc,discovery,jev_explanation_fallback,antagonize,True,choice,0,203,196,6,7,0.9702970297029703,0.9655172413793104,0.9679012345679012,0.8304011259676284,0.9926703590695233,210
explanation_fallback_discovery_v3,ucc,discovery,jev_explanation_fallback,antagonize,True,choice,1,7,1,7,6,0.125,0.14285714285714285,0.13333333333333333,0.8304011259676284,0.19734289307451228,210
explanation_fallback_discovery_v3,ucc,discovery,jev_explanation_fallback,condescending,True,choice,0,206,194,4,12,0.9797979797979798,0.941747572815534,0.9603960396039604,0.7645631067961165,0.993817573454491,210
explanation_fallback_discovery_v3,ucc,discovery,jev_explanation_fallback,condescending,True,choice,1,4,0,12,4,0.0,0.0,0.0,0.7645631067961165,0.06062315952021835,210
explanation_fallback_discovery_v3,ucc,discovery,jev_explanation_fallback,dismissive,True,choice,0,207,198,3,9,0.9850746268656716,0.9565217391304348,0.9705882352941176,0.7930756843800322,0.9962738576683116,210
explanation_fallback_discovery_v3,ucc,discovery,jev_explanation_fallback,dismissive,True,choice,1,3,0,9,3,0.0,0.0,0.0,0.7930756843800322,0.07093787335722819,210
explanation_fallback_discovery_v3,ucc,discovery,jev_verbose,healthy,True,choice,0,18,13,95,5,0.12037037037037036,0.7222222222222222,0.20634920634920634,0.7249710648148148,0.21258487416834265,210
explanation_fallback_discovery_v3,ucc,discovery,jev_verbose,healthy,True,choice,1,192,97,5,95,0.9509803921568627,0.5052083333333334,0.6598639455782312,0.7249710648148148,0.9648577661403754,210
explanation_fallback_discovery_v3,ucc,discovery,jev_verbose,sarcastic,True,choice,0,205,126,2,79,0.984375,0.6146341463414634,0.7567567567567568,0.6848780487804879,0.9888138074993499,210
explanation_fallback_discovery_v3,ucc,discovery,jev_verbose,sarcastic,True,choice,1,5,3,79,2,0.036585365853658534,0.6,0.06896551724137931,0.6848780487804879,0.05862535612535613,210
explanation_fallback_discovery_v3,ucc,discovery,jev_verbose,generalisation,False,choice,0,207,183,0,24,1.0,0.8840579710144928,0.9384615384615385,0.9420289855072463,0.9991144922274612,210
explanation_fallback_discovery_v3,ucc,discovery,jev_verbose,generalisation,False,choice,1,3,3,24,0,0.1111111111111111,1.0,0.2,0.9420289855072463,0.18333333333333335,210
explanation_fallback_discovery_v3,ucc,discovery,jev_verbose,generalisation_unfair,True,choice,0,207,188,0,19,1.0,0.9082125603864735,0.9518987341772152,0.9259259259259259,0.9988775095476096,210
explanation_fallback_discovery_v3,ucc,discovery,jev_verbose,generalisation_unfair,True,choice,1,3,3,19,0,0.13636363636363635,1.0,0.24,0.9259259259259259,0.10846560846560846,210
explanation_fallback_discovery_v3,ucc,discovery,jev_verbose,hostile,True,choice,0,208,150,1,58,0.9933774834437086,0.7211538461538461,0.8356545961002786,0.8389423076923077,0.9981295124867821,210
explanation_fallback_discovery_v3,ucc,discovery,jev_verbose,hostile,True,choice,1,2,1,58,1,0.01694915254237288,0.5,0.03278688524590164,0.8389423076923077,0.11492537313432837,210
explanation_fallback_discovery_v3,ucc,discovery,jev_verbose,antagonize,True,choice,0,203,116,1,87,0.9914529914529915,0.5714285714285714,0.725,0.8560872624912034,0.993533452595407,210
explanation_fallback_discovery_v3,ucc,discovery,jev_verbose,antagonize,True,choice,1,7,6,87,1,0.06451612903225806,0.8571428571428571,0.12,0.8560872624912034,0.3602771543399969,210
explanation_fallback_discovery_v3,ucc,discovery,jev_verbose,condescending,True,choice,0,206,126,1,80,0.9921259842519685,0.6116504854368932,0.7567567567567568,0.8070388349514563,0.9946141400443808,210
explanation_fallback_discovery_v3,ucc,discovery,jev_verbose,condescending,True,choice,1,4,3,80,1,0.03614457831325301,0.75,0.06896551724137931,0.8070388349514563,0.19272033410138248,210
explanation_fallback_discovery_v3,ucc,discovery,jev_verbose,dismissive,True,choice,0,207,117,1,90,0.9915254237288136,0.5652173913043478,0.72,0.7536231884057971,0.9955082369135051,210
explanation_fallback_discovery_v3,ucc,discovery,jev_verbose,dismissive,True,choice,1,3,2,90,1,0.021739130434782608,0.6666666666666666,0.042105263157894736,0.7536231884057971,0.04141359514102671,210
grounded_calibration_v1,babe,calibration,jev_grounded,label_bias,True,choice,Non-biased,113,81,19,32,0.81,0.7168141592920354,0.7605633802816901,0.8122485921158488,0.8103379566383238,201
grounded_calibration_v1,babe,calibration,jev_grounded,label_bias,True,choice,Biased,88,69,32,19,0.6831683168316832,0.7840909090909091,0.7301587301587301,0.8122485921158488,0.8002711232168359,201
grounded_calibration_v1,babe,calibration,llm_grounded,label_bias,True,choice,Non-biased,113,92,13,21,0.8761904761904762,0.8141592920353983,0.8440366972477065,,,0
grounded_calibration_v1,babe,calibration,llm_grounded,label_bias,True,choice,Biased,88,75,21,13,0.78125,0.8522727272727273,0.8152173913043478,,,0
grounded_calibration_v1,conflict,calibration,jev_grounded,rating_directness_content,True,choice,Yes - Direct Content,98,93,0,5,1.0,0.9489795918367347,0.9738219895287958,,,98
grounded_calibration_v1,conflict,calibration,jev_grounded,rating_directness_content,True,choice,Neutral - Content contains no opinion,0,0,2,0,0.0,0.0,0.0,,,98
grounded_calibration_v1,conflict,calibration,jev_grounded,rating_directness_content,True,choice,No - Indirect Content,0,0,3,0,0.0,0.0,0.0,,,98
grounded_calibration_v1,conflict,calibration,jev_grounded,rating_directness_expression,True,choice,Yes - Direct Expression,94,80,1,14,0.9876543209876543,0.851063829787234,0.9142857142857143,0.7672872340425532,0.9824345742703602,98
grounded_calibration_v1,conflict,calibration,jev_grounded,rating_directness_expression,True,choice,No - Indirect Expression,4,3,14,1,0.17647058823529413,0.75,0.2857142857142857,0.7672872340425532,0.3917791069689804,98
grounded_calibration_v1,conflict,calibration,jev_grounded,rating_OI_content,True,choice,Yes - Content opposes someone else,96,67,0,29,1.0,0.6979166666666666,0.8220858895705522,0.8359375,0.9961640737455346,98
grounded_calibration_v1,conflict,calibration,jev_grounded,rating_OI_content,True,choice,No - Content does not oppose anyone,2,2,29,0,0.06451612903225806,1.0,0.12121212121212122,0.8359375,0.09953703703703703,98
grounded_calibration_v1,conflict,calibration,jev_grounded,rating_OI_expression,True,choice,Yes - Expression is emotional/forceful,11,8,17,3,0.32,0.7272727272727273,0.4444444444444444,0.7951933124346917,0.4987827533664051,98
grounded_calibration_v1,conflict,calibration,jev_grounded,rating_OI_expression,True,choice,No - Expression is not emotional/forceful,87,70,3,17,0.958904109589041,0.8045977011494253,0.875,0.7951933124346917,0.9521487362975404,98
grounded_calibration_v1,conflict,calibration,llm_grounded,rating_directness_content,True,choice,Yes - Direct Content,98,96,0,2,1.0,0.9795918367346939,0.9896907216494846,,,0
grounded_calibration_v1,conflict,calibration,llm_grounded,rating_directness_content,True,choice,Neutral - Content contains no opinion,0,0,2,0,0.0,0.0,0.0,,,0
grounded_calibration_v1,conflict,calibration,llm_grounded,rating_directness_content,True,choice,No - Indirect Content,0,0,0,0,0.0,0.0,0.0,,,0
grounded_calibration_v1,conflict,calibration,llm_grounded,rating_directness_expression,True,choice,Yes - Direct Expression,94,81,1,13,0.9878048780487805,0.8617021276595744,0.9204545454545454,,,0
grounded_calibration_v1,conflict,calibration,llm_grounded,rating_directness_expression,True,choice,No - Indirect Expression,4,3,13,1,0.1875,0.75,0.3,,,0
grounded_calibration_v1,conflict,calibration,llm_grounded,rating_OI_content,True,choice,Yes - Content opposes someone else,96,70,0,26,1.0,0.7291666666666666,0.8433734939759037,,,0
grounded_calibration_v1,conflict,calibration,llm_grounded,rating_OI_content,True,choice,No - Content does not oppose anyone,2,2,26,0,0.07142857142857142,1.0,0.13333333333333333,,,0
grounded_calibration_v1,conflict,calibration,llm_grounded,rating_OI_expression,True,choice,Yes - Expression is emotional/forceful,11,9,15,2,0.375,0.8181818181818182,0.5142857142857142,,,0
grounded_calibration_v1,conflict,calibration,llm_grounded,rating_OI_expression,True,choice,No - Expression is not emotional/forceful,87,72,2,15,0.972972972972973,0.8275862068965517,0.8944099378881988,,,0
grounded_calibration_v1,mbd,calibration,jev_grounded,type,True,choice,fact,127,103,10,24,0.911504424778761,0.8110236220472441,0.8583333333333333,0.9291706527338288,0.9414187136319494,234
grounded_calibration_v1,mbd,calibration,jev_grounded,type,True,choice,opinion,21,19,18,2,0.5135135135135135,0.9047619047619048,0.6551724137931034,0.9750726581712498,0.7480175858222077,234
grounded_calibration_v1,mbd,calibration,jev_grounded,type,True,choice,borderline,11,1,10,10,0.09090909090909091,0.09090909090909091,0.09090909090909091,0.8575214023644517,0.1598544245352756,234
grounded_calibration_v1,mbd,calibration,jev_grounded,type,True,choice,quote,55,49,0,6,1.0,0.8909090909090909,0.9423076923076923,0.9832402234636871,0.9710555271715922,234
grounded_calibration_v1,mbd,calibration,jev_grounded,type,True,choice,other,20,19,5,1,0.7916666666666666,0.95,0.8636363636363636,0.9887850467289719,0.8420046284984366,234
grounded_calibration_v1,mbd,calibration,jev_grounded,tone,True,choice,positive,6,1,4,5,0.2,0.16666666666666666,0.18181818181818182,0.9102836879432624,0.22983457766066462,241
grounded_calibration_v1,mbd,calibration,jev_grounded,tone,True,choice,negative,31,29,32,2,0.47540983606557374,0.9354838709677419,0.6304347826086957,0.9387864823348694,0.6085692571820079,241
grounded_calibration_v1,mbd,calibration,jev_grounded,tone,True,choice,neutral,204,168,7,36,0.96,0.8235294117647058,0.8865435356200527,0.8909644939056703,0.97904563229461,241
grounded_calibration_v1,mbd,calibration,jev_grounded,focus,True,choice,democrat,33,20,0,13,1.0,0.6060606060606061,0.7547169811320755,0.9619005589879376,0.881582394814038,239
grounded_calibration_v1,mbd,calibration,jev_grounded,focus,True,choice,republican,50,39,1,11,0.975,0.78,0.8666666666666667,0.9932275132275132,0.9722992992118882,239
grounded_calibration_v1,mbd,calibration,jev_grounded,focus,True,choice,both,13,10,3,3,0.7692307692307693,0.7692307692307693,0.7692307692307693,0.9916609938733832,0.8993531552059979,239
grounded_calibration_v1,mbd,calibration,jev_grounded,focus,True,choice,neither,143,143,23,0,0.8614457831325302,1.0,0.9255663430420712,0.9820804195804196,0.9836869517871235,239
grounded_calibration_v1,mbd,calibration,llm_grounded,type,True,choice,fact,127,103,9,24,0.9196428571428571,0.8110236220472441,0.8619246861924686,,,0
grounded_calibration_v1,mbd,calibration,llm_grounded,type,True,choice,opinion,21,19,13,2,0.59375,0.9047619047619048,0.7169811320754716,,,0
grounded_calibration_v1,mbd,calibration,llm_grounded,type,True,choice,borderline,11,3,5,8,0.375,0.2727272727272727,0.3157894736842105,,,0
grounded_calibration_v1,mbd,calibration,llm_grounded,type,True,choice,quote,55,50,2,5,0.9615384615384616,0.9090909090909091,0.9345794392523364,,,0
grounded_calibration_v1,mbd,calibration,llm_grounded,type,True,choice,other,20,20,10,0,0.6666666666666666,1.0,0.8,,,0
grounded_calibration_v1,mbd,calibration,llm_grounded,tone,True,choice,positive,6,2,2,4,0.5,0.3333333333333333,0.4,,,0
grounded_calibration_v1,mbd,calibration,llm_grounded,tone,True,choice,negative,31,27,20,4,0.574468085106383,0.8709677419354839,0.6923076923076923,,,0
grounded_calibration_v1,mbd,calibration,llm_grounded,tone,True,choice,neutral,204,182,8,22,0.9578947368421052,0.8921568627450981,0.9238578680203046,,,0
grounded_calibration_v1,mbd,calibration,llm_grounded,focus,True,choice,democrat,33,14,1,19,0.9333333333333333,0.42424242424242425,0.5833333333333334,,,0
grounded_calibration_v1,mbd,calibration,llm_grounded,focus,True,choice,republican,50,31,4,19,0.8857142857142857,0.62,0.7294117647058823,,,0
grounded_calibration_v1,mbd,calibration,llm_grounded,focus,True,choice,both,13,9,1,4,0.9,0.6923076923076923,0.782608695652174,,,0
grounded_calibration_v1,mbd,calibration,llm_grounded,focus,True,choice,neither,143,142,37,1,0.7932960893854749,0.993006993006993,0.8819875776397516,,,0
grounded_calibration_v1,ucc,calibration,jev_grounded,healthy,True,choice,0,9,8,93,1,0.07920792079207921,0.8888888888888888,0.14545454545454545,0.8140589569160998,0.18888041291534508,205
grounded_calibration_v1,ucc,calibration,jev_grounded,healthy,True,choice,1,196,103,1,93,0.9903846153846154,0.5255102040816326,0.6866666666666666,0.8140589569160998,0.9861083153597286,205
grounded_calibration_v1,ucc,calibration,jev_grounded,sarcastic,True,choice,0,195,135,2,60,0.9854014598540146,0.6923076923076923,0.8132530120481928,0.7617948717948718,0.9802187536767327,205
grounded_calibration_v1,ucc,calibration,jev_grounded,sarcastic,True,choice,1,10,8,60,2,0.11764705882352941,0.8,0.20512820512820512,0.7617948717948718,0.14310506633737133,205
grounded_calibration_v1,ucc,calibration,jev_grounded,generalisation,False,choice,0,203,171,1,32,0.9941860465116279,0.8423645320197044,0.912,0.9051724137931034,0.9989595285659771,205
grounded_calibration_v1,ucc,calibration,jev_grounded,generalisation,False,choice,1,2,1,32,1,0.030303030303030304,0.5,0.05714285714285714,0.9051724137931034,0.524390243902439,205
grounded_calibration_v1,ucc,calibration,jev_grounded,generalisation_unfair,True,choice,0,203,176,1,27,0.9943502824858758,0.8669950738916257,0.9263157894736842,0.8977832512315271,0.9988695291189127,205
grounded_calibration_v1,ucc,calibration,jev_grounded,generalisation_unfair,True,choice,1,2,1,27,1,0.03571428571428571,0.5,0.06666666666666667,0.8977832512315271,0.5227272727272727,205
grounded_calibration_v1,ucc,calibration,jev_grounded,hostile,True,choice,0,202,153,0,49,1.0,0.7574257425742574,0.8619718309859155,0.9455445544554455,0.9991070641885385,205
grounded_calibration_v1,ucc,calibration,jev_grounded,hostile,True,choice,1,3,3,49,0,0.057692307692307696,1.0,0.10909090909090909,0.9455445544554455,0.473015873015873,205
grounded_calibration_v1,ucc,calibration,jev_grounded,antagonize,True,choice,0,199,124,1,75,0.992,0.6231155778894473,0.7654320987654321,0.7416247906197655,0.9859591926394942,205
grounded_calibration_v1,ucc,calibration,jev_grounded,antagonize,True,choice,1,6,5,75,1,0.0625,0.8333333333333334,0.11627906976744186,0.7416247906197655,0.09774676309805733,205
grounded_calibration_v1,ucc,calibration,jev_grounded,condescending,True,choice,0,199,133,2,66,0.9851851851851852,0.6683417085427136,0.7964071856287425,0.681323283082077,0.9876415931213356,205
grounded_calibration_v1,ucc,calibration,jev_grounded,condescending,True,choice,1,6,4,66,2,0.05714285714285714,0.6666666666666666,0.10526315789473684,0.681323283082077,0.05232114869828641,205
grounded_calibration_v1,ucc,calibration,jev_grounded,dismissive,True,choice,0,196,138,2,58,0.9857142857142858,0.7040816326530612,0.8214285714285714,0.7970521541950113,0.9885183886045881,205
grounded_calibration_v1,ucc,calibration,jev_grounded,dismissive,True,choice,1,9,7,58,2,0.1076923076923077,0.7777777777777778,0.1891891891891892,0.7970521541950113,0.11670783820810117,205
grounded_calibration_v1,ucc,calibration,llm_grounded,healthy,True,choice,0,9,8,71,1,0.10126582278481013,0.8888888888888888,0.18181818181818182,,,0
grounded_calibration_v1,ucc,calibration,llm_grounded,healthy,True,choice,1,196,125,1,71,0.9920634920634921,0.6377551020408163,0.7763975155279503,,,0
grounded_calibration_v1,ucc,calibration,llm_grounded,sarcastic,True,choice,0,195,164,5,31,0.9704142011834319,0.841025641025641,0.9010989010989011,,,0
grounded_calibration_v1,ucc,calibration,llm_grounded,sarcastic,True,choice,1,10,5,31,5,0.1388888888888889,0.5,0.21739130434782608,,,0
grounded_calibration_v1,ucc,calibration,llm_grounded,generalisation,False,choice,0,203,164,1,39,0.9939393939393939,0.8078817733990148,0.8913043478260869,,,0
grounded_calibration_v1,ucc,calibration,llm_grounded,generalisation,False,choice,1,2,1,39,1,0.025,0.5,0.047619047619047616,,,0
grounded_calibration_v1,ucc,calibration,llm_grounded,generalisation_unfair,True,choice,0,203,169,1,34,0.9941176470588236,0.8325123152709359,0.9061662198391421,,,0
grounded_calibration_v1,ucc,calibration,llm_grounded,generalisation_unfair,True,choice,1,2,1,34,1,0.02857142857142857,0.5,0.05405405405405406,,,0
grounded_calibration_v1,ucc,calibration,llm_grounded,hostile,True,choice,0,202,144,0,58,1.0,0.7128712871287128,0.8323699421965318,,,0
grounded_calibration_v1,ucc,calibration,llm_grounded,hostile,True,choice,1,3,3,58,0,0.04918032786885246,1.0,0.09375,,,0
grounded_calibration_v1,ucc,calibration,llm_grounded,antagonize,True,choice,0,199,149,1,50,0.9933333333333333,0.7487437185929648,0.8538681948424068,,,0
grounded_calibration_v1,ucc,calibration,llm_grounded,antagonize,True,choice,1,6,5,50,1,0.09090909090909091,0.8333333333333334,0.16393442622950818,,,0
grounded_calibration_v1,ucc,calibration,llm_grounded,condescending,True,choice,0,199,139,4,60,0.972027972027972,0.6984924623115578,0.8128654970760234,,,0
grounded_calibration_v1,ucc,calibration,llm_grounded,condescending,True,choice,1,6,2,60,4,0.03225806451612903,0.3333333333333333,0.058823529411764705,,,0
grounded_calibration_v1,ucc,calibration,llm_grounded,dismissive,True,choice,0,196,137,2,59,0.9856115107913669,0.6989795918367347,0.817910447761194,,,0
grounded_calibration_v1,ucc,calibration,llm_grounded,dismissive,True,choice,1,9,7,59,2,0.10606060606060606,0.7777777777777778,0.18666666666666668,,,0
grounded_discovery_v1,babe,discovery,jev_grounded,label_bias,True,choice,Non-biased,97,74,21,23,0.7789473684210526,0.7628865979381443,0.7708333333333334,0.8455109598638775,0.8227525666575701,200
grounded_discovery_v1,babe,discovery,jev_grounded,label_bias,True,choice,Biased,103,82,23,21,0.780952380952381,0.7961165048543689,0.7884615384615384,0.8455109598638775,0.8329962285255943,200
grounded_discovery_v1,babe,discovery,llm_grounded,label_bias,True,choice,Non-biased,97,74,12,23,0.8604651162790697,0.7628865979381443,0.8087431693989071,,,0
grounded_discovery_v1,babe,discovery,llm_grounded,label_bias,True,choice,Biased,103,91,23,12,0.7982456140350878,0.883495145631068,0.8387096774193549,,,0
grounded_discovery_v1,conflict,discovery,jev_grounded,rating_directness_content,True,choice,Yes - Direct Content,92,84,0,8,1.0,0.9130434782608695,0.9545454545454546,,,92
grounded_discovery_v1,conflict,discovery,jev_grounded,rating_directness_content,True,choice,Neutral - Content contains no opinion,0,0,2,0,0.0,0.0,0.0,,,92
grounded_discovery_v1,conflict,discovery,jev_grounded,rating_directness_content,True,choice,No - Indirect Content,0,0,6,0,0.0,0.0,0.0,,,92
grounded_discovery_v1,conflict,discovery,jev_grounded,rating_directness_expression,True,choice,Yes - Direct Expression,87,73,3,14,0.9605263157894737,0.8390804597701149,0.8957055214723927,0.6436781609195402,0.9599509356697548,92
grounded_discovery_v1,conflict,discovery,jev_grounded,rating_directness_expression,True,choice,No - Indirect Expression,5,2,14,3,0.125,0.4,0.19047619047619047,0.6436781609195402,0.18464240102171137,92
grounded_discovery_v1,conflict,discovery,jev_grounded,rating_OI_content,True,choice,Yes - Content opposes someone else,90,73,1,17,0.9864864864864865,0.8111111111111111,0.8902439024390244,0.7444444444444445,0.9920385711022884,92
grounded_discovery_v1,conflict,discovery,jev_grounded,rating_OI_content,True,choice,No - Content does not oppose anyone,2,1,17,1,0.05555555555555555,0.5,0.1,0.7444444444444445,0.5204081632653061,92
grounded_discovery_v1,conflict,discovery,jev_grounded,rating_OI_expression,True,choice,Yes - Expression is emotional/forceful,16,8,15,8,0.34782608695652173,0.5,0.41025641025641024,0.6936677631578947,0.44848198460344896,92
grounded_discovery_v1,conflict,discovery,jev_grounded,rating_OI_expression,True,choice,No - Expression is not emotional/forceful,76,61,8,15,0.8840579710144928,0.8026315789473685,0.8413793103448276,0.6936677631578947,0.8956075436206794,92
grounded_discovery_v1,conflict,discovery,llm_grounded,rating_directness_content,True,choice,Yes - Direct Content,92,89,0,3,1.0,0.967391304347826,0.9834254143646409,,,0
grounded_discovery_v1,conflict,discovery,llm_grounded,rating_directness_content,True,choice,Neutral - Content contains no opinion,0,0,2,0,0.0,0.0,0.0,,,0
grounded_discovery_v1,conflict,discovery,llm_grounded,rating_directness_content,True,choice,No - Indirect Content,0,0,1,0,0.0,0.0,0.0,,,0
grounded_discovery_v1,conflict,discovery,llm_grounded,rating_directness_expression,True,choice,Yes - Direct Expression,87,83,4,4,0.9540229885057471,0.9540229885057471,0.9540229885057471,,,0
grounded_discovery_v1,conflict,discovery,llm_grounded,rating_directness_expression,True,choice,No - Indirect Expression,5,1,4,4,0.2,0.2,0.2,,,0
grounded_discovery_v1,conflict,discovery,llm_grounded,rating_OI_content,True,choice,Yes - Content opposes someone else,90,69,0,21,1.0,0.7666666666666667,0.8679245283018868,,,0
grounded_discovery_v1,conflict,discovery,llm_grounded,rating_OI_content,True,choice,No - Content does not oppose anyone,2,2,21,0,0.08695652173913043,1.0,0.16,,,0
grounded_discovery_v1,conflict,discovery,llm_grounded,rating_OI_expression,True,choice,Yes - Expression is emotional/forceful,16,7,9,9,0.4375,0.4375,0.4375,,,0
grounded_discovery_v1,conflict,discovery,llm_grounded,rating_OI_expression,True,choice,No - Expression is not emotional/forceful,76,67,9,9,0.881578947368421,0.881578947368421,0.881578947368421,,,0
grounded_discovery_v1,mbd,discovery,jev_grounded,type,True,choice,fact,106,91,11,15,0.8921568627450981,0.8584905660377359,0.875,0.942159736215424,0.9404052666984221,209
grounded_discovery_v1,mbd,discovery,jev_grounded,type,True,choice,opinion,4,1,6,3,0.14285714285714285,0.25,0.18181818181818182,0.8304878048780487,0.32150900900900903,209
grounded_discovery_v1,mbd,discovery,jev_grounded,type,True,choice,borderline,1,0,4,1,0.0,0.0,0.0,0.9399038461538461,0.07142857142857142,209
grounded_discovery_v1,mbd,discovery,jev_grounded,type,True,choice,quote,73,66,5,7,0.9295774647887324,0.9041095890410958,0.9166666666666666,0.9716962127316681,0.9116447594644252,209
grounded_discovery_v1,mbd,discovery,jev_grounded,type,True,choice,other,25,19,6,6,0.76,0.76,0.76,0.9703260869565218,0.7937843914372721,209
grounded_discovery_v1,mbd,discovery,jev_grounded,tone,True,choice,positive,12,12,16,0,0.42857142857142855,1.0,0.6,0.9734848484848485,0.6100153922164792,210
grounded_discovery_v1,mbd,discovery,jev_grounded,tone,True,choice,negative,35,31,13,4,0.7045454545454546,0.8857142857142857,0.7848101265822784,0.9684081632653061,0.8638576999259356,210
grounded_discovery_v1,mbd,discovery,jev_grounded,tone,True,choice,neutral,163,134,4,29,0.9710144927536232,0.8220858895705522,0.8903654485049833,0.9294478527607362,0.9784095250715606,210
grounded_discovery_v1,mbd,discovery,jev_grounded,focus,True,choice,democrat,15,12,4,3,0.75,0.8,0.7741935483870968,0.9878306878306878,0.8575893866282882,204
grounded_discovery_v1,mbd,discovery,jev_grounded,focus,True,choice,republican,34,21,0,13,1.0,0.6176470588235294,0.7636363636363637,0.9936851211072665,0.9673518761786907,204
grounded_discovery_v1,mbd,discovery,jev_grounded,focus,True,choice,both,11,8,6,3,0.5714285714285714,0.7272727272727273,0.64,0.9769194536033914,0.7754036504036503,204
grounded_discovery_v1,mbd,discovery,jev_grounded,focus,True,choice,neither,144,142,11,2,0.9281045751633987,0.9861111111111112,0.9562289562289562,0.9851851851851852,0.994137585797901,204
grounded_discovery_v1,mbd,discovery,llm_grounded,type,True,choice,fact,106,85,7,21,0.9239130434782609,0.8018867924528302,0.8585858585858586,,,0
grounded_discovery_v1,mbd,discovery,llm_grounded,type,True,choice,opinion,4,2,4,2,0.3333333333333333,0.5,0.4,,,0
grounded_discovery_v1,mbd,discovery,llm_grounded,type,True,choice,borderline,1,0,1,1,0.0,0.0,0.0,,,0
grounded_discovery_v1,mbd,discovery,llm_grounded,type,True,choice,quote,73,69,7,4,0.9078947368421053,0.9452054794520548,0.9261744966442953,,,0
grounded_discovery_v1,mbd,discovery,llm_grounded,type,True,choice,other,25,23,11,2,0.6764705882352942,0.92,0.7796610169491526,,,0
grounded_discovery_v1,mbd,discovery,llm_grounded,tone,True,choice,positive,12,11,12,1,0.4782608695652174,0.9166666666666666,0.6285714285714286,,,0
grounded_discovery_v1,mbd,discovery,llm_grounded,tone,True,choice,negative,35,29,9,6,0.7631578947368421,0.8285714285714286,0.7945205479452054,,,0
grounded_discovery_v1,mbd,discovery,llm_grounded,tone,True,choice,neutral,163,142,7,21,0.9530201342281879,0.8711656441717791,0.9102564102564102,,,0
grounded_discovery_v1,mbd,discovery,llm_grounded,focus,True,choice,democrat,15,9,0,6,1.0,0.6,0.75,,,0
grounded_discovery_v1,mbd,discovery,llm_grounded,focus,True,choice,republican,34,23,0,11,1.0,0.6764705882352942,0.8070175438596491,,,0
grounded_discovery_v1,mbd,discovery,llm_grounded,focus,True,choice,both,11,10,6,1,0.625,0.9090909090909091,0.7407407407407407,,,0
grounded_discovery_v1,mbd,discovery,llm_grounded,focus,True,choice,neither,144,144,12,0,0.9230769230769231,1.0,0.96,,,0
grounded_discovery_v1,ucc,discovery,jev_grounded,healthy,True,choice,0,18,13,108,5,0.10743801652892562,0.7222222222222222,0.18705035971223022,0.6665219907407407,0.19118776405066054,210
grounded_discovery_v1,ucc,discovery,jev_grounded,healthy,True,choice,1,192,84,5,108,0.9438202247191011,0.4375,0.597864768683274,0.6665219907407407,0.9449753268224063,210
grounded_discovery_v1,ucc,discovery,jev_grounded,sarcastic,True,choice,0,205,126,1,79,0.9921259842519685,0.6146341463414634,0.7590361445783133,0.6902439024390243,0.9896114650250804,210
grounded_discovery_v1,ucc,discovery,jev_grounded,sarcastic,True,choice,1,5,4,79,1,0.04819277108433735,0.8,0.09090909090909091,0.6902439024390243,0.04740927665065596,210
grounded_discovery_v1,ucc,discovery,jev_grounded,generalisation,False,choice,0,207,168,1,39,0.9940828402366864,0.8115942028985508,0.8936170212765957,0.7214170692431562,0.9946711147601112,210
grounded_discovery_v1,ucc,discovery,jev_grounded,generalisation,False,choice,1,3,2,39,1,0.04878048780487805,0.6666666666666666,0.09090909090909091,0.7214170692431562,0.039338773802050635,210
grounded_discovery_v1,ucc,discovery,jev_grounded,generalisation_unfair,True,choice,0,207,177,1,30,0.9943820224719101,0.855072463768116,0.9194805194805195,0.6892109500805152,0.9929698357809542,210
grounded_discovery_v1,ucc,discovery,jev_grounded,generalisation_unfair,True,choice,1,3,2,30,1,0.0625,0.6666666666666666,0.11428571428571428,0.6892109500805152,0.04222222222222222,210
grounded_discovery_v1,ucc,discovery,jev_grounded,hostile,True,choice,0,208,135,0,73,1.0,0.6490384615384616,0.7871720116618076,0.8858173076923077,0.9987458072618818,210
grounded_discovery_v1,ucc,discovery,jev_grounded,hostile,True,choice,1,2,2,73,0,0.02666666666666667,1.0,0.05194805194805195,0.8858173076923077,0.14583333333333334,210
grounded_discovery_v1,ucc,discovery,jev_grounded,antagonize,True,choice,0,203,100,1,103,0.9900990099009901,0.49261083743842365,0.6578947368421053,0.7719915552427867,0.9823919344147537,210
grounded_discovery_v1,ucc,discovery,jev_grounded,antagonize,True,choice,1,7,6,103,1,0.05504587155963303,0.8571428571428571,0.10344827586206896,0.7719915552427867,0.26997552253068147,210
grounded_discovery_v1,ucc,discovery,jev_grounded,condescending,True,choice,0,206,129,0,77,1.0,0.6262135922330098,0.7701492537313432,0.845873786407767,0.9964322623232875,210
grounded_discovery_v1,ucc,discovery,jev_grounded,condescending,True,choice,1,4,4,77,0,0.04938271604938271,1.0,0.09411764705882353,0.845873786407767,0.13008639910813824,210
grounded_discovery_v1,ucc,discovery,jev_grounded,dismissive,True,choice,0,207,127,0,80,1.0,0.6135265700483091,0.7604790419161677,0.7737520128824477,0.9961766216880233,210
grounded_discovery_v1,ucc,discovery,jev_grounded,dismissive,True,choice,1,3,3,80,0,0.03614457831325301,1.0,0.06976744186046512,0.7737520128824477,0.04136193155180497,210
grounded_discovery_v1,ucc,discovery,llm_grounded,healthy,True,choice,0,18,13,77,5,0.14444444444444443,0.7222222222222222,0.24074074074074073,,,0
grounded_discovery_v1,ucc,discovery,llm_grounded,healthy,True,choice,1,192,115,5,77,0.9583333333333334,0.5989583333333334,0.7371794871794872,,,0
grounded_discovery_v1,ucc,discovery,llm_grounded,sarcastic,True,choice,0,205,162,2,43,0.9878048780487805,0.7902439024390244,0.8780487804878049,,,0
grounded_discovery_v1,ucc,discovery,llm_grounded,sarcastic,True,choice,1,5,3,43,2,0.06521739130434782,0.6,0.11764705882352941,,,0
grounded_discovery_v1,ucc,discovery,llm_grounded,generalisation,False,choice,0,207,179,1,28,0.9944444444444445,0.8647342995169082,0.9250645994832042,,,0
grounded_discovery_v1,ucc,discovery,llm_grounded,generalisation,False,choice,1,3,2,28,1,0.06666666666666667,0.6666666666666666,0.12121212121212122,,,0
grounded_discovery_v1,ucc,discovery,llm_grounded,generalisation_unfair,True,choice,0,207,180,1,27,0.994475138121547,0.8695652173913043,0.9278350515463918,,,0
grounded_discovery_v1,ucc,discovery,llm_grounded,generalisation_unfair,True,choice,1,3,2,27,1,0.06896551724137931,0.6666666666666666,0.125,,,0
grounded_discovery_v1,ucc,discovery,llm_grounded,hostile,True,choice,0,208,145,0,63,1.0,0.6971153846153846,0.8215297450424929,,,0
grounded_discovery_v1,ucc,discovery,llm_grounded,hostile,True,choice,1,2,2,63,0,0.03076923076923077,1.0,0.05970149253731343,,,0
grounded_discovery_v1,ucc,discovery,llm_grounded,antagonize,True,choice,0,203,151,1,52,0.993421052631579,0.7438423645320197,0.8507042253521127,,,0
grounded_discovery_v1,ucc,discovery,llm_grounded,antagonize,True,choice,1,7,6,52,1,0.10344827586206896,0.8571428571428571,0.18461538461538463,,,0
grounded_discovery_v1,ucc,discovery,llm_grounded,condescending,True,choice,0,206,152,0,54,1.0,0.7378640776699029,0.8491620111731844,,,0
grounded_discovery_v1,ucc,discovery,llm_grounded,condescending,True,choice,1,4,4,54,0,0.06896551724137931,1.0,0.12903225806451613,,,0
grounded_discovery_v1,ucc,discovery,llm_grounded,dismissive,True,choice,0,207,145,1,62,0.9931506849315068,0.7004830917874396,0.8215297450424929,,,0
grounded_discovery_v1,ucc,discovery,llm_grounded,dismissive,True,choice,1,3,2,62,1,0.03125,0.6666666666666666,0.05970149253731343,,,0
native_calibration_v1,babe,calibration,jev_native,label_bias,True,choice,Non-biased,113,90,13,23,0.8737864077669902,0.7964601769911505,0.8333333333333334,0.9041633145615446,0.9122551977643669,201
native_calibration_v1,babe,calibration,jev_native,label_bias,True,choice,Biased,88,75,23,13,0.7653061224489796,0.8522727272727273,0.8064516129032258,0.9041633145615446,0.8920957127552175,201
native_calibration_v1,babe,calibration,llm_native,label_bias,True,choice,Non-biased,113,89,13,24,0.8725490196078431,0.7876106194690266,0.827906976744186,,,0
native_calibration_v1,babe,calibration,llm_native,label_bias,True,choice,Biased,88,75,24,13,0.7575757575757576,0.8522727272727273,0.8021390374331551,,,0
native_calibration_v1,conflict,calibration,jev_native,rating_directness_content,True,choice,Yes - Direct Content,98,92,0,6,1.0,0.9387755102040817,0.968421052631579,,,98
native_calibration_v1,conflict,calibration,jev_native,rating_directness_content,True,choice,Neutral - Content contains no opinion,0,0,1,0,0.0,0.0,0.0,,,98
native_calibration_v1,conflict,calibration,jev_native,rating_directness_content,True,choice,No - Indirect Content,0,0,5,0,0.0,0.0,0.0,,,98
native_calibration_v1,conflict,calibration,jev_native,rating_directness_expression,True,choice,Yes - Direct Expression,94,84,1,10,0.9882352941176471,0.8936170212765957,0.9385474860335196,0.8231382978723404,0.9886321016034111,98
native_calibration_v1,conflict,calibration,jev_native,rating_directness_expression,True,choice,No - Indirect Expression,4,3,10,1,0.23076923076923078,0.75,0.35294117647058826,0.8231382978723404,0.4725274725274725,98
native_calibration_v1,conflict,calibration,jev_native,rating_OI_content,True,choice,Yes - Content opposes someone else,96,70,1,26,0.9859154929577465,0.7291666666666666,0.8383233532934131,0.8385416666666666,0.996031271919683,98
native_calibration_v1,conflict,calibration,jev_native,rating_OI_content,True,choice,No - Content does not oppose anyone,2,1,26,1,0.037037037037037035,0.5,0.06896551724137931,0.8385416666666666,0.5303030303030303,98
native_calibration_v1,conflict,calibration,jev_native,rating_OI_expression,True,choice,Yes - Expression is emotional/forceful,11,8,14,3,0.36363636363636365,0.7272727272727273,0.48484848484848486,0.8955067920585162,0.5665105727605727,98
native_calibration_v1,conflict,calibration,jev_native,rating_OI_expression,True,choice,No - Expression is not emotional/forceful,87,73,3,14,0.9605263157894737,0.8390804597701149,0.8957055214723927,0.8955067920585162,0.984899268154527,98
native_calibration_v1,conflict,calibration,llm_native,rating_directness_content,True,choice,Yes - Direct Content,98,98,0,0,1.0,1.0,1.0,,,0
native_calibration_v1,conflict,calibration,llm_native,rating_directness_content,True,choice,Neutral - Content contains no opinion,0,0,0,0,0.0,0.0,0.0,,,0
native_calibration_v1,conflict,calibration,llm_native,rating_directness_content,True,choice,No - Indirect Content,0,0,0,0,0.0,0.0,0.0,,,0
native_calibration_v1,conflict,calibration,llm_native,rating_directness_expression,True,choice,Yes - Direct Expression,94,84,1,10,0.9882352941176471,0.8936170212765957,0.9385474860335196,,,0
native_calibration_v1,conflict,calibration,llm_native,rating_directness_expression,True,choice,No - Indirect Expression,4,3,10,1,0.23076923076923078,0.75,0.35294117647058826,,,0
native_calibration_v1,conflict,calibration,llm_native,rating_OI_content,True,choice,Yes - Content opposes someone else,96,67,0,29,1.0,0.6979166666666666,0.8220858895705522,,,0
native_calibration_v1,conflict,calibration,llm_native,rating_OI_content,True,choice,No - Content does not oppose anyone,2,2,29,0,0.06451612903225806,1.0,0.12121212121212122,,,0
native_calibration_v1,conflict,calibration,llm_native,rating_OI_expression,True,choice,Yes - Expression is emotional/forceful,11,9,10,2,0.47368421052631576,0.8181818181818182,0.6,,,0
native_calibration_v1,conflict,calibration,llm_native,rating_OI_expression,True,choice,No - Expression is not emotional/forceful,87,77,2,10,0.9746835443037974,0.8850574712643678,0.927710843373494,,,0
native_calibration_v1,mbd,calibration,jev_native,type,True,choice,fact,127,94,8,33,0.9215686274509803,0.7401574803149606,0.8209606986899564,0.9321877989550371,0.94585011488759,234
native_calibration_v1,mbd,calibration,jev_native,type,True,choice,opinion,21,20,16,1,0.5555555555555556,0.9523809523809523,0.7017543859649122,0.9776436396154706,0.7492502843011466,234
native_calibration_v1,mbd,calibration,jev_native,type,True,choice,borderline,11,5,19,6,0.20833333333333334,0.45454545454545453,0.2857142857142857,0.8626172034243783,0.18282798078392562,234
native_calibration_v1,mbd,calibration,jev_native,type,True,choice,quote,55,49,0,6,1.0,0.8909090909090909,0.9423076923076923,0.9963433214829863,0.9888415367155637,234
native_calibration_v1,mbd,calibration,jev_native,type,True,choice,other,20,19,4,1,0.8260869565217391,0.95,0.8837209302325582,0.991588785046729,0.9233892147135853,234
native_calibration_v1,mbd,calibration,jev_native,tone,True,choice,positive,6,3,9,3,0.25,0.5,0.3333333333333333,0.9687943262411347,0.5830753353973168,241
native_calibration_v1,mbd,calibration,jev_native,tone,True,choice,negative,31,30,44,1,0.40540540540540543,0.967741935483871,0.5714285714285714,0.934715821812596,0.5739239902553002,241
native_calibration_v1,mbd,calibration,jev_native,tone,True,choice,neutral,204,151,4,53,0.9741935483870968,0.7401960784313726,0.841225626740947,0.9023582405935348,0.981573081769927,241
native_calibration_v1,mbd,calibration,jev_native,focus,True,choice,democrat,33,18,1,15,0.9473684210526315,0.5454545454545454,0.6923076923076923,0.9743306854957341,0.9177402596151799,239
native_calibration_v1,mbd,calibration,jev_native,focus,True,choice,republican,50,35,1,15,0.9722222222222222,0.7,0.813953488372093,0.9947089947089947,0.9791647089800346,239
native_calibration_v1,mbd,calibration,jev_native,focus,True,choice,both,13,9,5,4,0.6428571428571429,0.6923076923076923,0.6666666666666666,0.987576582709326,0.8101579145101414,239
native_calibration_v1,mbd,calibration,jev_native,focus,True,choice,neither,143,141,29,2,0.8294117647058824,0.986013986013986,0.9009584664536742,0.983573717948718,0.9853808726902279,239
native_calibration_v1,mbd,calibration,llm_native,type,True,choice,fact,127,91,5,36,0.9479166666666666,0.7165354330708661,0.8161434977578476,,,0
native_calibration_v1,mbd,calibration,llm_native,type,True,choice,opinion,21,19,13,2,0.59375,0.9047619047619048,0.7169811320754716,,,0
native_calibration_v1,mbd,calibration,llm_native,type,True,choice,borderline,11,9,17,2,0.34615384615384615,0.8181818181818182,0.4864864864864865,,,0
native_calibration_v1,mbd,calibration,llm_native,type,True,choice,quote,55,47,1,8,0.9791666666666666,0.8545454545454545,0.912621359223301,,,0
native_calibration_v1,mbd,calibration,llm_native,type,True,choice,other,20,20,12,0,0.625,1.0,0.7692307692307693,,,0
native_calibration_v1,mbd,calibration,llm_native,tone,True,choice,positive,6,2,3,4,0.4,0.3333333333333333,0.36363636363636365,,,0
native_calibration_v1,mbd,calibration,llm_native,tone,True,choice,negative,31,26,27,5,0.49056603773584906,0.8387096774193549,0.6190476190476191,,,0
native_calibration_v1,mbd,calibration,llm_native,tone,True,choice,neutral,204,174,9,30,0.9508196721311475,0.8529411764705882,0.8992248062015504,,,0
native_calibration_v1,mbd,calibration,llm_native,focus,True,choice,democrat,33,14,0,19,1.0,0.42424242424242425,0.5957446808510638,,,0
native_calibration_v1,mbd,calibration,llm_native,focus,True,choice,republican,50,35,1,15,0.9722222222222222,0.7,0.813953488372093,,,0
native_calibration_v1,mbd,calibration,llm_native,focus,True,choice,both,13,10,2,3,0.8333333333333334,0.7692307692307693,0.8,,,0
native_calibration_v1,mbd,calibration,llm_native,focus,True,choice,neither,143,143,34,0,0.807909604519774,1.0,0.89375,,,0
native_calibration_v1,ucc,calibration,jev_native,healthy,True,choice,0,9,9,72,0,0.1111111111111111,1.0,0.2,0.9030612244897959,0.3373580263824166,205
native_calibration_v1,ucc,calibration,jev_native,healthy,True,choice,1,196,124,0,72,1.0,0.6326530612244898,0.775,0.9030612244897959,0.9952099651365348,205
native_calibration_v1,ucc,calibration,jev_native,sarcastic,True,choice,0,195,116,3,79,0.9747899159663865,0.5948717948717949,0.7388535031847133,0.717948717948718,0.9698789364686842,205
native_calibration_v1,ucc,calibration,jev_native,sarcastic,True,choice,1,10,7,79,3,0.08139534883720931,0.7,0.14583333333333334,0.717948717948718,0.24630496930528403,205
native_calibration_v1,ucc,calibration,jev_native,generalisation,False,choice,0,203,163,1,40,0.9939024390243902,0.8029556650246306,0.888283378746594,0.8300492610837439,0.9979084753015809,205
native_calibration_v1,ucc,calibration,jev_native,generalisation,False,choice,1,2,1,40,1,0.024390243902439025,0.5,0.046511627906976744,0.8300492610837439,0.5136986301369864,205
native_calibration_v1,ucc,calibration,jev_native,generalisation_unfair,True,choice,0,203,169,1,34,0.9941176470588236,0.8325123152709359,0.9061662198391421,0.833743842364532,0.9979803722529617,205
native_calibration_v1,ucc,calibration,jev_native,generalisation_unfair,True,choice,1,2,1,34,1,0.02857142857142857,0.5,0.05405405405405406,0.833743842364532,0.5140845070422535,205
native_calibration_v1,ucc,calibration,jev_native,hostile,True,choice,0,202,143,0,59,1.0,0.7079207920792079,0.8289855072463768,0.9455445544554455,0.9990978530102248,205
native_calibration_v1,ucc,calibration,jev_native,hostile,True,choice,1,3,3,59,0,0.04838709677419355,1.0,0.09230769230769231,0.9455445544554455,0.6936936936936937,205
native_calibration_v1,ucc,calibration,jev_native,antagonize,True,choice,0,199,127,1,72,0.9921875,0.6381909547738693,0.7767584097859327,0.8869346733668342,0.9958944634552587,205
native_calibration_v1,ucc,calibration,jev_native,antagonize,True,choice,1,6,5,72,1,0.06493506493506493,0.8333333333333334,0.12048192771084337,0.8869346733668342,0.35382367417251137,205
native_calibration_v1,ucc,calibration,jev_native,condescending,True,choice,0,199,124,0,75,1.0,0.6231155778894473,0.7678018575851393,0.8174204355108877,0.9934633163459765,205
native_calibration_v1,ucc,calibration,jev_native,condescending,True,choice,1,6,6,75,0,0.07407407407407407,1.0,0.13793103448275862,0.8174204355108877,0.3278259157423723,205
native_calibration_v1,ucc,calibration,jev_native,dismissive,True,choice,0,196,132,0,64,1.0,0.673469387755102,0.8048780487804879,0.8840702947845805,0.9939923016470964,205
native_calibration_v1,ucc,calibration,jev_native,dismissive,True,choice,1,9,9,64,0,0.1232876712328767,1.0,0.21951219512195122,0.8840702947845805,0.36142346420096005,205
native_calibration_v1,ucc,calibration,llm_native,healthy,True,choice,0,9,8,63,1,0.11267605633802817,0.8888888888888888,0.2,,,0
native_calibration_v1,ucc,calibration,llm_native,healthy,True,choice,1,196,133,1,63,0.9925373134328358,0.6785714285714286,0.806060606060606,,,0
native_calibration_v1,ucc,calibration,llm_native,sarcastic,True,choice,0,195,162,5,33,0.9700598802395209,0.8307692307692308,0.8950276243093923,,,0
native_calibration_v1,ucc,calibration,llm_native,sarcastic,True,choice,1,10,5,33,5,0.13157894736842105,0.5,0.20833333333333334,,,0
native_calibration_v1,ucc,calibration,llm_native,generalisation,False,choice,0,203,164,1,39,0.9939393939393939,0.8078817733990148,0.8913043478260869,,,0
native_calibration_v1,ucc,calibration,llm_native,generalisation,False,choice,1,2,1,39,1,0.025,0.5,0.047619047619047616,,,0
native_calibration_v1,ucc,calibration,llm_native,generalisation_unfair,True,choice,0,203,166,1,37,0.9940119760479041,0.8177339901477833,0.8972972972972973,,,0
native_calibration_v1,ucc,calibration,llm_native,generalisation_unfair,True,choice,1,2,1,37,1,0.02631578947368421,0.5,0.05,,,0
native_calibration_v1,ucc,calibration,llm_native,hostile,True,choice,0,202,147,0,55,1.0,0.7277227722772277,0.8424068767908309,,,0
native_calibration_v1,ucc,calibration,llm_native,hostile,True,choice,1,3,3,55,0,0.05172413793103448,1.0,0.09836065573770492,,,0
native_calibration_v1,ucc,calibration,llm_native,antagonize,True,choice,0,199,150,1,49,0.9933774834437086,0.7537688442211056,0.8571428571428571,,,0
native_calibration_v1,ucc,calibration,llm_native,antagonize,True,choice,1,6,5,49,1,0.09259259259259259,0.8333333333333334,0.16666666666666666,,,0
native_calibration_v1,ucc,calibration,llm_native,condescending,True,choice,0,199,154,4,45,0.9746835443037974,0.7738693467336684,0.8627450980392157,,,0
native_calibration_v1,ucc,calibration,llm_native,condescending,True,choice,1,6,2,45,4,0.0425531914893617,0.3333333333333333,0.07547169811320754,,,0
native_calibration_v1,ucc,calibration,llm_native,dismissive,True,choice,0,196,151,2,45,0.9869281045751634,0.7704081632653061,0.8653295128939829,,,0
native_calibration_v1,ucc,calibration,llm_native,dismissive,True,choice,1,9,7,45,2,0.1346153846153846,0.7777777777777778,0.22950819672131148,,,0
native_diagnostic_v1,babe,diagnostic,jev_native,label_bias,True,choice,Non-biased,511,388,69,123,0.849015317286652,0.7592954990215264,0.8016528925619835,0.8903989530932972,0.8968665700418164,1000
native_diagnostic_v1,babe,diagnostic,jev_native,label_bias,True,choice,Biased,489,420,123,69,0.7734806629834254,0.8588957055214724,0.813953488372093,0.8903989530932972,0.8634768216918464,1000
native_diagnostic_v1,babe,diagnostic,jev_threshold_calibrated,label_bias,True,choice,Non-biased,511,403,91,108,0.8157894736842105,0.7886497064579256,0.8019900497512438,0.8903989530932972,0.8968665700418164,1000
native_diagnostic_v1,babe,diagnostic,jev_threshold_calibrated,label_bias,True,choice,Biased,489,398,108,91,0.7865612648221344,0.8139059304703476,0.8,0.8903989530932972,0.8634768216918464,1000
native_diagnostic_v1,babe,diagnostic,llm_native,label_bias,True,choice,Non-biased,511,360,57,151,0.8633093525179856,0.7045009784735812,0.7758620689655172,,,0
native_diagnostic_v1,babe,diagnostic,llm_native,label_bias,True,choice,Biased,489,432,151,57,0.7409948542024014,0.8834355828220859,0.8059701492537313,,,0
native_diagnostic_v1,conflict,diagnostic,jev_native,rating_directness_content,True,choice,Yes - Direct Content,791,694,2,97,0.9971264367816092,0.877370417193426,0.933422999327505,0.9255162241887905,0.9993722290093947,797
native_diagnostic_v1,conflict,diagnostic,jev_native,rating_directness_content,True,choice,Neutral - Content contains no opinion,6,3,36,3,0.07692307692307693,0.5,0.13333333333333333,0.9542772861356932,0.18433402346445824,797
native_diagnostic_v1,conflict,diagnostic,jev_native,rating_directness_content,True,choice,No - Indirect Content,0,0,62,0,0.0,0.0,0.0,,,797
native_diagnostic_v1,conflict,diagnostic,jev_native,rating_directness_expression,True,choice,Yes - Direct Expression,748,601,26,147,0.9585326953748007,0.803475935828877,0.8741818181818182,0.709435036640919,0.9675878042298421,802
native_diagnostic_v1,conflict,diagnostic,jev_native,rating_directness_expression,True,choice,No - Indirect Expression,54,28,147,26,0.16,0.5185185185185185,0.2445414847161572,0.709435036640919,0.13463502633134308,802
native_diagnostic_v1,conflict,diagnostic,jev_native,rating_OI_content,True,choice,Yes - Content opposes someone else,740,492,9,248,0.9820359281437125,0.6648648648648648,0.7929089443996776,0.8341761115954665,0.982245090131871,802
native_diagnostic_v1,conflict,diagnostic,jev_native,rating_OI_content,True,choice,No - Content does not oppose anyone,62,53,248,9,0.1760797342192691,0.8548387096774194,0.29201101928374656,0.8341761115954665,0.2769404236858597,802
native_diagnostic_v1,conflict,diagnostic,jev_native,rating_OI_expression,True,choice,Yes - Expression is emotional/forceful,73,52,118,21,0.3058823529411765,0.7123287671232876,0.4279835390946502,0.8705770712366349,0.4795536310949332,802
native_diagnostic_v1,conflict,diagnostic,jev_native,rating_OI_expression,True,choice,No - Expression is not emotional/forceful,729,611,21,118,0.9667721518987342,0.8381344307270233,0.8978692138133725,0.8705770712366349,0.9844011555971555,802
native_diagnostic_v1,conflict,diagnostic,jev_threshold_calibrated,rating_directness_content,True,choice,Yes - Direct Content,791,694,2,97,0.9971264367816092,0.877370417193426,0.933422999327505,0.9253055204382638,0.9993721581903522,797
native_diagnostic_v1,conflict,diagnostic,jev_threshold_calibrated,rating_directness_content,True,choice,Neutral - Content contains no opinion,6,3,36,3,0.07692307692307693,0.5,0.13333333333333333,0.9542772861356932,0.18433402346445824,797
native_diagnostic_v1,conflict,diagnostic,jev_threshold_calibrated,rating_directness_content,True,choice,No - Indirect Content,0,0,62,0,0.0,0.0,0.0,,,797
native_diagnostic_v1,conflict,diagnostic,jev_threshold_calibrated,rating_directness_expression,True,choice,Yes - Direct Expression,748,633,35,115,0.9476047904191617,0.8462566844919787,0.8940677966101694,0.709435036640919,0.9675878042298421,802
native_diagnostic_v1,conflict,diagnostic,jev_threshold_calibrated,rating_directness_expression,True,choice,No - Indirect Expression,54,19,115,35,0.1417910447761194,0.35185185185185186,0.20212765957446807,0.709435036640919,0.13463502633134308,802
native_diagnostic_v1,conflict,diagnostic,jev_threshold_calibrated,rating_OI_content,True,choice,Yes - Content opposes someone else,740,662,28,78,0.9594202898550724,0.8945945945945946,0.9258741258741259,0.8341761115954665,0.982245090131871,802
native_diagnostic_v1,conflict,diagnostic,jev_threshold_calibrated,rating_OI_content,True,choice,No - Content does not oppose anyone,62,34,78,28,0.30357142857142855,0.5483870967741935,0.39080459770114945,0.8341761115954665,0.2769404236858597,802
native_diagnostic_v1,conflict,diagnostic,jev_threshold_calibrated,rating_OI_expression,True,choice,Yes - Expression is emotional/forceful,73,46,90,27,0.3382352941176471,0.6301369863013698,0.44019138755980863,0.8705770712366349,0.4795536310949332,802
native_diagnostic_v1,conflict,diagnostic,jev_threshold_calibrated,rating_OI_expression,True,choice,No - Expression is not emotional/forceful,729,639,27,90,0.9594594594594594,0.8765432098765432,0.9161290322580645,0.8705770712366349,0.9844011555971555,802
native_diagnostic_v1,conflict,diagnostic,llm_native,rating_directness_content,True,choice,Yes - Direct Content,791,767,2,24,0.9973992197659298,0.9696586599241467,0.9833333333333333,,,0
native_diagnostic_v1,conflict,diagnostic,llm_native,rating_directness_content,True,choice,Neutral - Content contains no opinion,6,4,24,2,0.14285714285714285,0.6666666666666666,0.23529411764705882,,,0
native_diagnostic_v1,conflict,diagnostic,llm_native,rating_directness_content,True,choice,No - Indirect Content,0,0,0,0,0.0,0.0,0.0,,,0
native_diagnostic_v1,conflict,diagnostic,llm_native,rating_directness_expression,True,choice,Yes - Direct Expression,748,614,35,134,0.9460708782742681,0.820855614973262,0.8790264853256979,,,0
native_diagnostic_v1,conflict,diagnostic,llm_native,rating_directness_expression,True,choice,No - Indirect Expression,54,19,134,35,0.12418300653594772,0.35185185185185186,0.18357487922705315,,,0
native_diagnostic_v1,conflict,diagnostic,llm_native,rating_OI_content,True,choice,Yes - Content opposes someone else,740,456,9,284,0.9806451612903225,0.6162162162162163,0.7568464730290456,,,0
native_diagnostic_v1,conflict,diagnostic,llm_native,rating_OI_content,True,choice,No - Content does not oppose anyone,62,53,284,9,0.1572700296735905,0.8548387096774194,0.2656641604010025,,,0
native_diagnostic_v1,conflict,diagnostic,llm_native,rating_OI_expression,True,choice,Yes - Expression is emotional/forceful,73,43,91,30,0.3208955223880597,0.589041095890411,0.41545893719806765,,,0
native_diagnostic_v1,conflict,diagnostic,llm_native,rating_OI_expression,True,choice,No - Expression is not emotional/forceful,729,638,30,91,0.9550898203592815,0.8751714677640604,0.9133858267716536,,,0
native_diagnostic_v1,mbd,diagnostic,jev_native,tone,True,choice,positive,51,39,36,12,0.52,0.7647058823529411,0.6190476190476191,0.9637672513224357,0.680116802072049,544
native_diagnostic_v1,mbd,diagnostic,jev_native,tone,True,choice,negative,114,102,103,12,0.4975609756097561,0.8947368421052632,0.6394984326018809,0.9145144838841289,0.7302443720928317,544
native_diagnostic_v1,mbd,diagnostic,jev_native,tone,True,choice,neutral,379,244,20,135,0.9242424242424242,0.6437994722955145,0.7589424572317263,0.8625809546653874,0.9363200276552583,544
native_diagnostic_v1,mbd,diagnostic,jev_native,focus,True,choice,democrat,89,75,8,14,0.9036144578313253,0.8426966292134831,0.872093023255814,0.9887148722739901,0.9420495375794089,546
native_diagnostic_v1,mbd,diagnostic,jev_native,focus,True,choice,republican,138,85,0,53,1.0,0.6159420289855072,0.7623318385650224,0.9863153594771242,0.9662977866804661,546
native_diagnostic_v1,mbd,diagnostic,jev_native,focus,True,choice,both,27,22,4,5,0.8461538461538461,0.8148148148148148,0.8301886792452831,0.98330122029544,0.8555658622730823,546
native_diagnostic_v1,mbd,diagnostic,jev_native,focus,True,choice,neither,292,287,65,5,0.8153409090909091,0.9828767123287672,0.8913043478260869,0.9777599503829144,0.9798836613235103,546
native_diagnostic_v1,mbd,diagnostic,jev_native,type,True,choice,fact,239,187,25,52,0.8820754716981132,0.7824267782426778,0.8292682926829268,0.9314989656406029,0.9057278452539854,508
native_diagnostic_v1,mbd,diagnostic,jev_native,type,True,choice,opinion,73,61,31,12,0.6630434782608695,0.8356164383561644,0.7393939393939394,0.9734687450795151,0.8458477092161394,508
native_diagnostic_v1,mbd,diagnostic,jev_native,type,True,choice,borderline,24,8,41,16,0.16326530612244897,0.3333333333333333,0.2191780821917808,0.7987689393939394,0.17673256722181477,508
native_diagnostic_v1,mbd,diagnostic,jev_native,type,True,choice,quote,121,116,11,5,0.9133858267716536,0.9586776859504132,0.9354838709677419,0.9947252653383731,0.9846015739815378,508
native_diagnostic_v1,mbd,diagnostic,jev_native,type,True,choice,other,51,27,1,24,0.9642857142857143,0.5294117647058824,0.6835443037974683,0.9438366156090445,0.8457867381244244,508
native_diagnostic_v1,mbd,diagnostic,jev_threshold_calibrated,tone,True,choice,positive,51,23,9,28,0.71875,0.45098039215686275,0.5542168674698795,0.9606252237203198,0.6709297163452324,544
native_diagnostic_v1,mbd,diagnostic,jev_threshold_calibrated,tone,True,choice,negative,114,57,16,57,0.7808219178082192,0.5,0.6096256684491979,0.9142288861689106,0.7310049511283099,544
native_diagnostic_v1,mbd,diagnostic,jev_threshold_calibrated,tone,True,choice,neutral,379,354,85,25,0.806378132118451,0.9340369393139841,0.8655256723716381,0.8638122651315263,0.9381666524116942,544
native_diagnostic_v1,mbd,diagnostic,jev_threshold_calibrated,focus,True,choice,democrat,89,78,10,11,0.8863636363636364,0.8764044943820225,0.8813559322033898,0.988874683450938,0.9445811318824653,546
native_diagnostic_v1,mbd,diagnostic,jev_threshold_calibrated,focus,True,choice,republican,138,86,0,52,1.0,0.6231884057971014,0.7678571428571429,0.9881447144075022,0.9693539068576679,546
native_diagnostic_v1,mbd,diagnostic,jev_threshold_calibrated,focus,True,choice,both,27,22,4,5,0.8461538461538461,0.8148148148148148,0.8301886792452831,0.9854420894883322,0.862546481638102,546
native_diagnostic_v1,mbd,diagnostic,jev_threshold_calibrated,focus,True,choice,neither,292,285,61,7,0.8236994219653179,0.976027397260274,0.8934169278996865,0.9776857944126847,0.9803124349379109,546
native_diagnostic_v1,mbd,diagnostic,jev_threshold_calibrated,type,True,choice,fact,239,187,25,52,0.8820754716981132,0.7824267782426778,0.8292682926829268,0.931460079948982,0.9057210069482003,508
native_diagnostic_v1,mbd,diagnostic,jev_threshold_calibrated,type,True,choice,opinion,73,61,31,12,0.6630434782608695,0.8356164383561644,0.7393939393939394,0.9734844906313966,0.8459744182174469,508
native_diagnostic_v1,mbd,diagnostic,jev_threshold_calibrated,type,True,choice,borderline,24,8,41,16,0.16326530612244897,0.3333333333333333,0.2191780821917808,0.7986828512396694,0.17697180167157553,508
native_diagnostic_v1,mbd,diagnostic,jev_threshold_calibrated,type,True,choice,quote,121,116,11,5,0.9133858267716536,0.9586776859504132,0.9354838709677419,0.9947145877378436,0.9846015739815378,508
native_diagnostic_v1,mbd,diagnostic,jev_threshold_calibrated,type,True,choice,other,51,27,1,24,0.9642857142857143,0.5294117647058824,0.6835443037974683,0.9435148238726563,0.8457867381244244,508
native_diagnostic_v1,mbd,diagnostic,llm_native,tone,True,choice,positive,51,38,21,13,0.6440677966101694,0.7450980392156863,0.6909090909090909,,,0
native_diagnostic_v1,mbd,diagnostic,llm_native,tone,True,choice,negative,114,99,68,15,0.592814371257485,0.868421052631579,0.7046263345195729,,,0
native_diagnostic_v1,mbd,diagnostic,llm_native,tone,True,choice,neutral,379,290,28,89,0.9119496855345912,0.7651715039577837,0.8321377331420373,,,0
native_diagnostic_v1,mbd,diagnostic,llm_native,focus,True,choice,democrat,89,66,6,23,0.9166666666666666,0.7415730337078652,0.8198757763975155,,,0
native_diagnostic_v1,mbd,diagnostic,llm_native,focus,True,choice,republican,138,55,0,83,1.0,0.39855072463768115,0.5699481865284974,,,0
native_diagnostic_v1,mbd,diagnostic,llm_native,focus,True,choice,both,27,18,5,9,0.782608695652174,0.6666666666666666,0.72,,,0
native_diagnostic_v1,mbd,diagnostic,llm_native,focus,True,choice,neither,292,290,106,2,0.7323232323232324,0.9931506849315068,0.8430232558139535,,,0
native_diagnostic_v1,mbd,diagnostic,llm_native,type,True,choice,fact,239,186,16,53,0.9207920792079208,0.7782426778242678,0.8435374149659864,,,0
native_diagnostic_v1,mbd,diagnostic,llm_native,type,True,choice,opinion,73,67,23,6,0.7444444444444445,0.9178082191780822,0.8220858895705522,,,0
native_diagnostic_v1,mbd,diagnostic,llm_native,type,True,choice,borderline,24,12,38,12,0.24,0.5,0.32432432432432434,,,0
native_diagnostic_v1,mbd,diagnostic,llm_native,type,True,choice,quote,121,113,10,8,0.9186991869918699,0.9338842975206612,0.9262295081967213,,,0
native_diagnostic_v1,mbd,diagnostic,llm_native,type,True,choice,other,51,43,0,8,1.0,0.8431372549019608,0.9148936170212766,,,0
native_diagnostic_v1,ucc,diagnostic,jev_native,healthy,True,choice,0,65,55,418,10,0.11627906976744186,0.8461538461538461,0.20446096654275092,0.7683441425170348,0.1750019814608863,1002
native_diagnostic_v1,ucc,diagnostic,jev_native,healthy,True,choice,1,937,519,10,418,0.9810964083175804,0.5538954108858057,0.7080491132332879,0.7683441425170348,0.9766396962299835,1002
native_diagnostic_v1,ucc,diagnostic,jev_native,sarcastic,True,choice,0,954,527,6,427,0.9887429643527205,0.5524109014675053,0.7088096839273705,0.7918304507337526,0.9848090313199491,1002
native_diagnostic_v1,ucc,diagnostic,jev_native,sarcastic,True,choice,1,48,42,427,6,0.08955223880597014,0.875,0.16247582205029013,0.7918304507337526,0.15766692563078058,1002
native_diagnostic_v1,ucc,diagnostic,jev_native,generalisation,False,choice,0,987,813,1,174,0.9987714987714987,0.8237082066869301,0.9028317601332593,0.9418439716312057,0.9989985655866291,1002
native_diagnostic_v1,ucc,diagnostic,jev_native,generalisation,False,choice,1,15,14,174,1,0.07446808510638298,0.9333333333333333,0.13793103448275862,0.9418439716312057,0.23077394980489555,1002
native_diagnostic_v1,ucc,diagnostic,jev_native,generalisation_unfair,True,choice,0,988,844,1,144,0.9988165680473373,0.854251012145749,0.9208947081287506,0.9402472527472527,0.9990847468391684,1002
native_diagnostic_v1,ucc,diagnostic,jev_native,generalisation_unfair,True,choice,1,14,13,144,1,0.08280254777070063,0.9285714285714286,0.15204678362573099,0.9402472527472527,0.17047567384430096,1002
native_diagnostic_v1,ucc,diagnostic,jev_native,hostile,True,choice,0,981,653,3,328,0.9954268292682927,0.6656472986748216,0.7978008552229688,0.8805397796223484,0.9960762796943832,1002
native_diagnostic_v1,ucc,diagnostic,jev_native,hostile,True,choice,1,21,18,328,3,0.05202312138728324,0.8571428571428571,0.09809264305177112,0.8805397796223484,0.19552435532110501,1002
native_diagnostic_v1,ucc,diagnostic,jev_native,antagonize,True,choice,0,951,538,3,413,0.9944547134935305,0.5657202944269191,0.7211796246648794,0.8168285189996083,0.9870275838635572,1002
native_diagnostic_v1,ucc,diagnostic,jev_native,antagonize,True,choice,1,51,48,413,3,0.10412147505422993,0.9411764705882353,0.1875,0.8168285189996083,0.18748636762396612,1002
native_diagnostic_v1,ucc,diagnostic,jev_native,condescending,True,choice,0,955,541,4,414,0.9926605504587156,0.5664921465968586,0.7213333333333334,0.8139356132338198,0.9890556678761411,1002
native_diagnostic_v1,ucc,diagnostic,jev_native,condescending,True,choice,1,47,43,414,4,0.09409190371991247,0.9148936170212766,0.17063492063492064,0.8139356132338198,0.15918336202162434,1002
native_diagnostic_v1,ucc,diagnostic,jev_native,dismissive,True,choice,0,978,582,7,396,0.9881154499151104,0.5950920245398773,0.7428206764518187,0.7522154055896387,0.9911793500955678,1002
native_diagnostic_v1,ucc,diagnostic,jev_native,dismissive,True,choice,1,24,17,396,7,0.04116222760290557,0.7083333333333334,0.07780320366132723,0.7522154055896387,0.08275022593084633,1002
native_diagnostic_v1,ucc,diagnostic,jev_threshold_calibrated,healthy,True,choice,0,65,0,0,65,0.0,0.0,0.0,0.7683441425170348,0.1750019814608863,1002
native_diagnostic_v1,ucc,diagnostic,jev_threshold_calibrated,healthy,True,choice,1,937,937,65,0,0.935129740518962,1.0,0.9664775657555441,0.7683441425170348,0.9766396962299835,1002
native_diagnostic_v1,ucc,diagnostic,jev_threshold_calibrated,sarcastic,True,choice,0,954,702,12,252,0.9831932773109243,0.7358490566037735,0.841726618705036,0.7918304507337526,0.9848090313199491,1002
native_diagnostic_v1,ucc,diagnostic,jev_threshold_calibrated,sarcastic,True,choice,1,48,36,252,12,0.125,0.75,0.21428571428571427,0.7918304507337526,0.15766692563078058,1002
native_diagnostic_v1,ucc,diagnostic,jev_threshold_calibrated,generalisation,False,choice,0,987,983,12,4,0.9879396984924623,0.9959473150962512,0.9919273461150353,0.9418439716312057,0.9989985655866291,1002
native_diagnostic_v1,ucc,diagnostic,jev_threshold_calibrated,generalisation,False,choice,1,15,3,4,12,0.42857142857142855,0.2,0.2727272727272727,0.9418439716312057,0.23077394980489555,1002
native_diagnostic_v1,ucc,diagnostic,jev_threshold_calibrated,generalisation_unfair,True,choice,0,988,984,14,4,0.9859719438877755,0.9959514170040485,0.9909365558912386,0.9402472527472527,0.9990847468391684,1002
native_diagnostic_v1,ucc,diagnostic,jev_threshold_calibrated,generalisation_unfair,True,choice,1,14,0,4,14,0.0,0.0,0.0,0.9402472527472527,0.17047567384430096,1002
native_diagnostic_v1,ucc,diagnostic,jev_threshold_calibrated,hostile,True,choice,0,981,979,21,2,0.979,0.9979612640163099,0.9883897021706209,0.8805397796223484,0.9960762796943832,1002
native_diagnostic_v1,ucc,diagnostic,jev_threshold_calibrated,hostile,True,choice,1,21,0,2,21,0.0,0.0,0.0,0.8805397796223484,0.19552435532110501,1002
native_diagnostic_v1,ucc,diagnostic,jev_threshold_calibrated,antagonize,True,choice,0,951,885,31,66,0.9661572052401747,0.9305993690851735,0.9480449919657205,0.8168285189996083,0.9870275838635572,1002
native_diagnostic_v1,ucc,diagnostic,jev_threshold_calibrated,antagonize,True,choice,1,51,20,66,31,0.23255813953488372,0.39215686274509803,0.291970802919708,0.8168285189996083,0.18748636762396612,1002
native_diagnostic_v1,ucc,diagnostic,jev_threshold_calibrated,condescending,True,choice,0,955,954,47,1,0.9530469530469531,0.9989528795811519,0.9754601226993865,0.8139356132338198,0.9890556678761411,1002
native_diagnostic_v1,ucc,diagnostic,jev_threshold_calibrated,condescending,True,choice,1,47,0,1,47,0.0,0.0,0.0,0.8139356132338198,0.15918336202162434,1002
native_diagnostic_v1,ucc,diagnostic,jev_threshold_calibrated,dismissive,True,choice,0,978,950,19,28,0.9803921568627451,0.9713701431492843,0.9758602978941961,0.7522154055896387,0.9911793500955678,1002
native_diagnostic_v1,ucc,diagnostic,jev_threshold_calibrated,dismissive,True,choice,1,24,5,28,19,0.15151515151515152,0.20833333333333334,0.17543859649122806,0.7522154055896387,0.08275022593084633,1002
native_diagnostic_v1,ucc,diagnostic,llm_native,healthy,True,choice,0,65,51,323,14,0.13636363636363635,0.7846153846153846,0.23234624145785876,,,0
native_diagnostic_v1,ucc,diagnostic,llm_native,healthy,True,choice,1,937,614,14,323,0.9777070063694268,0.655282817502668,0.7846645367412141,,,0
native_diagnostic_v1,ucc,diagnostic,llm_native,sarcastic,True,choice,0,954,746,16,208,0.979002624671916,0.7819706498951782,0.8694638694638694,,,0
native_diagnostic_v1,ucc,diagnostic,llm_native,sarcastic,True,choice,1,48,32,208,16,0.13333333333333333,0.6666666666666666,0.2222222222222222,,,0
native_diagnostic_v1,ucc,diagnostic,llm_native,generalisation,False,choice,0,987,839,1,148,0.9988095238095238,0.8500506585612969,0.9184455391351943,,,0
native_diagnostic_v1,ucc,diagnostic,llm_native,generalisation,False,choice,1,15,14,148,1,0.08641975308641975,0.9333333333333333,0.15819209039548024,,,0
native_diagnostic_v1,ucc,diagnostic,llm_native,generalisation_unfair,True,choice,0,988,856,1,132,0.9988331388564761,0.8663967611336032,0.9279132791327913,,,0
native_diagnostic_v1,ucc,diagnostic,llm_native,generalisation_unfair,True,choice,1,14,13,132,1,0.0896551724137931,0.9285714285714286,0.16352201257861634,,,0
native_diagnostic_v1,ucc,diagnostic,llm_native,hostile,True,choice,0,981,713,3,268,0.9958100558659218,0.7268093781855249,0.8403064230995875,,,0
native_diagnostic_v1,ucc,diagnostic,llm_native,hostile,True,choice,1,21,18,268,3,0.06293706293706294,0.8571428571428571,0.11726384364820847,,,0
native_diagnostic_v1,ucc,diagnostic,llm_native,antagonize,True,choice,0,951,716,13,235,0.9821673525377229,0.7528916929547844,0.8523809523809524,,,0
native_diagnostic_v1,ucc,diagnostic,llm_native,antagonize,True,choice,1,51,38,235,13,0.1391941391941392,0.7450980392156863,0.2345679012345679,,,0
native_diagnostic_v1,ucc,diagnostic,llm_native,condescending,True,choice,0,955,701,18,254,0.9749652294853964,0.7340314136125654,0.8375149342891278,,,0
native_diagnostic_v1,ucc,diagnostic,llm_native,condescending,True,choice,1,47,29,254,18,0.10247349823321555,0.6170212765957447,0.17575757575757575,,,0
native_diagnostic_v1,ucc,diagnostic,llm_native,dismissive,True,choice,0,978,721,10,257,0.9863201094391245,0.7372188139059305,0.8437682855471036,,,0
native_diagnostic_v1,ucc,diagnostic,llm_native,dismissive,True,choice,1,24,14,257,10,0.05166051660516605,0.5833333333333334,0.09491525423728814,,,0
native_discovery_v1,babe,discovery,jev_native,label_bias,True,choice,Non-biased,97,74,14,23,0.8409090909090909,0.7628865979381443,0.8,0.9031128015213692,0.898652390424609,200
native_discovery_v1,babe,discovery,jev_native,label_bias,True,choice,Biased,103,89,23,14,0.7946428571428571,0.8640776699029126,0.827906976744186,0.9031128015213692,0.8913604942731655,200
native_discovery_v1,babe,discovery,llm_native,label_bias,True,choice,Non-biased,97,69,12,28,0.8518518518518519,0.711340206185567,0.7752808988764045,,,0
native_discovery_v1,babe,discovery,llm_native,label_bias,True,choice,Biased,103,91,28,12,0.7647058823529411,0.883495145631068,0.8198198198198198,,,0
native_discovery_v1,conflict,discovery,jev_native,rating_directness_content,True,choice,Yes - Direct Content,92,83,0,9,1.0,0.9021739130434783,0.9485714285714286,,,92
native_discovery_v1,conflict,discovery,jev_native,rating_directness_content,True,choice,Neutral - Content contains no opinion,0,0,3,0,0.0,0.0,0.0,,,92
native_discovery_v1,conflict,discovery,jev_native,rating_directness_content,True,choice,No - Indirect Content,0,0,6,0,0.0,0.0,0.0,,,92
native_discovery_v1,conflict,discovery,jev_native,rating_directness_expression,True,choice,Yes - Direct Expression,87,80,2,7,0.975609756097561,0.9195402298850575,0.9467455621301775,0.8172413793103448,0.9840741072854914,92
native_discovery_v1,conflict,discovery,jev_native,rating_directness_expression,True,choice,No - Indirect Expression,5,3,7,2,0.3,0.6,0.4,0.8172413793103448,0.467929292929293,92
native_discovery_v1,conflict,discovery,jev_native,rating_OI_content,True,choice,Yes - Content opposes someone else,90,76,0,14,1.0,0.8444444444444444,0.9156626506024096,0.9611111111111111,0.998997778891191,92
native_discovery_v1,conflict,discovery,jev_native,rating_OI_content,True,choice,No - Content does not oppose anyone,2,2,14,0,0.125,1.0,0.2222222222222222,0.9611111111111111,0.3611111111111111,92
native_discovery_v1,conflict,discovery,jev_native,rating_OI_expression,True,choice,Yes - Expression is emotional/forceful,16,9,19,7,0.32142857142857145,0.5625,0.4090909090909091,0.7306743421052632,0.5122035958158208,92
native_discovery_v1,conflict,discovery,jev_native,rating_OI_expression,True,choice,No - Expression is not emotional/forceful,76,57,7,19,0.890625,0.75,0.8142857142857143,0.7306743421052632,0.9220666224558294,92
native_discovery_v1,conflict,discovery,llm_native,rating_directness_content,True,choice,Yes - Direct Content,92,91,0,1,1.0,0.9891304347826086,0.994535519125683,,,0
native_discovery_v1,conflict,discovery,llm_native,rating_directness_content,True,choice,Neutral - Content contains no opinion,0,0,0,0,0.0,0.0,0.0,,,0
native_discovery_v1,conflict,discovery,llm_native,rating_directness_content,True,choice,No - Indirect Content,0,0,1,0,0.0,0.0,0.0,,,0
native_discovery_v1,conflict,discovery,llm_native,rating_directness_expression,True,choice,Yes - Direct Expression,87,86,3,1,0.9662921348314607,0.9885057471264368,0.9772727272727273,,,0
native_discovery_v1,conflict,discovery,llm_native,rating_directness_expression,True,choice,No - Indirect Expression,5,2,1,3,0.6666666666666666,0.4,0.5,,,0
native_discovery_v1,conflict,discovery,llm_native,rating_OI_content,True,choice,Yes - Content opposes someone else,90,69,0,21,1.0,0.7666666666666667,0.8679245283018868,,,0
native_discovery_v1,conflict,discovery,llm_native,rating_OI_content,True,choice,No - Content does not oppose anyone,2,2,21,0,0.08695652173913043,1.0,0.16,,,0
native_discovery_v1,conflict,discovery,llm_native,rating_OI_expression,True,choice,Yes - Expression is emotional/forceful,16,6,10,10,0.375,0.375,0.375,,,0
native_discovery_v1,conflict,discovery,llm_native,rating_OI_expression,True,choice,No - Expression is not emotional/forceful,76,66,10,10,0.868421052631579,0.868421052631579,0.868421052631579,,,0
native_discovery_v1,mbd,discovery,jev_native,type,True,choice,fact,106,88,10,18,0.8979591836734694,0.8301886792452831,0.8627450980392157,0.9216889540208829,0.9057500600749636,209
native_discovery_v1,mbd,discovery,jev_native,type,True,choice,opinion,4,2,5,2,0.2857142857142857,0.5,0.36363636363636365,0.7219512195121951,0.20936543433683022,209
native_discovery_v1,mbd,discovery,jev_native,type,True,choice,borderline,1,1,7,0,0.125,1.0,0.2222222222222222,0.9807692307692307,0.2,209
native_discovery_v1,mbd,discovery,jev_native,type,True,choice,quote,73,67,6,6,0.9178082191780822,0.9178082191780822,0.9178082191780822,0.9705378726833199,0.881023901144384,209
native_discovery_v1,mbd,discovery,jev_native,type,True,choice,other,25,18,5,7,0.782608695652174,0.72,0.75,0.923804347826087,0.7484365473879406,209
native_discovery_v1,mbd,discovery,jev_native,tone,True,choice,positive,12,12,24,0,0.3333333333333333,1.0,0.5,0.9690656565656566,0.558174248987279,210
native_discovery_v1,mbd,discovery,jev_native,tone,True,choice,negative,35,33,15,2,0.6875,0.9428571428571428,0.7951807228915663,0.9747755102040816,0.8606433312082574,210
native_discovery_v1,mbd,discovery,jev_native,tone,True,choice,neutral,163,124,2,39,0.9841269841269841,0.7607361963190185,0.8581314878892734,0.9289909933429056,0.9784219626856147,210
native_discovery_v1,mbd,discovery,jev_native,focus,True,choice,democrat,15,11,4,4,0.7333333333333333,0.7333333333333333,0.7333333333333333,0.9880070546737213,0.8741321942849958,204
native_discovery_v1,mbd,discovery,jev_native,focus,True,choice,republican,34,24,0,10,1.0,0.7058823529411765,0.8275862068965517,0.9977508650519031,0.9863378582088782,204
native_discovery_v1,mbd,discovery,jev_native,focus,True,choice,both,11,7,3,4,0.7,0.6363636363636364,0.6666666666666666,0.9785680640602921,0.7901401230348598,204
native_discovery_v1,mbd,discovery,jev_native,focus,True,choice,neither,144,142,13,2,0.9161290322580645,0.9861111111111112,0.9498327759197325,0.9869212962962963,0.9947127746659659,204
native_discovery_v1,mbd,discovery,llm_native,type,True,choice,fact,106,86,6,20,0.9347826086956522,0.8113207547169812,0.8686868686868687,,,0
native_discovery_v1,mbd,discovery,llm_native,type,True,choice,opinion,4,2,4,2,0.3333333333333333,0.5,0.4,,,0
native_discovery_v1,mbd,discovery,llm_native,type,True,choice,borderline,1,0,4,1,0.0,0.0,0.0,,,0
native_discovery_v1,mbd,discovery,llm_native,type,True,choice,quote,73,69,5,4,0.9324324324324325,0.9452054794520548,0.9387755102040817,,,0
native_discovery_v1,mbd,discovery,llm_native,type,True,choice,other,25,23,10,2,0.696969696969697,0.92,0.7931034482758621,,,0
native_discovery_v1,mbd,discovery,llm_native,tone,True,choice,positive,12,11,11,1,0.5,0.9166666666666666,0.6470588235294118,,,0
native_discovery_v1,mbd,discovery,llm_native,tone,True,choice,negative,35,30,11,5,0.7317073170731707,0.8571428571428571,0.7894736842105263,,,0
native_discovery_v1,mbd,discovery,llm_native,tone,True,choice,neutral,163,141,6,22,0.9591836734693877,0.8650306748466258,0.9096774193548387,,,0
native_discovery_v1,mbd,discovery,llm_native,focus,True,choice,democrat,15,9,2,6,0.8181818181818182,0.6,0.6923076923076923,,,0
native_discovery_v1,mbd,discovery,llm_native,focus,True,choice,republican,34,22,0,12,1.0,0.6470588235294118,0.7857142857142857,,,0
native_discovery_v1,mbd,discovery,llm_native,focus,True,choice,both,11,8,4,3,0.6666666666666666,0.7272727272727273,0.6956521739130435,,,0
native_discovery_v1,mbd,discovery,llm_native,focus,True,choice,neither,144,144,15,0,0.9056603773584906,1.0,0.9504950495049505,,,0
native_discovery_v1,ucc,discovery,jev_native,healthy,True,choice,0,18,12,89,6,0.1188118811881188,0.6666666666666666,0.20168067226890757,0.7233796296296297,0.21143188957176182,210
native_discovery_v1,ucc,discovery,jev_native,healthy,True,choice,1,192,103,6,89,0.944954128440367,0.5364583333333334,0.6843853820598007,0.7233796296296297,0.9647622429454531,210
native_discovery_v1,ucc,discovery,jev_native,sarcastic,True,choice,0,205,113,1,92,0.9912280701754386,0.551219512195122,0.7084639498432602,0.715609756097561,0.9904526826778414,210
native_discovery_v1,ucc,discovery,jev_native,sarcastic,True,choice,1,5,4,92,1,0.041666666666666664,0.8,0.07920792079207921,0.715609756097561,0.061354923064103305,210
native_discovery_v1,ucc,discovery,jev_native,generalisation,False,choice,0,207,171,0,36,1.0,0.8260869565217391,0.9047619047619048,0.9347826086956522,0.9990227585548916,210
native_discovery_v1,ucc,discovery,jev_native,generalisation,False,choice,1,3,3,36,0,0.07692307692307693,1.0,0.14285714285714285,0.9347826086956522,0.1263227513227513,210
native_discovery_v1,ucc,discovery,jev_native,generalisation_unfair,True,choice,0,207,181,0,26,1.0,0.8743961352657005,0.9329896907216495,0.9436392914653784,0.9991492646032584,210
native_discovery_v1,ucc,discovery,jev_native,generalisation_unfair,True,choice,1,3,3,26,0,0.10344827586206896,1.0,0.1875,0.9436392914653784,0.13724747474747473,210
native_discovery_v1,ucc,discovery,jev_native,hostile,True,choice,0,208,133,0,75,1.0,0.6394230769230769,0.7800586510263929,0.8209134615384616,0.9979044688042107,210
native_discovery_v1,ucc,discovery,jev_native,hostile,True,choice,1,2,2,75,0,0.025974025974025976,1.0,0.05063291139240506,0.8209134615384616,0.09703196347031963,210
native_discovery_v1,ucc,discovery,jev_native,antagonize,True,choice,0,203,107,0,96,1.0,0.5270935960591133,0.6903225806451613,0.870161857846587,0.9944363848745241,210
native_discovery_v1,ucc,discovery,jev_native,antagonize,True,choice,1,7,7,96,0,0.06796116504854369,1.0,0.12727272727272726,0.870161857846587,0.3745540112596763,210
native_discovery_v1,ucc,discovery,jev_native,condescending,True,choice,0,206,119,1,87,0.9916666666666667,0.5776699029126213,0.7300613496932515,0.8270631067961165,0.995307732316192,210
native_discovery_v1,ucc,discovery,jev_native,condescending,True,choice,1,4,3,87,1,0.03333333333333333,0.75,0.06382978723404255,0.8270631067961165,0.3361319439835402,210
native_discovery_v1,ucc,discovery,jev_native,dismissive,True,choice,0,207,120,1,87,0.9917355371900827,0.5797101449275363,0.7317073170731707,0.7423510466988728,0.9953321938430639,210
native_discovery_v1,ucc,discovery,jev_native,dismissive,True,choice,1,3,2,87,1,0.02247191011235955,0.6666666666666666,0.043478260869565216,0.7423510466988728,0.03894139413941394,210
native_discovery_v1,ucc,discovery,llm_native,healthy,True,choice,0,18,12,71,6,0.14457831325301204,0.6666666666666666,0.2376237623762376,,,0
native_discovery_v1,ucc,discovery,llm_native,healthy,True,choice,1,192,121,6,71,0.952755905511811,0.6302083333333334,0.7586206896551724,,,0
native_discovery_v1,ucc,discovery,llm_native,sarcastic,True,choice,0,205,154,3,51,0.9808917197452229,0.751219512195122,0.850828729281768,,,0
native_discovery_v1,ucc,discovery,llm_native,sarcastic,True,choice,1,5,2,51,3,0.03773584905660377,0.4,0.06896551724137931,,,0
native_discovery_v1,ucc,discovery,llm_native,generalisation,False,choice,0,207,173,1,34,0.9942528735632183,0.8357487922705314,0.9081364829396326,,,0
native_discovery_v1,ucc,discovery,llm_native,generalisation,False,choice,1,3,2,34,1,0.05555555555555555,0.6666666666666666,0.10256410256410256,,,0
native_discovery_v1,ucc,discovery,llm_native,generalisation_unfair,True,choice,0,207,177,1,30,0.9943820224719101,0.855072463768116,0.9194805194805195,,,0
native_discovery_v1,ucc,discovery,llm_native,generalisation_unfair,True,choice,1,3,2,30,1,0.0625,0.6666666666666666,0.11428571428571428,,,0
native_discovery_v1,ucc,discovery,llm_native,hostile,True,choice,0,208,143,1,65,0.9930555555555556,0.6875,0.8125,,,0
native_discovery_v1,ucc,discovery,llm_native,hostile,True,choice,1,2,1,65,1,0.015151515151515152,0.5,0.029411764705882353,,,0
native_discovery_v1,ucc,discovery,llm_native,antagonize,True,choice,0,203,146,1,57,0.9931972789115646,0.7192118226600985,0.8342857142857143,,,0
native_discovery_v1,ucc,discovery,llm_native,antagonize,True,choice,1,7,6,57,1,0.09523809523809523,0.8571428571428571,0.17142857142857143,,,0
native_discovery_v1,ucc,discovery,llm_native,condescending,True,choice,0,206,153,0,53,1.0,0.7427184466019418,0.8523676880222841,,,0
native_discovery_v1,ucc,discovery,llm_native,condescending,True,choice,1,4,4,53,0,0.07017543859649122,1.0,0.13114754098360656,,,0
native_discovery_v1,ucc,discovery,llm_native,dismissive,True,choice,0,207,148,1,59,0.9932885906040269,0.714975845410628,0.8314606741573034,,,0
native_discovery_v1,ucc,discovery,llm_native,dismissive,True,choice,1,3,2,59,1,0.03278688524590164,0.6666666666666666,0.0625,,,0
routing_diagnostic_v1_b025,babe,diagnostic,jev_grounded,label_bias,True,choice,Non-biased,511,383,90,128,0.8097251585623678,0.7495107632093934,0.7784552845528455,0.8651987561979998,0.8675647582719754,1000
routing_diagnostic_v1_b025,babe,diagnostic,jev_grounded,label_bias,True,choice,Biased,489,399,128,90,0.7571157495256167,0.8159509202453987,0.7854330708661418,0.8651987561979998,0.8492276178784238,1000
routing_diagnostic_v1_b025,babe,diagnostic,jev_targeted_llm,label_bias,True,choice,Non-biased,511,451,161,60,0.7369281045751634,0.8825831702544031,0.8032056990204809,0.8727595200834637,0.8800188701587273,760
routing_diagnostic_v1_b025,babe,diagnostic,jev_targeted_llm,label_bias,True,choice,Biased,489,328,60,161,0.845360824742268,0.6707566462167689,0.7480045610034207,0.8727595200834637,0.8534833372855744,760
routing_diagnostic_v1_b025,conflict,diagnostic,jev_grounded,rating_directness_content,True,choice,Yes - Direct Content,791,689,1,102,0.9985507246376811,0.8710493046776233,0.9304523970290345,0.9012852928782132,0.9991062543037276,797
routing_diagnostic_v1_b025,conflict,diagnostic,jev_grounded,rating_directness_content,True,choice,Neutral - Content contains no opinion,6,5,59,1,0.078125,0.8333333333333334,0.14285714285714285,0.9353139485882849,0.11829384805733904,797
routing_diagnostic_v1_b025,conflict,diagnostic,jev_grounded,rating_directness_content,True,choice,No - Indirect Content,0,0,43,0,0.0,0.0,0.0,,,797
routing_diagnostic_v1_b025,conflict,diagnostic,jev_grounded,rating_directness_expression,True,choice,Yes - Direct Expression,748,557,23,191,0.9603448275862069,0.7446524064171123,0.838855421686747,0.7196103188750248,0.9683131624500302,802
routing_diagnostic_v1_b025,conflict,diagnostic,jev_grounded,rating_directness_expression,True,choice,No - Indirect Expression,54,31,191,23,0.13963963963963963,0.5740740740740741,0.2246376811594203,0.7196103188750248,0.13981497195573192,802
routing_diagnostic_v1_b025,conflict,diagnostic,jev_grounded,rating_OI_content,True,choice,Yes - Content opposes someone else,740,457,20,283,0.9580712788259959,0.6175675675675676,0.7510271158586689,0.6893308631211857,0.9536453272647334,802
routing_diagnostic_v1_b025,conflict,diagnostic,jev_grounded,rating_OI_content,True,choice,No - Content does not oppose anyone,62,42,283,20,0.12923076923076923,0.6774193548387096,0.21705426356589147,0.6893308631211857,0.16605918108909254,802
routing_diagnostic_v1_b025,conflict,diagnostic,jev_grounded,rating_OI_expression,True,choice,Yes - Expression is emotional/forceful,73,41,114,32,0.2645161290322581,0.5616438356164384,0.35964912280701755,0.795131255050078,0.38653255464469366,802
routing_diagnostic_v1_b025,conflict,diagnostic,jev_grounded,rating_OI_expression,True,choice,No - Expression is not emotional/forceful,729,615,32,114,0.9505409582689336,0.8436213991769548,0.8938953488372093,0.795131255050078,0.969995808932104,802
routing_diagnostic_v1_b025,conflict,diagnostic,jev_targeted_llm,rating_directness_content,True,choice,Yes - Direct Content,791,699,2,92,0.9971469329529244,0.8836915297092288,0.9369973190348525,0.893,0.9989153807474281,605
routing_diagnostic_v1_b025,conflict,diagnostic,jev_targeted_llm,rating_directness_content,True,choice,Neutral - Content contains no opinion,6,4,58,2,0.06451612903225806,0.6666666666666666,0.11764705882352941,0.9303333333333333,0.15803622531506073,605
routing_diagnostic_v1_b025,conflict,diagnostic,jev_targeted_llm,rating_directness_content,True,choice,No - Indirect Content,0,0,34,0,0.0,0.0,0.0,,,605
routing_diagnostic_v1_b025,conflict,diagnostic,jev_targeted_llm,rating_directness_expression,True,choice,Yes - Direct Expression,748,684,43,64,0.9408528198074277,0.9144385026737968,0.9274576271186441,0.7153670093157726,0.9637945455404192,610
routing_diagnostic_v1_b025,conflict,diagnostic,jev_targeted_llm,rating_directness_expression,True,choice,No - Indirect Expression,54,11,64,43,0.14666666666666667,0.2037037037037037,0.17054263565891473,0.7153670093157726,0.14237560782348024,610
routing_diagnostic_v1_b025,conflict,diagnostic,jev_targeted_llm,rating_OI_content,True,choice,Yes - Content opposes someone else,740,583,33,157,0.9464285714285714,0.7878378378378378,0.859882005899705,0.661373640365237,0.9447177106876707,610
routing_diagnostic_v1_b025,conflict,diagnostic,jev_targeted_llm,rating_OI_content,True,choice,No - Content does not oppose anyone,62,29,157,33,0.15591397849462366,0.46774193548387094,0.23387096774193547,0.661373640365237,0.15326111235108864,610
routing_diagnostic_v1_b025,conflict,diagnostic,jev_targeted_llm,rating_OI_expression,True,choice,Yes - Expression is emotional/forceful,73,32,49,41,0.3950617283950617,0.4383561643835616,0.4155844155844156,0.7743471889155342,0.33454023114657494,610
routing_diagnostic_v1_b025,conflict,diagnostic,jev_targeted_llm,rating_OI_expression,True,choice,No - Expression is not emotional/forceful,729,680,41,49,0.9431345353675451,0.9327846364883402,0.9379310344827586,0.7743471889155342,0.9693123416305823,610
routing_diagnostic_v1_b025,mbd,diagnostic,jev_grounded,tone,True,choice,positive,51,34,23,17,0.5964912280701754,0.6666666666666666,0.6296296296296297,0.9550570735393549,0.6516288113760121,544
routing_diagnostic_v1_b025,mbd,diagnostic,jev_grounded,tone,True,choice,negative,114,102,79,12,0.56353591160221,0.8947368421052632,0.6915254237288135,0.9163096695226438,0.7393536091527292,544
routing_diagnostic_v1_b025,mbd,diagnostic,jev_grounded,tone,True,choice,neutral,379,277,29,102,0.9052287581699346,0.7308707124010554,0.8087591240875912,0.8497081634284801,0.9284263177614233,544
routing_diagnostic_v1_b025,mbd,diagnostic,jev_grounded,focus,True,choice,democrat,89,69,10,20,0.8734177215189873,0.7752808988764045,0.8214285714285714,0.9875347281980675,0.9337062521420011,546
routing_diagnostic_v1_b025,mbd,diagnostic,jev_grounded,focus,True,choice,republican,138,81,2,57,0.9759036144578314,0.5869565217391305,0.7330316742081447,0.9881358340437625,0.9635087883134948,546
routing_diagnostic_v1_b025,mbd,diagnostic,jev_grounded,focus,True,choice,both,27,18,6,9,0.75,0.6666666666666666,0.7058823529411765,0.9841575679725969,0.8398488823570522,546
routing_diagnostic_v1_b025,mbd,diagnostic,jev_grounded,focus,True,choice,neither,292,287,73,5,0.7972222222222223,0.9828767123287672,0.8803680981595092,0.9773824290799267,0.9822300615870859,546
routing_diagnostic_v1_b025,mbd,diagnostic,jev_grounded,type,True,choice,fact,239,195,32,44,0.8590308370044053,0.8158995815899581,0.8369098712446352,0.9328055248790655,0.9195491452386065,508
routing_diagnostic_v1_b025,mbd,diagnostic,jev_grounded,type,True,choice,opinion,73,61,32,12,0.6559139784946236,0.8356164383561644,0.7349397590361446,0.9675169264682727,0.8454396463320913,508
routing_diagnostic_v1_b025,mbd,diagnostic,jev_grounded,type,True,choice,borderline,24,2,21,22,0.08695652173913043,0.08333333333333333,0.0851063829787234,0.7839187327823691,0.11856634369087296,508
routing_diagnostic_v1_b025,mbd,diagnostic,jev_grounded,type,True,choice,quote,121,118,18,3,0.8676470588235294,0.9752066115702479,0.9182879377431906,0.992461614026096,0.9750920369317545,508
routing_diagnostic_v1_b025,mbd,diagnostic,jev_grounded,type,True,choice,other,51,28,1,23,0.9655172413793104,0.5490196078431373,0.7,0.9803492512978933,0.9092490225509724,508
routing_diagnostic_v1_b025,mbd,diagnostic,jev_targeted_llm,tone,True,choice,positive,51,30,14,21,0.6818181818181818,0.5882352941176471,0.631578947368421,0.9522080307204274,0.6101805430234101,396
routing_diagnostic_v1_b025,mbd,diagnostic,jev_targeted_llm,tone,True,choice,negative,114,77,51,37,0.6015625,0.6754385964912281,0.6363636363636364,0.9132171387073348,0.7678100942259799,396
routing_diagnostic_v1_b025,mbd,diagnostic,jev_targeted_llm,tone,True,choice,neutral,379,314,58,65,0.8440860215053764,0.8284960422163589,0.8362183754993342,0.8529884749396944,0.928483628368129,396
routing_diagnostic_v1_b025,mbd,diagnostic,jev_targeted_llm,focus,True,choice,democrat,89,64,9,25,0.8767123287671232,0.7191011235955056,0.7901234567901234,0.9827651515151515,0.866191356100909,397
routing_diagnostic_v1_b025,mbd,diagnostic,jev_targeted_llm,focus,True,choice,republican,138,69,2,69,0.971830985915493,0.5,0.6602870813397129,0.9868695545465701,0.9684791810306901,397
routing_diagnostic_v1_b025,mbd,diagnostic,jev_targeted_llm,focus,True,choice,both,27,16,7,11,0.6956521739130435,0.5925925925925926,0.64,0.9753926701570681,0.6915685470536752,397
routing_diagnostic_v1_b025,mbd,diagnostic,jev_targeted_llm,focus,True,choice,neither,292,289,90,3,0.762532981530343,0.9897260273972602,0.8614008941877794,0.973274886877828,0.9796646839550209,397
routing_diagnostic_v1_b025,mbd,diagnostic,jev_targeted_llm,type,True,choice,fact,239,193,31,46,0.8616071428571429,0.8075313807531381,0.8336933045356372,0.9316188921141751,0.9062076988896026,367
routing_diagnostic_v1_b025,mbd,diagnostic,jev_targeted_llm,type,True,choice,opinion,73,64,27,9,0.7032967032967034,0.8767123287671232,0.7804878048780488,0.9710526315789474,0.8983612899881089,367
routing_diagnostic_v1_b025,mbd,diagnostic,jev_targeted_llm,type,True,choice,borderline,24,4,26,20,0.13333333333333333,0.16666666666666666,0.14814814814814814,0.8041069100391134,0.11570497924298008,367
routing_diagnostic_v1_b025,mbd,diagnostic,jev_targeted_llm,type,True,choice,quote,121,117,14,4,0.8931297709923665,0.9669421487603306,0.9285714285714286,0.989801235762674,0.9709736767607199,367
routing_diagnostic_v1_b025,mbd,diagnostic,jev_targeted_llm,type,True,choice,other,51,31,1,20,0.96875,0.6078431372549019,0.7469879518072289,0.9738329238329239,0.8815060438588502,367
routing_diagnostic_v1_b025,ucc,diagnostic,jev_grounded,healthy,True,choice,0,65,48,479,17,0.09108159392789374,0.7384615384615385,0.16216216216216217,0.6946391921845497,0.12778849324089306,1002
routing_diagnostic_v1_b025,ucc,diagnostic,jev_grounded,healthy,True,choice,1,937,458,17,479,0.9642105263157895,0.4887940234791889,0.6487252124645893,0.6946391921845497,0.9680019737570242,1002
routing_diagnostic_v1_b025,ucc,diagnostic,jev_grounded,sarcastic,True,choice,0,954,545,15,409,0.9732142857142857,0.5712788259958071,0.7199471598414795,0.6308634696016772,0.9671522631184521,1002
routing_diagnostic_v1_b025,ucc,diagnostic,jev_grounded,sarcastic,True,choice,1,48,33,409,15,0.0746606334841629,0.6875,0.1346938775510204,0.6308634696016772,0.07779929646101716,1002
routing_diagnostic_v1_b025,ucc,diagnostic,jev_grounded,generalisation,False,choice,0,987,785,4,202,0.9949302915082383,0.795339412360689,0.884009009009009,0.8105032083755488,0.9953910073708806,1002
routing_diagnostic_v1_b025,ucc,diagnostic,jev_grounded,generalisation,False,choice,1,15,11,202,4,0.051643192488262914,0.7333333333333333,0.09649122807017543,0.8105032083755488,0.1397253017229525,1002
routing_diagnostic_v1_b025,ucc,diagnostic,jev_grounded,generalisation_unfair,True,choice,0,988,852,5,136,0.9941656942823804,0.8623481781376519,0.9235772357723577,0.8159702139965298,0.9958283679870116,1002
routing_diagnostic_v1_b025,ucc,diagnostic,jev_grounded,generalisation_unfair,True,choice,1,14,9,136,5,0.06206896551724138,0.6428571428571429,0.11320754716981132,0.8159702139965298,0.1416424727794286,1002
routing_diagnostic_v1_b025,ucc,diagnostic,jev_grounded,hostile,True,choice,0,981,658,3,323,0.9954614220877458,0.6707441386340469,0.8014616321559074,0.835881753312946,0.9951984632132788,1002
routing_diagnostic_v1_b025,ucc,diagnostic,jev_grounded,hostile,True,choice,1,21,18,323,3,0.05278592375366569,0.8571428571428571,0.09944751381215469,0.835881753312946,0.11637586322345743,1002
routing_diagnostic_v1_b025,ucc,diagnostic,jev_grounded,antagonize,True,choice,0,951,503,8,448,0.9843444227005871,0.5289169295478444,0.6880984952120383,0.7414280117935713,0.981731069699757,1002
routing_diagnostic_v1_b025,ucc,diagnostic,jev_grounded,antagonize,True,choice,1,51,43,448,8,0.08757637474541752,0.8431372549019608,0.15867158671586715,0.7414280117935713,0.11462559166754914,1002
routing_diagnostic_v1_b025,ucc,diagnostic,jev_grounded,condescending,True,choice,0,955,577,11,378,0.9812925170068028,0.6041884816753926,0.7478937135450421,0.7387100367606104,0.9828052364688836,1002
routing_diagnostic_v1_b025,ucc,diagnostic,jev_grounded,condescending,True,choice,1,47,36,378,11,0.08695652173913043,0.7659574468085106,0.1561822125813449,0.7387100367606104,0.11476379876701465,1002
routing_diagnostic_v1_b025,ucc,diagnostic,jev_grounded,dismissive,True,choice,0,978,605,8,373,0.9869494290375204,0.6186094069529653,0.7605279698302954,0.720645875937287,0.9907283097990821,1002
routing_diagnostic_v1_b025,ucc,diagnostic,jev_grounded,dismissive,True,choice,1,24,16,373,8,0.04113110539845758,0.6666666666666666,0.0774818401937046,0.720645875937287,0.05461297123053341,1002
routing_diagnostic_v1_b025,ucc,diagnostic,jev_targeted_llm,healthy,True,choice,0,65,17,119,48,0.125,0.26153846153846155,0.1691542288557214,0.7163190682556879,0.14690483514817834,762
routing_diagnostic_v1_b025,ucc,diagnostic,jev_targeted_llm,healthy,True,choice,1,937,818,48,119,0.9445727482678984,0.8729989327641409,0.9073765945646145,0.7163190682556879,0.9691240120849727,762
routing_diagnostic_v1_b025,ucc,diagnostic,jev_targeted_llm,sarcastic,True,choice,0,954,853,35,101,0.9605855855855856,0.8941299790356394,0.9261672095548317,0.6219104390811282,0.9651980072259079,762
routing_diagnostic_v1_b025,ucc,diagnostic,jev_targeted_llm,sarcastic,True,choice,1,48,13,101,35,0.11403508771929824,0.2708333333333333,0.16049382716049382,0.6219104390811282,0.0751129661678843,762
routing_diagnostic_v1_b025,ucc,diagnostic,jev_targeted_llm,generalisation,False,choice,0,987,930,8,57,0.9914712153518124,0.9422492401215805,0.9662337662337662,0.7994652406417112,0.993921681584766,762
routing_diagnostic_v1_b025,ucc,diagnostic,jev_targeted_llm,generalisation,False,choice,1,15,7,57,8,0.109375,0.4666666666666667,0.17721518987341772,0.7994652406417112,0.19493623558463485,762
routing_diagnostic_v1_b025,ucc,diagnostic,jev_targeted_llm,generalisation_unfair,True,choice,0,988,946,8,42,0.9916142557651991,0.9574898785425101,0.9742533470648815,0.804970730204375,0.9945083837504621,762
routing_diagnostic_v1_b025,ucc,diagnostic,jev_targeted_llm,generalisation_unfair,True,choice,1,14,6,42,8,0.125,0.42857142857142855,0.1935483870967742,0.804970730204375,0.20422346308602657,762
routing_diagnostic_v1_b025,ucc,diagnostic,jev_targeted_llm,hostile,True,choice,0,981,919,14,62,0.984994640943194,0.9367991845056065,0.9602925809822361,0.8371313672922251,0.9951123425840182,762
routing_diagnostic_v1_b025,ucc,diagnostic,jev_targeted_llm,hostile,True,choice,1,21,7,62,14,0.10144927536231885,0.3333333333333333,0.15555555555555556,0.8371313672922251,0.1353260617600341,762
routing_diagnostic_v1_b025,ucc,diagnostic,jev_targeted_llm,antagonize,True,choice,0,951,867,40,84,0.9558985667034179,0.9116719242902208,0.9332615715823466,0.7410101146781232,0.9803801650528816,762
routing_diagnostic_v1_b025,ucc,diagnostic,jev_targeted_llm,antagonize,True,choice,1,51,11,84,40,0.11578947368421053,0.21568627450980393,0.1506849315068493,0.7410101146781232,0.12350440942535852,762
routing_diagnostic_v1_b025,ucc,diagnostic,jev_targeted_llm,condescending,True,choice,0,955,841,31,114,0.9644495412844036,0.8806282722513089,0.9206349206349206,0.744618221796645,0.9814358935492371,762
routing_diagnostic_v1_b025,ucc,diagnostic,jev_targeted_llm,condescending,True,choice,1,47,16,114,31,0.12307692307692308,0.3404255319148936,0.1807909604519774,0.744618221796645,0.1413209707619371,762
routing_diagnostic_v1_b025,ucc,diagnostic,jev_targeted_llm,dismissive,True,choice,0,978,844,18,134,0.9791183294663574,0.8629856850715747,0.9173913043478261,0.7303571428571428,0.9902775084277482,762
routing_diagnostic_v1_b025,ucc,diagnostic,jev_targeted_llm,dismissive,True,choice,1,24,6,134,18,0.04285714285714286,0.25,0.07317073170731707,0.7303571428571428,0.06610018463712244,762
routing_discovery_v1_b01,babe,discovery,jev_explanation,label_bias,True,choice,Non-biased,97,84,38,13,0.6885245901639344,0.865979381443299,0.7671232876712328,0.8559612430580172,0.846426856224585,184
routing_discovery_v1_b01,babe,discovery,jev_explanation,label_bias,True,choice,Biased,103,55,7,48,0.8870967741935484,0.5339805825242718,0.6666666666666666,0.8559612430580172,0.8329092449544221,184
routing_discovery_v1_b01,babe,discovery,jev_grounded,label_bias,True,choice,Non-biased,97,71,20,26,0.7802197802197802,0.7319587628865979,0.7553191489361702,0.8474126714042638,0.8218777085503678,200
routing_discovery_v1_b01,babe,discovery,jev_grounded,label_bias,True,choice,Biased,103,83,26,20,0.7614678899082569,0.8058252427184466,0.7830188679245284,0.8474126714042638,0.8342405338244082,200
routing_discovery_v1_b01,babe,discovery,jev_targeted_llm,label_bias,True,choice,Non-biased,97,86,39,11,0.688,0.8865979381443299,0.7747747747747747,0.8559612430580172,0.846426856224585,184
routing_discovery_v1_b01,babe,discovery,jev_targeted_llm,label_bias,True,choice,Biased,103,64,11,39,0.8533333333333334,0.6213592233009708,0.7191011235955056,0.8559612430580172,0.8329092449544221,184
routing_discovery_v1_b01,conflict,discovery,jev_explanation,rating_directness_content,True,choice,Yes - Direct Content,92,82,0,10,1.0,0.8913043478260869,0.9425287356321839,,,92
routing_discovery_v1_b01,conflict,discovery,jev_explanation,rating_directness_content,True,choice,Neutral - Content contains no opinion,0,0,3,0,0.0,0.0,0.0,,,92
routing_discovery_v1_b01,conflict,discovery,jev_explanation,rating_directness_content,True,choice,No - Indirect Content,0,0,7,0,0.0,0.0,0.0,,,92
routing_discovery_v1_b01,conflict,discovery,jev_explanation,rating_directness_expression,True,choice,Yes - Direct Expression,87,87,5,0,0.9456521739130435,1.0,0.9720670391061452,0.628735632183908,0.959225752475657,92
routing_discovery_v1_b01,conflict,discovery,jev_explanation,rating_directness_expression,True,choice,No - Indirect Expression,5,0,0,5,0.0,0.0,0.0,0.628735632183908,0.13860909881193856,92
routing_discovery_v1_b01,conflict,discovery,jev_explanation,rating_OI_content,True,choice,Yes - Content opposes someone else,90,83,1,7,0.9880952380952381,0.9222222222222223,0.9540229885057471,0.8166666666666667,0.9950534878431126,92
routing_discovery_v1_b01,conflict,discovery,jev_explanation,rating_OI_content,True,choice,No - Content does not oppose anyone,2,1,7,1,0.125,0.5,0.2,0.8166666666666667,0.5285714285714286,92
routing_discovery_v1_b01,conflict,discovery,jev_explanation,rating_OI_expression,True,choice,Yes - Expression is emotional/forceful,16,4,4,12,0.5,0.25,0.3333333333333333,0.7006578947368421,0.4524996324042169,92
routing_discovery_v1_b01,conflict,discovery,jev_explanation,rating_OI_expression,True,choice,No - Expression is not emotional/forceful,76,72,12,4,0.8571428571428571,0.9473684210526315,0.9,0.7006578947368421,0.8941947029533013,92
routing_discovery_v1_b01,conflict,discovery,jev_grounded,rating_directness_content,True,choice,Yes - Direct Content,92,82,0,10,1.0,0.8913043478260869,0.9425287356321839,,,92
routing_discovery_v1_b01,conflict,discovery,jev_grounded,rating_directness_content,True,choice,Neutral - Content contains no opinion,0,0,3,0,0.0,0.0,0.0,,,92
routing_discovery_v1_b01,conflict,discovery,jev_grounded,rating_directness_content,True,choice,No - Indirect Content,0,0,7,0,0.0,0.0,0.0,,,92
routing_discovery_v1_b01,conflict,discovery,jev_grounded,rating_directness_expression,True,choice,Yes - Direct Expression,87,73,3,14,0.9605263157894737,0.8390804597701149,0.8957055214723927,0.628735632183908,0.959225752475657,92
routing_discovery_v1_b01,conflict,discovery,jev_grounded,rating_directness_expression,True,choice,No - Indirect Expression,5,2,14,3,0.125,0.4,0.19047619047619047,0.628735632183908,0.13860909881193856,92
routing_discovery_v1_b01,conflict,discovery,jev_grounded,rating_OI_content,True,choice,Yes - Content opposes someone else,90,75,1,15,0.9868421052631579,0.8333333333333334,0.9036144578313253,0.8166666666666667,0.9950534878431126,92
routing_discovery_v1_b01,conflict,discovery,jev_grounded,rating_OI_content,True,choice,No - Content does not oppose anyone,2,1,15,1,0.0625,0.5,0.1111111111111111,0.8166666666666667,0.5285714285714286,92
routing_discovery_v1_b01,conflict,discovery,jev_grounded,rating_OI_expression,True,choice,Yes - Expression is emotional/forceful,16,9,14,7,0.391304347826087,0.5625,0.46153846153846156,0.7006578947368421,0.4524996324042169,92
routing_discovery_v1_b01,conflict,discovery,jev_grounded,rating_OI_expression,True,choice,No - Expression is not emotional/forceful,76,62,7,14,0.8985507246376812,0.8157894736842105,0.8551724137931035,0.7006578947368421,0.8941947029533013,92
routing_discovery_v1_b01,conflict,discovery,jev_targeted_llm,rating_directness_content,True,choice,Yes - Direct Content,92,82,0,10,1.0,0.8913043478260869,0.9425287356321839,,,92
routing_discovery_v1_b01,conflict,discovery,jev_targeted_llm,rating_directness_content,True,choice,Neutral - Content contains no opinion,0,0,3,0,0.0,0.0,0.0,,,92
routing_discovery_v1_b01,conflict,discovery,jev_targeted_llm,rating_directness_content,True,choice,No - Indirect Content,0,0,7,0,0.0,0.0,0.0,,,92
routing_discovery_v1_b01,conflict,discovery,jev_targeted_llm,rating_directness_expression,True,choice,Yes - Direct Expression,87,87,5,0,0.9456521739130435,1.0,0.9720670391061452,0.628735632183908,0.959225752475657,92
routing_discovery_v1_b01,conflict,discovery,jev_targeted_llm,rating_directness_expression,True,choice,No - Indirect Expression,5,0,0,5,0.0,0.0,0.0,0.628735632183908,0.13860909881193856,92
routing_discovery_v1_b01,conflict,discovery,jev_targeted_llm,rating_OI_content,True,choice,Yes - Content opposes someone else,90,83,1,7,0.9880952380952381,0.9222222222222223,0.9540229885057471,0.8166666666666667,0.9950534878431126,92
routing_discovery_v1_b01,conflict,discovery,jev_targeted_llm,rating_OI_content,True,choice,No - Content does not oppose anyone,2,1,7,1,0.125,0.5,0.2,0.8166666666666667,0.5285714285714286,92
routing_discovery_v1_b01,conflict,discovery,jev_targeted_llm,rating_OI_expression,True,choice,Yes - Expression is emotional/forceful,16,4,4,12,0.5,0.25,0.3333333333333333,0.7006578947368421,0.4524996324042169,92
routing_discovery_v1_b01,conflict,discovery,jev_targeted_llm,rating_OI_expression,True,choice,No - Expression is not emotional/forceful,76,72,12,4,0.8571428571428571,0.9473684210526315,0.9,0.7006578947368421,0.8941947029533013,92
routing_discovery_v1_b01,mbd,discovery,jev_explanation,type,True,choice,fact,106,77,9,29,0.8953488372093024,0.7264150943396226,0.8020833333333334,0.9450064571674559,0.9326804597959635,193
routing_discovery_v1_b01,mbd,discovery,jev_explanation,type,True,choice,opinion,4,2,7,2,0.2222222222222222,0.5,0.3076923076923077,0.8134920634920635,0.32465191684150296,193
routing_discovery_v1_b01,mbd,discovery,jev_explanation,type,True,choice,borderline,1,0,4,1,0.0,0.0,0.0,,,193
routing_discovery_v1_b01,mbd,discovery,jev_explanation,type,True,choice,quote,73,66,5,7,0.9295774647887324,0.9041095890410958,0.9166666666666666,0.970148401826484,0.9173421229960157,193
routing_discovery_v1_b01,mbd,discovery,jev_explanation,type,True,choice,other,25,18,5,7,0.782608695652174,0.72,0.75,0.9725098619329389,0.8298549156317522,193
routing_discovery_v1_b01,mbd,discovery,jev_explanation,tone,True,choice,positive,12,9,10,3,0.47368421052631576,0.75,0.5806451612903226,0.9672619047619048,0.5984843474426809,194
routing_discovery_v1_b01,mbd,discovery,jev_explanation,tone,True,choice,negative,35,24,5,11,0.8275862068965517,0.6857142857142857,0.75,0.9662174303683738,0.859469969210963,194
routing_discovery_v1_b01,mbd,discovery,jev_explanation,tone,True,choice,neutral,163,132,14,31,0.9041095890410958,0.8098159509202454,0.8543689320388349,0.9113475177304965,0.9705247179248714,194
routing_discovery_v1_b01,mbd,discovery,jev_explanation,focus,True,choice,democrat,15,12,4,3,0.75,0.8,0.7741935483870968,0.9876685934489403,0.8595880240617084,188
routing_discovery_v1_b01,mbd,discovery,jev_explanation,focus,True,choice,republican,34,22,0,12,1.0,0.6470588235294118,0.7857142857142857,0.9929335370511841,0.9665682249159759,188
routing_discovery_v1_b01,mbd,discovery,jev_explanation,focus,True,choice,both,11,8,6,3,0.5714285714285714,0.7272727272727273,0.64,0.9758602978941961,0.7880681818181818,188
routing_discovery_v1_b01,mbd,discovery,jev_explanation,focus,True,choice,neither,144,126,10,18,0.9264705882352942,0.875,0.9,0.9838541666666667,0.9929980225125226,188
routing_discovery_v1_b01,mbd,discovery,jev_grounded,type,True,choice,fact,106,90,10,16,0.9,0.8490566037735849,0.8737864077669902,0.9438999816816267,0.9406400185209158,209
routing_discovery_v1_b01,mbd,discovery,jev_grounded,type,True,choice,opinion,4,2,7,2,0.2222222222222222,0.5,0.3076923076923077,0.8256097560975609,0.3243970315398887,209
routing_discovery_v1_b01,mbd,discovery,jev_grounded,type,True,choice,borderline,1,0,4,1,0.0,0.0,0.0,0.9711538461538461,0.14285714285714285,209
routing_discovery_v1_b01,mbd,discovery,jev_grounded,type,True,choice,quote,73,66,5,7,0.9295774647887324,0.9041095890410958,0.9166666666666666,0.97366035455278,0.9173421229960157,209
routing_discovery_v1_b01,mbd,discovery,jev_grounded,type,True,choice,other,25,19,6,6,0.76,0.76,0.76,0.9702173913043478,0.8107814733603942,209
routing_discovery_v1_b01,mbd,discovery,jev_grounded,tone,True,choice,positive,12,12,18,0,0.4,1.0,0.5714285714285714,0.9690656565656566,0.5910308889139534,210
routing_discovery_v1_b01,mbd,discovery,jev_grounded,tone,True,choice,negative,35,31,14,4,0.6888888888888889,0.8857142857142857,0.775,0.9689795918367347,0.8566977612949322,210
routing_discovery_v1_b01,mbd,discovery,jev_grounded,tone,True,choice,neutral,163,131,4,32,0.9703703703703703,0.803680981595092,0.8791946308724832,0.9278162119827699,0.9781191234573534,210
routing_discovery_v1_b01,mbd,discovery,jev_grounded,focus,True,choice,democrat,15,12,4,3,0.75,0.8,0.7741935483870968,0.9887125220458554,0.8595880240617084,204
routing_discovery_v1_b01,mbd,discovery,jev_grounded,focus,True,choice,republican,34,22,0,12,1.0,0.6470588235294118,0.7857142857142857,0.9935121107266436,0.965977136089593,204
routing_discovery_v1_b01,mbd,discovery,jev_grounded,focus,True,choice,both,11,8,6,3,0.5714285714285714,0.7272727272727273,0.64,0.9778615167216204,0.7880681818181818,204
routing_discovery_v1_b01,mbd,discovery,jev_grounded,focus,True,choice,neither,144,142,10,2,0.9342105263157895,0.9861111111111112,0.9594594594594594,0.9857060185185185,0.9944579775107539,204
routing_discovery_v1_b01,mbd,discovery,jev_targeted_llm,type,True,choice,fact,106,90,10,16,0.9,0.8490566037735849,0.8737864077669902,0.9450064571674559,0.9326804597959635,193
routing_discovery_v1_b01,mbd,discovery,jev_targeted_llm,type,True,choice,opinion,4,2,7,2,0.2222222222222222,0.5,0.3076923076923077,0.8134920634920635,0.32465191684150296,193
routing_discovery_v1_b01,mbd,discovery,jev_targeted_llm,type,True,choice,borderline,1,0,4,1,0.0,0.0,0.0,,,193
routing_discovery_v1_b01,mbd,discovery,jev_targeted_llm,type,True,choice,quote,73,66,5,7,0.9295774647887324,0.9041095890410958,0.9166666666666666,0.970148401826484,0.9173421229960157,193
routing_discovery_v1_b01,mbd,discovery,jev_targeted_llm,type,True,choice,other,25,19,6,6,0.76,0.76,0.76,0.9725098619329389,0.8298549156317522,193
routing_discovery_v1_b01,mbd,discovery,jev_targeted_llm,tone,True,choice,positive,12,9,10,3,0.47368421052631576,0.75,0.5806451612903226,0.9672619047619048,0.5984843474426809,194
routing_discovery_v1_b01,mbd,discovery,jev_targeted_llm,tone,True,choice,negative,35,24,5,11,0.8275862068965517,0.6857142857142857,0.75,0.9662174303683738,0.859469969210963,194
routing_discovery_v1_b01,mbd,discovery,jev_targeted_llm,tone,True,choice,neutral,163,148,14,15,0.9135802469135802,0.9079754601226994,0.9107692307692308,0.9113475177304965,0.9705247179248714,194
routing_discovery_v1_b01,mbd,discovery,jev_targeted_llm,focus,True,choice,democrat,15,12,4,3,0.75,0.8,0.7741935483870968,0.9876685934489403,0.8595880240617084,188
routing_discovery_v1_b01,mbd,discovery,jev_targeted_llm,focus,True,choice,republican,34,22,0,12,1.0,0.6470588235294118,0.7857142857142857,0.9929335370511841,0.9665682249159759,188
routing_discovery_v1_b01,mbd,discovery,jev_targeted_llm,focus,True,choice,both,11,8,6,3,0.5714285714285714,0.7272727272727273,0.64,0.9758602978941961,0.7880681818181818,188
routing_discovery_v1_b01,mbd,discovery,jev_targeted_llm,focus,True,choice,neither,144,142,10,2,0.9342105263157895,0.9861111111111112,0.9594594594594594,0.9838541666666667,0.9929980225125226,188
routing_discovery_v1_b01,ucc,discovery,jev_explanation,healthy,True,choice,0,18,2,6,16,0.25,0.1111111111111111,0.15384615384615385,0.6774675972083749,0.1864821610609024,194
routing_discovery_v1_b01,ucc,discovery,jev_explanation,healthy,True,choice,1,192,171,15,21,0.9193548387096774,0.890625,0.9047619047619048,0.6774675972083749,0.9441096281507155,194
routing_discovery_v1_b01,ucc,discovery,jev_explanation,sarcastic,True,choice,0,205,179,5,26,0.9728260869565217,0.8731707317073171,0.9203084832904884,0.7021164021164021,0.9887721400804316,194
routing_discovery_v1_b01,ucc,discovery,jev_explanation,sarcastic,True,choice,1,5,0,10,5,0.0,0.0,0.0,0.7021164021164021,0.058488805312334725,194
routing_discovery_v1_b01,ucc,discovery,jev_explanation,generalisation,False,choice,0,207,186,3,21,0.9841269841269841,0.8985507246376812,0.9393939393939394,0.693717277486911,0.9938289032749994,194
routing_discovery_v1_b01,ucc,discovery,jev_explanation,generalisation,False,choice,1,3,0,5,3,0.0,0.0,0.0,0.693717277486911,0.03371051390853371,194
routing_discovery_v1_b01,ucc,discovery,jev_explanation,generalisation_unfair,True,choice,0,207,190,3,17,0.9844559585492227,0.9178743961352657,0.95,0.6902268760907504,0.993150620786252,194
routing_discovery_v1_b01,ucc,discovery,jev_explanation,generalisation_unfair,True,choice,1,3,0,1,3,0.0,0.0,0.0,0.6902268760907504,0.03804461121534292,194
routing_discovery_v1_b01,ucc,discovery,jev_explanation,hostile,True,choice,0,208,192,2,16,0.9896907216494846,0.9230769230769231,0.9552238805970149,0.8763020833333334,0.9985329088518544,194
routing_discovery_v1_b01,ucc,discovery,jev_explanation,hostile,True,choice,1,2,0,0,2,0.0,0.0,0.0,0.8763020833333334,0.27040816326530615,194
routing_discovery_v1_b01,ucc,discovery,jev_explanation,antagonize,True,choice,0,203,186,4,17,0.9789473684210527,0.916256157635468,0.9465648854961832,0.767379679144385,0.9807057126567985,194
routing_discovery_v1_b01,ucc,discovery,jev_explanation,antagonize,True,choice,1,7,3,1,4,0.75,0.42857142857142855,0.5454545454545454,0.767379679144385,0.38155049758862014,194
routing_discovery_v1_b01,ucc,discovery,jev_explanation,condescending,True,choice,0,206,183,3,23,0.9838709677419355,0.8883495145631068,0.9336734693877551,0.8394736842105263,0.9960248356386953,194
routing_discovery_v1_b01,ucc,discovery,jev_explanation,condescending,True,choice,1,4,1,7,3,0.125,0.25,0.16666666666666666,0.8394736842105263,0.15401785714285715,194
routing_discovery_v1_b01,ucc,discovery,jev_explanation,dismissive,True,choice,0,207,177,2,30,0.9888268156424581,0.855072463768116,0.917098445595855,0.806282722513089,0.9964726052100645,194
routing_discovery_v1_b01,ucc,discovery,jev_explanation,dismissive,True,choice,1,3,1,14,2,0.06666666666666667,0.3333333333333333,0.1111111111111111,0.806282722513089,0.053968253968253964,194
routing_discovery_v1_b01,ucc,discovery,jev_grounded,healthy,True,choice,0,18,13,110,5,0.10569105691056911,0.7222222222222222,0.18439716312056736,0.6605902777777778,0.17983720550419866,210
routing_discovery_v1_b01,ucc,discovery,jev_grounded,healthy,True,choice,1,192,82,5,110,0.9425287356321839,0.4270833333333333,0.5878136200716846,0.6605902777777778,0.9429945957081903,210
routing_discovery_v1_b01,ucc,discovery,jev_grounded,sarcastic,True,choice,0,205,126,1,79,0.9921259842519685,0.6146341463414634,0.7590361445783133,0.7,0.9896180304555665,210
routing_discovery_v1_b01,ucc,discovery,jev_grounded,sarcastic,True,choice,1,5,4,79,1,0.04819277108433735,0.8,0.09090909090909091,0.7,0.05261043020633814,210
routing_discovery_v1_b01,ucc,discovery,jev_grounded,generalisation,False,choice,0,207,161,2,46,0.9877300613496932,0.7777777777777778,0.8702702702702703,0.6811594202898551,0.9940310637081635,210
routing_discovery_v1_b01,ucc,discovery,jev_grounded,generalisation,False,choice,1,3,1,46,2,0.02127659574468085,0.3333333333333333,0.04,0.6811594202898551,0.029526685776685775,210
routing_discovery_v1_b01,ucc,discovery,jev_grounded,generalisation_unfair,True,choice,0,207,175,2,32,0.9887005649717514,0.8454106280193237,0.9114583333333334,0.6884057971014492,0.9936480771574565,210
routing_discovery_v1_b01,ucc,discovery,jev_grounded,generalisation_unfair,True,choice,1,3,1,32,2,0.030303030303030304,0.3333333333333333,0.05555555555555555,0.6884057971014492,0.034927434866235355,210
routing_discovery_v1_b01,ucc,discovery,jev_grounded,hostile,True,choice,0,208,128,0,80,1.0,0.6153846153846154,0.7619047619047619,0.8834134615384616,0.9987330313166379,210
routing_discovery_v1_b01,ucc,discovery,jev_grounded,hostile,True,choice,1,2,2,80,0,0.024390243902439025,1.0,0.047619047619047616,0.8834134615384616,0.27,210
routing_discovery_v1_b01,ucc,discovery,jev_grounded,antagonize,True,choice,0,203,95,1,108,0.9895833333333334,0.46798029556650245,0.6354515050167224,0.7712878254750176,0.982515680018063,210
routing_discovery_v1_b01,ucc,discovery,jev_grounded,antagonize,True,choice,1,7,6,108,1,0.05263157894736842,0.8571428571428571,0.09917355371900827,0.7712878254750176,0.3787541528239202,210
routing_discovery_v1_b01,ucc,discovery,jev_grounded,condescending,True,choice,0,206,138,0,68,1.0,0.6699029126213593,0.8023255813953488,0.8428398058252428,0.9964206724681928,210
routing_discovery_v1_b01,ucc,discovery,jev_grounded,condescending,True,choice,1,4,4,68,0,0.05555555555555555,1.0,0.10526315789473684,0.8428398058252428,0.14668485658872704,210
routing_discovery_v1_b01,ucc,discovery,jev_grounded,dismissive,True,choice,0,207,129,0,78,1.0,0.6231884057971014,0.7678571428571429,0.8107890499194848,0.9968132040039058,210
routing_discovery_v1_b01,ucc,discovery,jev_grounded,dismissive,True,choice,1,3,3,78,0,0.037037037037037035,1.0,0.07142857142857142,0.8107890499194848,0.051962410171365395,210
routing_discovery_v1_b01,ucc,discovery,jev_targeted_llm,healthy,True,choice,0,18,3,8,15,0.2727272727272727,0.16666666666666666,0.20689655172413793,0.6774675972083749,0.1864821610609024,194
routing_discovery_v1_b01,ucc,discovery,jev_targeted_llm,healthy,True,choice,1,192,184,15,8,0.9246231155778895,0.9583333333333334,0.9411764705882353,0.6774675972083749,0.9441096281507155,194
routing_discovery_v1_b01,ucc,discovery,jev_targeted_llm,sarcastic,True,choice,0,205,191,5,14,0.9744897959183674,0.9317073170731708,0.9526184538653366,0.7021164021164021,0.9887721400804316,194
routing_discovery_v1_b01,ucc,discovery,jev_targeted_llm,sarcastic,True,choice,1,5,0,14,5,0.0,0.0,0.0,0.7021164021164021,0.058488805312334725,194
routing_discovery_v1_b01,ucc,discovery,jev_targeted_llm,generalisation,False,choice,0,207,200,3,7,0.9852216748768473,0.966183574879227,0.975609756097561,0.693717277486911,0.9938289032749994,194
routing_discovery_v1_b01,ucc,discovery,jev_targeted_llm,generalisation,False,choice,1,3,0,7,3,0.0,0.0,0.0,0.693717277486911,0.03371051390853371,194
routing_discovery_v1_b01,ucc,discovery,jev_targeted_llm,generalisation_unfair,True,choice,0,207,204,3,3,0.9855072463768116,0.9855072463768116,0.9855072463768116,0.6902268760907504,0.993150620786252,194
routing_discovery_v1_b01,ucc,discovery,jev_targeted_llm,generalisation_unfair,True,choice,1,3,0,3,3,0.0,0.0,0.0,0.6902268760907504,0.03804461121534292,194
routing_discovery_v1_b01,ucc,discovery,jev_targeted_llm,hostile,True,choice,0,208,206,2,2,0.9903846153846154,0.9903846153846154,0.9903846153846154,0.8763020833333334,0.9985329088518544,194
routing_discovery_v1_b01,ucc,discovery,jev_targeted_llm,hostile,True,choice,1,2,0,2,2,0.0,0.0,0.0,0.8763020833333334,0.27040816326530615,194
routing_discovery_v1_b01,ucc,discovery,jev_targeted_llm,antagonize,True,choice,0,203,201,4,2,0.9804878048780488,0.9901477832512315,0.9852941176470589,0.767379679144385,0.9807057126567985,194
routing_discovery_v1_b01,ucc,discovery,jev_targeted_llm,antagonize,True,choice,1,7,3,2,4,0.6,0.42857142857142855,0.5,0.767379679144385,0.38155049758862014,194
routing_discovery_v1_b01,ucc,discovery,jev_targeted_llm,condescending,True,choice,0,206,196,3,10,0.9849246231155779,0.9514563106796117,0.9679012345679012,0.8394736842105263,0.9960248356386953,194
routing_discovery_v1_b01,ucc,discovery,jev_targeted_llm,condescending,True,choice,1,4,1,10,3,0.09090909090909091,0.25,0.13333333333333333,0.8394736842105263,0.15401785714285715,194
routing_discovery_v1_b01,ucc,discovery,jev_targeted_llm,dismissive,True,choice,0,207,191,2,16,0.9896373056994818,0.9227053140096618,0.955,0.806282722513089,0.9964726052100645,194
routing_discovery_v1_b01,ucc,discovery,jev_targeted_llm,dismissive,True,choice,1,3,1,16,2,0.058823529411764705,0.3333333333333333,0.1,0.806282722513089,0.053968253968253964,194
routing_discovery_v1_b025,babe,discovery,jev_explanation,label_bias,True,choice,Non-biased,97,63,29,34,0.6847826086956522,0.6494845360824743,0.6666666666666666,0.8594076655052265,0.8332860444321801,152
routing_discovery_v1_b025,babe,discovery,jev_explanation,label_bias,True,choice,Biased,103,53,7,50,0.8833333333333333,0.5145631067961165,0.6503067484662577,0.8594076655052265,0.8510084306878373,152
routing_discovery_v1_b025,babe,discovery,jev_grounded,label_bias,True,choice,Non-biased,97,74,20,23,0.7872340425531915,0.7628865979381443,0.774869109947644,0.8517165448904014,0.823991432982454,200
routing_discovery_v1_b025,babe,discovery,jev_grounded,label_bias,True,choice,Biased,103,83,23,20,0.7830188679245284,0.8058252427184466,0.7942583732057417,0.8517165448904014,0.8434281156461471,200
routing_discovery_v1_b025,babe,discovery,jev_targeted_llm,label_bias,True,choice,Non-biased,97,85,34,12,0.7142857142857143,0.8762886597938144,0.7870370370370371,0.8594076655052265,0.8332860444321801,152
routing_discovery_v1_b025,babe,discovery,jev_targeted_llm,label_bias,True,choice,Biased,103,69,12,34,0.8518518518518519,0.6699029126213593,0.75,0.8594076655052265,0.8510084306878373,152
routing_discovery_v1_b025,conflict,discovery,jev_explanation,rating_directness_content,True,choice,Yes - Direct Content,92,71,0,21,1.0,0.7717391304347826,0.8711656441717791,,,76
routing_discovery_v1_b025,conflict,discovery,jev_explanation,rating_directness_content,True,choice,Neutral - Content contains no opinion,0,0,1,0,0.0,0.0,0.0,,,76
routing_discovery_v1_b025,conflict,discovery,jev_explanation,rating_directness_content,True,choice,No - Indirect Content,0,0,4,0,0.0,0.0,0.0,,,76
routing_discovery_v1_b025,conflict,discovery,jev_explanation,rating_directness_expression,True,choice,Yes - Direct Expression,87,73,2,14,0.9733333333333334,0.8390804597701149,0.9012345679012346,0.8885135135135135,0.996490181733959,76
routing_discovery_v1_b025,conflict,discovery,jev_explanation,rating_directness_expression,True,choice,No - Indirect Expression,5,0,1,5,0.0,0.0,0.0,0.8885135135135135,0.18382352941176472,76
routing_discovery_v1_b025,conflict,discovery,jev_explanation,rating_OI_content,True,choice,Yes - Content opposes someone else,90,72,1,18,0.9863013698630136,0.8,0.8834355828220859,0.6466666666666666,0.9942253853870315,76
routing_discovery_v1_b025,conflict,discovery,jev_explanation,rating_OI_content,True,choice,No - Content does not oppose anyone,2,0,3,2,0.0,0.0,0.0,0.6466666666666666,0.03571428571428571,76
routing_discovery_v1_b025,conflict,discovery,jev_explanation,rating_OI_expression,True,choice,Yes - Expression is emotional/forceful,16,4,2,12,0.6666666666666666,0.25,0.36363636363636365,0.734375,0.48114867158984803,76
routing_discovery_v1_b025,conflict,discovery,jev_explanation,rating_OI_expression,True,choice,No - Expression is not emotional/forceful,76,62,8,14,0.8857142857142857,0.8157894736842105,0.8493150684931506,0.734375,0.9228779415163612,76
routing_discovery_v1_b025,conflict,discovery,jev_grounded,rating_directness_content,True,choice,Yes - Direct Content,92,83,0,9,1.0,0.9021739130434783,0.9485714285714286,,,92
routing_discovery_v1_b025,conflict,discovery,jev_grounded,rating_directness_content,True,choice,Neutral - Content contains no opinion,0,0,2,0,0.0,0.0,0.0,,,92
routing_discovery_v1_b025,conflict,discovery,jev_grounded,rating_directness_content,True,choice,No - Indirect Content,0,0,7,0,0.0,0.0,0.0,,,92
routing_discovery_v1_b025,conflict,discovery,jev_grounded,rating_directness_expression,True,choice,Yes - Direct Expression,87,71,3,16,0.9594594594594594,0.8160919540229885,0.8819875776397516,0.6471264367816092,0.9603744620388817,92
routing_discovery_v1_b025,conflict,discovery,jev_grounded,rating_directness_expression,True,choice,No - Indirect Expression,5,2,16,3,0.1111111111111111,0.4,0.17391304347826086,0.6471264367816092,0.15816091954022987,92
routing_discovery_v1_b025,conflict,discovery,jev_grounded,rating_OI_content,True,choice,Yes - Content opposes someone else,90,73,1,17,0.9864864864864865,0.8111111111111111,0.8902439024390244,0.8083333333333333,0.9946706962130462,92
routing_discovery_v1_b025,conflict,discovery,jev_grounded,rating_OI_content,True,choice,No - Content does not oppose anyone,2,1,17,1,0.05555555555555555,0.5,0.1,0.8083333333333333,0.527027027027027,92
routing_discovery_v1_b025,conflict,discovery,jev_grounded,rating_OI_expression,True,choice,Yes - Expression is emotional/forceful,16,8,14,8,0.36363636363636365,0.5,0.42105263157894735,0.686266447368421,0.4378870589014728,92
routing_discovery_v1_b025,conflict,discovery,jev_grounded,rating_OI_expression,True,choice,No - Expression is not emotional/forceful,76,62,8,14,0.8857142857142857,0.8157894736842105,0.8493150684931506,0.686266447368421,0.8893893455450114,92
routing_discovery_v1_b025,conflict,discovery,jev_targeted_llm,rating_directness_content,True,choice,Yes - Direct Content,92,87,0,5,1.0,0.9456521739130435,0.9720670391061452,,,76
routing_discovery_v1_b025,conflict,discovery,jev_targeted_llm,rating_directness_content,True,choice,Neutral - Content contains no opinion,0,0,1,0,0.0,0.0,0.0,,,76
routing_discovery_v1_b025,conflict,discovery,jev_targeted_llm,rating_directness_content,True,choice,No - Indirect Content,0,0,4,0,0.0,0.0,0.0,,,76
routing_discovery_v1_b025,conflict,discovery,jev_targeted_llm,rating_directness_expression,True,choice,Yes - Direct Expression,87,85,5,2,0.9444444444444444,0.9770114942528736,0.96045197740113,0.8885135135135135,0.996490181733959,76
routing_discovery_v1_b025,conflict,discovery,jev_targeted_llm,rating_directness_expression,True,choice,No - Indirect Expression,5,0,2,5,0.0,0.0,0.0,0.8885135135135135,0.18382352941176472,76
routing_discovery_v1_b025,conflict,discovery,jev_targeted_llm,rating_OI_content,True,choice,Yes - Content opposes someone else,90,84,1,6,0.9882352941176471,0.9333333333333333,0.96,0.6466666666666666,0.9942253853870315,76
routing_discovery_v1_b025,conflict,discovery,jev_targeted_llm,rating_OI_content,True,choice,No - Content does not oppose anyone,2,1,6,1,0.14285714285714285,0.5,0.2222222222222222,0.6466666666666666,0.03571428571428571,76
routing_discovery_v1_b025,conflict,discovery,jev_targeted_llm,rating_OI_expression,True,choice,Yes - Expression is emotional/forceful,16,6,4,10,0.6,0.375,0.46153846153846156,0.734375,0.48114867158984803,76
routing_discovery_v1_b025,conflict,discovery,jev_targeted_llm,rating_OI_expression,True,choice,No - Expression is not emotional/forceful,76,72,10,4,0.8780487804878049,0.9473684210526315,0.9113924050632911,0.734375,0.9228779415163612,76
routing_discovery_v1_b025,mbd,discovery,jev_explanation,type,True,choice,fact,106,69,7,37,0.9078947368421053,0.6509433962264151,0.7582417582417582,0.9435876623376623,0.9392052079203462,172
routing_discovery_v1_b025,mbd,discovery,jev_explanation,type,True,choice,opinion,4,2,6,2,0.25,0.5,0.3333333333333333,0.9794117647058823,0.6111111111111112,172
routing_discovery_v1_b025,mbd,discovery,jev_explanation,type,True,choice,borderline,1,0,3,1,0.0,0.0,0.0,,,172
routing_discovery_v1_b025,mbd,discovery,jev_explanation,type,True,choice,quote,73,60,3,13,0.9523809523809523,0.821917808219178,0.8823529411764706,0.9772135416666666,0.9256916202399759,172
routing_discovery_v1_b025,mbd,discovery,jev_explanation,type,True,choice,other,25,17,5,8,0.7727272727272727,0.68,0.723404255319149,0.9766666666666667,0.8418639149726568,172
routing_discovery_v1_b025,mbd,discovery,jev_explanation,tone,True,choice,positive,12,8,12,4,0.4,0.6666666666666666,0.5,0.9655561829474872,0.5758486046233083,172
routing_discovery_v1_b025,mbd,discovery,jev_explanation,tone,True,choice,negative,35,16,5,19,0.7619047619047619,0.45714285714285713,0.5714285714285714,0.9586148648648649,0.8139884741034279,172
routing_discovery_v1_b025,mbd,discovery,jev_explanation,tone,True,choice,neutral,163,120,11,43,0.916030534351145,0.7361963190184049,0.8163265306122449,0.9040667361835245,0.9733625363488773,172
routing_discovery_v1_b025,mbd,discovery,jev_explanation,focus,True,choice,democrat,15,9,2,6,0.8181818181818182,0.6,0.6923076923076923,0.988562091503268,0.8370501696159589,165
routing_discovery_v1_b025,mbd,discovery,jev_explanation,focus,True,choice,republican,34,17,0,17,1.0,0.5,0.6666666666666666,0.9902241918665277,0.9526443101245244,165
routing_discovery_v1_b025,mbd,discovery,jev_explanation,focus,True,choice,both,11,4,5,7,0.4444444444444444,0.36363636363636365,0.4,0.9606690777576854,0.6476190476190476,165
routing_discovery_v1_b025,mbd,discovery,jev_explanation,focus,True,choice,neither,144,117,11,27,0.9140625,0.8125,0.8602941176470589,0.9871979805265055,0.9951868180737614,165
routing_discovery_v1_b025,mbd,discovery,jev_grounded,type,True,choice,fact,106,90,10,16,0.9,0.8490566037735849,0.8737864077669902,0.942892471148562,0.9400831662074708,209
routing_discovery_v1_b025,mbd,discovery,jev_grounded,type,True,choice,opinion,4,2,7,2,0.2222222222222222,0.5,0.3076923076923077,0.7548780487804878,0.3230773719220446,209
routing_discovery_v1_b025,mbd,discovery,jev_grounded,type,True,choice,borderline,1,0,3,1,0.0,0.0,0.0,0.96875,0.125,209
routing_discovery_v1_b025,mbd,discovery,jev_grounded,type,True,choice,quote,73,67,5,6,0.9305555555555556,0.9178082191780822,0.9241379310344827,0.9706385979049154,0.8915722853796163,209
routing_discovery_v1_b025,mbd,discovery,jev_grounded,type,True,choice,other,25,19,6,6,0.76,0.76,0.76,0.97,0.8190187681593887,209
routing_discovery_v1_b025,mbd,discovery,jev_grounded,tone,True,choice,positive,12,12,16,0,0.42857142857142855,1.0,0.6,0.9705387205387206,0.5803670634920634,210
routing_discovery_v1_b025,mbd,discovery,jev_grounded,tone,True,choice,negative,35,31,14,4,0.6888888888888889,0.8857142857142857,0.775,0.9700408163265306,0.8739092572103523,210
routing_discovery_v1_b025,mbd,discovery,jev_grounded,tone,True,choice,neutral,163,133,4,30,0.9708029197080292,0.8159509202453987,0.8866666666666667,0.9285993995561937,0.9783409801532831,210
routing_discovery_v1_b025,mbd,discovery,jev_grounded,focus,True,choice,democrat,15,12,3,3,0.8,0.8,0.8,0.9908289241622575,0.8661833189693602,204
routing_discovery_v1_b025,mbd,discovery,jev_grounded,focus,True,choice,republican,34,23,0,11,1.0,0.6764705882352942,0.8070175438596491,0.9920415224913495,0.9612730264433051,204
routing_discovery_v1_b025,mbd,discovery,jev_grounded,focus,True,choice,both,11,8,5,3,0.6153846153846154,0.7272727272727273,0.6666666666666666,0.9745642958078191,0.7889887889887889,204
routing_discovery_v1_b025,mbd,discovery,jev_grounded,focus,True,choice,neither,144,142,11,2,0.9281045751633987,0.9861111111111112,0.9562289562289562,0.986574074074074,0.9948252500538027,204
routing_discovery_v1_b025,mbd,discovery,jev_targeted_llm,type,True,choice,fact,106,89,12,17,0.8811881188118812,0.839622641509434,0.8599033816425121,0.9435876623376623,0.9392052079203462,172
routing_discovery_v1_b025,mbd,discovery,jev_targeted_llm,type,True,choice,opinion,4,2,6,2,0.25,0.5,0.3333333333333333,0.9794117647058823,0.6111111111111112,172
routing_discovery_v1_b025,mbd,discovery,jev_targeted_llm,type,True,choice,borderline,1,0,3,1,0.0,0.0,0.0,,,172
routing_discovery_v1_b025,mbd,discovery,jev_targeted_llm,type,True,choice,quote,73,66,5,7,0.9295774647887324,0.9041095890410958,0.9166666666666666,0.9772135416666666,0.9256916202399759,172
routing_discovery_v1_b025,mbd,discovery,jev_targeted_llm,type,True,choice,other,25,19,7,6,0.7307692307692307,0.76,0.7450980392156863,0.9766666666666667,0.8418639149726568,172
routing_discovery_v1_b025,mbd,discovery,jev_targeted_llm,tone,True,choice,positive,12,9,12,3,0.42857142857142855,0.75,0.5454545454545454,0.9655561829474872,0.5758486046233083,172
routing_discovery_v1_b025,mbd,discovery,jev_targeted_llm,tone,True,choice,negative,35,23,5,12,0.8214285714285714,0.6571428571428571,0.7301587301587301,0.9586148648648649,0.8139884741034279,172
routing_discovery_v1_b025,mbd,discovery,jev_targeted_llm,tone,True,choice,neutral,163,146,15,17,0.906832298136646,0.8957055214723927,0.9012345679012346,0.9040667361835245,0.9733625363488773,172
routing_discovery_v1_b025,mbd,discovery,jev_targeted_llm,focus,True,choice,democrat,15,12,2,3,0.8571428571428571,0.8,0.8275862068965517,0.988562091503268,0.8370501696159589,165
routing_discovery_v1_b025,mbd,discovery,jev_targeted_llm,focus,True,choice,republican,34,23,0,11,1.0,0.6764705882352942,0.8070175438596491,0.9902241918665277,0.9526443101245244,165
routing_discovery_v1_b025,mbd,discovery,jev_targeted_llm,focus,True,choice,both,11,8,5,3,0.6153846153846154,0.7272727272727273,0.6666666666666666,0.9606690777576854,0.6476190476190476,165
routing_discovery_v1_b025,mbd,discovery,jev_targeted_llm,focus,True,choice,neither,144,143,11,1,0.9285714285714286,0.9930555555555556,0.959731543624161,0.9871979805265055,0.9951868180737614,165
routing_discovery_v1_b025,ucc,discovery,jev_explanation,healthy,True,choice,0,18,3,4,15,0.42857142857142855,0.16666666666666666,0.24,0.6732426303854875,0.2370816186220586,162
routing_discovery_v1_b025,ucc,discovery,jev_explanation,healthy,True,choice,1,192,143,12,49,0.9225806451612903,0.7447916666666666,0.8242074927953891,0.6732426303854875,0.9387470726311539,162
routing_discovery_v1_b025,ucc,discovery,jev_explanation,sarcastic,True,choice,0,205,150,4,55,0.974025974025974,0.7317073170731707,0.8356545961002786,0.6392405063291139,0.986822108694605,162
routing_discovery_v1_b025,ucc,discovery,jev_explanation,sarcastic,True,choice,1,5,0,8,5,0.0,0.0,0.0,0.6392405063291139,0.04444444444444444,162
routing_discovery_v1_b025,ucc,discovery,jev_explanation,generalisation,False,choice,0,207,155,3,52,0.9810126582278481,0.748792270531401,0.8493150684931506,0.7274633123689728,0.9929580067737156,162
routing_discovery_v1_b025,ucc,discovery,jev_explanation,generalisation,False,choice,1,3,0,4,3,0.0,0.0,0.0,0.7274633123689728,0.05606884057971014,162
routing_discovery_v1_b025,ucc,discovery,jev_explanation,generalisation_unfair,True,choice,0,207,158,3,49,0.9813664596273292,0.7632850241545893,0.8586956521739131,0.6865828092243187,0.9906401799180208,162
routing_discovery_v1_b025,ucc,discovery,jev_explanation,generalisation_unfair,True,choice,1,3,0,1,3,0.0,0.0,0.0,0.6865828092243187,0.05379621369808702,162
routing_discovery_v1_b025,ucc,discovery,jev_explanation,hostile,True,choice,0,208,161,1,47,0.9938271604938271,0.7740384615384616,0.8702702702702703,0.9968944099378882,0.9999616593819503,162
routing_discovery_v1_b025,ucc,discovery,jev_explanation,hostile,True,choice,1,2,0,0,2,0.0,0.0,0.0,0.9968944099378882,0.5,162
routing_discovery_v1_b025,ucc,discovery,jev_explanation,antagonize,True,choice,0,203,154,3,49,0.9808917197452229,0.7586206896551724,0.8555555555555555,0.7622863247863247,0.9777315834713605,162
routing_discovery_v1_b025,ucc,discovery,jev_explanation,antagonize,True,choice,1,7,3,2,4,0.6,0.42857142857142855,0.5,0.7622863247863247,0.35825220531102886,162
routing_discovery_v1_b025,ucc,discovery,jev_explanation,condescending,True,choice,0,206,154,2,52,0.9871794871794872,0.7475728155339806,0.850828729281768,0.9329140461215933,0.9985899490882877,162
routing_discovery_v1_b025,ucc,discovery,jev_explanation,condescending,True,choice,1,4,1,5,3,0.16666666666666666,0.25,0.2,0.9329140461215933,0.2148148148148148,162
routing_discovery_v1_b025,ucc,discovery,jev_explanation,dismissive,True,choice,0,207,149,2,58,0.9867549668874173,0.7198067632850241,0.8324022346368715,0.8234375,0.9975023406978627,162
routing_discovery_v1_b025,ucc,discovery,jev_explanation,dismissive,True,choice,1,3,0,11,3,0.0,0.0,0.0,0.8234375,0.04726890756302521,162
routing_discovery_v1_b025,ucc,discovery,jev_grounded,healthy,True,choice,0,18,13,106,5,0.1092436974789916,0.7222222222222222,0.1897810218978102,0.6647858796296297,0.19471256344341165,210
routing_discovery_v1_b025,ucc,discovery,jev_grounded,healthy,True,choice,1,192,86,5,106,0.945054945054945,0.4479166666666667,0.607773851590106,0.6647858796296297,0.9464196037200775,210
routing_discovery_v1_b025,ucc,discovery,jev_grounded,sarcastic,True,choice,0,205,127,1,78,0.9921875,0.6195121951219512,0.7627627627627628,0.693170731707317,0.9894324757750945,210
routing_discovery_v1_b025,ucc,discovery,jev_grounded,sarcastic,True,choice,1,5,4,78,1,0.04878048780487805,0.8,0.09195402298850575,0.693170731707317,0.049924623399199675,210
routing_discovery_v1_b025,ucc,discovery,jev_grounded,generalisation,False,choice,0,207,167,1,40,0.9940476190476191,0.8067632850241546,0.8906666666666667,0.7214170692431562,0.9944366839147623,210
routing_discovery_v1_b025,ucc,discovery,jev_grounded,generalisation,False,choice,1,3,2,40,1,0.047619047619047616,0.6666666666666666,0.08888888888888889,0.7214170692431562,0.04165384615384615,210
routing_discovery_v1_b025,ucc,discovery,jev_grounded,generalisation_unfair,True,choice,0,207,174,1,33,0.9942857142857143,0.8405797101449275,0.9109947643979057,0.6892109500805152,0.9930604427479744,210
routing_discovery_v1_b025,ucc,discovery,jev_grounded,generalisation_unfair,True,choice,1,3,2,33,1,0.05714285714285714,0.6666666666666666,0.10526315789473684,0.6892109500805152,0.0410826459213556,210
routing_discovery_v1_b025,ucc,discovery,jev_grounded,hostile,True,choice,0,208,135,0,73,1.0,0.6490384615384616,0.7871720116618076,0.8858173076923077,0.9987613490655691,210
routing_discovery_v1_b025,ucc,discovery,jev_grounded,hostile,True,choice,1,2,2,73,0,0.02666666666666667,1.0,0.05194805194805195,0.8858173076923077,0.27040816326530615,210
routing_discovery_v1_b025,ucc,discovery,jev_grounded,antagonize,True,choice,0,203,101,1,102,0.9901960784313726,0.4975369458128079,0.6622950819672131,0.7656579873328642,0.9823167975012355,210
routing_discovery_v1_b025,ucc,discovery,jev_grounded,antagonize,True,choice,1,7,6,102,1,0.05555555555555555,0.8571428571428571,0.10434782608695652,0.7656579873328642,0.3113249468301733,210
routing_discovery_v1_b025,ucc,discovery,jev_grounded,condescending,True,choice,0,206,134,0,72,1.0,0.6504854368932039,0.788235294117647,0.8592233009708737,0.996818292057302,210
routing_discovery_v1_b025,ucc,discovery,jev_grounded,condescending,True,choice,1,4,4,72,0,0.05263157894736842,1.0,0.1,0.8592233009708737,0.14820906432748537,210
routing_discovery_v1_b025,ucc,discovery,jev_grounded,dismissive,True,choice,0,207,128,0,79,1.0,0.6183574879227053,0.764179104477612,0.7657004830917874,0.9960623170335335,210
routing_discovery_v1_b025,ucc,discovery,jev_grounded,dismissive,True,choice,1,3,3,79,0,0.036585365853658534,1.0,0.07058823529411765,0.7657004830917874,0.03802639849151477,210
routing_discovery_v1_b025,ucc,discovery,jev_targeted_llm,healthy,True,choice,0,18,6,20,12,0.23076923076923078,0.3333333333333333,0.2727272727272727,0.6732426303854875,0.2370816186220586,162
routing_discovery_v1_b025,ucc,discovery,jev_targeted_llm,healthy,True,choice,1,192,172,12,20,0.9347826086956522,0.8958333333333334,0.9148936170212766,0.6732426303854875,0.9387470726311539,162
routing_discovery_v1_b025,ucc,discovery,jev_targeted_llm,sarcastic,True,choice,0,205,186,4,19,0.9789473684210527,0.9073170731707317,0.9417721518987342,0.6392405063291139,0.986822108694605,162
routing_discovery_v1_b025,ucc,discovery,jev_targeted_llm,sarcastic,True,choice,1,5,1,19,4,0.05,0.2,0.08,0.6392405063291139,0.04444444444444444,162
routing_discovery_v1_b025,ucc,discovery,jev_targeted_llm,generalisation,False,choice,0,207,196,3,11,0.9849246231155779,0.9468599033816425,0.9655172413793104,0.7274633123689728,0.9929580067737156,162
routing_discovery_v1_b025,ucc,discovery,jev_targeted_llm,generalisation,False,choice,1,3,0,11,3,0.0,0.0,0.0,0.7274633123689728,0.05606884057971014,162
routing_discovery_v1_b025,ucc,discovery,jev_targeted_llm,generalisation_unfair,True,choice,0,207,199,3,8,0.9851485148514851,0.961352657004831,0.9731051344743277,0.6865828092243187,0.9906401799180208,162
routing_discovery_v1_b025,ucc,discovery,jev_targeted_llm,generalisation_unfair,True,choice,1,3,0,8,3,0.0,0.0,0.0,0.6865828092243187,0.05379621369808702,162
routing_discovery_v1_b025,ucc,discovery,jev_targeted_llm,hostile,True,choice,0,208,190,1,18,0.9947643979057592,0.9134615384615384,0.9523809523809523,0.9968944099378882,0.9999616593819503,162
routing_discovery_v1_b025,ucc,discovery,jev_targeted_llm,hostile,True,choice,1,2,1,18,1,0.05263157894736842,0.5,0.09523809523809523,0.9968944099378882,0.5,162
routing_discovery_v1_b025,ucc,discovery,jev_targeted_llm,antagonize,True,choice,0,203,187,3,16,0.9842105263157894,0.9211822660098522,0.9516539440203562,0.7622863247863247,0.9777315834713605,162
routing_discovery_v1_b025,ucc,discovery,jev_targeted_llm,antagonize,True,choice,1,7,4,16,3,0.2,0.5714285714285714,0.2962962962962963,0.7622863247863247,0.35825220531102886,162
routing_discovery_v1_b025,ucc,discovery,jev_targeted_llm,condescending,True,choice,0,206,186,2,20,0.9893617021276596,0.9029126213592233,0.9441624365482234,0.9329140461215933,0.9985899490882877,162
routing_discovery_v1_b025,ucc,discovery,jev_targeted_llm,condescending,True,choice,1,4,2,20,2,0.09090909090909091,0.5,0.15384615384615385,0.9329140461215933,0.2148148148148148,162
routing_discovery_v1_b025,ucc,discovery,jev_targeted_llm,dismissive,True,choice,0,207,184,2,23,0.989247311827957,0.8888888888888888,0.9363867684478372,0.8234375,0.9975023406978627,162
routing_discovery_v1_b025,ucc,discovery,jev_targeted_llm,dismissive,True,choice,1,3,1,23,2,0.041666666666666664,0.3333333333333333,0.07407407407407407,0.8234375,0.04726890756302521,162
routing_discovery_v1_b05,babe,discovery,jev_explanation,label_bias,True,choice,Non-biased,97,39,23,58,0.6290322580645161,0.4020618556701031,0.49056603773584906,0.852165725047081,0.8096060231015328,104
routing_discovery_v1_b05,babe,discovery,jev_explanation,label_bias,True,choice,Biased,103,36,6,67,0.8571428571428571,0.34951456310679613,0.496551724137931,0.852165725047081,0.854089348492439,104
routing_discovery_v1_b05,babe,discovery,jev_grounded,label_bias,True,choice,Non-biased,97,75,22,22,0.7731958762886598,0.7731958762886598,0.7731958762886598,0.8497647883094785,0.8099456748109356,200
routing_discovery_v1_b05,babe,discovery,jev_grounded,label_bias,True,choice,Biased,103,81,22,22,0.7864077669902912,0.7864077669902912,0.7864077669902912,0.8497647883094785,0.8474365690101197,200
routing_discovery_v1_b05,babe,discovery,jev_targeted_llm,label_bias,True,choice,Non-biased,97,80,31,17,0.7207207207207207,0.8247422680412371,0.7692307692307693,0.852165725047081,0.8096060231015328,104
routing_discovery_v1_b05,babe,discovery,jev_targeted_llm,label_bias,True,choice,Biased,103,72,17,31,0.8089887640449438,0.6990291262135923,0.75,0.852165725047081,0.854089348492439,104
routing_discovery_v1_b05,conflict,discovery,jev_explanation,rating_directness_content,True,choice,Yes - Direct Content,92,42,0,50,1.0,0.45652173913043476,0.6268656716417911,,,44
routing_discovery_v1_b05,conflict,discovery,jev_explanation,rating_directness_content,True,choice,Neutral - Content contains no opinion,0,0,0,0,0.0,0.0,0.0,,,44
routing_discovery_v1_b05,conflict,discovery,jev_explanation,rating_directness_content,True,choice,No - Indirect Content,0,0,2,0,0.0,0.0,0.0,,,44
routing_discovery_v1_b05,conflict,discovery,jev_explanation,rating_directness_expression,True,choice,Yes - Direct Expression,87,43,1,44,0.9772727272727273,0.4942528735632184,0.6564885496183206,0.813953488372093,0.9954071643557725,44
routing_discovery_v1_b05,conflict,discovery,jev_explanation,rating_directness_expression,True,choice,No - Indirect Expression,5,0,0,5,0.0,0.0,0.0,0.813953488372093,0.1111111111111111,44
routing_discovery_v1_b05,conflict,discovery,jev_explanation,rating_OI_content,True,choice,Yes - Content opposes someone else,90,43,0,47,1.0,0.4777777777777778,0.6466165413533834,,,44
routing_discovery_v1_b05,conflict,discovery,jev_explanation,rating_OI_content,True,choice,No - Content does not oppose anyone,2,0,1,2,0.0,0.0,0.0,,,44
routing_discovery_v1_b05,conflict,discovery,jev_explanation,rating_OI_expression,True,choice,Yes - Expression is emotional/forceful,16,2,1,14,0.6666666666666666,0.125,0.21052631578947367,0.7673611111111112,0.5628205128205128,44
routing_discovery_v1_b05,conflict,discovery,jev_explanation,rating_OI_expression,True,choice,No - Expression is not emotional/forceful,76,35,6,41,0.8536585365853658,0.4605263157894737,0.5982905982905983,0.7673611111111112,0.9351881420247188,44
routing_discovery_v1_b05,conflict,discovery,jev_grounded,rating_directness_content,True,choice,Yes - Direct Content,92,85,0,7,1.0,0.9239130434782609,0.96045197740113,,,92
routing_discovery_v1_b05,conflict,discovery,jev_grounded,rating_directness_content,True,choice,Neutral - Content contains no opinion,0,0,2,0,0.0,0.0,0.0,,,92
routing_discovery_v1_b05,conflict,discovery,jev_grounded,rating_directness_content,True,choice,No - Indirect Content,0,0,5,0,0.0,0.0,0.0,,,92
routing_discovery_v1_b05,conflict,discovery,jev_grounded,rating_directness_expression,True,choice,Yes - Direct Expression,87,74,3,13,0.961038961038961,0.8505747126436781,0.9024390243902439,0.6494252873563219,0.961765163526762,92
routing_discovery_v1_b05,conflict,discovery,jev_grounded,rating_directness_expression,True,choice,No - Indirect Expression,5,2,13,3,0.13333333333333333,0.4,0.2,0.6494252873563219,0.21540941958178622,92
routing_discovery_v1_b05,conflict,discovery,jev_grounded,rating_OI_content,True,choice,Yes - Content opposes someone else,90,74,1,16,0.9866666666666667,0.8222222222222222,0.896969696969697,0.8111111111111111,0.9948561635885474,92
routing_discovery_v1_b05,conflict,discovery,jev_grounded,rating_OI_content,True,choice,No - Content does not oppose anyone,2,1,16,1,0.058823529411764705,0.5,0.10526315789473684,0.8111111111111111,0.5277777777777778,92
routing_discovery_v1_b05,conflict,discovery,jev_grounded,rating_OI_expression,True,choice,Yes - Expression is emotional/forceful,16,7,13,9,0.35,0.4375,0.3888888888888889,0.6776315789473685,0.4342354853470389,92
routing_discovery_v1_b05,conflict,discovery,jev_grounded,rating_OI_expression,True,choice,No - Expression is not emotional/forceful,76,63,9,13,0.875,0.8289473684210527,0.8513513513513513,0.6776315789473685,0.8889107955980412,92
routing_discovery_v1_b05,conflict,discovery,jev_targeted_llm,rating_directness_content,True,choice,Yes - Direct Content,92,90,0,2,1.0,0.9782608695652174,0.989010989010989,,,44
routing_discovery_v1_b05,conflict,discovery,jev_targeted_llm,rating_directness_content,True,choice,Neutral - Content contains no opinion,0,0,0,0,0.0,0.0,0.0,,,44
routing_discovery_v1_b05,conflict,discovery,jev_targeted_llm,rating_directness_content,True,choice,No - Indirect Content,0,0,2,0,0.0,0.0,0.0,,,44
routing_discovery_v1_b05,conflict,discovery,jev_targeted_llm,rating_directness_expression,True,choice,Yes - Direct Expression,87,84,5,3,0.9438202247191011,0.9655172413793104,0.9545454545454546,0.813953488372093,0.9954071643557725,44
routing_discovery_v1_b05,conflict,discovery,jev_targeted_llm,rating_directness_expression,True,choice,No - Indirect Expression,5,0,3,5,0.0,0.0,0.0,0.813953488372093,0.1111111111111111,44
routing_discovery_v1_b05,conflict,discovery,jev_targeted_llm,rating_OI_content,True,choice,Yes - Content opposes someone else,90,76,0,14,1.0,0.8444444444444444,0.9156626506024096,,,44
routing_discovery_v1_b05,conflict,discovery,jev_targeted_llm,rating_OI_content,True,choice,No - Content does not oppose anyone,2,2,14,0,0.125,1.0,0.2222222222222222,,,44
routing_discovery_v1_b05,conflict,discovery,jev_targeted_llm,rating_OI_expression,True,choice,Yes - Expression is emotional/forceful,16,6,7,10,0.46153846153846156,0.375,0.41379310344827586,0.7673611111111112,0.5628205128205128,44
routing_discovery_v1_b05,conflict,discovery,jev_targeted_llm,rating_OI_expression,True,choice,No - Expression is not emotional/forceful,76,69,10,7,0.8734177215189873,0.9078947368421053,0.8903225806451613,0.7673611111111112,0.9351881420247188,44
routing_discovery_v1_b05,mbd,discovery,jev_explanation,type,True,choice,fact,106,55,4,51,0.9322033898305084,0.5188679245283019,0.6666666666666666,0.956575682382134,0.9615690328603099,127
routing_discovery_v1_b05,mbd,discovery,jev_explanation,type,True,choice,opinion,4,1,4,3,0.2,0.25,0.2222222222222222,1.0,1.0,127
routing_discovery_v1_b05,mbd,discovery,jev_explanation,type,True,choice,borderline,1,0,1,1,0.0,0.0,0.0,,,127
routing_discovery_v1_b05,mbd,discovery,jev_explanation,type,True,choice,quote,73,42,3,31,0.9333333333333333,0.5753424657534246,0.711864406779661,0.9797895902547066,0.9220168844153829,127
routing_discovery_v1_b05,mbd,discovery,jev_explanation,type,True,choice,other,25,14,3,11,0.8235294117647058,0.56,0.6666666666666666,0.9836901121304791,0.8969200127246103,127
routing_discovery_v1_b05,mbd,discovery,jev_explanation,tone,True,choice,positive,12,4,8,8,0.3333333333333333,0.3333333333333333,0.3333333333333333,0.969672131147541,0.5767857142857143,127
routing_discovery_v1_b05,mbd,discovery,jev_explanation,tone,True,choice,negative,35,13,5,22,0.7222222222222222,0.37142857142857144,0.49056603773584906,0.9546783625730995,0.7574854573228805,127
routing_discovery_v1_b05,mbd,discovery,jev_explanation,tone,True,choice,neutral,163,90,7,73,0.9278350515463918,0.5521472392638037,0.6923076923076923,0.8925970873786407,0.9730121349074162,127
routing_discovery_v1_b05,mbd,discovery,jev_explanation,focus,True,choice,democrat,15,6,3,9,0.6666666666666666,0.4,0.5,0.9732142857142857,0.7239276960784313,120
routing_discovery_v1_b05,mbd,discovery,jev_explanation,focus,True,choice,republican,34,13,0,21,1.0,0.38235294117647056,0.5531914893617021,0.9993684210526316,0.9970370370370369,120
routing_discovery_v1_b05,mbd,discovery,jev_explanation,focus,True,choice,both,11,3,4,8,0.42857142857142855,0.2727272727272727,0.3333333333333333,0.9686956521739131,0.6555555555555556,120
routing_discovery_v1_b05,mbd,discovery,jev_explanation,focus,True,choice,neither,144,82,9,62,0.9010989010989011,0.5694444444444444,0.6978723404255319,0.9879653401797176,0.9944048567455723,120
routing_discovery_v1_b05,mbd,discovery,jev_grounded,type,True,choice,fact,106,90,10,16,0.9,0.8490566037735849,0.8737864077669902,0.9369389998168163,0.9363033526057498,209
routing_discovery_v1_b05,mbd,discovery,jev_grounded,type,True,choice,opinion,4,2,7,2,0.2222222222222222,0.5,0.3076923076923077,0.822560975609756,0.3360554398750651,209
routing_discovery_v1_b05,mbd,discovery,jev_grounded,type,True,choice,borderline,1,0,4,1,0.0,0.0,0.0,0.9326923076923077,0.0625,209
routing_discovery_v1_b05,mbd,discovery,jev_grounded,type,True,choice,quote,73,66,5,7,0.9295774647887324,0.9041095890410958,0.9166666666666666,0.9705378726833199,0.903562715751694,209
routing_discovery_v1_b05,mbd,discovery,jev_grounded,type,True,choice,other,25,19,6,6,0.76,0.76,0.76,0.9716304347826087,0.8315916720765354,209
routing_discovery_v1_b05,mbd,discovery,jev_grounded,tone,True,choice,positive,12,12,17,0,0.41379310344827586,1.0,0.5853658536585366,0.9730639730639731,0.6655063093453272,210
routing_discovery_v1_b05,mbd,discovery,jev_grounded,tone,True,choice,negative,35,31,15,4,0.6739130434782609,0.8857142857142857,0.7654320987654321,0.9692244897959184,0.8548174211606787,210
routing_discovery_v1_b05,mbd,discovery,jev_grounded,tone,True,choice,neutral,163,131,4,32,0.9703703703703703,0.803680981595092,0.8791946308724832,0.9325153374233128,0.9796453662589801,210
routing_discovery_v1_b05,mbd,discovery,jev_grounded,focus,True,choice,democrat,15,12,4,3,0.75,0.8,0.7741935483870968,0.9880070546737213,0.8685481380218224,204
routing_discovery_v1_b05,mbd,discovery,jev_grounded,focus,True,choice,republican,34,22,0,12,1.0,0.6470588235294118,0.7857142857142857,0.9938581314878893,0.9673604763737591,204
routing_discovery_v1_b05,mbd,discovery,jev_grounded,focus,True,choice,both,11,8,6,3,0.5714285714285714,0.7272727272727273,0.64,0.981629769194536,0.8251426603699331,204
routing_discovery_v1_b05,mbd,discovery,jev_grounded,focus,True,choice,neither,144,142,10,2,0.9342105263157895,0.9861111111111112,0.9594594594594594,0.9850694444444444,0.9940971919625488,204
routing_discovery_v1_b05,mbd,discovery,jev_targeted_llm,type,True,choice,fact,106,87,9,19,0.90625,0.8207547169811321,0.8613861386138614,0.956575682382134,0.9615690328603099,127
routing_discovery_v1_b05,mbd,discovery,jev_targeted_llm,type,True,choice,opinion,4,2,4,2,0.3333333333333333,0.5,0.4,1.0,1.0,127
routing_discovery_v1_b05,mbd,discovery,jev_targeted_llm,type,True,choice,borderline,1,0,2,1,0.0,0.0,0.0,,,127
routing_discovery_v1_b05,mbd,discovery,jev_targeted_llm,type,True,choice,quote,73,69,6,4,0.92,0.9452054794520548,0.9324324324324325,0.9797895902547066,0.9220168844153829,127
routing_discovery_v1_b05,mbd,discovery,jev_targeted_llm,type,True,choice,other,25,20,10,5,0.6666666666666666,0.8,0.7272727272727273,0.9836901121304791,0.8969200127246103,127
routing_discovery_v1_b05,mbd,discovery,jev_targeted_llm,tone,True,choice,positive,12,9,9,3,0.5,0.75,0.6,0.969672131147541,0.5767857142857143,127
routing_discovery_v1_b05,mbd,discovery,jev_targeted_llm,tone,True,choice,negative,35,23,6,12,0.7931034482758621,0.6571428571428571,0.71875,0.9546783625730995,0.7574854573228805,127
routing_discovery_v1_b05,mbd,discovery,jev_targeted_llm,tone,True,choice,neutral,163,148,15,15,0.9079754601226994,0.9079754601226994,0.9079754601226994,0.8925970873786407,0.9730121349074162,127
routing_discovery_v1_b05,mbd,discovery,jev_targeted_llm,focus,True,choice,democrat,15,10,3,5,0.7692307692307693,0.6666666666666666,0.7142857142857143,0.9732142857142857,0.7239276960784313,120
routing_discovery_v1_b05,mbd,discovery,jev_targeted_llm,focus,True,choice,republican,34,21,0,13,1.0,0.6176470588235294,0.7636363636363637,0.9993684210526316,0.9970370370370369,120
routing_discovery_v1_b05,mbd,discovery,jev_targeted_llm,focus,True,choice,both,11,8,7,3,0.5333333333333333,0.7272727272727273,0.6153846153846154,0.9686956521739131,0.6555555555555556,120
routing_discovery_v1_b05,mbd,discovery,jev_targeted_llm,focus,True,choice,neither,144,144,11,0,0.9290322580645162,1.0,0.9632107023411371,0.9879653401797176,0.9944048567455723,120
routing_discovery_v1_b05,ucc,discovery,jev_explanation,healthy,True,choice,0,18,1,3,17,0.25,0.05555555555555555,0.09090909090909091,0.7613636363636364,0.29590452335166045,98
routing_discovery_v1_b05,ucc,discovery,jev_explanation,healthy,True,choice,1,192,85,9,107,0.9042553191489362,0.4427083333333333,0.5944055944055944,0.7613636363636364,0.9595854490350146,98
routing_discovery_v1_b05,ucc,discovery,jev_explanation,sarcastic,True,choice,0,205,92,2,113,0.9787234042553191,0.44878048780487806,0.6153846153846154,0.7682291666666666,0.9946182931236428,98
routing_discovery_v1_b05,ucc,discovery,jev_explanation,sarcastic,True,choice,1,5,0,4,5,0.0,0.0,0.0,0.7682291666666666,0.06173913043478261,98
routing_discovery_v1_b05,ucc,discovery,jev_explanation,generalisation,False,choice,0,207,93,2,114,0.9789473684210527,0.4492753623188406,0.6158940397350994,0.6822916666666666,0.9913410027174091,98
routing_discovery_v1_b05,ucc,discovery,jev_explanation,generalisation,False,choice,1,3,0,3,3,0.0,0.0,0.0,0.6822916666666666,0.060897435897435896,98
routing_discovery_v1_b05,ucc,discovery,jev_explanation,generalisation_unfair,True,choice,0,207,95,2,112,0.979381443298969,0.45893719806763283,0.625,0.609375,0.988021242465925,98
routing_discovery_v1_b05,ucc,discovery,jev_explanation,generalisation_unfair,True,choice,1,3,0,1,3,0.0,0.0,0.0,0.609375,0.05384615384615385,98
routing_discovery_v1_b05,ucc,discovery,jev_explanation,hostile,True,choice,0,208,97,1,111,0.9897959183673469,0.46634615384615385,0.6339869281045751,0.9948453608247423,0.9998948032821373,98
routing_discovery_v1_b05,ucc,discovery,jev_explanation,hostile,True,choice,1,2,0,0,2,0.0,0.0,0.0,0.9948453608247423,0.5,98
routing_discovery_v1_b05,ucc,discovery,jev_explanation,antagonize,True,choice,0,203,92,1,111,0.989247311827957,0.45320197044334976,0.6216216216216216,0.9680851063829787,0.9981941677017847,98
routing_discovery_v1_b05,ucc,discovery,jev_explanation,antagonize,True,choice,1,7,3,2,4,0.6,0.42857142857142855,0.5,0.9680851063829787,0.5214285714285715,98
routing_discovery_v1_b05,ucc,discovery,jev_explanation,condescending,True,choice,0,206,93,1,113,0.9893617021276596,0.45145631067961167,0.62,0.9713541666666666,0.9993464361274389,98
routing_discovery_v1_b05,ucc,discovery,jev_explanation,condescending,True,choice,1,4,1,3,3,0.25,0.25,0.25,0.9713541666666666,0.39285714285714285,98
routing_discovery_v1_b05,ucc,discovery,jev_explanation,dismissive,True,choice,0,207,91,1,116,0.9891304347826086,0.4396135265700483,0.6086956521739131,0.8298969072164949,0.9980548028048284,98
routing_discovery_v1_b05,ucc,discovery,jev_explanation,dismissive,True,choice,1,3,0,6,3,0.0,0.0,0.0,0.8298969072164949,0.05555555555555555,98
routing_discovery_v1_b05,ucc,discovery,jev_grounded,healthy,True,choice,0,18,13,108,5,0.10743801652892562,0.7222222222222222,0.18705035971223022,0.6701388888888888,0.1803714492563312,210
routing_discovery_v1_b05,ucc,discovery,jev_grounded,healthy,True,choice,1,192,84,5,108,0.9438202247191011,0.4375,0.597864768683274,0.6701388888888888,0.9466739509587377,210
routing_discovery_v1_b05,ucc,discovery,jev_grounded,sarcastic,True,choice,0,205,125,1,80,0.9920634920634921,0.6097560975609756,0.7552870090634441,0.686829268292683,0.9894076607368627,210
routing_discovery_v1_b05,ucc,discovery,jev_grounded,sarcastic,True,choice,1,5,4,80,1,0.047619047619047616,0.8,0.0898876404494382,0.686829268292683,0.04933796595561302,210
routing_discovery_v1_b05,ucc,discovery,jev_grounded,generalisation,False,choice,0,207,167,1,40,0.9940476190476191,0.8067632850241546,0.8906666666666667,0.7431561996779388,0.9951181670577519,210
routing_discovery_v1_b05,ucc,discovery,jev_grounded,generalisation,False,choice,1,3,2,40,1,0.047619047619047616,0.6666666666666666,0.08888888888888889,0.7431561996779388,0.045093768905021175,210
routing_discovery_v1_b05,ucc,discovery,jev_grounded,generalisation_unfair,True,choice,0,207,176,1,31,0.9943502824858758,0.8502415458937198,0.9166666666666666,0.7012882447665056,0.9936093864170163,210
routing_discovery_v1_b05,ucc,discovery,jev_grounded,generalisation_unfair,True,choice,1,3,2,31,1,0.06060606060606061,0.6666666666666666,0.1111111111111111,0.7012882447665056,0.04341403766202005,210
routing_discovery_v1_b05,ucc,discovery,jev_grounded,hostile,True,choice,0,208,125,0,83,1.0,0.6009615384615384,0.7507507507507507,0.9002403846153846,0.9989075306234605,210
routing_discovery_v1_b05,ucc,discovery,jev_grounded,hostile,True,choice,1,2,2,83,0,0.023529411764705882,1.0,0.04597701149425287,0.9002403846153846,0.2727272727272727,210
routing_discovery_v1_b05,ucc,discovery,jev_grounded,antagonize,True,choice,0,203,98,1,105,0.98989898989899,0.4827586206896552,0.6490066225165563,0.8011963406052076,0.9835043523635701,210
routing_discovery_v1_b05,ucc,discovery,jev_grounded,antagonize,True,choice,1,7,6,105,1,0.05405405405405406,0.8571428571428571,0.1016949152542373,0.8011963406052076,0.3368348247800093,210
routing_discovery_v1_b05,ucc,discovery,jev_grounded,condescending,True,choice,0,206,131,0,75,1.0,0.6359223300970874,0.7774480712166172,0.8519417475728155,0.9966775288822141,210
routing_discovery_v1_b05,ucc,discovery,jev_grounded,condescending,True,choice,1,4,4,75,0,0.05063291139240506,1.0,0.0963855421686747,0.8519417475728155,0.12085667600373483,210
routing_discovery_v1_b05,ucc,discovery,jev_grounded,dismissive,True,choice,0,207,125,0,82,1.0,0.6038647342995169,0.7530120481927711,0.785829307568438,0.9964453944632861,210
routing_discovery_v1_b05,ucc,discovery,jev_grounded,dismissive,True,choice,1,3,3,82,0,0.03529411764705882,1.0,0.06818181818181818,0.785829307568438,0.04193121230831363,210
routing_discovery_v1_b05,ucc,discovery,jev_targeted_llm,healthy,True,choice,0,18,7,56,11,0.1111111111111111,0.3888888888888889,0.1728395061728395,0.7613636363636364,0.29590452335166045,98
routing_discovery_v1_b05,ucc,discovery,jev_targeted_llm,healthy,True,choice,1,192,136,11,56,0.9251700680272109,0.7083333333333334,0.8023598820058997,0.7613636363636364,0.9595854490350146,98
routing_discovery_v1_b05,ucc,discovery,jev_targeted_llm,sarcastic,True,choice,0,205,176,3,29,0.9832402234636871,0.8585365853658536,0.9166666666666666,0.7682291666666666,0.9946182931236428,98
routing_discovery_v1_b05,ucc,discovery,jev_targeted_llm,sarcastic,True,choice,1,5,2,29,3,0.06451612903225806,0.4,0.1111111111111111,0.7682291666666666,0.06173913043478261,98
routing_discovery_v1_b05,ucc,discovery,jev_targeted_llm,generalisation,False,choice,0,207,190,2,17,0.9895833333333334,0.9178743961352657,0.9523809523809523,0.6822916666666666,0.9913410027174091,98
routing_discovery_v1_b05,ucc,discovery,jev_targeted_llm,generalisation,False,choice,1,3,1,17,2,0.05555555555555555,0.3333333333333333,0.09523809523809523,0.6822916666666666,0.060897435897435896,98
routing_discovery_v1_b05,ucc,discovery,jev_targeted_llm,generalisation_unfair,True,choice,0,207,193,2,14,0.9897435897435898,0.9323671497584541,0.9601990049751243,0.609375,0.988021242465925,98
routing_discovery_v1_b05,ucc,discovery,jev_targeted_llm,generalisation_unfair,True,choice,1,3,1,14,2,0.06666666666666667,0.3333333333333333,0.1111111111111111,0.609375,0.05384615384615385,98
routing_discovery_v1_b05,ucc,discovery,jev_targeted_llm,hostile,True,choice,0,208,170,2,38,0.9883720930232558,0.8173076923076923,0.8947368421052632,0.9948453608247423,0.9998948032821373,98
routing_discovery_v1_b05,ucc,discovery,jev_targeted_llm,hostile,True,choice,1,2,0,38,2,0.0,0.0,0.0,0.9948453608247423,0.5,98
routing_discovery_v1_b05,ucc,discovery,jev_targeted_llm,antagonize,True,choice,0,203,168,2,35,0.9882352941176471,0.8275862068965517,0.900804289544236,0.9680851063829787,0.9981941677017847,98
routing_discovery_v1_b05,ucc,discovery,jev_targeted_llm,antagonize,True,choice,1,7,5,35,2,0.125,0.7142857142857143,0.2127659574468085,0.9680851063829787,0.5214285714285715,98
routing_discovery_v1_b05,ucc,discovery,jev_targeted_llm,condescending,True,choice,0,206,170,1,36,0.9941520467836257,0.8252427184466019,0.9018567639257294,0.9713541666666666,0.9993464361274389,98
routing_discovery_v1_b05,ucc,discovery,jev_targeted_llm,condescending,True,choice,1,4,3,36,1,0.07692307692307693,0.75,0.13953488372093023,0.9713541666666666,0.39285714285714285,98
routing_discovery_v1_b05,ucc,discovery,jev_targeted_llm,dismissive,True,choice,0,207,166,1,41,0.9940119760479041,0.8019323671497585,0.8877005347593583,0.8298969072164949,0.9980548028048284,98
routing_discovery_v1_b05,ucc,discovery,jev_targeted_llm,dismissive,True,choice,1,3,2,41,1,0.046511627906976744,0.6666666666666666,0.08695652173913043,0.8298969072164949,0.05555555555555555,98
smoke_model_v2,babe,discovery,jev_compact,label_bias,True,choice,Non-biased,7,6,4,1,0.6,0.8571428571428571,0.7058823529411765,0.8650793650793651,0.829004329004329,16
smoke_model_v2,babe,discovery,jev_compact,label_bias,True,choice,Biased,9,5,1,4,0.8333333333333334,0.5555555555555556,0.6666666666666666,0.8650793650793651,0.8975308641975309,16
strengthening_diagnostic_v1,babe,diagnostic,jev_grounded,label_bias,True,choice,Non-biased,511,380,83,131,0.8207343412526998,0.7436399217221135,0.7802874743326489,0.8692727280003522,0.8711519230059319,1000
strengthening_diagnostic_v1,babe,diagnostic,jev_grounded,label_bias,True,choice,Biased,489,406,131,83,0.7560521415270018,0.8302658486707567,0.7914230019493177,0.8692727280003522,0.8551319166521569,1000
strengthening_diagnostic_v1,babe,diagnostic,jev_threshold_calibrated,label_bias,True,choice,Non-biased,511,461,197,50,0.7006079027355623,0.9021526418786693,0.7887082976903336,0.8692727280003522,0.8711519230059319,1000
strengthening_diagnostic_v1,babe,diagnostic,jev_threshold_calibrated,label_bias,True,choice,Biased,489,292,50,197,0.8538011695906432,0.5971370143149284,0.7027677496991577,0.8692727280003522,0.8551319166521569,1000
strengthening_diagnostic_v1,babe,diagnostic,llm_full_calibration_examples,label_bias,True,choice,Non-biased,511,411,93,100,0.8154761904761905,0.8043052837573386,0.8098522167487685,,,0
strengthening_diagnostic_v1,babe,diagnostic,llm_full_calibration_examples,label_bias,True,choice,Biased,489,396,100,93,0.7983870967741935,0.8098159509202454,0.8040609137055837,,,0
strengthening_diagnostic_v1,babe,diagnostic,llm_grounded,label_bias,True,choice,Non-biased,511,376,74,135,0.8355555555555556,0.735812133072407,0.7825182101977107,,,0
strengthening_diagnostic_v1,babe,diagnostic,llm_grounded,label_bias,True,choice,Biased,489,415,135,74,0.7545454545454545,0.8486707566462167,0.7988450433108758,,,0
strengthening_diagnostic_v1,babe,diagnostic,llm_labeled_examples,label_bias,True,choice,Non-biased,511,395,82,116,0.8280922431865828,0.7729941291585127,0.7995951417004049,,,0
strengthening_diagnostic_v1,babe,diagnostic,llm_labeled_examples,label_bias,True,choice,Biased,489,407,116,82,0.7782026768642447,0.8323108384458078,0.8043478260869565,,,0
strengthening_diagnostic_v1,conflict,diagnostic,jev_grounded,rating_directness_content,True,choice,Yes - Direct Content,791,687,1,104,0.998546511627907,0.8685208596713021,0.9290060851926978,0.8967551622418879,0.9990727648225579,797
strengthening_diagnostic_v1,conflict,diagnostic,jev_grounded,rating_directness_content,True,choice,Neutral - Content contains no opinion,6,4,58,2,0.06451612903225806,0.6666666666666666,0.11764705882352941,0.9366835229667088,0.13086553401767748,797
strengthening_diagnostic_v1,conflict,diagnostic,jev_grounded,rating_directness_content,True,choice,No - Indirect Content,0,0,47,0,0.0,0.0,0.0,,,797
strengthening_diagnostic_v1,conflict,diagnostic,jev_grounded,rating_directness_expression,True,choice,Yes - Direct Expression,748,554,25,194,0.9568221070811744,0.7406417112299465,0.8349660889223813,0.7125668449197861,0.9674412385728919,802
strengthening_diagnostic_v1,conflict,diagnostic,jev_grounded,rating_directness_expression,True,choice,No - Indirect Expression,54,29,194,25,0.13004484304932734,0.5370370370370371,0.20938628158844766,0.7125668449197861,0.13204121268858224,802
strengthening_diagnostic_v1,conflict,diagnostic,jev_grounded,rating_OI_content,True,choice,Yes - Content opposes someone else,740,449,21,291,0.9553191489361702,0.6067567567567568,0.7421487603305785,0.6738012205754141,0.950693048058074,802
strengthening_diagnostic_v1,conflict,diagnostic,jev_grounded,rating_OI_content,True,choice,No - Content does not oppose anyone,62,41,291,21,0.12349397590361445,0.6612903225806451,0.20812182741116753,0.6738012205754141,0.15328094218818836,802
strengthening_diagnostic_v1,conflict,diagnostic,jev_grounded,rating_OI_expression,True,choice,Yes - Expression is emotional/forceful,73,42,115,31,0.267515923566879,0.5753424657534246,0.3652173913043478,0.8015201909164364,0.3791473756544706,802
strengthening_diagnostic_v1,conflict,diagnostic,jev_grounded,rating_OI_expression,True,choice,No - Expression is not emotional/forceful,729,614,31,115,0.951937984496124,0.8422496570644719,0.893740902474527,0.8015201909164364,0.9711458899615922,802
strengthening_diagnostic_v1,conflict,diagnostic,jev_threshold_calibrated,rating_directness_content,True,choice,Yes - Direct Content,791,687,1,104,0.998546511627907,0.8685208596713021,0.9290060851926978,0.8967551622418879,0.9990727328260016,797
strengthening_diagnostic_v1,conflict,diagnostic,jev_threshold_calibrated,rating_directness_content,True,choice,Neutral - Content contains no opinion,6,4,58,2,0.06451612903225806,0.6666666666666666,0.11764705882352941,0.9365781710914455,0.13086553401767748,797
strengthening_diagnostic_v1,conflict,diagnostic,jev_threshold_calibrated,rating_directness_content,True,choice,No - Indirect Content,0,0,47,0,0.0,0.0,0.0,,,797
strengthening_diagnostic_v1,conflict,diagnostic,jev_threshold_calibrated,rating_directness_expression,True,choice,Yes - Direct Expression,748,699,45,49,0.9395161290322581,0.9344919786096256,0.9369973190348525,0.7125668449197861,0.9674412385728919,802
strengthening_diagnostic_v1,conflict,diagnostic,jev_threshold_calibrated,rating_directness_expression,True,choice,No - Indirect Expression,54,9,49,45,0.15517241379310345,0.16666666666666666,0.16071428571428573,0.7125668449197861,0.13204121268858224,802
strengthening_diagnostic_v1,conflict,diagnostic,jev_threshold_calibrated,rating_OI_content,True,choice,Yes - Content opposes someone else,740,611,36,129,0.9443585780525502,0.8256756756756757,0.8810382119682768,0.6738012205754141,0.950693048058074,802
strengthening_diagnostic_v1,conflict,diagnostic,jev_threshold_calibrated,rating_OI_content,True,choice,No - Content does not oppose anyone,62,26,129,36,0.16774193548387098,0.41935483870967744,0.23963133640552994,0.6738012205754141,0.15328094218818836,802
strengthening_diagnostic_v1,conflict,diagnostic,jev_threshold_calibrated,rating_OI_expression,True,choice,Yes - Expression is emotional/forceful,73,26,20,47,0.5652173913043478,0.3561643835616438,0.4369747899159664,0.8015201909164364,0.3791473756544706,802
strengthening_diagnostic_v1,conflict,diagnostic,jev_threshold_calibrated,rating_OI_expression,True,choice,No - Expression is not emotional/forceful,729,709,47,20,0.9378306878306878,0.9725651577503429,0.9548821548821549,0.8015201909164364,0.9711458899615922,802
strengthening_diagnostic_v1,conflict,diagnostic,llm_full_calibration_examples,rating_directness_content,True,choice,Yes - Direct Content,791,769,3,22,0.9961139896373057,0.9721871049304678,0.9840051183621241,,,0
strengthening_diagnostic_v1,conflict,diagnostic,llm_full_calibration_examples,rating_directness_content,True,choice,Neutral - Content contains no opinion,6,3,21,3,0.125,0.5,0.2,,,0
strengthening_diagnostic_v1,conflict,diagnostic,llm_full_calibration_examples,rating_directness_content,True,choice,No - Indirect Content,0,0,1,0,0.0,0.0,0.0,,,0
strengthening_diagnostic_v1,conflict,diagnostic,llm_full_calibration_examples,rating_directness_expression,True,choice,Yes - Direct Expression,748,719,42,29,0.9448094612352168,0.9612299465240641,0.9529489728296885,,,0
strengthening_diagnostic_v1,conflict,diagnostic,llm_full_calibration_examples,rating_directness_expression,True,choice,No - Indirect Expression,54,12,29,42,0.2926829268292683,0.2222222222222222,0.25263157894736843,,,0
strengthening_diagnostic_v1,conflict,diagnostic,llm_full_calibration_examples,rating_OI_content,True,choice,Yes - Content opposes someone else,740,578,14,162,0.9763513513513513,0.7810810810810811,0.8678678678678678,,,0
strengthening_diagnostic_v1,conflict,diagnostic,llm_full_calibration_examples,rating_OI_content,True,choice,No - Content does not oppose anyone,62,48,162,14,0.22857142857142856,0.7741935483870968,0.35294117647058826,,,0
strengthening_diagnostic_v1,conflict,diagnostic,llm_full_calibration_examples,rating_OI_expression,True,choice,Yes - Expression is emotional/forceful,73,20,13,53,0.6060606060606061,0.273972602739726,0.37735849056603776,,,0
strengthening_diagnostic_v1,conflict,diagnostic,llm_full_calibration_examples,rating_OI_expression,True,choice,No - Expression is not emotional/forceful,729,716,53,13,0.9310793237971391,0.9821673525377229,0.9559412550066756,,,0
strengthening_diagnostic_v1,conflict,diagnostic,llm_grounded,rating_directness_content,True,choice,Yes - Direct Content,791,764,3,27,0.9960886571056062,0.965865992414665,0.9807445442875481,,,0
strengthening_diagnostic_v1,conflict,diagnostic,llm_grounded,rating_directness_content,True,choice,Neutral - Content contains no opinion,6,3,25,3,0.10714285714285714,0.5,0.17647058823529413,,,0
strengthening_diagnostic_v1,conflict,diagnostic,llm_grounded,rating_directness_content,True,choice,No - Indirect Content,0,0,2,0,0.0,0.0,0.0,,,0
strengthening_diagnostic_v1,conflict,diagnostic,llm_grounded,rating_directness_expression,True,choice,Yes - Direct Expression,748,644,36,104,0.9470588235294117,0.8609625668449198,0.9019607843137255,,,0
strengthening_diagnostic_v1,conflict,diagnostic,llm_grounded,rating_directness_expression,True,choice,No - Indirect Expression,54,18,104,36,0.14754098360655737,0.3333333333333333,0.20454545454545456,,,0
strengthening_diagnostic_v1,conflict,diagnostic,llm_grounded,rating_OI_content,True,choice,Yes - Content opposes someone else,740,459,8,281,0.9828693790149893,0.6202702702702703,0.7605633802816901,,,0
strengthening_diagnostic_v1,conflict,diagnostic,llm_grounded,rating_OI_content,True,choice,No - Content does not oppose anyone,62,54,281,8,0.16119402985074627,0.8709677419354839,0.27204030226700254,,,0
strengthening_diagnostic_v1,conflict,diagnostic,llm_grounded,rating_OI_expression,True,choice,Yes - Expression is emotional/forceful,73,45,99,28,0.3125,0.6164383561643836,0.4147465437788018,,,0
strengthening_diagnostic_v1,conflict,diagnostic,llm_grounded,rating_OI_expression,True,choice,No - Expression is not emotional/forceful,729,630,28,99,0.9574468085106383,0.8641975308641975,0.9084354722422494,,,0
strengthening_diagnostic_v1,conflict,diagnostic,llm_labeled_examples,rating_directness_content,True,choice,Yes - Direct Content,791,763,3,28,0.9960835509138382,0.9646017699115044,0.9800899165061014,,,0
strengthening_diagnostic_v1,conflict,diagnostic,llm_labeled_examples,rating_directness_content,True,choice,Neutral - Content contains no opinion,6,3,24,3,0.1111111111111111,0.5,0.18181818181818182,,,0
strengthening_diagnostic_v1,conflict,diagnostic,llm_labeled_examples,rating_directness_content,True,choice,No - Indirect Content,0,0,4,0,0.0,0.0,0.0,,,0
strengthening_diagnostic_v1,conflict,diagnostic,llm_labeled_examples,rating_directness_expression,True,choice,Yes - Direct Expression,748,716,44,32,0.9421052631578948,0.9572192513368984,0.9496021220159151,,,0
strengthening_diagnostic_v1,conflict,diagnostic,llm_labeled_examples,rating_directness_expression,True,choice,No - Indirect Expression,54,10,32,44,0.23809523809523808,0.18518518518518517,0.20833333333333334,,,0
strengthening_diagnostic_v1,conflict,diagnostic,llm_labeled_examples,rating_OI_content,True,choice,Yes - Content opposes someone else,740,470,7,270,0.9853249475890985,0.6351351351351351,0.772391125718981,,,0
strengthening_diagnostic_v1,conflict,diagnostic,llm_labeled_examples,rating_OI_content,True,choice,No - Content does not oppose anyone,62,55,270,7,0.16923076923076924,0.8870967741935484,0.2842377260981912,,,0
strengthening_diagnostic_v1,conflict,diagnostic,llm_labeled_examples,rating_OI_expression,True,choice,Yes - Expression is emotional/forceful,73,40,50,33,0.4444444444444444,0.547945205479452,0.49079754601226994,,,0
strengthening_diagnostic_v1,conflict,diagnostic,llm_labeled_examples,rating_OI_expression,True,choice,No - Expression is not emotional/forceful,729,679,33,50,0.9536516853932584,0.9314128943758574,0.9424011103400416,,,0
strengthening_diagnostic_v1,mbd,diagnostic,jev_grounded,tone,True,choice,positive,51,34,24,17,0.5862068965517241,0.6666666666666666,0.6238532110091743,0.9553553672990495,0.6614259521865332,544
strengthening_diagnostic_v1,mbd,diagnostic,jev_grounded,tone,True,choice,negative,114,101,82,13,0.5519125683060109,0.8859649122807017,0.6801346801346801,0.9159832721338229,0.7370343796281879,544
strengthening_diagnostic_v1,mbd,diagnostic,jev_grounded,tone,True,choice,neutral,379,273,30,106,0.900990099009901,0.7203166226912929,0.8005865102639296,0.8495722395458544,0.9279298844803379,544
strengthening_diagnostic_v1,mbd,diagnostic,jev_grounded,focus,True,choice,democrat,89,69,11,20,0.8625,0.7752808988764045,0.8165680473372781,0.987288864848917,0.9320009085219272,546
strengthening_diagnostic_v1,mbd,diagnostic,jev_grounded,focus,True,choice,republican,138,81,3,57,0.9642857142857143,0.5869565217391305,0.7297297297297297,0.9874520460358056,0.9608712227139877,546
strengthening_diagnostic_v1,mbd,diagnostic,jev_grounded,focus,True,choice,both,27,18,6,9,0.75,0.6666666666666666,0.7058823529411765,0.9819453364732749,0.8283052269697323,546
strengthening_diagnostic_v1,mbd,diagnostic,jev_grounded,focus,True,choice,neither,292,285,73,7,0.7960893854748603,0.976027397260274,0.8769230769230769,0.9764521087261353,0.9814031952039087,546
strengthening_diagnostic_v1,mbd,diagnostic,jev_grounded,type,True,choice,fact,239,194,29,45,0.8699551569506726,0.8117154811715481,0.8398268398268398,0.9341820783624457,0.9202163511560768,508
strengthening_diagnostic_v1,mbd,diagnostic,jev_grounded,type,True,choice,opinion,73,63,32,10,0.6631578947368421,0.863013698630137,0.75,0.9666981577704299,0.8415130350361673,508
strengthening_diagnostic_v1,mbd,diagnostic,jev_grounded,type,True,choice,borderline,24,4,21,20,0.16,0.16666666666666666,0.16326530612244897,0.7779356060606061,0.11528580522388535,508
strengthening_diagnostic_v1,mbd,diagnostic,jev_grounded,type,True,choice,quote,121,118,19,3,0.8613138686131386,0.9752066115702479,0.9147286821705426,0.9934546308753497,0.9785858716738142,508
strengthening_diagnostic_v1,mbd,diagnostic,jev_grounded,type,True,choice,other,51,27,1,24,0.9642857142857143,0.5294117647058824,0.6835443037974683,0.9808426652936886,0.9102948118397397,508
strengthening_diagnostic_v1,mbd,diagnostic,jev_threshold_calibrated,tone,True,choice,positive,51,28,17,23,0.6222222222222222,0.5490196078431373,0.5833333333333334,0.9533866284850654,0.6560310321223346,544
strengthening_diagnostic_v1,mbd,diagnostic,jev_threshold_calibrated,tone,True,choice,negative,114,73,36,41,0.6697247706422018,0.6403508771929824,0.6547085201793722,0.9154018767849857,0.7377313097316258,544
strengthening_diagnostic_v1,mbd,diagnostic,jev_threshold_calibrated,tone,True,choice,neutral,379,326,64,53,0.8358974358974359,0.8601583113456465,0.8478543563068921,0.8523946589909651,0.9308665182665777,544
strengthening_diagnostic_v1,mbd,diagnostic,jev_threshold_calibrated,focus,True,choice,democrat,89,69,11,20,0.8625,0.7752808988764045,0.8165680473372781,0.9872642785140019,0.9320009085219272,546
strengthening_diagnostic_v1,mbd,diagnostic,jev_threshold_calibrated,focus,True,choice,republican,138,81,3,57,0.9642857142857143,0.5869565217391305,0.7297297297297297,0.9874254049445865,0.9608600222053244,546
strengthening_diagnostic_v1,mbd,diagnostic,jev_threshold_calibrated,focus,True,choice,both,27,18,6,9,0.75,0.6666666666666666,0.7058823529411765,0.9819096553200599,0.8283052269697323,546
strengthening_diagnostic_v1,mbd,diagnostic,jev_threshold_calibrated,focus,True,choice,neither,292,285,73,7,0.7960893854748603,0.976027397260274,0.8769230769230769,0.9764655916298134,0.9814112675172317,546
strengthening_diagnostic_v1,mbd,diagnostic,jev_threshold_calibrated,type,True,choice,fact,239,194,29,45,0.8699551569506726,0.8117154811715481,0.8398268398268398,0.9342287411923909,0.9203841912558022,508
strengthening_diagnostic_v1,mbd,diagnostic,jev_threshold_calibrated,type,True,choice,opinion,73,63,32,10,0.6631578947368421,0.863013698630137,0.75,0.9666194300110219,0.8415130350361673,508
strengthening_diagnostic_v1,mbd,diagnostic,jev_threshold_calibrated,type,True,choice,borderline,24,4,21,20,0.16,0.16666666666666666,0.16326530612244897,0.7775051652892562,0.11535111347884877,508
strengthening_diagnostic_v1,mbd,diagnostic,jev_threshold_calibrated,type,True,choice,quote,121,118,19,3,0.8613138686131386,0.9752066115702479,0.9147286821705426,0.9934546308753497,0.9786509266801939,508
strengthening_diagnostic_v1,mbd,diagnostic,jev_threshold_calibrated,type,True,choice,other,51,27,1,24,0.9642857142857143,0.5294117647058824,0.6835443037974683,0.9806281374694298,0.9102750458688352,508
strengthening_diagnostic_v1,mbd,diagnostic,llm_full_calibration_examples,tone,True,choice,positive,51,23,7,28,0.7666666666666667,0.45098039215686275,0.5679012345679012,,,0
strengthening_diagnostic_v1,mbd,diagnostic,llm_full_calibration_examples,tone,True,choice,negative,114,76,31,38,0.7102803738317757,0.6666666666666666,0.6877828054298643,,,0
strengthening_diagnostic_v1,mbd,diagnostic,llm_full_calibration_examples,tone,True,choice,neutral,379,341,66,38,0.8378378378378378,0.899736147757256,0.8676844783715013,,,0
strengthening_diagnostic_v1,mbd,diagnostic,llm_full_calibration_examples,focus,True,choice,democrat,89,61,11,28,0.8472222222222222,0.6853932584269663,0.7577639751552795,,,0
strengthening_diagnostic_v1,mbd,diagnostic,llm_full_calibration_examples,focus,True,choice,republican,138,55,6,83,0.9016393442622951,0.39855072463768115,0.5527638190954773,,,0
strengthening_diagnostic_v1,mbd,diagnostic,llm_full_calibration_examples,focus,True,choice,both,27,18,6,9,0.75,0.6666666666666666,0.7058823529411765,,,0
strengthening_diagnostic_v1,mbd,diagnostic,llm_full_calibration_examples,focus,True,choice,neither,292,282,107,10,0.7249357326478149,0.9657534246575342,0.8281938325991189,,,0
strengthening_diagnostic_v1,mbd,diagnostic,llm_full_calibration_examples,type,True,choice,fact,239,212,30,27,0.8760330578512396,0.8870292887029289,0.8814968814968815,,,0
strengthening_diagnostic_v1,mbd,diagnostic,llm_full_calibration_examples,type,True,choice,opinion,73,55,15,18,0.7857142857142857,0.7534246575342466,0.7692307692307693,,,0
strengthening_diagnostic_v1,mbd,diagnostic,llm_full_calibration_examples,type,True,choice,borderline,24,0,10,24,0.0,0.0,0.0,,,0
strengthening_diagnostic_v1,mbd,diagnostic,llm_full_calibration_examples,type,True,choice,quote,121,115,21,6,0.8455882352941176,0.9504132231404959,0.8949416342412452,,,0
strengthening_diagnostic_v1,mbd,diagnostic,llm_full_calibration_examples,type,True,choice,other,51,47,3,4,0.94,0.9215686274509803,0.9306930693069307,,,0
strengthening_diagnostic_v1,mbd,diagnostic,llm_grounded,tone,True,choice,positive,51,33,15,18,0.6875,0.6470588235294118,0.6666666666666666,,,0
strengthening_diagnostic_v1,mbd,diagnostic,llm_grounded,tone,True,choice,negative,114,92,58,22,0.6133333333333333,0.8070175438596491,0.696969696969697,,,0
strengthening_diagnostic_v1,mbd,diagnostic,llm_grounded,tone,True,choice,neutral,379,306,40,73,0.884393063583815,0.8073878627968337,0.8441379310344828,,,0
strengthening_diagnostic_v1,mbd,diagnostic,llm_grounded,focus,True,choice,democrat,89,53,4,36,0.9298245614035088,0.5955056179775281,0.726027397260274,,,0
strengthening_diagnostic_v1,mbd,diagnostic,llm_grounded,focus,True,choice,republican,138,52,3,86,0.9454545454545454,0.37681159420289856,0.538860103626943,,,0
strengthening_diagnostic_v1,mbd,diagnostic,llm_grounded,focus,True,choice,both,27,18,8,9,0.6923076923076923,0.6666666666666666,0.6792452830188679,,,0
strengthening_diagnostic_v1,mbd,diagnostic,llm_grounded,focus,True,choice,neither,292,290,118,2,0.7107843137254902,0.9931506849315068,0.8285714285714286,,,0
strengthening_diagnostic_v1,mbd,diagnostic,llm_grounded,type,True,choice,fact,239,200,25,39,0.8888888888888888,0.8368200836820083,0.8620689655172413,,,0
strengthening_diagnostic_v1,mbd,diagnostic,llm_grounded,type,True,choice,opinion,73,64,19,9,0.7710843373493976,0.8767123287671232,0.8205128205128205,,,0
strengthening_diagnostic_v1,mbd,diagnostic,llm_grounded,type,True,choice,borderline,24,4,24,20,0.14285714285714285,0.16666666666666666,0.15384615384615385,,,0
strengthening_diagnostic_v1,mbd,diagnostic,llm_grounded,type,True,choice,quote,121,113,12,8,0.904,0.9338842975206612,0.9186991869918699,,,0
strengthening_diagnostic_v1,mbd,diagnostic,llm_grounded,type,True,choice,other,51,45,2,6,0.9574468085106383,0.8823529411764706,0.9183673469387755,,,0
strengthening_diagnostic_v1,mbd,diagnostic,llm_labeled_examples,tone,True,choice,positive,51,33,13,18,0.717391304347826,0.6470588235294118,0.6804123711340206,,,0
strengthening_diagnostic_v1,mbd,diagnostic,llm_labeled_examples,tone,True,choice,negative,114,89,46,25,0.6592592592592592,0.7807017543859649,0.714859437751004,,,0
strengthening_diagnostic_v1,mbd,diagnostic,llm_labeled_examples,tone,True,choice,neutral,379,320,43,59,0.8815426997245179,0.8443271767810027,0.862533692722372,,,0
strengthening_diagnostic_v1,mbd,diagnostic,llm_labeled_examples,focus,True,choice,democrat,89,56,7,33,0.8888888888888888,0.6292134831460674,0.7368421052631579,,,0
strengthening_diagnostic_v1,mbd,diagnostic,llm_labeled_examples,focus,True,choice,republican,138,47,6,91,0.8867924528301887,0.34057971014492755,0.49214659685863876,,,0
strengthening_diagnostic_v1,mbd,diagnostic,llm_labeled_examples,focus,True,choice,both,27,16,7,11,0.6956521739130435,0.5925925925925926,0.64,,,0
strengthening_diagnostic_v1,mbd,diagnostic,llm_labeled_examples,focus,True,choice,neither,292,288,119,4,0.7076167076167076,0.9863013698630136,0.8240343347639485,,,0
strengthening_diagnostic_v1,mbd,diagnostic,llm_labeled_examples,type,True,choice,fact,239,209,22,30,0.9047619047619048,0.8744769874476988,0.8893617021276595,,,0
strengthening_diagnostic_v1,mbd,diagnostic,llm_labeled_examples,type,True,choice,opinion,73,67,27,6,0.7127659574468085,0.9178082191780822,0.8023952095808383,,,0
strengthening_diagnostic_v1,mbd,diagnostic,llm_labeled_examples,type,True,choice,borderline,24,0,7,24,0.0,0.0,0.0,,,0
strengthening_diagnostic_v1,mbd,diagnostic,llm_labeled_examples,type,True,choice,quote,121,114,11,7,0.912,0.9421487603305785,0.926829268292683,,,0
strengthening_diagnostic_v1,mbd,diagnostic,llm_labeled_examples,type,True,choice,other,51,47,4,4,0.9215686274509803,0.9215686274509803,0.9215686274509803,,,0
strengthening_diagnostic_v1,ucc,diagnostic,jev_grounded,healthy,True,choice,0,65,49,483,16,0.09210526315789473,0.7538461538461538,0.16415410385259632,0.68068303094984,0.1231960312943119,1002
strengthening_diagnostic_v1,ucc,diagnostic,jev_grounded,healthy,True,choice,1,937,454,16,483,0.9659574468085106,0.48452508004268946,0.6453447050461976,0.68068303094984,0.9663426376247992,1002
strengthening_diagnostic_v1,ucc,diagnostic,jev_grounded,sarcastic,True,choice,0,954,544,14,410,0.974910394265233,0.570230607966457,0.7195767195767195,0.6340627183787562,0.9665405071995291,1002
strengthening_diagnostic_v1,ucc,diagnostic,jev_grounded,sarcastic,True,choice,1,48,34,410,14,0.07657657657657657,0.7083333333333334,0.13821138211382114,0.6340627183787562,0.07945443836739344,1002
strengthening_diagnostic_v1,ucc,diagnostic,jev_grounded,generalisation,False,choice,0,987,782,5,205,0.9936467598475223,0.7922998986828774,0.8816234498308907,0.8202634245187437,0.9960599797935042,1002
strengthening_diagnostic_v1,ucc,diagnostic,jev_grounded,generalisation,False,choice,1,15,10,205,5,0.046511627906976744,0.6666666666666666,0.08695652173913043,0.8202634245187437,0.15243666652699817,1002
strengthening_diagnostic_v1,ucc,diagnostic,jev_grounded,generalisation_unfair,True,choice,0,988,845,6,143,0.9929494712103408,0.8552631578947368,0.9189777052746058,0.8281882591093117,0.9965051042891492,1002
strengthening_diagnostic_v1,ucc,diagnostic,jev_grounded,generalisation_unfair,True,choice,1,14,8,143,6,0.052980132450331126,0.5714285714285714,0.09696969696969697,0.8281882591093117,0.12900206314135423,1002
strengthening_diagnostic_v1,ucc,diagnostic,jev_grounded,hostile,True,choice,0,981,662,3,319,0.9954887218045113,0.6748216106014271,0.804374240583232,0.8374836173001311,0.9952199954065302,1002
strengthening_diagnostic_v1,ucc,diagnostic,jev_grounded,hostile,True,choice,1,21,18,319,3,0.05341246290801187,0.8571428571428571,0.1005586592178771,0.8374836173001311,0.11429074145550704,1002
strengthening_diagnostic_v1,ucc,diagnostic,jev_grounded,antagonize,True,choice,0,951,502,9,449,0.9823874755381604,0.5278654048370137,0.6867305061559508,0.7302942207377168,0.9808473474200228,1002
strengthening_diagnostic_v1,ucc,diagnostic,jev_grounded,antagonize,True,choice,1,51,42,449,9,0.0855397148676171,0.8235294117647058,0.15498154981549817,0.7302942207377168,0.10934432308721173,1002
strengthening_diagnostic_v1,ucc,diagnostic,jev_grounded,condescending,True,choice,0,955,575,12,380,0.979557069846678,0.6020942408376964,0.7457846952010376,0.7400356466525565,0.9828885417995404,1002
strengthening_diagnostic_v1,ucc,diagnostic,jev_grounded,condescending,True,choice,1,47,35,380,12,0.08433734939759036,0.7446808510638298,0.15151515151515152,0.7400356466525565,0.10734382309412578,1002
strengthening_diagnostic_v1,ucc,diagnostic,jev_grounded,dismissive,True,choice,0,978,607,8,371,0.9869918699186991,0.6206543967280164,0.7620841180163214,0.7350247102931152,0.9914348840092371,1002
strengthening_diagnostic_v1,ucc,diagnostic,jev_grounded,dismissive,True,choice,1,24,16,371,8,0.041343669250646,0.6666666666666666,0.07785888077858881,0.7350247102931152,0.059834476690326224,1002
strengthening_diagnostic_v1,ucc,diagnostic,jev_threshold_calibrated,healthy,True,choice,0,65,9,46,56,0.16363636363636364,0.13846153846153847,0.15,0.68068303094984,0.1231960312943119,1002
strengthening_diagnostic_v1,ucc,diagnostic,jev_threshold_calibrated,healthy,True,choice,1,937,891,56,46,0.9408658922914467,0.9509071504802561,0.945859872611465,0.68068303094984,0.9663426376247992,1002
strengthening_diagnostic_v1,ucc,diagnostic,jev_threshold_calibrated,sarcastic,True,choice,0,954,884,41,70,0.9556756756756757,0.9266247379454927,0.940926024481107,0.6340627183787562,0.9665405071995291,1002
strengthening_diagnostic_v1,ucc,diagnostic,jev_threshold_calibrated,sarcastic,True,choice,1,48,7,70,41,0.09090909090909091,0.14583333333333334,0.112,0.6340627183787562,0.07945443836739344,1002
strengthening_diagnostic_v1,ucc,diagnostic,jev_threshold_calibrated,generalisation,False,choice,0,987,950,9,37,0.9906152241918665,0.9625126646403243,0.9763617677286742,0.8202634245187437,0.9960599797935042,1002
strengthening_diagnostic_v1,ucc,diagnostic,jev_threshold_calibrated,generalisation,False,choice,1,15,6,37,9,0.13953488372093023,0.4,0.20689655172413793,0.8202634245187437,0.15243666652699817,1002
strengthening_diagnostic_v1,ucc,diagnostic,jev_threshold_calibrated,generalisation_unfair,True,choice,0,988,971,10,17,0.9898063200815495,0.9827935222672065,0.9862874555611986,0.8281882591093117,0.9965051042891492,1002
strengthening_diagnostic_v1,ucc,diagnostic,jev_threshold_calibrated,generalisation_unfair,True,choice,1,14,4,17,10,0.19047619047619047,0.2857142857142857,0.22857142857142856,0.8281882591093117,0.12900206314135423,1002
strengthening_diagnostic_v1,ucc,diagnostic,jev_threshold_calibrated,hostile,True,choice,0,981,974,19,7,0.9808660624370594,0.9928644240570846,0.9868287740628167,0.8374836173001311,0.9952199954065302,1002
strengthening_diagnostic_v1,ucc,diagnostic,jev_threshold_calibrated,hostile,True,choice,1,21,2,7,19,0.2222222222222222,0.09523809523809523,0.13333333333333333,0.8374836173001311,0.11429074145550704,1002
strengthening_diagnostic_v1,ucc,diagnostic,jev_threshold_calibrated,antagonize,True,choice,0,951,917,46,34,0.952232606438214,0.964248159831756,0.9582027168234065,0.7302942207377168,0.9808473474200228,1002
strengthening_diagnostic_v1,ucc,diagnostic,jev_threshold_calibrated,antagonize,True,choice,1,51,5,34,46,0.1282051282051282,0.09803921568627451,0.1111111111111111,0.7302942207377168,0.10934432308721173,1002
strengthening_diagnostic_v1,ucc,diagnostic,jev_threshold_calibrated,condescending,True,choice,0,955,893,38,62,0.9591836734693877,0.9350785340314136,0.9469777306468717,0.7400356466525565,0.9828885417995404,1002
strengthening_diagnostic_v1,ucc,diagnostic,jev_threshold_calibrated,condescending,True,choice,1,47,9,62,38,0.1267605633802817,0.19148936170212766,0.15254237288135594,0.7400356466525565,0.10734382309412578,1002
strengthening_diagnostic_v1,ucc,diagnostic,jev_threshold_calibrated,dismissive,True,choice,0,978,893,19,85,0.9791666666666666,0.9130879345603272,0.944973544973545,0.7350247102931152,0.9914348840092371,1002
strengthening_diagnostic_v1,ucc,diagnostic,jev_threshold_calibrated,dismissive,True,choice,1,24,5,85,19,0.05555555555555555,0.20833333333333334,0.08771929824561403,0.7350247102931152,0.059834476690326224,1002
strengthening_diagnostic_v1,ucc,diagnostic,llm_full_calibration_examples,healthy,True,choice,0,65,14,70,51,0.16666666666666666,0.2153846153846154,0.18791946308724833,,,0
strengthening_diagnostic_v1,ucc,diagnostic,llm_full_calibration_examples,healthy,True,choice,1,937,867,51,70,0.9444444444444444,0.9252934898612594,0.9347708894878706,,,0
strengthening_diagnostic_v1,ucc,diagnostic,llm_full_calibration_examples,sarcastic,True,choice,0,954,870,24,84,0.9731543624161074,0.9119496855345912,0.9415584415584416,,,0
strengthening_diagnostic_v1,ucc,diagnostic,llm_full_calibration_examples,sarcastic,True,choice,1,48,24,84,24,0.2222222222222222,0.5,0.3076923076923077,,,0
strengthening_diagnostic_v1,ucc,diagnostic,llm_full_calibration_examples,generalisation,False,choice,0,987,967,11,20,0.9887525562372188,0.9797365754812564,0.9842239185750636,,,0
strengthening_diagnostic_v1,ucc,diagnostic,llm_full_calibration_examples,generalisation,False,choice,1,15,4,20,11,0.16666666666666666,0.26666666666666666,0.20512820512820512,,,0
strengthening_diagnostic_v1,ucc,diagnostic,llm_full_calibration_examples,generalisation_unfair,True,choice,0,988,968,10,20,0.9897750511247444,0.979757085020243,0.9847405900305188,,,0
strengthening_diagnostic_v1,ucc,diagnostic,llm_full_calibration_examples,generalisation_unfair,True,choice,1,14,4,20,10,0.16666666666666666,0.2857142857142857,0.21052631578947367,,,0
strengthening_diagnostic_v1,ucc,diagnostic,llm_full_calibration_examples,hostile,True,choice,0,981,919,12,62,0.9871106337271751,0.9367991845056065,0.9612970711297071,,,0
strengthening_diagnostic_v1,ucc,diagnostic,llm_full_calibration_examples,hostile,True,choice,1,21,9,62,12,0.1267605633802817,0.42857142857142855,0.1956521739130435,,,0
strengthening_diagnostic_v1,ucc,diagnostic,llm_full_calibration_examples,antagonize,True,choice,0,951,892,40,59,0.9570815450643777,0.9379600420609885,0.9474243228890069,,,0
strengthening_diagnostic_v1,ucc,diagnostic,llm_full_calibration_examples,antagonize,True,choice,1,51,11,59,40,0.15714285714285714,0.21568627450980393,0.18181818181818182,,,0
strengthening_diagnostic_v1,ucc,diagnostic,llm_full_calibration_examples,condescending,True,choice,0,955,869,31,86,0.9655555555555555,0.9099476439790576,0.9369272237196765,,,0
strengthening_diagnostic_v1,ucc,diagnostic,llm_full_calibration_examples,condescending,True,choice,1,47,16,86,31,0.1568627450980392,0.3404255319148936,0.21476510067114093,,,0
strengthening_diagnostic_v1,ucc,diagnostic,llm_full_calibration_examples,dismissive,True,choice,0,978,897,18,81,0.980327868852459,0.9171779141104295,0.9477020602218701,,,0
strengthening_diagnostic_v1,ucc,diagnostic,llm_full_calibration_examples,dismissive,True,choice,1,24,6,81,18,0.06896551724137931,0.25,0.10810810810810811,,,0
strengthening_diagnostic_v1,ucc,diagnostic,llm_grounded,healthy,True,choice,0,65,49,319,16,0.1331521739130435,0.7538461538461538,0.22632794457274827,,,0
strengthening_diagnostic_v1,ucc,diagnostic,llm_grounded,healthy,True,choice,1,937,618,16,319,0.9747634069400631,0.6595517609391676,0.7867600254614895,,,0
strengthening_diagnostic_v1,ucc,diagnostic,llm_grounded,sarcastic,True,choice,0,954,756,14,198,0.9818181818181818,0.7924528301886793,0.877030162412993,,,0
strengthening_diagnostic_v1,ucc,diagnostic,llm_grounded,sarcastic,True,choice,1,48,34,198,14,0.14655172413793102,0.7083333333333334,0.24285714285714285,,,0
strengthening_diagnostic_v1,ucc,diagnostic,llm_grounded,generalisation,False,choice,0,987,863,4,124,0.9953863898500577,0.8743667679837892,0.9309600862998921,,,0
strengthening_diagnostic_v1,ucc,diagnostic,llm_grounded,generalisation,False,choice,1,15,11,124,4,0.08148148148148149,0.7333333333333333,0.14666666666666667,,,0
strengthening_diagnostic_v1,ucc,diagnostic,llm_grounded,generalisation_unfair,True,choice,0,988,875,6,113,0.9931895573212258,0.8856275303643725,0.9363295880149812,,,0
strengthening_diagnostic_v1,ucc,diagnostic,llm_grounded,generalisation_unfair,True,choice,1,14,8,113,6,0.06611570247933884,0.5714285714285714,0.11851851851851852,,,0
strengthening_diagnostic_v1,ucc,diagnostic,llm_grounded,hostile,True,choice,0,981,730,1,251,0.9986320109439124,0.744138634046891,0.852803738317757,,,0
strengthening_diagnostic_v1,ucc,diagnostic,llm_grounded,hostile,True,choice,1,21,20,251,1,0.07380073800738007,0.9523809523809523,0.136986301369863,,,0
strengthening_diagnostic_v1,ucc,diagnostic,llm_grounded,antagonize,True,choice,0,951,726,17,225,0.9771197846567967,0.7634069400630915,0.8571428571428571,,,0
strengthening_diagnostic_v1,ucc,diagnostic,llm_grounded,antagonize,True,choice,1,51,34,225,17,0.13127413127413126,0.6666666666666666,0.21935483870967742,,,0
strengthening_diagnostic_v1,ucc,diagnostic,llm_grounded,condescending,True,choice,0,955,707,16,248,0.9778699861687413,0.7403141361256544,0.8426698450536353,,,0
strengthening_diagnostic_v1,ucc,diagnostic,llm_grounded,condescending,True,choice,1,47,31,248,16,0.1111111111111111,0.6595744680851063,0.1901840490797546,,,0
strengthening_diagnostic_v1,ucc,diagnostic,llm_grounded,dismissive,True,choice,0,978,715,11,263,0.9848484848484849,0.7310838445807771,0.8392018779342723,,,0
strengthening_diagnostic_v1,ucc,diagnostic,llm_grounded,dismissive,True,choice,1,24,13,263,11,0.04710144927536232,0.5416666666666666,0.08666666666666667,,,0
strengthening_diagnostic_v1,ucc,diagnostic,llm_labeled_examples,healthy,True,choice,0,65,24,115,41,0.17266187050359713,0.36923076923076925,0.23529411764705882,,,0
strengthening_diagnostic_v1,ucc,diagnostic,llm_labeled_examples,healthy,True,choice,1,937,822,41,115,0.9524913093858632,0.8772678762006404,0.9133333333333333,,,0
strengthening_diagnostic_v1,ucc,diagnostic,llm_labeled_examples,sarcastic,True,choice,0,954,815,20,139,0.9760479041916168,0.8542976939203354,0.9111235326998323,,,0
strengthening_diagnostic_v1,ucc,diagnostic,llm_labeled_examples,sarcastic,True,choice,1,48,28,139,20,0.16766467065868262,0.5833333333333334,0.26046511627906976,,,0
strengthening_diagnostic_v1,ucc,diagnostic,llm_labeled_examples,generalisation,False,choice,0,987,931,6,56,0.9935965848452508,0.9432624113475178,0.9677754677754677,,,0
strengthening_diagnostic_v1,ucc,diagnostic,llm_labeled_examples,generalisation,False,choice,1,15,9,56,6,0.13846153846153847,0.6,0.225,,,0
strengthening_diagnostic_v1,ucc,diagnostic,llm_labeled_examples,generalisation_unfair,True,choice,0,988,934,6,54,0.9936170212765958,0.9453441295546559,0.9688796680497925,,,0
strengthening_diagnostic_v1,ucc,diagnostic,llm_labeled_examples,generalisation_unfair,True,choice,1,14,8,54,6,0.12903225806451613,0.5714285714285714,0.21052631578947367,,,0
strengthening_diagnostic_v1,ucc,diagnostic,llm_labeled_examples,hostile,True,choice,0,981,867,9,114,0.9897260273972602,0.8837920489296636,0.9337641357027464,,,0
strengthening_diagnostic_v1,ucc,diagnostic,llm_labeled_examples,hostile,True,choice,1,21,12,114,9,0.09523809523809523,0.5714285714285714,0.16326530612244897,,,0
strengthening_diagnostic_v1,ucc,diagnostic,llm_labeled_examples,antagonize,True,choice,0,951,844,36,107,0.9590909090909091,0.8874868559411146,0.9219006007646096,,,0
strengthening_diagnostic_v1,ucc,diagnostic,llm_labeled_examples,antagonize,True,choice,1,51,15,107,36,0.12295081967213115,0.29411764705882354,0.17341040462427745,,,0
strengthening_diagnostic_v1,ucc,diagnostic,llm_labeled_examples,condescending,True,choice,0,955,803,22,152,0.9733333333333334,0.8408376963350785,0.902247191011236,,,0
strengthening_diagnostic_v1,ucc,diagnostic,llm_labeled_examples,condescending,True,choice,1,47,25,152,22,0.14124293785310735,0.5319148936170213,0.22321428571428573,,,0
strengthening_diagnostic_v1,ucc,diagnostic,llm_labeled_examples,dismissive,True,choice,0,978,835,14,143,0.983510011778563,0.8537832310838446,0.9140667761357416,,,0
strengthening_diagnostic_v1,ucc,diagnostic,llm_labeled_examples,dismissive,True,choice,1,24,10,143,14,0.06535947712418301,0.4166666666666667,0.11299435028248588,,,0
threshold_redecode_v1,babe,diagnostic,jev_threshold_calibrated,label_bias,True,choice,Non-biased,511,453,161,58,0.737785016286645,0.8864970645792564,0.8053333333333333,0.890024771989643,0.8961798017009379,1000
threshold_redecode_v1,babe,diagnostic,jev_threshold_calibrated,label_bias,True,choice,Biased,489,328,58,161,0.8497409326424871,0.6707566462167689,0.7497142857142857,0.890024771989643,0.8635222348875353,1000
threshold_redecode_v1,conflict,diagnostic,jev_threshold_calibrated,rating_directness_content,True,choice,Yes - Direct Content,791,695,2,96,0.9971305595408895,0.8786346396965866,0.9341397849462365,0.927307206068268,0.9993934281490985,797
threshold_redecode_v1,conflict,diagnostic,jev_threshold_calibrated,rating_directness_content,True,choice,Neutral - Content contains no opinion,6,3,36,3,0.07692307692307693,0.5,0.13333333333333333,0.9502739148756848,0.15084658554944688,797
threshold_redecode_v1,conflict,diagnostic,jev_threshold_calibrated,rating_directness_content,True,choice,No - Indirect Content,0,0,61,0,0.0,0.0,0.0,,,797
threshold_redecode_v1,conflict,diagnostic,jev_threshold_calibrated,rating_directness_expression,True,choice,Yes - Direct Expression,748,659,37,89,0.9468390804597702,0.8810160427807486,0.9127423822714681,0.7557065755595167,0.9733778980765736,802
threshold_redecode_v1,conflict,diagnostic,jev_threshold_calibrated,rating_directness_expression,True,choice,No - Indirect Expression,54,17,89,37,0.16037735849056603,0.3148148148148148,0.2125,0.7557065755595167,0.15930228040036845,802
threshold_redecode_v1,conflict,diagnostic,jev_threshold_calibrated,rating_OI_content,True,choice,Yes - Content opposes someone else,740,648,25,92,0.962852897473997,0.8756756756756757,0.9171974522292994,0.8344376634699215,0.9813408461993209,802
threshold_redecode_v1,conflict,diagnostic,jev_threshold_calibrated,rating_OI_content,True,choice,No - Content does not oppose anyone,62,37,92,25,0.2868217054263566,0.5967741935483871,0.387434554973822,0.8344376634699215,0.2747046831229867,802
threshold_redecode_v1,conflict,diagnostic,jev_threshold_calibrated,rating_OI_expression,True,choice,Yes - Expression is emotional/forceful,73,11,4,62,0.7333333333333333,0.1506849315068493,0.25,0.8678335870116692,0.46600572562373305,802
threshold_redecode_v1,conflict,diagnostic,jev_threshold_calibrated,rating_OI_expression,True,choice,No - Expression is not emotional/forceful,729,725,62,4,0.9212198221092758,0.9945130315500685,0.9564643799472295,0.8678335870116692,0.983775563966219,802
threshold_redecode_v1,mbd,diagnostic,jev_threshold_calibrated,tone,True,choice,positive,51,23,7,28,0.7666666666666667,0.45098039215686275,0.5679012345679012,0.9612615837410015,0.6770856365998148,544
threshold_redecode_v1,mbd,diagnostic,jev_threshold_calibrated,tone,True,choice,negative,114,58,14,56,0.8055555555555556,0.5087719298245614,0.6236559139784946,0.9133210934312526,0.7193751862458955,544
threshold_redecode_v1,mbd,diagnostic,jev_threshold_calibrated,tone,True,choice,neutral,379,358,84,21,0.8099547511312217,0.9445910290237467,0.8721071863580999,0.8631486367634125,0.9380175430713409,544
threshold_redecode_v1,mbd,diagnostic,jev_threshold_calibrated,focus,True,choice,democrat,89,75,8,14,0.9036144578313253,0.8426966292134831,0.872093023255814,0.9903006908760111,0.9502713571634851,546
threshold_redecode_v1,mbd,diagnostic,jev_threshold_calibrated,focus,True,choice,republican,138,87,0,51,1.0,0.6304347826086957,0.7733333333333333,0.9856848536516055,0.9657855468571064,546
threshold_redecode_v1,mbd,diagnostic,jev_threshold_calibrated,focus,True,choice,both,27,21,4,6,0.84,0.7777777777777778,0.8076923076923077,0.9815885249411261,0.8540588725919392,546
threshold_redecode_v1,mbd,diagnostic,jev_threshold_calibrated,focus,True,choice,neither,292,288,63,4,0.8205128205128205,0.9863013698630136,0.895800933125972,0.9769105274511919,0.9769994508859513,546
threshold_redecode_v1,mbd,diagnostic,jev_threshold_calibrated,type,True,choice,fact,239,186,26,53,0.8773584905660378,0.7782426778242678,0.8248337028824834,0.9303557263069481,0.9045297853085064,508
threshold_redecode_v1,mbd,diagnostic,jev_threshold_calibrated,type,True,choice,opinion,73,62,33,11,0.6526315789473685,0.8493150684931506,0.7380952380952381,0.9730751062824752,0.8545038578349408,508
threshold_redecode_v1,mbd,diagnostic,jev_threshold_calibrated,type,True,choice,borderline,24,8,39,16,0.1702127659574468,0.3333333333333333,0.22535211267605634,0.7997589531680441,0.1781521383126974,508
threshold_redecode_v1,mbd,diagnostic,jev_threshold_calibrated,type,True,choice,quote,121,115,12,6,0.905511811023622,0.9504132231404959,0.9274193548387096,0.9945757789309586,0.9837566428546138,508
threshold_redecode_v1,mbd,diagnostic,jev_threshold_calibrated,type,True,choice,other,51,26,1,25,0.9629629629629629,0.5098039215686274,0.6666666666666666,0.9441584073454327,0.8459201986899456,508
threshold_redecode_v1,ucc,diagnostic,jev_threshold_calibrated,healthy,True,choice,0,65,2,10,63,0.16666666666666666,0.03076923076923077,0.05194805194805195,0.7702897955832855,0.18168897710990958,1002
threshold_redecode_v1,ucc,diagnostic,jev_threshold_calibrated,healthy,True,choice,1,937,927,63,10,0.9363636363636364,0.9893276414087513,0.9621172807472755,0.7702897955832855,0.9767912222025379,1002
threshold_redecode_v1,ucc,diagnostic,jev_threshold_calibrated,sarcastic,True,choice,0,954,929,44,25,0.9547790339157246,0.9737945492662474,0.964193046185781,0.7830843815513627,0.9847471646194514,1002
threshold_redecode_v1,ucc,diagnostic,jev_threshold_calibrated,sarcastic,True,choice,1,48,4,25,44,0.13793103448275862,0.08333333333333333,0.1038961038961039,0.7830843815513627,0.12520414030579496,1002
threshold_redecode_v1,ucc,diagnostic,jev_threshold_calibrated,generalisation,False,choice,0,987,969,9,18,0.99079754601227,0.9817629179331308,0.9862595419847329,0.9457277946639648,0.9990936979337149,1002
threshold_redecode_v1,ucc,diagnostic,jev_threshold_calibrated,generalisation,False,choice,1,15,6,18,9,0.25,0.4,0.3076923076923077,0.9457277946639648,0.21707051815410702,1002
threshold_redecode_v1,ucc,diagnostic,jev_threshold_calibrated,generalisation_unfair,True,choice,0,988,982,12,6,0.9879275653923542,0.9939271255060729,0.9909182643794148,0.916244939271255,0.998707503661111,1002
threshold_redecode_v1,ucc,diagnostic,jev_threshold_calibrated,generalisation_unfair,True,choice,1,14,2,6,12,0.25,0.14285714285714285,0.18181818181818182,0.916244939271255,0.13983249057060407,1002
threshold_redecode_v1,ucc,diagnostic,jev_threshold_calibrated,hostile,True,choice,0,981,981,21,0,0.9790419161676647,1.0,0.989409984871407,0.8767050143196932,0.9959002515767146,1002
threshold_redecode_v1,ucc,diagnostic,jev_threshold_calibrated,hostile,True,choice,1,21,0,0,21,0.0,0.0,0.0,0.8767050143196932,0.18383654124142854,1002
threshold_redecode_v1,ucc,diagnostic,jev_threshold_calibrated,antagonize,True,choice,0,951,950,51,1,0.949050949050949,0.9989484752891693,0.9733606557377049,0.8119935671429455,0.9866330881929142,1002
threshold_redecode_v1,ucc,diagnostic,jev_threshold_calibrated,antagonize,True,choice,1,51,0,1,51,0.0,0.0,0.0,0.8119935671429455,0.176270261480672,1002
threshold_redecode_v1,ucc,diagnostic,jev_threshold_calibrated,condescending,True,choice,0,955,955,47,0,0.9530938123752495,1.0,0.9759836484414921,0.8208421521666481,0.9894798981454899,1002
threshold_redecode_v1,ucc,diagnostic,jev_threshold_calibrated,condescending,True,choice,1,47,0,0,47,0.0,0.0,0.0,0.8208421521666481,0.17550026868305124,1002
threshold_redecode_v1,ucc,diagnostic,jev_threshold_calibrated,dismissive,True,choice,0,978,966,22,12,0.9777327935222672,0.9877300613496932,0.982706002034588,0.7350247102931152,0.9907582205614787,1002
threshold_redecode_v1,ucc,diagnostic,jev_threshold_calibrated,dismissive,True,choice,1,24,2,12,22,0.14285714285714285,0.08333333333333333,0.10526315789473684,0.7350247102931152,0.07667841957477038,1002
verbose_routing_diagnostic_v1_b01,babe,diagnostic,jev_targeted_llm,label_bias,True,choice,Non-biased,511,447,154,64,0.7437603993344426,0.8747553816046967,0.8039568345323741,0.892777353165971,0.9040435406255513,904
verbose_routing_diagnostic_v1_b01,babe,diagnostic,jev_targeted_llm,label_bias,True,choice,Biased,489,335,64,154,0.8395989974937343,0.6850715746421268,0.7545045045045045,0.892777353165971,0.8654061612446562,904
verbose_routing_diagnostic_v1_b01,babe,diagnostic,jev_verbose,label_bias,True,choice,Non-biased,511,387,70,124,0.8468271334792122,0.7573385518590998,0.7995867768595041,0.889840682890519,0.8981093624163398,1000
verbose_routing_diagnostic_v1_b01,babe,diagnostic,jev_verbose,label_bias,True,choice,Biased,489,419,124,70,0.7716390423572744,0.8568507157464212,0.812015503875969,0.889840682890519,0.862636243752029,1000
verbose_routing_diagnostic_v1_b01,conflict,diagnostic,jev_targeted_llm,rating_directness_content,True,choice,Yes - Direct Content,791,705,2,86,0.9971711456859972,0.8912768647281921,0.9412550066755674,0.9274496015002344,0.9993308218233382,717
verbose_routing_diagnostic_v1_b01,conflict,diagnostic,jev_targeted_llm,rating_directness_content,True,choice,Neutral - Content contains no opinion,6,3,33,3,0.08333333333333333,0.5,0.14285714285714285,0.9553445850914205,0.18758043758043755,717
verbose_routing_diagnostic_v1_b01,conflict,diagnostic,jev_targeted_llm,rating_directness_content,True,choice,No - Indirect Content,0,0,54,0,0.0,0.0,0.0,,,717
verbose_routing_diagnostic_v1_b01,conflict,diagnostic,jev_targeted_llm,rating_directness_expression,True,choice,Yes - Direct Expression,748,666,37,82,0.9473684210526315,0.8903743315508021,0.9179875947622329,0.7458944050433413,0.9738925970507943,722
verbose_routing_diagnostic_v1_b01,conflict,diagnostic,jev_targeted_llm,rating_directness_expression,True,choice,No - Indirect Expression,54,17,82,37,0.1717171717171717,0.3148148148148148,0.2222222222222222,0.7458944050433413,0.15007551117269186,722
verbose_routing_diagnostic_v1_b01,conflict,diagnostic,jev_targeted_llm,rating_OI_content,True,choice,Yes - Content opposes someone else,740,630,21,110,0.967741935483871,0.8513513513513513,0.905823148813803,0.8417336786152378,0.9821897751161364,722
verbose_routing_diagnostic_v1_b01,conflict,diagnostic,jev_targeted_llm,rating_OI_content,True,choice,No - Content does not oppose anyone,62,41,110,21,0.271523178807947,0.6612903225806451,0.38497652582159625,0.8417336786152378,0.2825365603281326,722
verbose_routing_diagnostic_v1_b01,conflict,diagnostic,jev_targeted_llm,rating_OI_expression,True,choice,Yes - Expression is emotional/forceful,73,14,13,59,0.5185185185185185,0.1917808219178082,0.28,0.8629844224924013,0.43625469453397037,722
verbose_routing_diagnostic_v1_b01,conflict,diagnostic,jev_targeted_llm,rating_OI_expression,True,choice,No - Expression is not emotional/forceful,729,716,59,13,0.9238709677419354,0.9821673525377229,0.9521276595744681,0.8629844224924013,0.9835294372449721,722
verbose_routing_diagnostic_v1_b01,conflict,diagnostic,jev_verbose,rating_directness_content,True,choice,Yes - Direct Content,791,695,2,96,0.9971305595408895,0.8786346396965866,0.9341397849462365,0.9231984829329962,0.9993619099880049,797
verbose_routing_diagnostic_v1_b01,conflict,diagnostic,jev_verbose,rating_directness_content,True,choice,Neutral - Content contains no opinion,6,3,36,3,0.07692307692307693,0.5,0.13333333333333333,0.9526970080067425,0.15199868654201207,797
verbose_routing_diagnostic_v1_b01,conflict,diagnostic,jev_verbose,rating_directness_content,True,choice,No - Indirect Content,0,0,61,0,0.0,0.0,0.0,,,797
verbose_routing_diagnostic_v1_b01,conflict,diagnostic,jev_verbose,rating_directness_expression,True,choice,Yes - Direct Expression,748,611,21,137,0.9667721518987342,0.8168449197860963,0.8855072463768116,0.7632451970687265,0.9752204942223812,802
verbose_routing_diagnostic_v1_b01,conflict,diagnostic,jev_verbose,rating_directness_expression,True,choice,No - Indirect Expression,54,33,137,21,0.19411764705882353,0.6111111111111112,0.29464285714285715,0.7632451970687265,0.16178237809412402,802
verbose_routing_diagnostic_v1_b01,conflict,diagnostic,jev_verbose,rating_OI_content,True,choice,Yes - Content opposes someone else,740,480,10,260,0.9795918367346939,0.6486486486486487,0.7804878048780488,0.8308631211857018,0.9809243922258767,802
verbose_routing_diagnostic_v1_b01,conflict,diagnostic,jev_verbose,rating_OI_content,True,choice,No - Content does not oppose anyone,62,52,260,10,0.16666666666666666,0.8387096774193549,0.27807486631016043,0.8308631211857018,0.2677918968184792,802
verbose_routing_diagnostic_v1_b01,conflict,diagnostic,jev_verbose,rating_OI_expression,True,choice,Yes - Expression is emotional/forceful,73,51,126,22,0.288135593220339,0.6986301369863014,0.408,0.8663960764417385,0.4621713016353326,802
verbose_routing_diagnostic_v1_b01,conflict,diagnostic,jev_verbose,rating_OI_expression,True,choice,No - Expression is not emotional/forceful,729,603,22,126,0.9648,0.8271604938271605,0.8906942392909897,0.8663960764417385,0.9834288602607298,802
verbose_routing_diagnostic_v1_b01,mbd,diagnostic,jev_targeted_llm,tone,True,choice,positive,51,26,7,25,0.7878787878787878,0.5098039215686274,0.6190476190476191,0.9542143319663285,0.6033694848986647,493
verbose_routing_diagnostic_v1_b01,mbd,diagnostic,jev_targeted_llm,tone,True,choice,negative,114,60,23,54,0.7228915662650602,0.5263157894736842,0.6091370558375635,0.9079412496888225,0.7094045605814957,493
verbose_routing_diagnostic_v1_b01,mbd,diagnostic,jev_targeted_llm,tone,True,choice,neutral,379,349,79,30,0.8154205607476636,0.920844327176781,0.8649318463444857,0.8534005889843999,0.9364470130903494,493
verbose_routing_diagnostic_v1_b01,mbd,diagnostic,jev_targeted_llm,focus,True,choice,democrat,89,74,5,15,0.9367088607594937,0.8314606741573034,0.8809523809523809,0.9881696428571428,0.9204209149320963,496
verbose_routing_diagnostic_v1_b01,mbd,diagnostic,jev_targeted_llm,focus,True,choice,republican,138,86,0,52,1.0,0.6231884057971014,0.7678571428571429,0.9865400326797386,0.9717349042373964,496
verbose_routing_diagnostic_v1_b01,mbd,diagnostic,jev_targeted_llm,focus,True,choice,both,27,22,4,5,0.8461538461538461,0.8148148148148148,0.8301886792452831,0.979184575709198,0.7879450013272876,496
verbose_routing_diagnostic_v1_b01,mbd,diagnostic,jev_targeted_llm,focus,True,choice,neither,292,289,66,3,0.8140845070422535,0.9897260273972602,0.893353941267388,0.9759598552923329,0.9790967788337238,496
verbose_routing_diagnostic_v1_b01,mbd,diagnostic,jev_targeted_llm,type,True,choice,fact,239,183,27,56,0.8714285714285714,0.7656903765690377,0.8151447661469933,0.9285403667990169,0.8986842877367635,461
verbose_routing_diagnostic_v1_b01,mbd,diagnostic,jev_targeted_llm,type,True,choice,opinion,73,63,37,10,0.63,0.863013698630137,0.7283236994219653,0.973170184104176,0.8648031683739589,461
verbose_routing_diagnostic_v1_b01,mbd,diagnostic,jev_targeted_llm,type,True,choice,borderline,24,8,38,16,0.17391304347826086,0.3333333333333333,0.22857142857142856,0.787873087534487,0.13841520434773122,461
verbose_routing_diagnostic_v1_b01,mbd,diagnostic,jev_targeted_llm,type,True,choice,quote,121,114,11,7,0.912,0.9421487603305785,0.926829268292683,0.9944740073679902,0.9840288174437093,461
verbose_routing_diagnostic_v1_b01,mbd,diagnostic,jev_targeted_llm,type,True,choice,other,51,26,1,25,0.9629629629629629,0.5098039215686274,0.6666666666666666,0.9442342615012107,0.8523266982602586,461
verbose_routing_diagnostic_v1_b01,mbd,diagnostic,jev_verbose,tone,True,choice,positive,51,42,36,9,0.5384615384615384,0.8235294117647058,0.6511627906976745,0.9652388338702621,0.6897829311353393,544
verbose_routing_diagnostic_v1_b01,mbd,diagnostic,jev_verbose,tone,True,choice,negative,114,104,101,10,0.5073170731707317,0.9122807017543859,0.6520376175548589,0.9136576907384741,0.7208709963646315,544
verbose_routing_diagnostic_v1_b01,mbd,diagnostic,jev_verbose,tone,True,choice,neutral,379,246,15,133,0.9425287356321839,0.6490765171503958,0.76875,0.8630606860158311,0.9366973932379776,544
verbose_routing_diagnostic_v1_b01,mbd,diagnostic,jev_verbose,focus,True,choice,democrat,89,74,6,15,0.925,0.8314606741573034,0.8757396449704142,0.9900056548570305,0.9520273147996167,546
verbose_routing_diagnostic_v1_b01,mbd,diagnostic,jev_verbose,focus,True,choice,republican,138,80,0,58,1.0,0.5797101449275363,0.7339449541284404,0.9837578147200909,0.9652771444700271,546
verbose_routing_diagnostic_v1_b01,mbd,diagnostic,jev_verbose,focus,True,choice,both,27,23,4,4,0.8518518518518519,0.8518518518518519,0.8518518518518519,0.9775565546278455,0.8346543567180487,546
verbose_routing_diagnostic_v1_b01,mbd,diagnostic,jev_verbose,focus,True,choice,neither,292,288,71,4,0.8022284122562674,0.9863013698630136,0.8847926267281107,0.9769846834214216,0.976793236626195,546
verbose_routing_diagnostic_v1_b01,mbd,diagnostic,jev_verbose,type,True,choice,fact,239,185,26,54,0.8767772511848341,0.7740585774058577,0.8222222222222222,0.9301068578805742,0.9026431475301222,508
verbose_routing_diagnostic_v1_b01,mbd,diagnostic,jev_verbose,type,True,choice,opinion,73,63,35,10,0.6428571428571429,0.863013698630137,0.7368421052631579,0.9736262005983309,0.8589750724000239,508
verbose_routing_diagnostic_v1_b01,mbd,diagnostic,jev_verbose,type,True,choice,borderline,24,7,39,17,0.15217391304347827,0.2916666666666667,0.2,0.7929149449035813,0.18648876084003313,508
verbose_routing_diagnostic_v1_b01,mbd,diagnostic,jev_verbose,type,True,choice,quote,121,115,11,6,0.9126984126984127,0.9504132231404959,0.9311740890688259,0.9950242381532022,0.9850694046283177,508
verbose_routing_diagnostic_v1_b01,mbd,diagnostic,jev_verbose,type,True,choice,other,51,26,1,25,0.9629629629629629,0.5098039215686274,0.6666666666666666,0.9469258162783714,0.8503950232115384,508
verbose_routing_diagnostic_v1_b01,ucc,diagnostic,jev_targeted_llm,healthy,True,choice,0,65,6,26,59,0.1875,0.09230769230769231,0.12371134020618557,0.7659857055496101,0.20242792243704996,906
verbose_routing_diagnostic_v1_b01,ucc,diagnostic,jev_targeted_llm,healthy,True,choice,1,937,911,59,26,0.9391752577319588,0.9722518676627535,0.9554273728369166,0.7659857055496101,0.9739387216667119,906
verbose_routing_diagnostic_v1_b01,ucc,diagnostic,jev_targeted_llm,sarcastic,True,choice,0,954,921,38,33,0.9603753910323254,0.9654088050314465,0.9628855201254574,0.7574769053117782,0.9838669490607527,906
verbose_routing_diagnostic_v1_b01,ucc,diagnostic,jev_targeted_llm,sarcastic,True,choice,1,48,10,33,38,0.23255813953488372,0.20833333333333334,0.21978021978021978,0.7574769053117782,0.10723840634565543,906
verbose_routing_diagnostic_v1_b01,ucc,diagnostic,jev_targeted_llm,generalisation,False,choice,0,987,954,7,33,0.9927159209157128,0.9665653495440729,0.9794661190965093,0.9509913954358399,0.9991053173901308,906
verbose_routing_diagnostic_v1_b01,ucc,diagnostic,jev_targeted_llm,generalisation,False,choice,1,15,8,33,7,0.1951219512195122,0.5333333333333333,0.2857142857142857,0.9509913954358399,0.2733186279965894,906
verbose_routing_diagnostic_v1_b01,ucc,diagnostic,jev_targeted_llm,generalisation_unfair,True,choice,0,988,968,11,20,0.9887640449438202,0.979757085020243,0.9842399593289273,0.9143177450352338,0.998527512884948,906
verbose_routing_diagnostic_v1_b01,ucc,diagnostic,jev_targeted_llm,generalisation_unfair,True,choice,1,14,3,20,11,0.13043478260869565,0.21428571428571427,0.16216216216216217,0.9143177450352338,0.16846160964115905,906
verbose_routing_diagnostic_v1_b01,ucc,diagnostic,jev_targeted_llm,hostile,True,choice,0,981,961,20,20,0.9796126401630989,0.9796126401630989,0.9796126401630989,0.8736738148984199,0.9955762384995274,906
verbose_routing_diagnostic_v1_b01,ucc,diagnostic,jev_targeted_llm,hostile,True,choice,1,21,1,20,20,0.047619047619047616,0.047619047619047616,0.047619047619047616,0.8736738148984199,0.20226241748509374,906
verbose_routing_diagnostic_v1_b01,ucc,diagnostic,jev_targeted_llm,antagonize,True,choice,0,951,930,49,21,0.9499489274770173,0.9779179810725552,0.9637305699481865,0.8165306915306916,0.9864317295042424,906
verbose_routing_diagnostic_v1_b01,ucc,diagnostic,jev_targeted_llm,antagonize,True,choice,1,51,2,21,49,0.08695652173913043,0.0392156862745098,0.05405405405405406,0.8165306915306916,0.18835906918986492,906
verbose_routing_diagnostic_v1_b01,ucc,diagnostic,jev_targeted_llm,condescending,True,choice,0,955,938,43,17,0.9561671763506626,0.9821989528795811,0.96900826446281,0.822486958973636,0.9898719909690109,906
verbose_routing_diagnostic_v1_b01,ucc,diagnostic,jev_targeted_llm,condescending,True,choice,1,47,4,17,43,0.19047619047619047,0.0851063829787234,0.11764705882352941,0.822486958973636,0.179916390652638,906
verbose_routing_diagnostic_v1_b01,ucc,diagnostic,jev_targeted_llm,dismissive,True,choice,0,978,947,20,31,0.9793174767321613,0.9683026584867076,0.9737789203084833,0.7150863842040313,0.9898598504181777,906
verbose_routing_diagnostic_v1_b01,ucc,diagnostic,jev_targeted_llm,dismissive,True,choice,1,24,4,31,20,0.11428571428571428,0.16666666666666666,0.13559322033898305,0.7150863842040313,0.06290881700039655,906
verbose_routing_diagnostic_v1_b01,ucc,diagnostic,jev_verbose,healthy,True,choice,0,65,55,429,10,0.11363636363636363,0.8461538461538461,0.20036429872495445,0.7720137919711025,0.18493413663044872,1002
verbose_routing_diagnostic_v1_b01,ucc,diagnostic,jev_verbose,healthy,True,choice,1,937,508,10,429,0.9806949806949807,0.5421558164354322,0.6982817869415807,0.7720137919711025,0.9763475394296978,1002
verbose_routing_diagnostic_v1_b01,ucc,diagnostic,jev_verbose,sarcastic,True,choice,0,954,592,9,362,0.9850249584026622,0.6205450733752621,0.7614147909967846,0.7752445842068484,0.9842170090933793,1002
verbose_routing_diagnostic_v1_b01,ucc,diagnostic,jev_verbose,sarcastic,True,choice,1,48,39,362,9,0.09725685785536159,0.8125,0.17371937639198218,0.7752445842068484,0.12212018501803755,1002
verbose_routing_diagnostic_v1_b01,ucc,diagnostic,jev_verbose,generalisation,False,choice,0,987,860,2,127,0.9976798143851509,0.8713272543059777,0.9302325581395349,0.9511989192840257,0.999195921432113,1002
verbose_routing_diagnostic_v1_b01,ucc,diagnostic,jev_verbose,generalisation,False,choice,1,15,13,127,2,0.09285714285714286,0.8666666666666667,0.16774193548387098,0.9511989192840257,0.24745890043690594,1002
verbose_routing_diagnostic_v1_b01,ucc,diagnostic,jev_verbose,generalisation_unfair,True,choice,0,988,861,4,127,0.9953757225433526,0.8714574898785425,0.9293038316243929,0.9156665702718334,0.9986919287642574,1002
verbose_routing_diagnostic_v1_b01,ucc,diagnostic,jev_verbose,generalisation_unfair,True,choice,1,14,10,127,4,0.072992700729927,0.7142857142857143,0.13245033112582782,0.9156665702718334,0.159467921005407,1002
verbose_routing_diagnostic_v1_b01,ucc,diagnostic,jev_verbose,hostile,True,choice,0,981,694,3,287,0.9956958393113343,0.7074413863404689,0.8271752085816448,0.8789379156351633,0.9960153910575503,1002
verbose_routing_diagnostic_v1_b01,ucc,diagnostic,jev_verbose,hostile,True,choice,1,21,18,287,3,0.05901639344262295,0.8571428571428571,0.11042944785276074,0.8789379156351633,0.18293618068066544,1002
verbose_routing_diagnostic_v1_b01,ucc,diagnostic,jev_verbose,antagonize,True,choice,0,951,577,8,374,0.9863247863247864,0.6067297581493165,0.7513020833333334,0.816529556091627,0.9871143765305532,1002
verbose_routing_diagnostic_v1_b01,ucc,diagnostic,jev_verbose,antagonize,True,choice,1,51,43,374,8,0.10311750599520383,0.8431372549019608,0.18376068376068377,0.816529556091627,0.17741149286668492,1002
verbose_routing_diagnostic_v1_b01,ucc,diagnostic,jev_verbose,condescending,True,choice,0,955,576,2,379,0.9965397923875432,0.6031413612565445,0.7514677103718199,0.821789016375181,0.9894679853677045,1002
verbose_routing_diagnostic_v1_b01,ucc,diagnostic,jev_verbose,condescending,True,choice,1,47,45,379,2,0.10613207547169812,0.9574468085106383,0.1910828025477707,0.821789016375181,0.18047145476187726,1002
verbose_routing_diagnostic_v1_b01,ucc,diagnostic,jev_verbose,dismissive,True,choice,0,978,553,6,425,0.9892665474060823,0.565439672801636,0.719583604424203,0.7384330265848671,0.9909194728471199,1002
verbose_routing_diagnostic_v1_b01,ucc,diagnostic,jev_verbose,dismissive,True,choice,1,24,18,425,6,0.040632054176072234,0.75,0.07708779443254818,0.7384330265848671,0.06904838784515221,1002
verbose_routing_diagnostic_v1_b025,babe,diagnostic,jev_targeted_llm,label_bias,True,choice,Non-biased,511,429,129,82,0.7688172043010753,0.8395303326810176,0.8026192703461179,0.899604239009142,0.9081059114308322,760
verbose_routing_diagnostic_v1_b025,babe,diagnostic,jev_targeted_llm,label_bias,True,choice,Biased,489,360,82,129,0.8144796380090498,0.7361963190184049,0.7733619763694952,0.899604239009142,0.8789922215445872,760
verbose_routing_diagnostic_v1_b025,babe,diagnostic,jev_verbose,label_bias,True,choice,Non-biased,511,390,66,121,0.8552631578947368,0.7632093933463796,0.8066184074457083,0.8908851884312007,0.897178068273042,1000
verbose_routing_diagnostic_v1_b025,babe,diagnostic,jev_verbose,label_bias,True,choice,Biased,489,423,121,66,0.7775735294117647,0.8650306748466258,0.818973862536302,0.8908851884312007,0.8657210863447963,1000
verbose_routing_diagnostic_v1_b025,conflict,diagnostic,jev_targeted_llm,rating_directness_content,True,choice,Yes - Direct Content,791,716,2,75,0.9972144846796658,0.9051833122629582,0.9489728296885355,0.926265998887034,0.9991934889339938,605
verbose_routing_diagnostic_v1_b025,conflict,diagnostic,jev_targeted_llm,rating_directness_content,True,choice,Neutral - Content contains no opinion,6,3,33,3,0.08333333333333333,0.5,0.14285714285714285,0.9517250973845298,0.1727071413297738,605
verbose_routing_diagnostic_v1_b025,conflict,diagnostic,jev_targeted_llm,rating_directness_content,True,choice,No - Indirect Content,0,0,43,0,0.0,0.0,0.0,,,605
verbose_routing_diagnostic_v1_b025,conflict,diagnostic,jev_targeted_llm,rating_directness_expression,True,choice,Yes - Direct Expression,748,657,37,91,0.946685878962536,0.8783422459893048,0.9112343966712899,0.7325429969913333,0.9724254434454189,610
verbose_routing_diagnostic_v1_b025,conflict,diagnostic,jev_targeted_llm,rating_directness_expression,True,choice,No - Indirect Expression,54,17,91,37,0.1574074074074074,0.3148148148148148,0.20987654320987653,0.7325429969913333,0.1485265158413161,610
verbose_routing_diagnostic_v1_b025,conflict,diagnostic,jev_targeted_llm,rating_OI_content,True,choice,Yes - Content opposes someone else,740,599,20,141,0.9676898222940227,0.8094594594594594,0.8815305371596762,0.8356768679349325,0.9789350827457307,610
verbose_routing_diagnostic_v1_b025,conflict,diagnostic,jev_targeted_llm,rating_OI_content,True,choice,No - Content does not oppose anyone,62,42,141,20,0.22950819672131148,0.6774193548387096,0.34285714285714286,0.8356768679349325,0.3024916551448786,610
verbose_routing_diagnostic_v1_b025,conflict,diagnostic,jev_targeted_llm,rating_OI_expression,True,choice,Yes - Expression is emotional/forceful,73,15,32,58,0.3191489361702128,0.2054794520547945,0.25,0.8718970131348242,0.4961662644989873,610
verbose_routing_diagnostic_v1_b025,conflict,diagnostic,jev_targeted_llm,rating_OI_expression,True,choice,No - Expression is not emotional/forceful,729,697,58,32,0.9231788079470199,0.9561042524005487,0.9393530997304582,0.8718970131348242,0.9833143826018066,610
verbose_routing_diagnostic_v1_b025,conflict,diagnostic,jev_verbose,rating_directness_content,True,choice,Yes - Direct Content,791,697,2,94,0.9971387696709585,0.8811630847029077,0.9355704697986578,0.9255162241887905,0.999381679027337,797
verbose_routing_diagnostic_v1_b025,conflict,diagnostic,jev_verbose,rating_directness_content,True,choice,Neutral - Content contains no opinion,6,3,37,3,0.075,0.5,0.13043478260869565,0.9513274336283186,0.1260445190110262,797
verbose_routing_diagnostic_v1_b025,conflict,diagnostic,jev_verbose,rating_directness_content,True,choice,No - Indirect Content,0,0,58,0,0.0,0.0,0.0,,,797
verbose_routing_diagnostic_v1_b025,conflict,diagnostic,jev_verbose,rating_directness_expression,True,choice,Yes - Direct Expression,748,611,24,137,0.9622047244094488,0.8168449197860963,0.883586406362979,0.7575757575757576,0.9746639397682925,802
verbose_routing_diagnostic_v1_b025,conflict,diagnostic,jev_verbose,rating_directness_expression,True,choice,No - Indirect Expression,54,30,137,24,0.17964071856287425,0.5555555555555556,0.27149321266968324,0.7575757575757576,0.1607583097667099,802
verbose_routing_diagnostic_v1_b025,conflict,diagnostic,jev_verbose,rating_OI_content,True,choice,Yes - Content opposes someone else,740,478,10,262,0.9795081967213115,0.6459459459459459,0.7785016286644951,0.8310156931124673,0.9808731392159922,802
verbose_routing_diagnostic_v1_b025,conflict,diagnostic,jev_verbose,rating_OI_content,True,choice,No - Content does not oppose anyone,62,52,262,10,0.16560509554140126,0.8387096774193549,0.2765957446808511,0.8310156931124673,0.26841313910704706,802
verbose_routing_diagnostic_v1_b025,conflict,diagnostic,jev_verbose,rating_OI_expression,True,choice,Yes - Expression is emotional/forceful,73,52,128,21,0.28888888888888886,0.7123287671232876,0.41106719367588934,0.8679181464569592,0.47588329653902783,802
verbose_routing_diagnostic_v1_b025,conflict,diagnostic,jev_verbose,rating_OI_expression,True,choice,No - Expression is not emotional/forceful,729,601,21,128,0.9662379421221865,0.8244170096021948,0.8897113249444856,0.8679181464569592,0.9836782782848476,802
verbose_routing_diagnostic_v1_b025,mbd,diagnostic,jev_targeted_llm,tone,True,choice,positive,51,27,10,24,0.7297297297297297,0.5294117647058824,0.6136363636363636,0.9504533678756477,0.6074985262662633,426
verbose_routing_diagnostic_v1_b025,mbd,diagnostic,jev_targeted_llm,tone,True,choice,negative,114,62,25,52,0.7126436781609196,0.543859649122807,0.6169154228855721,0.8967923194284226,0.6252965860352621,426
verbose_routing_diagnostic_v1_b025,mbd,diagnostic,jev_targeted_llm,tone,True,choice,neutral,379,344,76,35,0.819047619047619,0.9076517150395779,0.8610763454317898,0.8352418886399469,0.9343045810147722,426
verbose_routing_diagnostic_v1_b025,mbd,diagnostic,jev_targeted_llm,focus,True,choice,democrat,89,74,10,15,0.8809523809523809,0.8314606741573034,0.8554913294797688,0.993128272251309,0.9551939126345984,430
verbose_routing_diagnostic_v1_b025,mbd,diagnostic,jev_targeted_llm,focus,True,choice,republican,138,76,2,62,0.9743589743589743,0.5507246376811594,0.7037037037037037,0.9863629222309505,0.9694139952438744,430
verbose_routing_diagnostic_v1_b025,mbd,diagnostic,jev_targeted_llm,focus,True,choice,both,27,18,3,9,0.8571428571428571,0.6666666666666666,0.75,0.9813408548492081,0.8285889194980105,430
verbose_routing_diagnostic_v1_b025,mbd,diagnostic,jev_targeted_llm,focus,True,choice,neither,292,286,77,6,0.7878787878787878,0.9794520547945206,0.8732824427480916,0.9732260493130058,0.9811783345939898,430
verbose_routing_diagnostic_v1_b025,mbd,diagnostic,jev_targeted_llm,type,True,choice,fact,239,183,24,56,0.8840579710144928,0.7656903765690377,0.820627802690583,0.935943594359436,0.9187906878277767,400
verbose_routing_diagnostic_v1_b025,mbd,diagnostic,jev_targeted_llm,type,True,choice,opinion,73,65,34,8,0.6565656565656566,0.8904109589041096,0.7558139534883721,0.9685132575757576,0.8218968989929617,400
verbose_routing_diagnostic_v1_b025,mbd,diagnostic,jev_targeted_llm,type,True,choice,borderline,24,12,36,12,0.25,0.5,0.3333333333333333,0.7858068097705403,0.14580369066854226,400
verbose_routing_diagnostic_v1_b025,mbd,diagnostic,jev_targeted_llm,type,True,choice,quote,121,114,13,7,0.8976377952755905,0.9421487603305785,0.9193548387096774,0.9939437242693342,0.9828334576069849,400
verbose_routing_diagnostic_v1_b025,mbd,diagnostic,jev_targeted_llm,type,True,choice,other,51,26,1,25,0.9629629629629629,0.5098039215686274,0.6666666666666666,0.9503941111328252,0.8544582172401946,400
verbose_routing_diagnostic_v1_b025,mbd,diagnostic,jev_verbose,tone,True,choice,positive,51,41,36,10,0.5324675324675324,0.803921568627451,0.640625,0.9644831563457026,0.6829732025367644,544
verbose_routing_diagnostic_v1_b025,mbd,diagnostic,jev_verbose,tone,True,choice,negative,114,104,102,10,0.5048543689320388,0.9122807017543859,0.65,0.9126580987352101,0.7202595427387856,544
verbose_routing_diagnostic_v1_b025,mbd,diagnostic,jev_verbose,tone,True,choice,neutral,379,245,16,134,0.9386973180076629,0.6464379947229552,0.765625,0.8615735188294555,0.9359518378745977,544
verbose_routing_diagnostic_v1_b025,mbd,diagnostic,jev_verbose,focus,True,choice,democrat,89,72,8,17,0.9,0.8089887640449438,0.8520710059171598,0.9890344946278858,0.9342276347743049,546
verbose_routing_diagnostic_v1_b025,mbd,diagnostic,jev_verbose,focus,True,choice,republican,138,80,0,58,1.0,0.5797101449275363,0.7339449541284404,0.9828964194373402,0.9624884059897816,546
verbose_routing_diagnostic_v1_b025,mbd,diagnostic,jev_verbose,focus,True,choice,both,27,21,4,6,0.84,0.7777777777777778,0.8076923076923077,0.9567187611503604,0.8368604423497602,546
verbose_routing_diagnostic_v1_b025,mbd,diagnostic,jev_verbose,focus,True,choice,neither,292,288,73,4,0.7977839335180056,0.9863013698630136,0.8820826952526799,0.9758386366087801,0.9758610078630373,546
verbose_routing_diagnostic_v1_b025,mbd,diagnostic,jev_verbose,type,True,choice,fact,239,185,26,54,0.8767772511848341,0.7740585774058577,0.8222222222222222,0.9300213093590083,0.9043368744177791,508
verbose_routing_diagnostic_v1_b025,mbd,diagnostic,jev_verbose,type,True,choice,opinion,73,63,32,10,0.6631578947368421,0.863013698630137,0.75,0.9728546685561329,0.8566551165653754,508
verbose_routing_diagnostic_v1_b025,mbd,diagnostic,jev_verbose,type,True,choice,borderline,24,8,41,16,0.16326530612244897,0.3333333333333333,0.2191780821917808,0.8023846418732782,0.1843653077170476,508
verbose_routing_diagnostic_v1_b025,mbd,diagnostic,jev_verbose,type,True,choice,quote,121,115,11,6,0.9126984126984127,0.9504132231404959,0.9311740890688259,0.9948640741452581,0.9846593879056441,508
verbose_routing_diagnostic_v1_b025,mbd,diagnostic,jev_verbose,type,True,choice,other,51,26,1,25,0.9629629629629629,0.5098039215686274,0.6666666666666666,0.9445445574290986,0.8496967196806869,508
verbose_routing_diagnostic_v1_b025,ucc,diagnostic,jev_targeted_llm,healthy,True,choice,0,65,11,66,54,0.14285714285714285,0.16923076923076924,0.15492957746478872,0.7733704749947687,0.221249547919869,762
verbose_routing_diagnostic_v1_b025,ucc,diagnostic,jev_targeted_llm,healthy,True,choice,1,937,871,54,66,0.9416216216216217,0.9295624332977588,0.9355531686358755,0.7733704749947687,0.9725477703951527,762
verbose_routing_diagnostic_v1_b025,ucc,diagnostic,jev_targeted_llm,sarcastic,True,choice,0,954,893,36,61,0.961248654467169,0.9360587002096437,0.9484864577801381,0.7725486343092945,0.9822561594715213,762
verbose_routing_diagnostic_v1_b025,ucc,diagnostic,jev_targeted_llm,sarcastic,True,choice,1,48,12,61,36,0.1643835616438356,0.25,0.19834710743801653,0.7725486343092945,0.1463577494325922,762
verbose_routing_diagnostic_v1_b025,ucc,diagnostic,jev_targeted_llm,generalisation,False,choice,0,987,937,8,50,0.9915343915343915,0.9493414387031408,0.9699792960662525,0.942131398013751,0.9988079735889823,762
verbose_routing_diagnostic_v1_b025,ucc,diagnostic,jev_targeted_llm,generalisation,False,choice,1,15,7,50,8,0.12280701754385964,0.4666666666666667,0.19444444444444445,0.942131398013751,0.30469564390727216,762
verbose_routing_diagnostic_v1_b025,ucc,diagnostic,jev_targeted_llm,generalisation_unfair,True,choice,0,988,949,12,39,0.9875130072840791,0.9605263157894737,0.9738327347357619,0.9100852418609428,0.9982744828661478,762
verbose_routing_diagnostic_v1_b025,ucc,diagnostic,jev_targeted_llm,generalisation_unfair,True,choice,1,14,2,39,12,0.04878048780487805,0.14285714285714285,0.07272727272727272,0.9100852418609428,0.15440443962811345,762
verbose_routing_diagnostic_v1_b025,ucc,diagnostic,jev_targeted_llm,hostile,True,choice,0,981,933,15,48,0.9841772151898734,0.9510703363914373,0.9673405909797823,0.8719321731369924,0.9957073701342015,762
verbose_routing_diagnostic_v1_b025,ucc,diagnostic,jev_targeted_llm,hostile,True,choice,1,21,6,48,15,0.1111111111111111,0.2857142857142857,0.16,0.8719321731369924,0.2539413046823803,762
verbose_routing_diagnostic_v1_b025,ucc,diagnostic,jev_targeted_llm,antagonize,True,choice,0,951,909,42,42,0.9558359621451105,0.9558359621451105,0.9558359621451105,0.80327216066482,0.9852405442491022,762
verbose_routing_diagnostic_v1_b025,ucc,diagnostic,jev_targeted_llm,antagonize,True,choice,1,51,9,42,42,0.17647058823529413,0.17647058823529413,0.17647058823529413,0.80327216066482,0.17762052029782693,762
verbose_routing_diagnostic_v1_b025,ucc,diagnostic,jev_targeted_llm,condescending,True,choice,0,955,904,34,51,0.9637526652452025,0.9465968586387434,0.9550977284733227,0.8258347602739726,0.9908994128359743,762
verbose_routing_diagnostic_v1_b025,ucc,diagnostic,jev_targeted_llm,condescending,True,choice,1,47,13,51,34,0.203125,0.2765957446808511,0.23423423423423423,0.8258347602739726,0.21426883729672966,762
verbose_routing_diagnostic_v1_b025,ucc,diagnostic,jev_targeted_llm,dismissive,True,choice,0,978,913,19,65,0.9796137339055794,0.9335378323108384,0.956020942408377,0.694777628032345,0.9876449532809882,762
verbose_routing_diagnostic_v1_b025,ucc,diagnostic,jev_targeted_llm,dismissive,True,choice,1,24,5,65,19,0.07142857142857142,0.20833333333333334,0.10638297872340426,0.694777628032345,0.0642043943971558,762
verbose_routing_diagnostic_v1_b025,ucc,diagnostic,jev_verbose,healthy,True,choice,0,65,56,436,9,0.11382113821138211,0.8615384615384616,0.20107719928186715,0.7643214842787949,0.1807673495887681,1002
verbose_routing_diagnostic_v1_b025,ucc,diagnostic,jev_verbose,healthy,True,choice,1,937,501,9,436,0.9823529411764705,0.5346851654215582,0.6924671734623359,0.7643214842787949,0.9750506214829062,1002
verbose_routing_diagnostic_v1_b025,ucc,diagnostic,jev_verbose,sarcastic,True,choice,0,954,599,8,355,0.9868204283360791,0.6278825995807128,0.7674567584881486,0.7791972396925227,0.9834962371430976,1002
verbose_routing_diagnostic_v1_b025,ucc,diagnostic,jev_verbose,sarcastic,True,choice,1,48,40,355,8,0.10126582278481013,0.8333333333333334,0.18058690744920994,0.7791972396925227,0.1329780440888045,1002
verbose_routing_diagnostic_v1_b025,ucc,diagnostic,jev_verbose,generalisation,False,choice,0,987,860,2,127,0.9976798143851509,0.8713272543059777,0.9302325581395349,0.9430597771023302,0.9990416973412446,1002
verbose_routing_diagnostic_v1_b025,ucc,diagnostic,jev_verbose,generalisation,False,choice,1,15,13,127,2,0.09285714285714286,0.8666666666666667,0.16774193548387098,0.9430597771023302,0.24304653632382311,1002
verbose_routing_diagnostic_v1_b025,ucc,diagnostic,jev_verbose,generalisation_unfair,True,choice,0,988,863,4,125,0.9953863898500577,0.8734817813765182,0.9304582210242588,0.9164256795835743,0.9986917951098834,1002
verbose_routing_diagnostic_v1_b025,ucc,diagnostic,jev_verbose,generalisation_unfair,True,choice,1,14,10,125,4,0.07407407407407407,0.7142857142857143,0.1342281879194631,0.9164256795835743,0.15850648227339992,1002
verbose_routing_diagnostic_v1_b025,ucc,diagnostic,jev_verbose,hostile,True,choice,0,981,691,3,290,0.9956772334293948,0.7043832823649337,0.8250746268656717,0.8798359302946459,0.996036257395441,1002
verbose_routing_diagnostic_v1_b025,ucc,diagnostic,jev_verbose,hostile,True,choice,1,21,18,290,3,0.05844155844155844,0.8571428571428571,0.1094224924012158,0.8798359302946459,0.2008650692520115,1002
verbose_routing_diagnostic_v1_b025,ucc,diagnostic,jev_verbose,antagonize,True,choice,0,951,580,8,371,0.9863945578231292,0.6098843322818086,0.7537361923326835,0.8087152842209439,0.9864976187841539,1002
verbose_routing_diagnostic_v1_b025,ucc,diagnostic,jev_verbose,antagonize,True,choice,1,51,43,371,8,0.10386473429951691,0.8431372549019608,0.18494623655913978,0.8087152842209439,0.17076125905669637,1002
verbose_routing_diagnostic_v1_b025,ucc,diagnostic,jev_verbose,condescending,True,choice,0,955,579,3,376,0.9948453608247423,0.606282722513089,0.7534157449577098,0.8294419070959118,0.9901100467904943,1002
verbose_routing_diagnostic_v1_b025,ucc,diagnostic,jev_verbose,condescending,True,choice,1,47,44,376,3,0.10476190476190476,0.9361702127659575,0.18843683083511778,0.8294419070959118,0.19259913522415484,1002
verbose_routing_diagnostic_v1_b025,ucc,diagnostic,jev_verbose,dismissive,True,choice,0,978,544,6,434,0.9890909090909091,0.556237218813906,0.7120418848167539,0.725012781186094,0.9901856904143557,1002
verbose_routing_diagnostic_v1_b025,ucc,diagnostic,jev_verbose,dismissive,True,choice,1,24,18,434,6,0.03982300884955752,0.75,0.07563025210084033,0.725012781186094,0.06159552709401858,1002
