epoch,dataset,split,method,dimension_id,primary,kind,truth_label,prediction_label,count
adaptation_discovery_v1,babe,discovery,jev_joint_ab,label_bias,True,choice,Non-biased,Non-biased,75
adaptation_discovery_v1,babe,discovery,jev_joint_ab,label_bias,True,choice,Non-biased,Biased,22
adaptation_discovery_v1,babe,discovery,jev_joint_ab,label_bias,True,choice,Non-biased,__missing__,0
adaptation_discovery_v1,babe,discovery,jev_joint_ab,label_bias,True,choice,Biased,Non-biased,15
adaptation_discovery_v1,babe,discovery,jev_joint_ab,label_bias,True,choice,Biased,Biased,88
adaptation_discovery_v1,babe,discovery,jev_joint_ab,label_bias,True,choice,Biased,__missing__,0
adaptation_discovery_v1,babe,discovery,llm_full_calibration_examples,label_bias,True,choice,Non-biased,Non-biased,82
adaptation_discovery_v1,babe,discovery,llm_full_calibration_examples,label_bias,True,choice,Non-biased,Biased,15
adaptation_discovery_v1,babe,discovery,llm_full_calibration_examples,label_bias,True,choice,Non-biased,__missing__,0
adaptation_discovery_v1,babe,discovery,llm_full_calibration_examples,label_bias,True,choice,Biased,Non-biased,18
adaptation_discovery_v1,babe,discovery,llm_full_calibration_examples,label_bias,True,choice,Biased,Biased,85
adaptation_discovery_v1,babe,discovery,llm_full_calibration_examples,label_bias,True,choice,Biased,__missing__,0
adaptation_discovery_v1,babe,discovery,llm_labeled_examples,label_bias,True,choice,Non-biased,Non-biased,79
adaptation_discovery_v1,babe,discovery,llm_labeled_examples,label_bias,True,choice,Non-biased,Biased,18
adaptation_discovery_v1,babe,discovery,llm_labeled_examples,label_bias,True,choice,Non-biased,__missing__,0
adaptation_discovery_v1,babe,discovery,llm_labeled_examples,label_bias,True,choice,Biased,Non-biased,16
adaptation_discovery_v1,babe,discovery,llm_labeled_examples,label_bias,True,choice,Biased,Biased,87
adaptation_discovery_v1,babe,discovery,llm_labeled_examples,label_bias,True,choice,Biased,__missing__,0
adaptation_discovery_v1,conflict,discovery,jev_joint_ab,rating_directness_content,True,choice,Yes - Direct Content,Yes - Direct Content,84
adaptation_discovery_v1,conflict,discovery,jev_joint_ab,rating_directness_content,True,choice,Yes - Direct Content,Neutral - Content contains no opinion,2
adaptation_discovery_v1,conflict,discovery,jev_joint_ab,rating_directness_content,True,choice,Yes - Direct Content,No - Indirect Content,6
adaptation_discovery_v1,conflict,discovery,jev_joint_ab,rating_directness_content,True,choice,Yes - Direct Content,__missing__,0
adaptation_discovery_v1,conflict,discovery,jev_joint_ab,rating_directness_content,True,choice,Neutral - Content contains no opinion,Yes - Direct Content,0
adaptation_discovery_v1,conflict,discovery,jev_joint_ab,rating_directness_content,True,choice,Neutral - Content contains no opinion,Neutral - Content contains no opinion,0
adaptation_discovery_v1,conflict,discovery,jev_joint_ab,rating_directness_content,True,choice,Neutral - Content contains no opinion,No - Indirect Content,0
adaptation_discovery_v1,conflict,discovery,jev_joint_ab,rating_directness_content,True,choice,Neutral - Content contains no opinion,__missing__,0
adaptation_discovery_v1,conflict,discovery,jev_joint_ab,rating_directness_content,True,choice,No - Indirect Content,Yes - Direct Content,0
adaptation_discovery_v1,conflict,discovery,jev_joint_ab,rating_directness_content,True,choice,No - Indirect Content,Neutral - Content contains no opinion,0
adaptation_discovery_v1,conflict,discovery,jev_joint_ab,rating_directness_content,True,choice,No - Indirect Content,No - Indirect Content,0
adaptation_discovery_v1,conflict,discovery,jev_joint_ab,rating_directness_content,True,choice,No - Indirect Content,__missing__,0
adaptation_discovery_v1,conflict,discovery,jev_joint_ab,rating_directness_expression,True,choice,Yes - Direct Expression,Yes - Direct Expression,80
adaptation_discovery_v1,conflict,discovery,jev_joint_ab,rating_directness_expression,True,choice,Yes - Direct Expression,No - Indirect Expression,7
adaptation_discovery_v1,conflict,discovery,jev_joint_ab,rating_directness_expression,True,choice,Yes - Direct Expression,__missing__,0
adaptation_discovery_v1,conflict,discovery,jev_joint_ab,rating_directness_expression,True,choice,No - Indirect Expression,Yes - Direct Expression,2
adaptation_discovery_v1,conflict,discovery,jev_joint_ab,rating_directness_expression,True,choice,No - Indirect Expression,No - Indirect Expression,3
adaptation_discovery_v1,conflict,discovery,jev_joint_ab,rating_directness_expression,True,choice,No - Indirect Expression,__missing__,0
adaptation_discovery_v1,conflict,discovery,jev_joint_ab,rating_OI_content,True,choice,Yes - Content opposes someone else,Yes - Content opposes someone else,75
adaptation_discovery_v1,conflict,discovery,jev_joint_ab,rating_OI_content,True,choice,Yes - Content opposes someone else,No - Content does not oppose anyone,15
adaptation_discovery_v1,conflict,discovery,jev_joint_ab,rating_OI_content,True,choice,Yes - Content opposes someone else,__missing__,0
adaptation_discovery_v1,conflict,discovery,jev_joint_ab,rating_OI_content,True,choice,No - Content does not oppose anyone,Yes - Content opposes someone else,0
adaptation_discovery_v1,conflict,discovery,jev_joint_ab,rating_OI_content,True,choice,No - Content does not oppose anyone,No - Content does not oppose anyone,2
adaptation_discovery_v1,conflict,discovery,jev_joint_ab,rating_OI_content,True,choice,No - Content does not oppose anyone,__missing__,0
adaptation_discovery_v1,conflict,discovery,jev_joint_ab,rating_OI_expression,True,choice,Yes - Expression is emotional/forceful,Yes - Expression is emotional/forceful,9
adaptation_discovery_v1,conflict,discovery,jev_joint_ab,rating_OI_expression,True,choice,Yes - Expression is emotional/forceful,No - Expression is not emotional/forceful,7
adaptation_discovery_v1,conflict,discovery,jev_joint_ab,rating_OI_expression,True,choice,Yes - Expression is emotional/forceful,__missing__,0
adaptation_discovery_v1,conflict,discovery,jev_joint_ab,rating_OI_expression,True,choice,No - Expression is not emotional/forceful,Yes - Expression is emotional/forceful,19
adaptation_discovery_v1,conflict,discovery,jev_joint_ab,rating_OI_expression,True,choice,No - Expression is not emotional/forceful,No - Expression is not emotional/forceful,57
adaptation_discovery_v1,conflict,discovery,jev_joint_ab,rating_OI_expression,True,choice,No - Expression is not emotional/forceful,__missing__,0
adaptation_discovery_v1,conflict,discovery,llm_full_calibration_examples,rating_directness_content,True,choice,Yes - Direct Content,Yes - Direct Content,92
adaptation_discovery_v1,conflict,discovery,llm_full_calibration_examples,rating_directness_content,True,choice,Yes - Direct Content,Neutral - Content contains no opinion,0
adaptation_discovery_v1,conflict,discovery,llm_full_calibration_examples,rating_directness_content,True,choice,Yes - Direct Content,No - Indirect Content,0
adaptation_discovery_v1,conflict,discovery,llm_full_calibration_examples,rating_directness_content,True,choice,Yes - Direct Content,__missing__,0
adaptation_discovery_v1,conflict,discovery,llm_full_calibration_examples,rating_directness_content,True,choice,Neutral - Content contains no opinion,Yes - Direct Content,0
adaptation_discovery_v1,conflict,discovery,llm_full_calibration_examples,rating_directness_content,True,choice,Neutral - Content contains no opinion,Neutral - Content contains no opinion,0
adaptation_discovery_v1,conflict,discovery,llm_full_calibration_examples,rating_directness_content,True,choice,Neutral - Content contains no opinion,No - Indirect Content,0
adaptation_discovery_v1,conflict,discovery,llm_full_calibration_examples,rating_directness_content,True,choice,Neutral - Content contains no opinion,__missing__,0
adaptation_discovery_v1,conflict,discovery,llm_full_calibration_examples,rating_directness_content,True,choice,No - Indirect Content,Yes - Direct Content,0
adaptation_discovery_v1,conflict,discovery,llm_full_calibration_examples,rating_directness_content,True,choice,No - Indirect Content,Neutral - Content contains no opinion,0
adaptation_discovery_v1,conflict,discovery,llm_full_calibration_examples,rating_directness_content,True,choice,No - Indirect Content,No - Indirect Content,0
adaptation_discovery_v1,conflict,discovery,llm_full_calibration_examples,rating_directness_content,True,choice,No - Indirect Content,__missing__,0
adaptation_discovery_v1,conflict,discovery,llm_full_calibration_examples,rating_directness_expression,True,choice,Yes - Direct Expression,Yes - Direct Expression,86
adaptation_discovery_v1,conflict,discovery,llm_full_calibration_examples,rating_directness_expression,True,choice,Yes - Direct Expression,No - Indirect Expression,1
adaptation_discovery_v1,conflict,discovery,llm_full_calibration_examples,rating_directness_expression,True,choice,Yes - Direct Expression,__missing__,0
adaptation_discovery_v1,conflict,discovery,llm_full_calibration_examples,rating_directness_expression,True,choice,No - Indirect Expression,Yes - Direct Expression,4
adaptation_discovery_v1,conflict,discovery,llm_full_calibration_examples,rating_directness_expression,True,choice,No - Indirect Expression,No - Indirect Expression,1
adaptation_discovery_v1,conflict,discovery,llm_full_calibration_examples,rating_directness_expression,True,choice,No - Indirect Expression,__missing__,0
adaptation_discovery_v1,conflict,discovery,llm_full_calibration_examples,rating_OI_content,True,choice,Yes - Content opposes someone else,Yes - Content opposes someone else,81
adaptation_discovery_v1,conflict,discovery,llm_full_calibration_examples,rating_OI_content,True,choice,Yes - Content opposes someone else,No - Content does not oppose anyone,9
adaptation_discovery_v1,conflict,discovery,llm_full_calibration_examples,rating_OI_content,True,choice,Yes - Content opposes someone else,__missing__,0
adaptation_discovery_v1,conflict,discovery,llm_full_calibration_examples,rating_OI_content,True,choice,No - Content does not oppose anyone,Yes - Content opposes someone else,1
adaptation_discovery_v1,conflict,discovery,llm_full_calibration_examples,rating_OI_content,True,choice,No - Content does not oppose anyone,No - Content does not oppose anyone,1
adaptation_discovery_v1,conflict,discovery,llm_full_calibration_examples,rating_OI_content,True,choice,No - Content does not oppose anyone,__missing__,0
adaptation_discovery_v1,conflict,discovery,llm_full_calibration_examples,rating_OI_expression,True,choice,Yes - Expression is emotional/forceful,Yes - Expression is emotional/forceful,3
adaptation_discovery_v1,conflict,discovery,llm_full_calibration_examples,rating_OI_expression,True,choice,Yes - Expression is emotional/forceful,No - Expression is not emotional/forceful,13
adaptation_discovery_v1,conflict,discovery,llm_full_calibration_examples,rating_OI_expression,True,choice,Yes - Expression is emotional/forceful,__missing__,0
adaptation_discovery_v1,conflict,discovery,llm_full_calibration_examples,rating_OI_expression,True,choice,No - Expression is not emotional/forceful,Yes - Expression is emotional/forceful,1
adaptation_discovery_v1,conflict,discovery,llm_full_calibration_examples,rating_OI_expression,True,choice,No - Expression is not emotional/forceful,No - Expression is not emotional/forceful,75
adaptation_discovery_v1,conflict,discovery,llm_full_calibration_examples,rating_OI_expression,True,choice,No - Expression is not emotional/forceful,__missing__,0
adaptation_discovery_v1,conflict,discovery,llm_labeled_examples,rating_directness_content,True,choice,Yes - Direct Content,Yes - Direct Content,91
adaptation_discovery_v1,conflict,discovery,llm_labeled_examples,rating_directness_content,True,choice,Yes - Direct Content,Neutral - Content contains no opinion,1
adaptation_discovery_v1,conflict,discovery,llm_labeled_examples,rating_directness_content,True,choice,Yes - Direct Content,No - Indirect Content,0
adaptation_discovery_v1,conflict,discovery,llm_labeled_examples,rating_directness_content,True,choice,Yes - Direct Content,__missing__,0
adaptation_discovery_v1,conflict,discovery,llm_labeled_examples,rating_directness_content,True,choice,Neutral - Content contains no opinion,Yes - Direct Content,0
adaptation_discovery_v1,conflict,discovery,llm_labeled_examples,rating_directness_content,True,choice,Neutral - Content contains no opinion,Neutral - Content contains no opinion,0
adaptation_discovery_v1,conflict,discovery,llm_labeled_examples,rating_directness_content,True,choice,Neutral - Content contains no opinion,No - Indirect Content,0
adaptation_discovery_v1,conflict,discovery,llm_labeled_examples,rating_directness_content,True,choice,Neutral - Content contains no opinion,__missing__,0
adaptation_discovery_v1,conflict,discovery,llm_labeled_examples,rating_directness_content,True,choice,No - Indirect Content,Yes - Direct Content,0
adaptation_discovery_v1,conflict,discovery,llm_labeled_examples,rating_directness_content,True,choice,No - Indirect Content,Neutral - Content contains no opinion,0
adaptation_discovery_v1,conflict,discovery,llm_labeled_examples,rating_directness_content,True,choice,No - Indirect Content,No - Indirect Content,0
adaptation_discovery_v1,conflict,discovery,llm_labeled_examples,rating_directness_content,True,choice,No - Indirect Content,__missing__,0
adaptation_discovery_v1,conflict,discovery,llm_labeled_examples,rating_directness_expression,True,choice,Yes - Direct Expression,Yes - Direct Expression,86
adaptation_discovery_v1,conflict,discovery,llm_labeled_examples,rating_directness_expression,True,choice,Yes - Direct Expression,No - Indirect Expression,1
adaptation_discovery_v1,conflict,discovery,llm_labeled_examples,rating_directness_expression,True,choice,Yes - Direct Expression,__missing__,0
adaptation_discovery_v1,conflict,discovery,llm_labeled_examples,rating_directness_expression,True,choice,No - Indirect Expression,Yes - Direct Expression,4
adaptation_discovery_v1,conflict,discovery,llm_labeled_examples,rating_directness_expression,True,choice,No - Indirect Expression,No - Indirect Expression,1
adaptation_discovery_v1,conflict,discovery,llm_labeled_examples,rating_directness_expression,True,choice,No - Indirect Expression,__missing__,0
adaptation_discovery_v1,conflict,discovery,llm_labeled_examples,rating_OI_content,True,choice,Yes - Content opposes someone else,Yes - Content opposes someone else,66
adaptation_discovery_v1,conflict,discovery,llm_labeled_examples,rating_OI_content,True,choice,Yes - Content opposes someone else,No - Content does not oppose anyone,24
adaptation_discovery_v1,conflict,discovery,llm_labeled_examples,rating_OI_content,True,choice,Yes - Content opposes someone else,__missing__,0
adaptation_discovery_v1,conflict,discovery,llm_labeled_examples,rating_OI_content,True,choice,No - Content does not oppose anyone,Yes - Content opposes someone else,0
adaptation_discovery_v1,conflict,discovery,llm_labeled_examples,rating_OI_content,True,choice,No - Content does not oppose anyone,No - Content does not oppose anyone,2
adaptation_discovery_v1,conflict,discovery,llm_labeled_examples,rating_OI_content,True,choice,No - Content does not oppose anyone,__missing__,0
adaptation_discovery_v1,conflict,discovery,llm_labeled_examples,rating_OI_expression,True,choice,Yes - Expression is emotional/forceful,Yes - Expression is emotional/forceful,5
adaptation_discovery_v1,conflict,discovery,llm_labeled_examples,rating_OI_expression,True,choice,Yes - Expression is emotional/forceful,No - Expression is not emotional/forceful,11
adaptation_discovery_v1,conflict,discovery,llm_labeled_examples,rating_OI_expression,True,choice,Yes - Expression is emotional/forceful,__missing__,0
adaptation_discovery_v1,conflict,discovery,llm_labeled_examples,rating_OI_expression,True,choice,No - Expression is not emotional/forceful,Yes - Expression is emotional/forceful,9
adaptation_discovery_v1,conflict,discovery,llm_labeled_examples,rating_OI_expression,True,choice,No - Expression is not emotional/forceful,No - Expression is not emotional/forceful,67
adaptation_discovery_v1,conflict,discovery,llm_labeled_examples,rating_OI_expression,True,choice,No - Expression is not emotional/forceful,__missing__,0
adaptation_discovery_v1,mbd,discovery,jev_joint_ab,type,True,choice,fact,fact,88
adaptation_discovery_v1,mbd,discovery,jev_joint_ab,type,True,choice,fact,opinion,3
adaptation_discovery_v1,mbd,discovery,jev_joint_ab,type,True,choice,fact,borderline,7
adaptation_discovery_v1,mbd,discovery,jev_joint_ab,type,True,choice,fact,quote,3
adaptation_discovery_v1,mbd,discovery,jev_joint_ab,type,True,choice,fact,other,5
adaptation_discovery_v1,mbd,discovery,jev_joint_ab,type,True,choice,fact,__missing__,0
adaptation_discovery_v1,mbd,discovery,jev_joint_ab,type,True,choice,opinion,fact,0
adaptation_discovery_v1,mbd,discovery,jev_joint_ab,type,True,choice,opinion,opinion,2
adaptation_discovery_v1,mbd,discovery,jev_joint_ab,type,True,choice,opinion,borderline,0
adaptation_discovery_v1,mbd,discovery,jev_joint_ab,type,True,choice,opinion,quote,2
adaptation_discovery_v1,mbd,discovery,jev_joint_ab,type,True,choice,opinion,other,0
adaptation_discovery_v1,mbd,discovery,jev_joint_ab,type,True,choice,opinion,__missing__,0
adaptation_discovery_v1,mbd,discovery,jev_joint_ab,type,True,choice,borderline,fact,0
adaptation_discovery_v1,mbd,discovery,jev_joint_ab,type,True,choice,borderline,opinion,0
adaptation_discovery_v1,mbd,discovery,jev_joint_ab,type,True,choice,borderline,borderline,1
adaptation_discovery_v1,mbd,discovery,jev_joint_ab,type,True,choice,borderline,quote,0
adaptation_discovery_v1,mbd,discovery,jev_joint_ab,type,True,choice,borderline,other,0
adaptation_discovery_v1,mbd,discovery,jev_joint_ab,type,True,choice,borderline,__missing__,0
adaptation_discovery_v1,mbd,discovery,jev_joint_ab,type,True,choice,quote,fact,3
adaptation_discovery_v1,mbd,discovery,jev_joint_ab,type,True,choice,quote,opinion,2
adaptation_discovery_v1,mbd,discovery,jev_joint_ab,type,True,choice,quote,borderline,1
adaptation_discovery_v1,mbd,discovery,jev_joint_ab,type,True,choice,quote,quote,67
adaptation_discovery_v1,mbd,discovery,jev_joint_ab,type,True,choice,quote,other,0
adaptation_discovery_v1,mbd,discovery,jev_joint_ab,type,True,choice,quote,__missing__,0
adaptation_discovery_v1,mbd,discovery,jev_joint_ab,type,True,choice,other,fact,7
adaptation_discovery_v1,mbd,discovery,jev_joint_ab,type,True,choice,other,opinion,0
adaptation_discovery_v1,mbd,discovery,jev_joint_ab,type,True,choice,other,borderline,0
adaptation_discovery_v1,mbd,discovery,jev_joint_ab,type,True,choice,other,quote,0
adaptation_discovery_v1,mbd,discovery,jev_joint_ab,type,True,choice,other,other,18
adaptation_discovery_v1,mbd,discovery,jev_joint_ab,type,True,choice,other,__missing__,0
adaptation_discovery_v1,mbd,discovery,jev_joint_ab,tone,True,choice,positive,positive,11
adaptation_discovery_v1,mbd,discovery,jev_joint_ab,tone,True,choice,positive,negative,0
adaptation_discovery_v1,mbd,discovery,jev_joint_ab,tone,True,choice,positive,neutral,1
adaptation_discovery_v1,mbd,discovery,jev_joint_ab,tone,True,choice,positive,__missing__,0
adaptation_discovery_v1,mbd,discovery,jev_joint_ab,tone,True,choice,negative,positive,0
adaptation_discovery_v1,mbd,discovery,jev_joint_ab,tone,True,choice,negative,negative,33
adaptation_discovery_v1,mbd,discovery,jev_joint_ab,tone,True,choice,negative,neutral,2
adaptation_discovery_v1,mbd,discovery,jev_joint_ab,tone,True,choice,negative,__missing__,0
adaptation_discovery_v1,mbd,discovery,jev_joint_ab,tone,True,choice,neutral,positive,23
adaptation_discovery_v1,mbd,discovery,jev_joint_ab,tone,True,choice,neutral,negative,14
adaptation_discovery_v1,mbd,discovery,jev_joint_ab,tone,True,choice,neutral,neutral,126
adaptation_discovery_v1,mbd,discovery,jev_joint_ab,tone,True,choice,neutral,__missing__,0
adaptation_discovery_v1,mbd,discovery,jev_joint_ab,focus,True,choice,democrat,democrat,12
adaptation_discovery_v1,mbd,discovery,jev_joint_ab,focus,True,choice,democrat,republican,0
adaptation_discovery_v1,mbd,discovery,jev_joint_ab,focus,True,choice,democrat,both,1
adaptation_discovery_v1,mbd,discovery,jev_joint_ab,focus,True,choice,democrat,neither,2
adaptation_discovery_v1,mbd,discovery,jev_joint_ab,focus,True,choice,democrat,__missing__,0
adaptation_discovery_v1,mbd,discovery,jev_joint_ab,focus,True,choice,republican,democrat,0
adaptation_discovery_v1,mbd,discovery,jev_joint_ab,focus,True,choice,republican,republican,24
adaptation_discovery_v1,mbd,discovery,jev_joint_ab,focus,True,choice,republican,both,1
adaptation_discovery_v1,mbd,discovery,jev_joint_ab,focus,True,choice,republican,neither,9
adaptation_discovery_v1,mbd,discovery,jev_joint_ab,focus,True,choice,republican,__missing__,0
adaptation_discovery_v1,mbd,discovery,jev_joint_ab,focus,True,choice,both,democrat,3
adaptation_discovery_v1,mbd,discovery,jev_joint_ab,focus,True,choice,both,republican,0
adaptation_discovery_v1,mbd,discovery,jev_joint_ab,focus,True,choice,both,both,7
adaptation_discovery_v1,mbd,discovery,jev_joint_ab,focus,True,choice,both,neither,1
adaptation_discovery_v1,mbd,discovery,jev_joint_ab,focus,True,choice,both,__missing__,0
adaptation_discovery_v1,mbd,discovery,jev_joint_ab,focus,True,choice,neither,democrat,1
adaptation_discovery_v1,mbd,discovery,jev_joint_ab,focus,True,choice,neither,republican,0
adaptation_discovery_v1,mbd,discovery,jev_joint_ab,focus,True,choice,neither,both,1
adaptation_discovery_v1,mbd,discovery,jev_joint_ab,focus,True,choice,neither,neither,142
adaptation_discovery_v1,mbd,discovery,jev_joint_ab,focus,True,choice,neither,__missing__,0
adaptation_discovery_v1,mbd,discovery,llm_full_calibration_examples,type,True,choice,fact,fact,91
adaptation_discovery_v1,mbd,discovery,llm_full_calibration_examples,type,True,choice,fact,opinion,4
adaptation_discovery_v1,mbd,discovery,llm_full_calibration_examples,type,True,choice,fact,borderline,0
adaptation_discovery_v1,mbd,discovery,llm_full_calibration_examples,type,True,choice,fact,quote,5
adaptation_discovery_v1,mbd,discovery,llm_full_calibration_examples,type,True,choice,fact,other,6
adaptation_discovery_v1,mbd,discovery,llm_full_calibration_examples,type,True,choice,fact,__missing__,0
adaptation_discovery_v1,mbd,discovery,llm_full_calibration_examples,type,True,choice,opinion,fact,1
adaptation_discovery_v1,mbd,discovery,llm_full_calibration_examples,type,True,choice,opinion,opinion,1
adaptation_discovery_v1,mbd,discovery,llm_full_calibration_examples,type,True,choice,opinion,borderline,0
adaptation_discovery_v1,mbd,discovery,llm_full_calibration_examples,type,True,choice,opinion,quote,2
adaptation_discovery_v1,mbd,discovery,llm_full_calibration_examples,type,True,choice,opinion,other,0
adaptation_discovery_v1,mbd,discovery,llm_full_calibration_examples,type,True,choice,opinion,__missing__,0
adaptation_discovery_v1,mbd,discovery,llm_full_calibration_examples,type,True,choice,borderline,fact,1
adaptation_discovery_v1,mbd,discovery,llm_full_calibration_examples,type,True,choice,borderline,opinion,0
adaptation_discovery_v1,mbd,discovery,llm_full_calibration_examples,type,True,choice,borderline,borderline,0
adaptation_discovery_v1,mbd,discovery,llm_full_calibration_examples,type,True,choice,borderline,quote,0
adaptation_discovery_v1,mbd,discovery,llm_full_calibration_examples,type,True,choice,borderline,other,0
adaptation_discovery_v1,mbd,discovery,llm_full_calibration_examples,type,True,choice,borderline,__missing__,0
adaptation_discovery_v1,mbd,discovery,llm_full_calibration_examples,type,True,choice,quote,fact,6
adaptation_discovery_v1,mbd,discovery,llm_full_calibration_examples,type,True,choice,quote,opinion,2
adaptation_discovery_v1,mbd,discovery,llm_full_calibration_examples,type,True,choice,quote,borderline,0
adaptation_discovery_v1,mbd,discovery,llm_full_calibration_examples,type,True,choice,quote,quote,65
adaptation_discovery_v1,mbd,discovery,llm_full_calibration_examples,type,True,choice,quote,other,0
adaptation_discovery_v1,mbd,discovery,llm_full_calibration_examples,type,True,choice,quote,__missing__,0
adaptation_discovery_v1,mbd,discovery,llm_full_calibration_examples,type,True,choice,other,fact,1
adaptation_discovery_v1,mbd,discovery,llm_full_calibration_examples,type,True,choice,other,opinion,0
adaptation_discovery_v1,mbd,discovery,llm_full_calibration_examples,type,True,choice,other,borderline,0
adaptation_discovery_v1,mbd,discovery,llm_full_calibration_examples,type,True,choice,other,quote,0
adaptation_discovery_v1,mbd,discovery,llm_full_calibration_examples,type,True,choice,other,other,24
adaptation_discovery_v1,mbd,discovery,llm_full_calibration_examples,type,True,choice,other,__missing__,0
adaptation_discovery_v1,mbd,discovery,llm_full_calibration_examples,tone,True,choice,positive,positive,7
adaptation_discovery_v1,mbd,discovery,llm_full_calibration_examples,tone,True,choice,positive,negative,0
adaptation_discovery_v1,mbd,discovery,llm_full_calibration_examples,tone,True,choice,positive,neutral,5
adaptation_discovery_v1,mbd,discovery,llm_full_calibration_examples,tone,True,choice,positive,__missing__,0
adaptation_discovery_v1,mbd,discovery,llm_full_calibration_examples,tone,True,choice,negative,positive,0
adaptation_discovery_v1,mbd,discovery,llm_full_calibration_examples,tone,True,choice,negative,negative,23
adaptation_discovery_v1,mbd,discovery,llm_full_calibration_examples,tone,True,choice,negative,neutral,12
adaptation_discovery_v1,mbd,discovery,llm_full_calibration_examples,tone,True,choice,negative,__missing__,0
adaptation_discovery_v1,mbd,discovery,llm_full_calibration_examples,tone,True,choice,neutral,positive,4
adaptation_discovery_v1,mbd,discovery,llm_full_calibration_examples,tone,True,choice,neutral,negative,6
adaptation_discovery_v1,mbd,discovery,llm_full_calibration_examples,tone,True,choice,neutral,neutral,153
adaptation_discovery_v1,mbd,discovery,llm_full_calibration_examples,tone,True,choice,neutral,__missing__,0
adaptation_discovery_v1,mbd,discovery,llm_full_calibration_examples,focus,True,choice,democrat,democrat,12
adaptation_discovery_v1,mbd,discovery,llm_full_calibration_examples,focus,True,choice,democrat,republican,0
adaptation_discovery_v1,mbd,discovery,llm_full_calibration_examples,focus,True,choice,democrat,both,2
adaptation_discovery_v1,mbd,discovery,llm_full_calibration_examples,focus,True,choice,democrat,neither,1
adaptation_discovery_v1,mbd,discovery,llm_full_calibration_examples,focus,True,choice,democrat,__missing__,0
adaptation_discovery_v1,mbd,discovery,llm_full_calibration_examples,focus,True,choice,republican,democrat,0
adaptation_discovery_v1,mbd,discovery,llm_full_calibration_examples,focus,True,choice,republican,republican,19
adaptation_discovery_v1,mbd,discovery,llm_full_calibration_examples,focus,True,choice,republican,both,3
adaptation_discovery_v1,mbd,discovery,llm_full_calibration_examples,focus,True,choice,republican,neither,12
adaptation_discovery_v1,mbd,discovery,llm_full_calibration_examples,focus,True,choice,republican,__missing__,0
adaptation_discovery_v1,mbd,discovery,llm_full_calibration_examples,focus,True,choice,both,democrat,1
adaptation_discovery_v1,mbd,discovery,llm_full_calibration_examples,focus,True,choice,both,republican,0
adaptation_discovery_v1,mbd,discovery,llm_full_calibration_examples,focus,True,choice,both,both,8
adaptation_discovery_v1,mbd,discovery,llm_full_calibration_examples,focus,True,choice,both,neither,2
adaptation_discovery_v1,mbd,discovery,llm_full_calibration_examples,focus,True,choice,both,__missing__,0
adaptation_discovery_v1,mbd,discovery,llm_full_calibration_examples,focus,True,choice,neither,democrat,0
adaptation_discovery_v1,mbd,discovery,llm_full_calibration_examples,focus,True,choice,neither,republican,0
adaptation_discovery_v1,mbd,discovery,llm_full_calibration_examples,focus,True,choice,neither,both,1
adaptation_discovery_v1,mbd,discovery,llm_full_calibration_examples,focus,True,choice,neither,neither,143
adaptation_discovery_v1,mbd,discovery,llm_full_calibration_examples,focus,True,choice,neither,__missing__,0
adaptation_discovery_v1,mbd,discovery,llm_labeled_examples,type,True,choice,fact,fact,87
adaptation_discovery_v1,mbd,discovery,llm_labeled_examples,type,True,choice,fact,opinion,4
adaptation_discovery_v1,mbd,discovery,llm_labeled_examples,type,True,choice,fact,borderline,1
adaptation_discovery_v1,mbd,discovery,llm_labeled_examples,type,True,choice,fact,quote,4
adaptation_discovery_v1,mbd,discovery,llm_labeled_examples,type,True,choice,fact,other,10
adaptation_discovery_v1,mbd,discovery,llm_labeled_examples,type,True,choice,fact,__missing__,0
adaptation_discovery_v1,mbd,discovery,llm_labeled_examples,type,True,choice,opinion,fact,0
adaptation_discovery_v1,mbd,discovery,llm_labeled_examples,type,True,choice,opinion,opinion,2
adaptation_discovery_v1,mbd,discovery,llm_labeled_examples,type,True,choice,opinion,borderline,0
adaptation_discovery_v1,mbd,discovery,llm_labeled_examples,type,True,choice,opinion,quote,2
adaptation_discovery_v1,mbd,discovery,llm_labeled_examples,type,True,choice,opinion,other,0
adaptation_discovery_v1,mbd,discovery,llm_labeled_examples,type,True,choice,opinion,__missing__,0
adaptation_discovery_v1,mbd,discovery,llm_labeled_examples,type,True,choice,borderline,fact,1
adaptation_discovery_v1,mbd,discovery,llm_labeled_examples,type,True,choice,borderline,opinion,0
adaptation_discovery_v1,mbd,discovery,llm_labeled_examples,type,True,choice,borderline,borderline,0
adaptation_discovery_v1,mbd,discovery,llm_labeled_examples,type,True,choice,borderline,quote,0
adaptation_discovery_v1,mbd,discovery,llm_labeled_examples,type,True,choice,borderline,other,0
adaptation_discovery_v1,mbd,discovery,llm_labeled_examples,type,True,choice,borderline,__missing__,0
adaptation_discovery_v1,mbd,discovery,llm_labeled_examples,type,True,choice,quote,fact,6
adaptation_discovery_v1,mbd,discovery,llm_labeled_examples,type,True,choice,quote,opinion,2
adaptation_discovery_v1,mbd,discovery,llm_labeled_examples,type,True,choice,quote,borderline,0
adaptation_discovery_v1,mbd,discovery,llm_labeled_examples,type,True,choice,quote,quote,65
adaptation_discovery_v1,mbd,discovery,llm_labeled_examples,type,True,choice,quote,other,0
adaptation_discovery_v1,mbd,discovery,llm_labeled_examples,type,True,choice,quote,__missing__,0
adaptation_discovery_v1,mbd,discovery,llm_labeled_examples,type,True,choice,other,fact,2
adaptation_discovery_v1,mbd,discovery,llm_labeled_examples,type,True,choice,other,opinion,0
adaptation_discovery_v1,mbd,discovery,llm_labeled_examples,type,True,choice,other,borderline,0
adaptation_discovery_v1,mbd,discovery,llm_labeled_examples,type,True,choice,other,quote,0
adaptation_discovery_v1,mbd,discovery,llm_labeled_examples,type,True,choice,other,other,23
adaptation_discovery_v1,mbd,discovery,llm_labeled_examples,type,True,choice,other,__missing__,0
adaptation_discovery_v1,mbd,discovery,llm_labeled_examples,tone,True,choice,positive,positive,9
adaptation_discovery_v1,mbd,discovery,llm_labeled_examples,tone,True,choice,positive,negative,0
adaptation_discovery_v1,mbd,discovery,llm_labeled_examples,tone,True,choice,positive,neutral,3
adaptation_discovery_v1,mbd,discovery,llm_labeled_examples,tone,True,choice,positive,__missing__,0
adaptation_discovery_v1,mbd,discovery,llm_labeled_examples,tone,True,choice,negative,positive,0
adaptation_discovery_v1,mbd,discovery,llm_labeled_examples,tone,True,choice,negative,negative,26
adaptation_discovery_v1,mbd,discovery,llm_labeled_examples,tone,True,choice,negative,neutral,9
adaptation_discovery_v1,mbd,discovery,llm_labeled_examples,tone,True,choice,negative,__missing__,0
adaptation_discovery_v1,mbd,discovery,llm_labeled_examples,tone,True,choice,neutral,positive,12
adaptation_discovery_v1,mbd,discovery,llm_labeled_examples,tone,True,choice,neutral,negative,10
adaptation_discovery_v1,mbd,discovery,llm_labeled_examples,tone,True,choice,neutral,neutral,141
adaptation_discovery_v1,mbd,discovery,llm_labeled_examples,tone,True,choice,neutral,__missing__,0
adaptation_discovery_v1,mbd,discovery,llm_labeled_examples,focus,True,choice,democrat,democrat,10
adaptation_discovery_v1,mbd,discovery,llm_labeled_examples,focus,True,choice,democrat,republican,0
adaptation_discovery_v1,mbd,discovery,llm_labeled_examples,focus,True,choice,democrat,both,2
adaptation_discovery_v1,mbd,discovery,llm_labeled_examples,focus,True,choice,democrat,neither,3
adaptation_discovery_v1,mbd,discovery,llm_labeled_examples,focus,True,choice,democrat,__missing__,0
adaptation_discovery_v1,mbd,discovery,llm_labeled_examples,focus,True,choice,republican,democrat,0
adaptation_discovery_v1,mbd,discovery,llm_labeled_examples,focus,True,choice,republican,republican,16
adaptation_discovery_v1,mbd,discovery,llm_labeled_examples,focus,True,choice,republican,both,3
adaptation_discovery_v1,mbd,discovery,llm_labeled_examples,focus,True,choice,republican,neither,15
adaptation_discovery_v1,mbd,discovery,llm_labeled_examples,focus,True,choice,republican,__missing__,0
adaptation_discovery_v1,mbd,discovery,llm_labeled_examples,focus,True,choice,both,democrat,1
adaptation_discovery_v1,mbd,discovery,llm_labeled_examples,focus,True,choice,both,republican,1
adaptation_discovery_v1,mbd,discovery,llm_labeled_examples,focus,True,choice,both,both,8
adaptation_discovery_v1,mbd,discovery,llm_labeled_examples,focus,True,choice,both,neither,1
adaptation_discovery_v1,mbd,discovery,llm_labeled_examples,focus,True,choice,both,__missing__,0
adaptation_discovery_v1,mbd,discovery,llm_labeled_examples,focus,True,choice,neither,democrat,0
adaptation_discovery_v1,mbd,discovery,llm_labeled_examples,focus,True,choice,neither,republican,0
adaptation_discovery_v1,mbd,discovery,llm_labeled_examples,focus,True,choice,neither,both,0
adaptation_discovery_v1,mbd,discovery,llm_labeled_examples,focus,True,choice,neither,neither,144
adaptation_discovery_v1,mbd,discovery,llm_labeled_examples,focus,True,choice,neither,__missing__,0
adaptation_discovery_v1,ucc,discovery,jev_joint_ab,healthy,True,choice,0,0,13
adaptation_discovery_v1,ucc,discovery,jev_joint_ab,healthy,True,choice,0,1,5
adaptation_discovery_v1,ucc,discovery,jev_joint_ab,healthy,True,choice,0,__missing__,0
adaptation_discovery_v1,ucc,discovery,jev_joint_ab,healthy,True,choice,1,0,97
adaptation_discovery_v1,ucc,discovery,jev_joint_ab,healthy,True,choice,1,1,95
adaptation_discovery_v1,ucc,discovery,jev_joint_ab,healthy,True,choice,1,__missing__,0
adaptation_discovery_v1,ucc,discovery,jev_joint_ab,sarcastic,True,choice,0,0,124
adaptation_discovery_v1,ucc,discovery,jev_joint_ab,sarcastic,True,choice,0,1,81
adaptation_discovery_v1,ucc,discovery,jev_joint_ab,sarcastic,True,choice,0,__missing__,0
adaptation_discovery_v1,ucc,discovery,jev_joint_ab,sarcastic,True,choice,1,0,2
adaptation_discovery_v1,ucc,discovery,jev_joint_ab,sarcastic,True,choice,1,1,3
adaptation_discovery_v1,ucc,discovery,jev_joint_ab,sarcastic,True,choice,1,__missing__,0
adaptation_discovery_v1,ucc,discovery,jev_joint_ab,generalisation,False,choice,0,0,182
adaptation_discovery_v1,ucc,discovery,jev_joint_ab,generalisation,False,choice,0,1,25
adaptation_discovery_v1,ucc,discovery,jev_joint_ab,generalisation,False,choice,0,__missing__,0
adaptation_discovery_v1,ucc,discovery,jev_joint_ab,generalisation,False,choice,1,0,0
adaptation_discovery_v1,ucc,discovery,jev_joint_ab,generalisation,False,choice,1,1,3
adaptation_discovery_v1,ucc,discovery,jev_joint_ab,generalisation,False,choice,1,__missing__,0
adaptation_discovery_v1,ucc,discovery,jev_joint_ab,generalisation_unfair,True,choice,0,0,185
adaptation_discovery_v1,ucc,discovery,jev_joint_ab,generalisation_unfair,True,choice,0,1,22
adaptation_discovery_v1,ucc,discovery,jev_joint_ab,generalisation_unfair,True,choice,0,__missing__,0
adaptation_discovery_v1,ucc,discovery,jev_joint_ab,generalisation_unfair,True,choice,1,0,0
adaptation_discovery_v1,ucc,discovery,jev_joint_ab,generalisation_unfair,True,choice,1,1,3
adaptation_discovery_v1,ucc,discovery,jev_joint_ab,generalisation_unfair,True,choice,1,__missing__,0
adaptation_discovery_v1,ucc,discovery,jev_joint_ab,hostile,True,choice,0,0,149
adaptation_discovery_v1,ucc,discovery,jev_joint_ab,hostile,True,choice,0,1,59
adaptation_discovery_v1,ucc,discovery,jev_joint_ab,hostile,True,choice,0,__missing__,0
adaptation_discovery_v1,ucc,discovery,jev_joint_ab,hostile,True,choice,1,0,0
adaptation_discovery_v1,ucc,discovery,jev_joint_ab,hostile,True,choice,1,1,2
adaptation_discovery_v1,ucc,discovery,jev_joint_ab,hostile,True,choice,1,__missing__,0
adaptation_discovery_v1,ucc,discovery,jev_joint_ab,antagonize,True,choice,0,0,112
adaptation_discovery_v1,ucc,discovery,jev_joint_ab,antagonize,True,choice,0,1,91
adaptation_discovery_v1,ucc,discovery,jev_joint_ab,antagonize,True,choice,0,__missing__,0
adaptation_discovery_v1,ucc,discovery,jev_joint_ab,antagonize,True,choice,1,0,2
adaptation_discovery_v1,ucc,discovery,jev_joint_ab,antagonize,True,choice,1,1,5
adaptation_discovery_v1,ucc,discovery,jev_joint_ab,antagonize,True,choice,1,__missing__,0
adaptation_discovery_v1,ucc,discovery,jev_joint_ab,condescending,True,choice,0,0,128
adaptation_discovery_v1,ucc,discovery,jev_joint_ab,condescending,True,choice,0,1,78
adaptation_discovery_v1,ucc,discovery,jev_joint_ab,condescending,True,choice,0,__missing__,0
adaptation_discovery_v1,ucc,discovery,jev_joint_ab,condescending,True,choice,1,0,1
adaptation_discovery_v1,ucc,discovery,jev_joint_ab,condescending,True,choice,1,1,3
adaptation_discovery_v1,ucc,discovery,jev_joint_ab,condescending,True,choice,1,__missing__,0
adaptation_discovery_v1,ucc,discovery,jev_joint_ab,dismissive,True,choice,0,0,122
adaptation_discovery_v1,ucc,discovery,jev_joint_ab,dismissive,True,choice,0,1,85
adaptation_discovery_v1,ucc,discovery,jev_joint_ab,dismissive,True,choice,0,__missing__,0
adaptation_discovery_v1,ucc,discovery,jev_joint_ab,dismissive,True,choice,1,0,1
adaptation_discovery_v1,ucc,discovery,jev_joint_ab,dismissive,True,choice,1,1,2
adaptation_discovery_v1,ucc,discovery,jev_joint_ab,dismissive,True,choice,1,__missing__,0
adaptation_discovery_v1,ucc,discovery,llm_full_calibration_examples,healthy,True,choice,0,0,6
adaptation_discovery_v1,ucc,discovery,llm_full_calibration_examples,healthy,True,choice,0,1,12
adaptation_discovery_v1,ucc,discovery,llm_full_calibration_examples,healthy,True,choice,0,__missing__,0
adaptation_discovery_v1,ucc,discovery,llm_full_calibration_examples,healthy,True,choice,1,0,17
adaptation_discovery_v1,ucc,discovery,llm_full_calibration_examples,healthy,True,choice,1,1,175
adaptation_discovery_v1,ucc,discovery,llm_full_calibration_examples,healthy,True,choice,1,__missing__,0
adaptation_discovery_v1,ucc,discovery,llm_full_calibration_examples,sarcastic,True,choice,0,0,186
adaptation_discovery_v1,ucc,discovery,llm_full_calibration_examples,sarcastic,True,choice,0,1,19
adaptation_discovery_v1,ucc,discovery,llm_full_calibration_examples,sarcastic,True,choice,0,__missing__,0
adaptation_discovery_v1,ucc,discovery,llm_full_calibration_examples,sarcastic,True,choice,1,0,4
adaptation_discovery_v1,ucc,discovery,llm_full_calibration_examples,sarcastic,True,choice,1,1,1
adaptation_discovery_v1,ucc,discovery,llm_full_calibration_examples,sarcastic,True,choice,1,__missing__,0
adaptation_discovery_v1,ucc,discovery,llm_full_calibration_examples,generalisation,False,choice,0,0,205
adaptation_discovery_v1,ucc,discovery,llm_full_calibration_examples,generalisation,False,choice,0,1,2
adaptation_discovery_v1,ucc,discovery,llm_full_calibration_examples,generalisation,False,choice,0,__missing__,0
adaptation_discovery_v1,ucc,discovery,llm_full_calibration_examples,generalisation,False,choice,1,0,3
adaptation_discovery_v1,ucc,discovery,llm_full_calibration_examples,generalisation,False,choice,1,1,0
adaptation_discovery_v1,ucc,discovery,llm_full_calibration_examples,generalisation,False,choice,1,__missing__,0
adaptation_discovery_v1,ucc,discovery,llm_full_calibration_examples,generalisation_unfair,True,choice,0,0,205
adaptation_discovery_v1,ucc,discovery,llm_full_calibration_examples,generalisation_unfair,True,choice,0,1,2
adaptation_discovery_v1,ucc,discovery,llm_full_calibration_examples,generalisation_unfair,True,choice,0,__missing__,0
adaptation_discovery_v1,ucc,discovery,llm_full_calibration_examples,generalisation_unfair,True,choice,1,0,3
adaptation_discovery_v1,ucc,discovery,llm_full_calibration_examples,generalisation_unfair,True,choice,1,1,0
adaptation_discovery_v1,ucc,discovery,llm_full_calibration_examples,generalisation_unfair,True,choice,1,__missing__,0
adaptation_discovery_v1,ucc,discovery,llm_full_calibration_examples,hostile,True,choice,0,0,186
adaptation_discovery_v1,ucc,discovery,llm_full_calibration_examples,hostile,True,choice,0,1,22
adaptation_discovery_v1,ucc,discovery,llm_full_calibration_examples,hostile,True,choice,0,__missing__,0
adaptation_discovery_v1,ucc,discovery,llm_full_calibration_examples,hostile,True,choice,1,0,1
adaptation_discovery_v1,ucc,discovery,llm_full_calibration_examples,hostile,True,choice,1,1,1
adaptation_discovery_v1,ucc,discovery,llm_full_calibration_examples,hostile,True,choice,1,__missing__,0
adaptation_discovery_v1,ucc,discovery,llm_full_calibration_examples,antagonize,True,choice,0,0,185
adaptation_discovery_v1,ucc,discovery,llm_full_calibration_examples,antagonize,True,choice,0,1,18
adaptation_discovery_v1,ucc,discovery,llm_full_calibration_examples,antagonize,True,choice,0,__missing__,0
adaptation_discovery_v1,ucc,discovery,llm_full_calibration_examples,antagonize,True,choice,1,0,2
adaptation_discovery_v1,ucc,discovery,llm_full_calibration_examples,antagonize,True,choice,1,1,5
adaptation_discovery_v1,ucc,discovery,llm_full_calibration_examples,antagonize,True,choice,1,__missing__,0
adaptation_discovery_v1,ucc,discovery,llm_full_calibration_examples,condescending,True,choice,0,0,182
adaptation_discovery_v1,ucc,discovery,llm_full_calibration_examples,condescending,True,choice,0,1,24
adaptation_discovery_v1,ucc,discovery,llm_full_calibration_examples,condescending,True,choice,0,__missing__,0
adaptation_discovery_v1,ucc,discovery,llm_full_calibration_examples,condescending,True,choice,1,0,1
adaptation_discovery_v1,ucc,discovery,llm_full_calibration_examples,condescending,True,choice,1,1,3
adaptation_discovery_v1,ucc,discovery,llm_full_calibration_examples,condescending,True,choice,1,__missing__,0
adaptation_discovery_v1,ucc,discovery,llm_full_calibration_examples,dismissive,True,choice,0,0,184
adaptation_discovery_v1,ucc,discovery,llm_full_calibration_examples,dismissive,True,choice,0,1,23
adaptation_discovery_v1,ucc,discovery,llm_full_calibration_examples,dismissive,True,choice,0,__missing__,0
adaptation_discovery_v1,ucc,discovery,llm_full_calibration_examples,dismissive,True,choice,1,0,3
adaptation_discovery_v1,ucc,discovery,llm_full_calibration_examples,dismissive,True,choice,1,1,0
adaptation_discovery_v1,ucc,discovery,llm_full_calibration_examples,dismissive,True,choice,1,__missing__,0
adaptation_discovery_v1,ucc,discovery,llm_labeled_examples,healthy,True,choice,0,0,7
adaptation_discovery_v1,ucc,discovery,llm_labeled_examples,healthy,True,choice,0,1,11
adaptation_discovery_v1,ucc,discovery,llm_labeled_examples,healthy,True,choice,0,__missing__,0
adaptation_discovery_v1,ucc,discovery,llm_labeled_examples,healthy,True,choice,1,0,30
adaptation_discovery_v1,ucc,discovery,llm_labeled_examples,healthy,True,choice,1,1,162
adaptation_discovery_v1,ucc,discovery,llm_labeled_examples,healthy,True,choice,1,__missing__,0
adaptation_discovery_v1,ucc,discovery,llm_labeled_examples,sarcastic,True,choice,0,0,171
adaptation_discovery_v1,ucc,discovery,llm_labeled_examples,sarcastic,True,choice,0,1,34
adaptation_discovery_v1,ucc,discovery,llm_labeled_examples,sarcastic,True,choice,0,__missing__,0
adaptation_discovery_v1,ucc,discovery,llm_labeled_examples,sarcastic,True,choice,1,0,3
adaptation_discovery_v1,ucc,discovery,llm_labeled_examples,sarcastic,True,choice,1,1,2
adaptation_discovery_v1,ucc,discovery,llm_labeled_examples,sarcastic,True,choice,1,__missing__,0
adaptation_discovery_v1,ucc,discovery,llm_labeled_examples,generalisation,False,choice,0,0,194
adaptation_discovery_v1,ucc,discovery,llm_labeled_examples,generalisation,False,choice,0,1,13
adaptation_discovery_v1,ucc,discovery,llm_labeled_examples,generalisation,False,choice,0,__missing__,0
adaptation_discovery_v1,ucc,discovery,llm_labeled_examples,generalisation,False,choice,1,0,2
adaptation_discovery_v1,ucc,discovery,llm_labeled_examples,generalisation,False,choice,1,1,1
adaptation_discovery_v1,ucc,discovery,llm_labeled_examples,generalisation,False,choice,1,__missing__,0
adaptation_discovery_v1,ucc,discovery,llm_labeled_examples,generalisation_unfair,True,choice,0,0,196
adaptation_discovery_v1,ucc,discovery,llm_labeled_examples,generalisation_unfair,True,choice,0,1,11
adaptation_discovery_v1,ucc,discovery,llm_labeled_examples,generalisation_unfair,True,choice,0,__missing__,0
adaptation_discovery_v1,ucc,discovery,llm_labeled_examples,generalisation_unfair,True,choice,1,0,2
adaptation_discovery_v1,ucc,discovery,llm_labeled_examples,generalisation_unfair,True,choice,1,1,1
adaptation_discovery_v1,ucc,discovery,llm_labeled_examples,generalisation_unfair,True,choice,1,__missing__,0
adaptation_discovery_v1,ucc,discovery,llm_labeled_examples,hostile,True,choice,0,0,174
adaptation_discovery_v1,ucc,discovery,llm_labeled_examples,hostile,True,choice,0,1,34
adaptation_discovery_v1,ucc,discovery,llm_labeled_examples,hostile,True,choice,0,__missing__,0
adaptation_discovery_v1,ucc,discovery,llm_labeled_examples,hostile,True,choice,1,0,1
adaptation_discovery_v1,ucc,discovery,llm_labeled_examples,hostile,True,choice,1,1,1
adaptation_discovery_v1,ucc,discovery,llm_labeled_examples,hostile,True,choice,1,__missing__,0
adaptation_discovery_v1,ucc,discovery,llm_labeled_examples,antagonize,True,choice,0,0,175
adaptation_discovery_v1,ucc,discovery,llm_labeled_examples,antagonize,True,choice,0,1,28
adaptation_discovery_v1,ucc,discovery,llm_labeled_examples,antagonize,True,choice,0,__missing__,0
adaptation_discovery_v1,ucc,discovery,llm_labeled_examples,antagonize,True,choice,1,0,1
adaptation_discovery_v1,ucc,discovery,llm_labeled_examples,antagonize,True,choice,1,1,6
adaptation_discovery_v1,ucc,discovery,llm_labeled_examples,antagonize,True,choice,1,__missing__,0
adaptation_discovery_v1,ucc,discovery,llm_labeled_examples,condescending,True,choice,0,0,164
adaptation_discovery_v1,ucc,discovery,llm_labeled_examples,condescending,True,choice,0,1,42
adaptation_discovery_v1,ucc,discovery,llm_labeled_examples,condescending,True,choice,0,__missing__,0
adaptation_discovery_v1,ucc,discovery,llm_labeled_examples,condescending,True,choice,1,0,0
adaptation_discovery_v1,ucc,discovery,llm_labeled_examples,condescending,True,choice,1,1,4
adaptation_discovery_v1,ucc,discovery,llm_labeled_examples,condescending,True,choice,1,__missing__,0
adaptation_discovery_v1,ucc,discovery,llm_labeled_examples,dismissive,True,choice,0,0,169
adaptation_discovery_v1,ucc,discovery,llm_labeled_examples,dismissive,True,choice,0,1,38
adaptation_discovery_v1,ucc,discovery,llm_labeled_examples,dismissive,True,choice,0,__missing__,0
adaptation_discovery_v1,ucc,discovery,llm_labeled_examples,dismissive,True,choice,1,0,3
adaptation_discovery_v1,ucc,discovery,llm_labeled_examples,dismissive,True,choice,1,1,0
adaptation_discovery_v1,ucc,discovery,llm_labeled_examples,dismissive,True,choice,1,__missing__,0
cache_prefix_diagnostic_v1,babe,diagnostic,llm_direct_cached_prefix,label_bias,True,choice,Non-biased,Non-biased,148
cache_prefix_diagnostic_v1,babe,diagnostic,llm_direct_cached_prefix,label_bias,True,choice,Non-biased,Biased,55
cache_prefix_diagnostic_v1,babe,diagnostic,llm_direct_cached_prefix,label_bias,True,choice,Non-biased,__missing__,308
cache_prefix_diagnostic_v1,babe,diagnostic,llm_direct_cached_prefix,label_bias,True,choice,Biased,Non-biased,24
cache_prefix_diagnostic_v1,babe,diagnostic,llm_direct_cached_prefix,label_bias,True,choice,Biased,Biased,165
cache_prefix_diagnostic_v1,babe,diagnostic,llm_direct_cached_prefix,label_bias,True,choice,Biased,__missing__,300
cache_prefix_diagnostic_v1,babe,diagnostic,llm_full_examples_cached_prefix,label_bias,True,choice,Non-biased,Non-biased,108
cache_prefix_diagnostic_v1,babe,diagnostic,llm_full_examples_cached_prefix,label_bias,True,choice,Non-biased,Biased,30
cache_prefix_diagnostic_v1,babe,diagnostic,llm_full_examples_cached_prefix,label_bias,True,choice,Non-biased,__missing__,373
cache_prefix_diagnostic_v1,babe,diagnostic,llm_full_examples_cached_prefix,label_bias,True,choice,Biased,Non-biased,28
cache_prefix_diagnostic_v1,babe,diagnostic,llm_full_examples_cached_prefix,label_bias,True,choice,Biased,Biased,98
cache_prefix_diagnostic_v1,babe,diagnostic,llm_full_examples_cached_prefix,label_bias,True,choice,Biased,__missing__,363
cache_prefix_diagnostic_v1,babe,diagnostic,llm_native_cached_prefix,label_bias,True,choice,Non-biased,Non-biased,181
cache_prefix_diagnostic_v1,babe,diagnostic,llm_native_cached_prefix,label_bias,True,choice,Non-biased,Biased,81
cache_prefix_diagnostic_v1,babe,diagnostic,llm_native_cached_prefix,label_bias,True,choice,Non-biased,__missing__,249
cache_prefix_diagnostic_v1,babe,diagnostic,llm_native_cached_prefix,label_bias,True,choice,Biased,Non-biased,21
cache_prefix_diagnostic_v1,babe,diagnostic,llm_native_cached_prefix,label_bias,True,choice,Biased,Biased,205
cache_prefix_diagnostic_v1,babe,diagnostic,llm_native_cached_prefix,label_bias,True,choice,Biased,__missing__,263
cache_prefix_diagnostic_v1,conflict,diagnostic,llm_direct_cached_prefix,rating_directness_content,True,choice,Yes - Direct Content,Yes - Direct Content,372
cache_prefix_diagnostic_v1,conflict,diagnostic,llm_direct_cached_prefix,rating_directness_content,True,choice,Yes - Direct Content,Neutral - Content contains no opinion,12
cache_prefix_diagnostic_v1,conflict,diagnostic,llm_direct_cached_prefix,rating_directness_content,True,choice,Yes - Direct Content,No - Indirect Content,9
cache_prefix_diagnostic_v1,conflict,diagnostic,llm_direct_cached_prefix,rating_directness_content,True,choice,Yes - Direct Content,__missing__,398
cache_prefix_diagnostic_v1,conflict,diagnostic,llm_direct_cached_prefix,rating_directness_content,True,choice,Neutral - Content contains no opinion,Yes - Direct Content,0
cache_prefix_diagnostic_v1,conflict,diagnostic,llm_direct_cached_prefix,rating_directness_content,True,choice,Neutral - Content contains no opinion,Neutral - Content contains no opinion,2
cache_prefix_diagnostic_v1,conflict,diagnostic,llm_direct_cached_prefix,rating_directness_content,True,choice,Neutral - Content contains no opinion,No - Indirect Content,0
cache_prefix_diagnostic_v1,conflict,diagnostic,llm_direct_cached_prefix,rating_directness_content,True,choice,Neutral - Content contains no opinion,__missing__,4
cache_prefix_diagnostic_v1,conflict,diagnostic,llm_direct_cached_prefix,rating_directness_content,True,choice,No - Indirect Content,Yes - Direct Content,0
cache_prefix_diagnostic_v1,conflict,diagnostic,llm_direct_cached_prefix,rating_directness_content,True,choice,No - Indirect Content,Neutral - Content contains no opinion,0
cache_prefix_diagnostic_v1,conflict,diagnostic,llm_direct_cached_prefix,rating_directness_content,True,choice,No - Indirect Content,No - Indirect Content,0
cache_prefix_diagnostic_v1,conflict,diagnostic,llm_direct_cached_prefix,rating_directness_content,True,choice,No - Indirect Content,__missing__,0
cache_prefix_diagnostic_v1,conflict,diagnostic,llm_direct_cached_prefix,rating_directness_expression,True,choice,Yes - Direct Expression,Yes - Direct Expression,308
cache_prefix_diagnostic_v1,conflict,diagnostic,llm_direct_cached_prefix,rating_directness_expression,True,choice,Yes - Direct Expression,No - Indirect Expression,58
cache_prefix_diagnostic_v1,conflict,diagnostic,llm_direct_cached_prefix,rating_directness_expression,True,choice,Yes - Direct Expression,__missing__,382
cache_prefix_diagnostic_v1,conflict,diagnostic,llm_direct_cached_prefix,rating_directness_expression,True,choice,No - Indirect Expression,Yes - Direct Expression,24
cache_prefix_diagnostic_v1,conflict,diagnostic,llm_direct_cached_prefix,rating_directness_expression,True,choice,No - Indirect Expression,No - Indirect Expression,10
cache_prefix_diagnostic_v1,conflict,diagnostic,llm_direct_cached_prefix,rating_directness_expression,True,choice,No - Indirect Expression,__missing__,20
cache_prefix_diagnostic_v1,conflict,diagnostic,llm_direct_cached_prefix,rating_OI_content,True,choice,Yes - Content opposes someone else,Yes - Content opposes someone else,238
cache_prefix_diagnostic_v1,conflict,diagnostic,llm_direct_cached_prefix,rating_OI_content,True,choice,Yes - Content opposes someone else,No - Content does not oppose anyone,137
cache_prefix_diagnostic_v1,conflict,diagnostic,llm_direct_cached_prefix,rating_OI_content,True,choice,Yes - Content opposes someone else,__missing__,365
cache_prefix_diagnostic_v1,conflict,diagnostic,llm_direct_cached_prefix,rating_OI_content,True,choice,No - Content does not oppose anyone,Yes - Content opposes someone else,2
cache_prefix_diagnostic_v1,conflict,diagnostic,llm_direct_cached_prefix,rating_OI_content,True,choice,No - Content does not oppose anyone,No - Content does not oppose anyone,23
cache_prefix_diagnostic_v1,conflict,diagnostic,llm_direct_cached_prefix,rating_OI_content,True,choice,No - Content does not oppose anyone,__missing__,37
cache_prefix_diagnostic_v1,conflict,diagnostic,llm_direct_cached_prefix,rating_OI_expression,True,choice,Yes - Expression is emotional/forceful,Yes - Expression is emotional/forceful,23
cache_prefix_diagnostic_v1,conflict,diagnostic,llm_direct_cached_prefix,rating_OI_expression,True,choice,Yes - Expression is emotional/forceful,No - Expression is not emotional/forceful,14
cache_prefix_diagnostic_v1,conflict,diagnostic,llm_direct_cached_prefix,rating_OI_expression,True,choice,Yes - Expression is emotional/forceful,__missing__,36
cache_prefix_diagnostic_v1,conflict,diagnostic,llm_direct_cached_prefix,rating_OI_expression,True,choice,No - Expression is not emotional/forceful,Yes - Expression is emotional/forceful,60
cache_prefix_diagnostic_v1,conflict,diagnostic,llm_direct_cached_prefix,rating_OI_expression,True,choice,No - Expression is not emotional/forceful,No - Expression is not emotional/forceful,303
cache_prefix_diagnostic_v1,conflict,diagnostic,llm_direct_cached_prefix,rating_OI_expression,True,choice,No - Expression is not emotional/forceful,__missing__,366
cache_prefix_diagnostic_v1,conflict,diagnostic,llm_full_examples_cached_prefix,rating_directness_content,True,choice,Yes - Direct Content,Yes - Direct Content,234
cache_prefix_diagnostic_v1,conflict,diagnostic,llm_full_examples_cached_prefix,rating_directness_content,True,choice,Yes - Direct Content,Neutral - Content contains no opinion,4
cache_prefix_diagnostic_v1,conflict,diagnostic,llm_full_examples_cached_prefix,rating_directness_content,True,choice,Yes - Direct Content,No - Indirect Content,0
cache_prefix_diagnostic_v1,conflict,diagnostic,llm_full_examples_cached_prefix,rating_directness_content,True,choice,Yes - Direct Content,__missing__,553
cache_prefix_diagnostic_v1,conflict,diagnostic,llm_full_examples_cached_prefix,rating_directness_content,True,choice,Neutral - Content contains no opinion,Yes - Direct Content,2
cache_prefix_diagnostic_v1,conflict,diagnostic,llm_full_examples_cached_prefix,rating_directness_content,True,choice,Neutral - Content contains no opinion,Neutral - Content contains no opinion,2
cache_prefix_diagnostic_v1,conflict,diagnostic,llm_full_examples_cached_prefix,rating_directness_content,True,choice,Neutral - Content contains no opinion,No - Indirect Content,0
cache_prefix_diagnostic_v1,conflict,diagnostic,llm_full_examples_cached_prefix,rating_directness_content,True,choice,Neutral - Content contains no opinion,__missing__,2
cache_prefix_diagnostic_v1,conflict,diagnostic,llm_full_examples_cached_prefix,rating_directness_content,True,choice,No - Indirect Content,Yes - Direct Content,0
cache_prefix_diagnostic_v1,conflict,diagnostic,llm_full_examples_cached_prefix,rating_directness_content,True,choice,No - Indirect Content,Neutral - Content contains no opinion,0
cache_prefix_diagnostic_v1,conflict,diagnostic,llm_full_examples_cached_prefix,rating_directness_content,True,choice,No - Indirect Content,No - Indirect Content,0
cache_prefix_diagnostic_v1,conflict,diagnostic,llm_full_examples_cached_prefix,rating_directness_content,True,choice,No - Indirect Content,__missing__,0
cache_prefix_diagnostic_v1,conflict,diagnostic,llm_full_examples_cached_prefix,rating_directness_expression,True,choice,Yes - Direct Expression,Yes - Direct Expression,222
cache_prefix_diagnostic_v1,conflict,diagnostic,llm_full_examples_cached_prefix,rating_directness_expression,True,choice,Yes - Direct Expression,No - Indirect Expression,8
cache_prefix_diagnostic_v1,conflict,diagnostic,llm_full_examples_cached_prefix,rating_directness_expression,True,choice,Yes - Direct Expression,__missing__,518
cache_prefix_diagnostic_v1,conflict,diagnostic,llm_full_examples_cached_prefix,rating_directness_expression,True,choice,No - Indirect Expression,Yes - Direct Expression,10
cache_prefix_diagnostic_v1,conflict,diagnostic,llm_full_examples_cached_prefix,rating_directness_expression,True,choice,No - Indirect Expression,No - Indirect Expression,2
cache_prefix_diagnostic_v1,conflict,diagnostic,llm_full_examples_cached_prefix,rating_directness_expression,True,choice,No - Indirect Expression,__missing__,42
cache_prefix_diagnostic_v1,conflict,diagnostic,llm_full_examples_cached_prefix,rating_OI_content,True,choice,Yes - Content opposes someone else,Yes - Content opposes someone else,212
cache_prefix_diagnostic_v1,conflict,diagnostic,llm_full_examples_cached_prefix,rating_OI_content,True,choice,Yes - Content opposes someone else,No - Content does not oppose anyone,9
cache_prefix_diagnostic_v1,conflict,diagnostic,llm_full_examples_cached_prefix,rating_OI_content,True,choice,Yes - Content opposes someone else,__missing__,519
cache_prefix_diagnostic_v1,conflict,diagnostic,llm_full_examples_cached_prefix,rating_OI_content,True,choice,No - Content does not oppose anyone,Yes - Content opposes someone else,14
cache_prefix_diagnostic_v1,conflict,diagnostic,llm_full_examples_cached_prefix,rating_OI_content,True,choice,No - Content does not oppose anyone,No - Content does not oppose anyone,7
cache_prefix_diagnostic_v1,conflict,diagnostic,llm_full_examples_cached_prefix,rating_OI_content,True,choice,No - Content does not oppose anyone,__missing__,41
cache_prefix_diagnostic_v1,conflict,diagnostic,llm_full_examples_cached_prefix,rating_OI_expression,True,choice,Yes - Expression is emotional/forceful,Yes - Expression is emotional/forceful,1
cache_prefix_diagnostic_v1,conflict,diagnostic,llm_full_examples_cached_prefix,rating_OI_expression,True,choice,Yes - Expression is emotional/forceful,No - Expression is not emotional/forceful,21
cache_prefix_diagnostic_v1,conflict,diagnostic,llm_full_examples_cached_prefix,rating_OI_expression,True,choice,Yes - Expression is emotional/forceful,__missing__,51
cache_prefix_diagnostic_v1,conflict,diagnostic,llm_full_examples_cached_prefix,rating_OI_expression,True,choice,No - Expression is not emotional/forceful,Yes - Expression is emotional/forceful,1
cache_prefix_diagnostic_v1,conflict,diagnostic,llm_full_examples_cached_prefix,rating_OI_expression,True,choice,No - Expression is not emotional/forceful,No - Expression is not emotional/forceful,219
cache_prefix_diagnostic_v1,conflict,diagnostic,llm_full_examples_cached_prefix,rating_OI_expression,True,choice,No - Expression is not emotional/forceful,__missing__,509
cache_prefix_diagnostic_v1,conflict,diagnostic,llm_native_cached_prefix,rating_directness_content,True,choice,Yes - Direct Content,Yes - Direct Content,302
cache_prefix_diagnostic_v1,conflict,diagnostic,llm_native_cached_prefix,rating_directness_content,True,choice,Yes - Direct Content,Neutral - Content contains no opinion,11
cache_prefix_diagnostic_v1,conflict,diagnostic,llm_native_cached_prefix,rating_directness_content,True,choice,Yes - Direct Content,No - Indirect Content,0
cache_prefix_diagnostic_v1,conflict,diagnostic,llm_native_cached_prefix,rating_directness_content,True,choice,Yes - Direct Content,__missing__,478
cache_prefix_diagnostic_v1,conflict,diagnostic,llm_native_cached_prefix,rating_directness_content,True,choice,Neutral - Content contains no opinion,Yes - Direct Content,1
cache_prefix_diagnostic_v1,conflict,diagnostic,llm_native_cached_prefix,rating_directness_content,True,choice,Neutral - Content contains no opinion,Neutral - Content contains no opinion,3
cache_prefix_diagnostic_v1,conflict,diagnostic,llm_native_cached_prefix,rating_directness_content,True,choice,Neutral - Content contains no opinion,No - Indirect Content,0
cache_prefix_diagnostic_v1,conflict,diagnostic,llm_native_cached_prefix,rating_directness_content,True,choice,Neutral - Content contains no opinion,__missing__,2
cache_prefix_diagnostic_v1,conflict,diagnostic,llm_native_cached_prefix,rating_directness_content,True,choice,No - Indirect Content,Yes - Direct Content,0
cache_prefix_diagnostic_v1,conflict,diagnostic,llm_native_cached_prefix,rating_directness_content,True,choice,No - Indirect Content,Neutral - Content contains no opinion,0
cache_prefix_diagnostic_v1,conflict,diagnostic,llm_native_cached_prefix,rating_directness_content,True,choice,No - Indirect Content,No - Indirect Content,0
cache_prefix_diagnostic_v1,conflict,diagnostic,llm_native_cached_prefix,rating_directness_content,True,choice,No - Indirect Content,__missing__,0
cache_prefix_diagnostic_v1,conflict,diagnostic,llm_native_cached_prefix,rating_directness_expression,True,choice,Yes - Direct Expression,Yes - Direct Expression,258
cache_prefix_diagnostic_v1,conflict,diagnostic,llm_native_cached_prefix,rating_directness_expression,True,choice,Yes - Direct Expression,No - Indirect Expression,36
cache_prefix_diagnostic_v1,conflict,diagnostic,llm_native_cached_prefix,rating_directness_expression,True,choice,Yes - Direct Expression,__missing__,454
cache_prefix_diagnostic_v1,conflict,diagnostic,llm_native_cached_prefix,rating_directness_expression,True,choice,No - Indirect Expression,Yes - Direct Expression,20
cache_prefix_diagnostic_v1,conflict,diagnostic,llm_native_cached_prefix,rating_directness_expression,True,choice,No - Indirect Expression,No - Indirect Expression,8
cache_prefix_diagnostic_v1,conflict,diagnostic,llm_native_cached_prefix,rating_directness_expression,True,choice,No - Indirect Expression,__missing__,26
cache_prefix_diagnostic_v1,conflict,diagnostic,llm_native_cached_prefix,rating_OI_content,True,choice,Yes - Content opposes someone else,Yes - Content opposes someone else,194
cache_prefix_diagnostic_v1,conflict,diagnostic,llm_native_cached_prefix,rating_OI_content,True,choice,Yes - Content opposes someone else,No - Content does not oppose anyone,106
cache_prefix_diagnostic_v1,conflict,diagnostic,llm_native_cached_prefix,rating_OI_content,True,choice,Yes - Content opposes someone else,__missing__,440
cache_prefix_diagnostic_v1,conflict,diagnostic,llm_native_cached_prefix,rating_OI_content,True,choice,No - Content does not oppose anyone,Yes - Content opposes someone else,2
cache_prefix_diagnostic_v1,conflict,diagnostic,llm_native_cached_prefix,rating_OI_content,True,choice,No - Content does not oppose anyone,No - Content does not oppose anyone,20
cache_prefix_diagnostic_v1,conflict,diagnostic,llm_native_cached_prefix,rating_OI_content,True,choice,No - Content does not oppose anyone,__missing__,40
cache_prefix_diagnostic_v1,conflict,diagnostic,llm_native_cached_prefix,rating_OI_expression,True,choice,Yes - Expression is emotional/forceful,Yes - Expression is emotional/forceful,18
cache_prefix_diagnostic_v1,conflict,diagnostic,llm_native_cached_prefix,rating_OI_expression,True,choice,Yes - Expression is emotional/forceful,No - Expression is not emotional/forceful,16
cache_prefix_diagnostic_v1,conflict,diagnostic,llm_native_cached_prefix,rating_OI_expression,True,choice,Yes - Expression is emotional/forceful,__missing__,39
cache_prefix_diagnostic_v1,conflict,diagnostic,llm_native_cached_prefix,rating_OI_expression,True,choice,No - Expression is not emotional/forceful,Yes - Expression is emotional/forceful,39
cache_prefix_diagnostic_v1,conflict,diagnostic,llm_native_cached_prefix,rating_OI_expression,True,choice,No - Expression is not emotional/forceful,No - Expression is not emotional/forceful,249
cache_prefix_diagnostic_v1,conflict,diagnostic,llm_native_cached_prefix,rating_OI_expression,True,choice,No - Expression is not emotional/forceful,__missing__,441
cache_prefix_diagnostic_v1,mbd,diagnostic,llm_direct_cached_prefix,tone,True,choice,positive,positive,15
cache_prefix_diagnostic_v1,mbd,diagnostic,llm_direct_cached_prefix,tone,True,choice,positive,negative,0
cache_prefix_diagnostic_v1,mbd,diagnostic,llm_direct_cached_prefix,tone,True,choice,positive,neutral,7
cache_prefix_diagnostic_v1,mbd,diagnostic,llm_direct_cached_prefix,tone,True,choice,positive,__missing__,29
cache_prefix_diagnostic_v1,mbd,diagnostic,llm_direct_cached_prefix,tone,True,choice,negative,positive,0
cache_prefix_diagnostic_v1,mbd,diagnostic,llm_direct_cached_prefix,tone,True,choice,negative,negative,47
cache_prefix_diagnostic_v1,mbd,diagnostic,llm_direct_cached_prefix,tone,True,choice,negative,neutral,10
cache_prefix_diagnostic_v1,mbd,diagnostic,llm_direct_cached_prefix,tone,True,choice,negative,__missing__,57
cache_prefix_diagnostic_v1,mbd,diagnostic,llm_direct_cached_prefix,tone,True,choice,neutral,positive,7
cache_prefix_diagnostic_v1,mbd,diagnostic,llm_direct_cached_prefix,tone,True,choice,neutral,negative,18
cache_prefix_diagnostic_v1,mbd,diagnostic,llm_direct_cached_prefix,tone,True,choice,neutral,neutral,128
cache_prefix_diagnostic_v1,mbd,diagnostic,llm_direct_cached_prefix,tone,True,choice,neutral,__missing__,226
cache_prefix_diagnostic_v1,mbd,diagnostic,llm_direct_cached_prefix,focus,True,choice,democrat,democrat,28
cache_prefix_diagnostic_v1,mbd,diagnostic,llm_direct_cached_prefix,focus,True,choice,democrat,republican,2
cache_prefix_diagnostic_v1,mbd,diagnostic,llm_direct_cached_prefix,focus,True,choice,democrat,both,1
cache_prefix_diagnostic_v1,mbd,diagnostic,llm_direct_cached_prefix,focus,True,choice,democrat,neither,7
cache_prefix_diagnostic_v1,mbd,diagnostic,llm_direct_cached_prefix,focus,True,choice,democrat,__missing__,51
cache_prefix_diagnostic_v1,mbd,diagnostic,llm_direct_cached_prefix,focus,True,choice,republican,democrat,0
cache_prefix_diagnostic_v1,mbd,diagnostic,llm_direct_cached_prefix,focus,True,choice,republican,republican,27
cache_prefix_diagnostic_v1,mbd,diagnostic,llm_direct_cached_prefix,focus,True,choice,republican,both,0
cache_prefix_diagnostic_v1,mbd,diagnostic,llm_direct_cached_prefix,focus,True,choice,republican,neither,41
cache_prefix_diagnostic_v1,mbd,diagnostic,llm_direct_cached_prefix,focus,True,choice,republican,__missing__,70
cache_prefix_diagnostic_v1,mbd,diagnostic,llm_direct_cached_prefix,focus,True,choice,both,democrat,5
cache_prefix_diagnostic_v1,mbd,diagnostic,llm_direct_cached_prefix,focus,True,choice,both,republican,2
cache_prefix_diagnostic_v1,mbd,diagnostic,llm_direct_cached_prefix,focus,True,choice,both,both,9
cache_prefix_diagnostic_v1,mbd,diagnostic,llm_direct_cached_prefix,focus,True,choice,both,neither,4
cache_prefix_diagnostic_v1,mbd,diagnostic,llm_direct_cached_prefix,focus,True,choice,both,__missing__,7
cache_prefix_diagnostic_v1,mbd,diagnostic,llm_direct_cached_prefix,focus,True,choice,neither,democrat,1
cache_prefix_diagnostic_v1,mbd,diagnostic,llm_direct_cached_prefix,focus,True,choice,neither,republican,0
cache_prefix_diagnostic_v1,mbd,diagnostic,llm_direct_cached_prefix,focus,True,choice,neither,both,0
cache_prefix_diagnostic_v1,mbd,diagnostic,llm_direct_cached_prefix,focus,True,choice,neither,neither,106
cache_prefix_diagnostic_v1,mbd,diagnostic,llm_direct_cached_prefix,focus,True,choice,neither,__missing__,185
cache_prefix_diagnostic_v1,mbd,diagnostic,llm_direct_cached_prefix,type,True,choice,fact,fact,75
cache_prefix_diagnostic_v1,mbd,diagnostic,llm_direct_cached_prefix,type,True,choice,fact,opinion,9
cache_prefix_diagnostic_v1,mbd,diagnostic,llm_direct_cached_prefix,type,True,choice,fact,borderline,5
cache_prefix_diagnostic_v1,mbd,diagnostic,llm_direct_cached_prefix,type,True,choice,fact,quote,4
cache_prefix_diagnostic_v1,mbd,diagnostic,llm_direct_cached_prefix,type,True,choice,fact,other,0
cache_prefix_diagnostic_v1,mbd,diagnostic,llm_direct_cached_prefix,type,True,choice,fact,__missing__,146
cache_prefix_diagnostic_v1,mbd,diagnostic,llm_direct_cached_prefix,type,True,choice,opinion,fact,0
cache_prefix_diagnostic_v1,mbd,diagnostic,llm_direct_cached_prefix,type,True,choice,opinion,opinion,37
cache_prefix_diagnostic_v1,mbd,diagnostic,llm_direct_cached_prefix,type,True,choice,opinion,borderline,1
cache_prefix_diagnostic_v1,mbd,diagnostic,llm_direct_cached_prefix,type,True,choice,opinion,quote,0
cache_prefix_diagnostic_v1,mbd,diagnostic,llm_direct_cached_prefix,type,True,choice,opinion,other,0
cache_prefix_diagnostic_v1,mbd,diagnostic,llm_direct_cached_prefix,type,True,choice,opinion,__missing__,35
cache_prefix_diagnostic_v1,mbd,diagnostic,llm_direct_cached_prefix,type,True,choice,borderline,fact,6
cache_prefix_diagnostic_v1,mbd,diagnostic,llm_direct_cached_prefix,type,True,choice,borderline,opinion,5
cache_prefix_diagnostic_v1,mbd,diagnostic,llm_direct_cached_prefix,type,True,choice,borderline,borderline,4
cache_prefix_diagnostic_v1,mbd,diagnostic,llm_direct_cached_prefix,type,True,choice,borderline,quote,0
cache_prefix_diagnostic_v1,mbd,diagnostic,llm_direct_cached_prefix,type,True,choice,borderline,other,0
cache_prefix_diagnostic_v1,mbd,diagnostic,llm_direct_cached_prefix,type,True,choice,borderline,__missing__,9
cache_prefix_diagnostic_v1,mbd,diagnostic,llm_direct_cached_prefix,type,True,choice,quote,fact,3
cache_prefix_diagnostic_v1,mbd,diagnostic,llm_direct_cached_prefix,type,True,choice,quote,opinion,0
cache_prefix_diagnostic_v1,mbd,diagnostic,llm_direct_cached_prefix,type,True,choice,quote,borderline,0
cache_prefix_diagnostic_v1,mbd,diagnostic,llm_direct_cached_prefix,type,True,choice,quote,quote,41
cache_prefix_diagnostic_v1,mbd,diagnostic,llm_direct_cached_prefix,type,True,choice,quote,other,0
cache_prefix_diagnostic_v1,mbd,diagnostic,llm_direct_cached_prefix,type,True,choice,quote,__missing__,77
cache_prefix_diagnostic_v1,mbd,diagnostic,llm_direct_cached_prefix,type,True,choice,other,fact,0
cache_prefix_diagnostic_v1,mbd,diagnostic,llm_direct_cached_prefix,type,True,choice,other,opinion,4
cache_prefix_diagnostic_v1,mbd,diagnostic,llm_direct_cached_prefix,type,True,choice,other,borderline,0
cache_prefix_diagnostic_v1,mbd,diagnostic,llm_direct_cached_prefix,type,True,choice,other,quote,0
cache_prefix_diagnostic_v1,mbd,diagnostic,llm_direct_cached_prefix,type,True,choice,other,other,20
cache_prefix_diagnostic_v1,mbd,diagnostic,llm_direct_cached_prefix,type,True,choice,other,__missing__,27
cache_prefix_diagnostic_v1,mbd,diagnostic,llm_full_examples_cached_prefix,tone,True,choice,positive,positive,14
cache_prefix_diagnostic_v1,mbd,diagnostic,llm_full_examples_cached_prefix,tone,True,choice,positive,negative,0
cache_prefix_diagnostic_v1,mbd,diagnostic,llm_full_examples_cached_prefix,tone,True,choice,positive,neutral,10
cache_prefix_diagnostic_v1,mbd,diagnostic,llm_full_examples_cached_prefix,tone,True,choice,positive,__missing__,27
cache_prefix_diagnostic_v1,mbd,diagnostic,llm_full_examples_cached_prefix,tone,True,choice,negative,positive,0
cache_prefix_diagnostic_v1,mbd,diagnostic,llm_full_examples_cached_prefix,tone,True,choice,negative,negative,39
cache_prefix_diagnostic_v1,mbd,diagnostic,llm_full_examples_cached_prefix,tone,True,choice,negative,neutral,16
cache_prefix_diagnostic_v1,mbd,diagnostic,llm_full_examples_cached_prefix,tone,True,choice,negative,__missing__,59
cache_prefix_diagnostic_v1,mbd,diagnostic,llm_full_examples_cached_prefix,tone,True,choice,neutral,positive,6
cache_prefix_diagnostic_v1,mbd,diagnostic,llm_full_examples_cached_prefix,tone,True,choice,neutral,negative,4
cache_prefix_diagnostic_v1,mbd,diagnostic,llm_full_examples_cached_prefix,tone,True,choice,neutral,neutral,129
cache_prefix_diagnostic_v1,mbd,diagnostic,llm_full_examples_cached_prefix,tone,True,choice,neutral,__missing__,240
cache_prefix_diagnostic_v1,mbd,diagnostic,llm_full_examples_cached_prefix,focus,True,choice,democrat,democrat,24
cache_prefix_diagnostic_v1,mbd,diagnostic,llm_full_examples_cached_prefix,focus,True,choice,democrat,republican,0
cache_prefix_diagnostic_v1,mbd,diagnostic,llm_full_examples_cached_prefix,focus,True,choice,democrat,both,2
cache_prefix_diagnostic_v1,mbd,diagnostic,llm_full_examples_cached_prefix,focus,True,choice,democrat,neither,2
cache_prefix_diagnostic_v1,mbd,diagnostic,llm_full_examples_cached_prefix,focus,True,choice,democrat,__missing__,61
cache_prefix_diagnostic_v1,mbd,diagnostic,llm_full_examples_cached_prefix,focus,True,choice,republican,democrat,0
cache_prefix_diagnostic_v1,mbd,diagnostic,llm_full_examples_cached_prefix,focus,True,choice,republican,republican,44
cache_prefix_diagnostic_v1,mbd,diagnostic,llm_full_examples_cached_prefix,focus,True,choice,republican,both,2
cache_prefix_diagnostic_v1,mbd,diagnostic,llm_full_examples_cached_prefix,focus,True,choice,republican,neither,20
cache_prefix_diagnostic_v1,mbd,diagnostic,llm_full_examples_cached_prefix,focus,True,choice,republican,__missing__,72
cache_prefix_diagnostic_v1,mbd,diagnostic,llm_full_examples_cached_prefix,focus,True,choice,both,democrat,2
cache_prefix_diagnostic_v1,mbd,diagnostic,llm_full_examples_cached_prefix,focus,True,choice,both,republican,1
cache_prefix_diagnostic_v1,mbd,diagnostic,llm_full_examples_cached_prefix,focus,True,choice,both,both,9
cache_prefix_diagnostic_v1,mbd,diagnostic,llm_full_examples_cached_prefix,focus,True,choice,both,neither,1
cache_prefix_diagnostic_v1,mbd,diagnostic,llm_full_examples_cached_prefix,focus,True,choice,both,__missing__,14
cache_prefix_diagnostic_v1,mbd,diagnostic,llm_full_examples_cached_prefix,focus,True,choice,neither,democrat,2
cache_prefix_diagnostic_v1,mbd,diagnostic,llm_full_examples_cached_prefix,focus,True,choice,neither,republican,1
cache_prefix_diagnostic_v1,mbd,diagnostic,llm_full_examples_cached_prefix,focus,True,choice,neither,both,0
cache_prefix_diagnostic_v1,mbd,diagnostic,llm_full_examples_cached_prefix,focus,True,choice,neither,neither,108
cache_prefix_diagnostic_v1,mbd,diagnostic,llm_full_examples_cached_prefix,focus,True,choice,neither,__missing__,181
cache_prefix_diagnostic_v1,mbd,diagnostic,llm_full_examples_cached_prefix,type,True,choice,fact,fact,84
cache_prefix_diagnostic_v1,mbd,diagnostic,llm_full_examples_cached_prefix,type,True,choice,fact,opinion,3
cache_prefix_diagnostic_v1,mbd,diagnostic,llm_full_examples_cached_prefix,type,True,choice,fact,borderline,0
cache_prefix_diagnostic_v1,mbd,diagnostic,llm_full_examples_cached_prefix,type,True,choice,fact,quote,8
cache_prefix_diagnostic_v1,mbd,diagnostic,llm_full_examples_cached_prefix,type,True,choice,fact,other,1
cache_prefix_diagnostic_v1,mbd,diagnostic,llm_full_examples_cached_prefix,type,True,choice,fact,__missing__,143
cache_prefix_diagnostic_v1,mbd,diagnostic,llm_full_examples_cached_prefix,type,True,choice,opinion,fact,2
cache_prefix_diagnostic_v1,mbd,diagnostic,llm_full_examples_cached_prefix,type,True,choice,opinion,opinion,19
cache_prefix_diagnostic_v1,mbd,diagnostic,llm_full_examples_cached_prefix,type,True,choice,opinion,borderline,0
cache_prefix_diagnostic_v1,mbd,diagnostic,llm_full_examples_cached_prefix,type,True,choice,opinion,quote,0
cache_prefix_diagnostic_v1,mbd,diagnostic,llm_full_examples_cached_prefix,type,True,choice,opinion,other,0
cache_prefix_diagnostic_v1,mbd,diagnostic,llm_full_examples_cached_prefix,type,True,choice,opinion,__missing__,52
cache_prefix_diagnostic_v1,mbd,diagnostic,llm_full_examples_cached_prefix,type,True,choice,borderline,fact,5
cache_prefix_diagnostic_v1,mbd,diagnostic,llm_full_examples_cached_prefix,type,True,choice,borderline,opinion,0
cache_prefix_diagnostic_v1,mbd,diagnostic,llm_full_examples_cached_prefix,type,True,choice,borderline,borderline,0
cache_prefix_diagnostic_v1,mbd,diagnostic,llm_full_examples_cached_prefix,type,True,choice,borderline,quote,0
cache_prefix_diagnostic_v1,mbd,diagnostic,llm_full_examples_cached_prefix,type,True,choice,borderline,other,1
cache_prefix_diagnostic_v1,mbd,diagnostic,llm_full_examples_cached_prefix,type,True,choice,borderline,__missing__,18
cache_prefix_diagnostic_v1,mbd,diagnostic,llm_full_examples_cached_prefix,type,True,choice,quote,fact,1
cache_prefix_diagnostic_v1,mbd,diagnostic,llm_full_examples_cached_prefix,type,True,choice,quote,opinion,1
cache_prefix_diagnostic_v1,mbd,diagnostic,llm_full_examples_cached_prefix,type,True,choice,quote,borderline,0
cache_prefix_diagnostic_v1,mbd,diagnostic,llm_full_examples_cached_prefix,type,True,choice,quote,quote,45
cache_prefix_diagnostic_v1,mbd,diagnostic,llm_full_examples_cached_prefix,type,True,choice,quote,other,0
cache_prefix_diagnostic_v1,mbd,diagnostic,llm_full_examples_cached_prefix,type,True,choice,quote,__missing__,74
cache_prefix_diagnostic_v1,mbd,diagnostic,llm_full_examples_cached_prefix,type,True,choice,other,fact,3
cache_prefix_diagnostic_v1,mbd,diagnostic,llm_full_examples_cached_prefix,type,True,choice,other,opinion,1
cache_prefix_diagnostic_v1,mbd,diagnostic,llm_full_examples_cached_prefix,type,True,choice,other,borderline,0
cache_prefix_diagnostic_v1,mbd,diagnostic,llm_full_examples_cached_prefix,type,True,choice,other,quote,0
cache_prefix_diagnostic_v1,mbd,diagnostic,llm_full_examples_cached_prefix,type,True,choice,other,other,31
cache_prefix_diagnostic_v1,mbd,diagnostic,llm_full_examples_cached_prefix,type,True,choice,other,__missing__,16
cache_prefix_diagnostic_v1,mbd,diagnostic,llm_native_cached_prefix,tone,True,choice,positive,positive,21
cache_prefix_diagnostic_v1,mbd,diagnostic,llm_native_cached_prefix,tone,True,choice,positive,negative,0
cache_prefix_diagnostic_v1,mbd,diagnostic,llm_native_cached_prefix,tone,True,choice,positive,neutral,1
cache_prefix_diagnostic_v1,mbd,diagnostic,llm_native_cached_prefix,tone,True,choice,positive,__missing__,29
cache_prefix_diagnostic_v1,mbd,diagnostic,llm_native_cached_prefix,tone,True,choice,negative,positive,0
cache_prefix_diagnostic_v1,mbd,diagnostic,llm_native_cached_prefix,tone,True,choice,negative,negative,45
cache_prefix_diagnostic_v1,mbd,diagnostic,llm_native_cached_prefix,tone,True,choice,negative,neutral,7
cache_prefix_diagnostic_v1,mbd,diagnostic,llm_native_cached_prefix,tone,True,choice,negative,__missing__,62
cache_prefix_diagnostic_v1,mbd,diagnostic,llm_native_cached_prefix,tone,True,choice,neutral,positive,7
cache_prefix_diagnostic_v1,mbd,diagnostic,llm_native_cached_prefix,tone,True,choice,neutral,negative,18
cache_prefix_diagnostic_v1,mbd,diagnostic,llm_native_cached_prefix,tone,True,choice,neutral,neutral,88
cache_prefix_diagnostic_v1,mbd,diagnostic,llm_native_cached_prefix,tone,True,choice,neutral,__missing__,266
cache_prefix_diagnostic_v1,mbd,diagnostic,llm_native_cached_prefix,focus,True,choice,democrat,democrat,35
cache_prefix_diagnostic_v1,mbd,diagnostic,llm_native_cached_prefix,focus,True,choice,democrat,republican,0
cache_prefix_diagnostic_v1,mbd,diagnostic,llm_native_cached_prefix,focus,True,choice,democrat,both,2
cache_prefix_diagnostic_v1,mbd,diagnostic,llm_native_cached_prefix,focus,True,choice,democrat,neither,2
cache_prefix_diagnostic_v1,mbd,diagnostic,llm_native_cached_prefix,focus,True,choice,democrat,__missing__,50
cache_prefix_diagnostic_v1,mbd,diagnostic,llm_native_cached_prefix,focus,True,choice,republican,democrat,0
cache_prefix_diagnostic_v1,mbd,diagnostic,llm_native_cached_prefix,focus,True,choice,republican,republican,10
cache_prefix_diagnostic_v1,mbd,diagnostic,llm_native_cached_prefix,focus,True,choice,republican,both,0
cache_prefix_diagnostic_v1,mbd,diagnostic,llm_native_cached_prefix,focus,True,choice,republican,neither,33
cache_prefix_diagnostic_v1,mbd,diagnostic,llm_native_cached_prefix,focus,True,choice,republican,__missing__,95
cache_prefix_diagnostic_v1,mbd,diagnostic,llm_native_cached_prefix,focus,True,choice,both,democrat,1
cache_prefix_diagnostic_v1,mbd,diagnostic,llm_native_cached_prefix,focus,True,choice,both,republican,0
cache_prefix_diagnostic_v1,mbd,diagnostic,llm_native_cached_prefix,focus,True,choice,both,both,15
cache_prefix_diagnostic_v1,mbd,diagnostic,llm_native_cached_prefix,focus,True,choice,both,neither,3
cache_prefix_diagnostic_v1,mbd,diagnostic,llm_native_cached_prefix,focus,True,choice,both,__missing__,8
cache_prefix_diagnostic_v1,mbd,diagnostic,llm_native_cached_prefix,focus,True,choice,neither,democrat,0
cache_prefix_diagnostic_v1,mbd,diagnostic,llm_native_cached_prefix,focus,True,choice,neither,republican,0
cache_prefix_diagnostic_v1,mbd,diagnostic,llm_native_cached_prefix,focus,True,choice,neither,both,0
cache_prefix_diagnostic_v1,mbd,diagnostic,llm_native_cached_prefix,focus,True,choice,neither,neither,85
cache_prefix_diagnostic_v1,mbd,diagnostic,llm_native_cached_prefix,focus,True,choice,neither,__missing__,207
cache_prefix_diagnostic_v1,mbd,diagnostic,llm_native_cached_prefix,type,True,choice,fact,fact,48
cache_prefix_diagnostic_v1,mbd,diagnostic,llm_native_cached_prefix,type,True,choice,fact,opinion,10
cache_prefix_diagnostic_v1,mbd,diagnostic,llm_native_cached_prefix,type,True,choice,fact,borderline,8
cache_prefix_diagnostic_v1,mbd,diagnostic,llm_native_cached_prefix,type,True,choice,fact,quote,1
cache_prefix_diagnostic_v1,mbd,diagnostic,llm_native_cached_prefix,type,True,choice,fact,other,0
cache_prefix_diagnostic_v1,mbd,diagnostic,llm_native_cached_prefix,type,True,choice,fact,__missing__,172
cache_prefix_diagnostic_v1,mbd,diagnostic,llm_native_cached_prefix,type,True,choice,opinion,fact,0
cache_prefix_diagnostic_v1,mbd,diagnostic,llm_native_cached_prefix,type,True,choice,opinion,opinion,36
cache_prefix_diagnostic_v1,mbd,diagnostic,llm_native_cached_prefix,type,True,choice,opinion,borderline,3
cache_prefix_diagnostic_v1,mbd,diagnostic,llm_native_cached_prefix,type,True,choice,opinion,quote,0
cache_prefix_diagnostic_v1,mbd,diagnostic,llm_native_cached_prefix,type,True,choice,opinion,other,0
cache_prefix_diagnostic_v1,mbd,diagnostic,llm_native_cached_prefix,type,True,choice,opinion,__missing__,34
cache_prefix_diagnostic_v1,mbd,diagnostic,llm_native_cached_prefix,type,True,choice,borderline,fact,2
cache_prefix_diagnostic_v1,mbd,diagnostic,llm_native_cached_prefix,type,True,choice,borderline,opinion,3
cache_prefix_diagnostic_v1,mbd,diagnostic,llm_native_cached_prefix,type,True,choice,borderline,borderline,5
cache_prefix_diagnostic_v1,mbd,diagnostic,llm_native_cached_prefix,type,True,choice,borderline,quote,0
cache_prefix_diagnostic_v1,mbd,diagnostic,llm_native_cached_prefix,type,True,choice,borderline,other,0
cache_prefix_diagnostic_v1,mbd,diagnostic,llm_native_cached_prefix,type,True,choice,borderline,__missing__,14
cache_prefix_diagnostic_v1,mbd,diagnostic,llm_native_cached_prefix,type,True,choice,quote,fact,0
cache_prefix_diagnostic_v1,mbd,diagnostic,llm_native_cached_prefix,type,True,choice,quote,opinion,1
cache_prefix_diagnostic_v1,mbd,diagnostic,llm_native_cached_prefix,type,True,choice,quote,borderline,0
cache_prefix_diagnostic_v1,mbd,diagnostic,llm_native_cached_prefix,type,True,choice,quote,quote,29
cache_prefix_diagnostic_v1,mbd,diagnostic,llm_native_cached_prefix,type,True,choice,quote,other,0
cache_prefix_diagnostic_v1,mbd,diagnostic,llm_native_cached_prefix,type,True,choice,quote,__missing__,91
cache_prefix_diagnostic_v1,mbd,diagnostic,llm_native_cached_prefix,type,True,choice,other,fact,2
cache_prefix_diagnostic_v1,mbd,diagnostic,llm_native_cached_prefix,type,True,choice,other,opinion,3
cache_prefix_diagnostic_v1,mbd,diagnostic,llm_native_cached_prefix,type,True,choice,other,borderline,0
cache_prefix_diagnostic_v1,mbd,diagnostic,llm_native_cached_prefix,type,True,choice,other,quote,0
cache_prefix_diagnostic_v1,mbd,diagnostic,llm_native_cached_prefix,type,True,choice,other,other,18
cache_prefix_diagnostic_v1,mbd,diagnostic,llm_native_cached_prefix,type,True,choice,other,__missing__,28
cache_prefix_diagnostic_v1,ucc,diagnostic,llm_direct_cached_prefix,healthy,True,choice,0,0,25
cache_prefix_diagnostic_v1,ucc,diagnostic,llm_direct_cached_prefix,healthy,True,choice,0,1,4
cache_prefix_diagnostic_v1,ucc,diagnostic,llm_direct_cached_prefix,healthy,True,choice,0,__missing__,36
cache_prefix_diagnostic_v1,ucc,diagnostic,llm_direct_cached_prefix,healthy,True,choice,1,0,147
cache_prefix_diagnostic_v1,ucc,diagnostic,llm_direct_cached_prefix,healthy,True,choice,1,1,330
cache_prefix_diagnostic_v1,ucc,diagnostic,llm_direct_cached_prefix,healthy,True,choice,1,__missing__,460
cache_prefix_diagnostic_v1,ucc,diagnostic,llm_direct_cached_prefix,sarcastic,True,choice,0,0,374
cache_prefix_diagnostic_v1,ucc,diagnostic,llm_direct_cached_prefix,sarcastic,True,choice,0,1,111
cache_prefix_diagnostic_v1,ucc,diagnostic,llm_direct_cached_prefix,sarcastic,True,choice,0,__missing__,469
cache_prefix_diagnostic_v1,ucc,diagnostic,llm_direct_cached_prefix,sarcastic,True,choice,1,0,3
cache_prefix_diagnostic_v1,ucc,diagnostic,llm_direct_cached_prefix,sarcastic,True,choice,1,1,18
cache_prefix_diagnostic_v1,ucc,diagnostic,llm_direct_cached_prefix,sarcastic,True,choice,1,__missing__,27
cache_prefix_diagnostic_v1,ucc,diagnostic,llm_direct_cached_prefix,generalisation,False,choice,0,0,447
cache_prefix_diagnostic_v1,ucc,diagnostic,llm_direct_cached_prefix,generalisation,False,choice,0,1,50
cache_prefix_diagnostic_v1,ucc,diagnostic,llm_direct_cached_prefix,generalisation,False,choice,0,__missing__,490
cache_prefix_diagnostic_v1,ucc,diagnostic,llm_direct_cached_prefix,generalisation,False,choice,1,0,4
cache_prefix_diagnostic_v1,ucc,diagnostic,llm_direct_cached_prefix,generalisation,False,choice,1,1,5
cache_prefix_diagnostic_v1,ucc,diagnostic,llm_direct_cached_prefix,generalisation,False,choice,1,__missing__,6
cache_prefix_diagnostic_v1,ucc,diagnostic,llm_direct_cached_prefix,generalisation_unfair,True,choice,0,0,451
cache_prefix_diagnostic_v1,ucc,diagnostic,llm_direct_cached_prefix,generalisation_unfair,True,choice,0,1,46
cache_prefix_diagnostic_v1,ucc,diagnostic,llm_direct_cached_prefix,generalisation_unfair,True,choice,0,__missing__,491
cache_prefix_diagnostic_v1,ucc,diagnostic,llm_direct_cached_prefix,generalisation_unfair,True,choice,1,0,6
cache_prefix_diagnostic_v1,ucc,diagnostic,llm_direct_cached_prefix,generalisation_unfair,True,choice,1,1,3
cache_prefix_diagnostic_v1,ucc,diagnostic,llm_direct_cached_prefix,generalisation_unfair,True,choice,1,__missing__,5
cache_prefix_diagnostic_v1,ucc,diagnostic,llm_direct_cached_prefix,hostile,True,choice,0,0,390
cache_prefix_diagnostic_v1,ucc,diagnostic,llm_direct_cached_prefix,hostile,True,choice,0,1,104
cache_prefix_diagnostic_v1,ucc,diagnostic,llm_direct_cached_prefix,hostile,True,choice,0,__missing__,487
cache_prefix_diagnostic_v1,ucc,diagnostic,llm_direct_cached_prefix,hostile,True,choice,1,0,2
cache_prefix_diagnostic_v1,ucc,diagnostic,llm_direct_cached_prefix,hostile,True,choice,1,1,10
cache_prefix_diagnostic_v1,ucc,diagnostic,llm_direct_cached_prefix,hostile,True,choice,1,__missing__,9
cache_prefix_diagnostic_v1,ucc,diagnostic,llm_direct_cached_prefix,antagonize,True,choice,0,0,395
cache_prefix_diagnostic_v1,ucc,diagnostic,llm_direct_cached_prefix,antagonize,True,choice,0,1,85
cache_prefix_diagnostic_v1,ucc,diagnostic,llm_direct_cached_prefix,antagonize,True,choice,0,__missing__,471
cache_prefix_diagnostic_v1,ucc,diagnostic,llm_direct_cached_prefix,antagonize,True,choice,1,0,13
cache_prefix_diagnostic_v1,ucc,diagnostic,llm_direct_cached_prefix,antagonize,True,choice,1,1,13
cache_prefix_diagnostic_v1,ucc,diagnostic,llm_direct_cached_prefix,antagonize,True,choice,1,__missing__,25
cache_prefix_diagnostic_v1,ucc,diagnostic,llm_direct_cached_prefix,condescending,True,choice,0,0,374
cache_prefix_diagnostic_v1,ucc,diagnostic,llm_direct_cached_prefix,condescending,True,choice,0,1,107
cache_prefix_diagnostic_v1,ucc,diagnostic,llm_direct_cached_prefix,condescending,True,choice,0,__missing__,474
cache_prefix_diagnostic_v1,ucc,diagnostic,llm_direct_cached_prefix,condescending,True,choice,1,0,10
cache_prefix_diagnostic_v1,ucc,diagnostic,llm_direct_cached_prefix,condescending,True,choice,1,1,15
cache_prefix_diagnostic_v1,ucc,diagnostic,llm_direct_cached_prefix,condescending,True,choice,1,__missing__,22
cache_prefix_diagnostic_v1,ucc,diagnostic,llm_direct_cached_prefix,dismissive,True,choice,0,0,387
cache_prefix_diagnostic_v1,ucc,diagnostic,llm_direct_cached_prefix,dismissive,True,choice,0,1,105
cache_prefix_diagnostic_v1,ucc,diagnostic,llm_direct_cached_prefix,dismissive,True,choice,0,__missing__,486
cache_prefix_diagnostic_v1,ucc,diagnostic,llm_direct_cached_prefix,dismissive,True,choice,1,0,8
cache_prefix_diagnostic_v1,ucc,diagnostic,llm_direct_cached_prefix,dismissive,True,choice,1,1,6
cache_prefix_diagnostic_v1,ucc,diagnostic,llm_direct_cached_prefix,dismissive,True,choice,1,__missing__,10
cache_prefix_diagnostic_v1,ucc,diagnostic,llm_full_examples_cached_prefix,healthy,True,choice,0,0,5
cache_prefix_diagnostic_v1,ucc,diagnostic,llm_full_examples_cached_prefix,healthy,True,choice,0,1,26
cache_prefix_diagnostic_v1,ucc,diagnostic,llm_full_examples_cached_prefix,healthy,True,choice,0,__missing__,34
cache_prefix_diagnostic_v1,ucc,diagnostic,llm_full_examples_cached_prefix,healthy,True,choice,1,0,8
cache_prefix_diagnostic_v1,ucc,diagnostic,llm_full_examples_cached_prefix,healthy,True,choice,1,1,371
cache_prefix_diagnostic_v1,ucc,diagnostic,llm_full_examples_cached_prefix,healthy,True,choice,1,__missing__,558
cache_prefix_diagnostic_v1,ucc,diagnostic,llm_full_examples_cached_prefix,sarcastic,True,choice,0,0,356
cache_prefix_diagnostic_v1,ucc,diagnostic,llm_full_examples_cached_prefix,sarcastic,True,choice,0,1,33
cache_prefix_diagnostic_v1,ucc,diagnostic,llm_full_examples_cached_prefix,sarcastic,True,choice,0,__missing__,565
cache_prefix_diagnostic_v1,ucc,diagnostic,llm_full_examples_cached_prefix,sarcastic,True,choice,1,0,11
cache_prefix_diagnostic_v1,ucc,diagnostic,llm_full_examples_cached_prefix,sarcastic,True,choice,1,1,10
cache_prefix_diagnostic_v1,ucc,diagnostic,llm_full_examples_cached_prefix,sarcastic,True,choice,1,__missing__,27
cache_prefix_diagnostic_v1,ucc,diagnostic,llm_full_examples_cached_prefix,generalisation,False,choice,0,0,400
cache_prefix_diagnostic_v1,ucc,diagnostic,llm_full_examples_cached_prefix,generalisation,False,choice,0,1,1
cache_prefix_diagnostic_v1,ucc,diagnostic,llm_full_examples_cached_prefix,generalisation,False,choice,0,__missing__,586
cache_prefix_diagnostic_v1,ucc,diagnostic,llm_full_examples_cached_prefix,generalisation,False,choice,1,0,8
cache_prefix_diagnostic_v1,ucc,diagnostic,llm_full_examples_cached_prefix,generalisation,False,choice,1,1,1
cache_prefix_diagnostic_v1,ucc,diagnostic,llm_full_examples_cached_prefix,generalisation,False,choice,1,__missing__,6
cache_prefix_diagnostic_v1,ucc,diagnostic,llm_full_examples_cached_prefix,generalisation_unfair,True,choice,0,0,400
cache_prefix_diagnostic_v1,ucc,diagnostic,llm_full_examples_cached_prefix,generalisation_unfair,True,choice,0,1,1
cache_prefix_diagnostic_v1,ucc,diagnostic,llm_full_examples_cached_prefix,generalisation_unfair,True,choice,0,__missing__,587
cache_prefix_diagnostic_v1,ucc,diagnostic,llm_full_examples_cached_prefix,generalisation_unfair,True,choice,1,0,8
cache_prefix_diagnostic_v1,ucc,diagnostic,llm_full_examples_cached_prefix,generalisation_unfair,True,choice,1,1,1
cache_prefix_diagnostic_v1,ucc,diagnostic,llm_full_examples_cached_prefix,generalisation_unfair,True,choice,1,__missing__,5
cache_prefix_diagnostic_v1,ucc,diagnostic,llm_full_examples_cached_prefix,hostile,True,choice,0,0,393
cache_prefix_diagnostic_v1,ucc,diagnostic,llm_full_examples_cached_prefix,hostile,True,choice,0,1,8
cache_prefix_diagnostic_v1,ucc,diagnostic,llm_full_examples_cached_prefix,hostile,True,choice,0,__missing__,580
cache_prefix_diagnostic_v1,ucc,diagnostic,llm_full_examples_cached_prefix,hostile,True,choice,1,0,4
cache_prefix_diagnostic_v1,ucc,diagnostic,llm_full_examples_cached_prefix,hostile,True,choice,1,1,5
cache_prefix_diagnostic_v1,ucc,diagnostic,llm_full_examples_cached_prefix,hostile,True,choice,1,__missing__,12
cache_prefix_diagnostic_v1,ucc,diagnostic,llm_full_examples_cached_prefix,antagonize,True,choice,0,0,379
cache_prefix_diagnostic_v1,ucc,diagnostic,llm_full_examples_cached_prefix,antagonize,True,choice,0,1,6
cache_prefix_diagnostic_v1,ucc,diagnostic,llm_full_examples_cached_prefix,antagonize,True,choice,0,__missing__,566
cache_prefix_diagnostic_v1,ucc,diagnostic,llm_full_examples_cached_prefix,antagonize,True,choice,1,0,18
cache_prefix_diagnostic_v1,ucc,diagnostic,llm_full_examples_cached_prefix,antagonize,True,choice,1,1,7
cache_prefix_diagnostic_v1,ucc,diagnostic,llm_full_examples_cached_prefix,antagonize,True,choice,1,__missing__,26
cache_prefix_diagnostic_v1,ucc,diagnostic,llm_full_examples_cached_prefix,condescending,True,choice,0,0,374
cache_prefix_diagnostic_v1,ucc,diagnostic,llm_full_examples_cached_prefix,condescending,True,choice,0,1,16
cache_prefix_diagnostic_v1,ucc,diagnostic,llm_full_examples_cached_prefix,condescending,True,choice,0,__missing__,565
cache_prefix_diagnostic_v1,ucc,diagnostic,llm_full_examples_cached_prefix,condescending,True,choice,1,0,13
cache_prefix_diagnostic_v1,ucc,diagnostic,llm_full_examples_cached_prefix,condescending,True,choice,1,1,7
cache_prefix_diagnostic_v1,ucc,diagnostic,llm_full_examples_cached_prefix,condescending,True,choice,1,__missing__,27
cache_prefix_diagnostic_v1,ucc,diagnostic,llm_full_examples_cached_prefix,dismissive,True,choice,0,0,380
cache_prefix_diagnostic_v1,ucc,diagnostic,llm_full_examples_cached_prefix,dismissive,True,choice,0,1,16
cache_prefix_diagnostic_v1,ucc,diagnostic,llm_full_examples_cached_prefix,dismissive,True,choice,0,__missing__,582
cache_prefix_diagnostic_v1,ucc,diagnostic,llm_full_examples_cached_prefix,dismissive,True,choice,1,0,8
cache_prefix_diagnostic_v1,ucc,diagnostic,llm_full_examples_cached_prefix,dismissive,True,choice,1,1,6
cache_prefix_diagnostic_v1,ucc,diagnostic,llm_full_examples_cached_prefix,dismissive,True,choice,1,__missing__,10
cache_prefix_diagnostic_v1,ucc,diagnostic,llm_native_cached_prefix,healthy,True,choice,0,0,29
cache_prefix_diagnostic_v1,ucc,diagnostic,llm_native_cached_prefix,healthy,True,choice,0,1,5
cache_prefix_diagnostic_v1,ucc,diagnostic,llm_native_cached_prefix,healthy,True,choice,0,__missing__,31
cache_prefix_diagnostic_v1,ucc,diagnostic,llm_native_cached_prefix,healthy,True,choice,1,0,136
cache_prefix_diagnostic_v1,ucc,diagnostic,llm_native_cached_prefix,healthy,True,choice,1,1,272
cache_prefix_diagnostic_v1,ucc,diagnostic,llm_native_cached_prefix,healthy,True,choice,1,__missing__,529
cache_prefix_diagnostic_v1,ucc,diagnostic,llm_native_cached_prefix,sarcastic,True,choice,0,0,321
cache_prefix_diagnostic_v1,ucc,diagnostic,llm_native_cached_prefix,sarcastic,True,choice,0,1,94
cache_prefix_diagnostic_v1,ucc,diagnostic,llm_native_cached_prefix,sarcastic,True,choice,0,__missing__,539
cache_prefix_diagnostic_v1,ucc,diagnostic,llm_native_cached_prefix,sarcastic,True,choice,1,0,8
cache_prefix_diagnostic_v1,ucc,diagnostic,llm_native_cached_prefix,sarcastic,True,choice,1,1,19
cache_prefix_diagnostic_v1,ucc,diagnostic,llm_native_cached_prefix,sarcastic,True,choice,1,__missing__,21
cache_prefix_diagnostic_v1,ucc,diagnostic,llm_native_cached_prefix,generalisation,False,choice,0,0,365
cache_prefix_diagnostic_v1,ucc,diagnostic,llm_native_cached_prefix,generalisation,False,choice,0,1,67
cache_prefix_diagnostic_v1,ucc,diagnostic,llm_native_cached_prefix,generalisation,False,choice,0,__missing__,555
cache_prefix_diagnostic_v1,ucc,diagnostic,llm_native_cached_prefix,generalisation,False,choice,1,0,1
cache_prefix_diagnostic_v1,ucc,diagnostic,llm_native_cached_prefix,generalisation,False,choice,1,1,9
cache_prefix_diagnostic_v1,ucc,diagnostic,llm_native_cached_prefix,generalisation,False,choice,1,__missing__,5
cache_prefix_diagnostic_v1,ucc,diagnostic,llm_native_cached_prefix,generalisation_unfair,True,choice,0,0,371
cache_prefix_diagnostic_v1,ucc,diagnostic,llm_native_cached_prefix,generalisation_unfair,True,choice,0,1,61
cache_prefix_diagnostic_v1,ucc,diagnostic,llm_native_cached_prefix,generalisation_unfair,True,choice,0,__missing__,556
cache_prefix_diagnostic_v1,ucc,diagnostic,llm_native_cached_prefix,generalisation_unfair,True,choice,1,0,2
cache_prefix_diagnostic_v1,ucc,diagnostic,llm_native_cached_prefix,generalisation_unfair,True,choice,1,1,8
cache_prefix_diagnostic_v1,ucc,diagnostic,llm_native_cached_prefix,generalisation_unfair,True,choice,1,__missing__,4
cache_prefix_diagnostic_v1,ucc,diagnostic,llm_native_cached_prefix,hostile,True,choice,0,0,337
cache_prefix_diagnostic_v1,ucc,diagnostic,llm_native_cached_prefix,hostile,True,choice,0,1,91
cache_prefix_diagnostic_v1,ucc,diagnostic,llm_native_cached_prefix,hostile,True,choice,0,__missing__,553
cache_prefix_diagnostic_v1,ucc,diagnostic,llm_native_cached_prefix,hostile,True,choice,1,0,0
cache_prefix_diagnostic_v1,ucc,diagnostic,llm_native_cached_prefix,hostile,True,choice,1,1,14
cache_prefix_diagnostic_v1,ucc,diagnostic,llm_native_cached_prefix,hostile,True,choice,1,__missing__,7
cache_prefix_diagnostic_v1,ucc,diagnostic,llm_native_cached_prefix,antagonize,True,choice,0,0,325
cache_prefix_diagnostic_v1,ucc,diagnostic,llm_native_cached_prefix,antagonize,True,choice,0,1,93
cache_prefix_diagnostic_v1,ucc,diagnostic,llm_native_cached_prefix,antagonize,True,choice,0,__missing__,533
cache_prefix_diagnostic_v1,ucc,diagnostic,llm_native_cached_prefix,antagonize,True,choice,1,0,5
cache_prefix_diagnostic_v1,ucc,diagnostic,llm_native_cached_prefix,antagonize,True,choice,1,1,19
cache_prefix_diagnostic_v1,ucc,diagnostic,llm_native_cached_prefix,antagonize,True,choice,1,__missing__,27
cache_prefix_diagnostic_v1,ucc,diagnostic,llm_native_cached_prefix,condescending,True,choice,0,0,316
cache_prefix_diagnostic_v1,ucc,diagnostic,llm_native_cached_prefix,condescending,True,choice,0,1,105
cache_prefix_diagnostic_v1,ucc,diagnostic,llm_native_cached_prefix,condescending,True,choice,0,__missing__,534
cache_prefix_diagnostic_v1,ucc,diagnostic,llm_native_cached_prefix,condescending,True,choice,1,0,5
cache_prefix_diagnostic_v1,ucc,diagnostic,llm_native_cached_prefix,condescending,True,choice,1,1,16
cache_prefix_diagnostic_v1,ucc,diagnostic,llm_native_cached_prefix,condescending,True,choice,1,__missing__,26
cache_prefix_diagnostic_v1,ucc,diagnostic,llm_native_cached_prefix,dismissive,True,choice,0,0,328
cache_prefix_diagnostic_v1,ucc,diagnostic,llm_native_cached_prefix,dismissive,True,choice,0,1,104
cache_prefix_diagnostic_v1,ucc,diagnostic,llm_native_cached_prefix,dismissive,True,choice,0,__missing__,546
cache_prefix_diagnostic_v1,ucc,diagnostic,llm_native_cached_prefix,dismissive,True,choice,1,0,1
cache_prefix_diagnostic_v1,ucc,diagnostic,llm_native_cached_prefix,dismissive,True,choice,1,1,9
cache_prefix_diagnostic_v1,ucc,diagnostic,llm_native_cached_prefix,dismissive,True,choice,1,__missing__,14
calibration_v1,babe,calibration,jev_anchored,label_bias,True,choice,Non-biased,Non-biased,76
calibration_v1,babe,calibration,jev_anchored,label_bias,True,choice,Non-biased,Biased,37
calibration_v1,babe,calibration,jev_anchored,label_bias,True,choice,Non-biased,__missing__,0
calibration_v1,babe,calibration,jev_anchored,label_bias,True,choice,Biased,Non-biased,19
calibration_v1,babe,calibration,jev_anchored,label_bias,True,choice,Biased,Biased,69
calibration_v1,babe,calibration,jev_anchored,label_bias,True,choice,Biased,__missing__,0
calibration_v1,babe,calibration,jev_compact,label_bias,True,choice,Non-biased,Non-biased,79
calibration_v1,babe,calibration,jev_compact,label_bias,True,choice,Non-biased,Biased,34
calibration_v1,babe,calibration,jev_compact,label_bias,True,choice,Non-biased,__missing__,0
calibration_v1,babe,calibration,jev_compact,label_bias,True,choice,Biased,Non-biased,23
calibration_v1,babe,calibration,jev_compact,label_bias,True,choice,Biased,Biased,65
calibration_v1,babe,calibration,jev_compact,label_bias,True,choice,Biased,__missing__,0
calibration_v1,babe,calibration,jev_verbose,label_bias,True,choice,Non-biased,Non-biased,91
calibration_v1,babe,calibration,jev_verbose,label_bias,True,choice,Non-biased,Biased,22
calibration_v1,babe,calibration,jev_verbose,label_bias,True,choice,Non-biased,__missing__,0
calibration_v1,babe,calibration,jev_verbose,label_bias,True,choice,Biased,Non-biased,11
calibration_v1,babe,calibration,jev_verbose,label_bias,True,choice,Biased,Biased,77
calibration_v1,babe,calibration,jev_verbose,label_bias,True,choice,Biased,__missing__,0
calibration_v1,babe,calibration,llm_direct,label_bias,True,choice,Non-biased,Non-biased,92
calibration_v1,babe,calibration,llm_direct,label_bias,True,choice,Non-biased,Biased,21
calibration_v1,babe,calibration,llm_direct,label_bias,True,choice,Non-biased,__missing__,0
calibration_v1,babe,calibration,llm_direct,label_bias,True,choice,Biased,Non-biased,13
calibration_v1,babe,calibration,llm_direct,label_bias,True,choice,Biased,Biased,75
calibration_v1,babe,calibration,llm_direct,label_bias,True,choice,Biased,__missing__,0
calibration_v1,conflict,calibration,jev_anchored,rating_directness_content,True,choice,Yes - Direct Content,Yes - Direct Content,92
calibration_v1,conflict,calibration,jev_anchored,rating_directness_content,True,choice,Yes - Direct Content,Neutral - Content contains no opinion,1
calibration_v1,conflict,calibration,jev_anchored,rating_directness_content,True,choice,Yes - Direct Content,No - Indirect Content,5
calibration_v1,conflict,calibration,jev_anchored,rating_directness_content,True,choice,Yes - Direct Content,__missing__,0
calibration_v1,conflict,calibration,jev_anchored,rating_directness_content,True,choice,Neutral - Content contains no opinion,Yes - Direct Content,0
calibration_v1,conflict,calibration,jev_anchored,rating_directness_content,True,choice,Neutral - Content contains no opinion,Neutral - Content contains no opinion,0
calibration_v1,conflict,calibration,jev_anchored,rating_directness_content,True,choice,Neutral - Content contains no opinion,No - Indirect Content,0
calibration_v1,conflict,calibration,jev_anchored,rating_directness_content,True,choice,Neutral - Content contains no opinion,__missing__,0
calibration_v1,conflict,calibration,jev_anchored,rating_directness_content,True,choice,No - Indirect Content,Yes - Direct Content,0
calibration_v1,conflict,calibration,jev_anchored,rating_directness_content,True,choice,No - Indirect Content,Neutral - Content contains no opinion,0
calibration_v1,conflict,calibration,jev_anchored,rating_directness_content,True,choice,No - Indirect Content,No - Indirect Content,0
calibration_v1,conflict,calibration,jev_anchored,rating_directness_content,True,choice,No - Indirect Content,__missing__,0
calibration_v1,conflict,calibration,jev_anchored,rating_directness_expression,True,choice,Yes - Direct Expression,Yes - Direct Expression,81
calibration_v1,conflict,calibration,jev_anchored,rating_directness_expression,True,choice,Yes - Direct Expression,No - Indirect Expression,13
calibration_v1,conflict,calibration,jev_anchored,rating_directness_expression,True,choice,Yes - Direct Expression,__missing__,0
calibration_v1,conflict,calibration,jev_anchored,rating_directness_expression,True,choice,No - Indirect Expression,Yes - Direct Expression,1
calibration_v1,conflict,calibration,jev_anchored,rating_directness_expression,True,choice,No - Indirect Expression,No - Indirect Expression,3
calibration_v1,conflict,calibration,jev_anchored,rating_directness_expression,True,choice,No - Indirect Expression,__missing__,0
calibration_v1,conflict,calibration,jev_anchored,rating_OI_content,True,choice,Yes - Content opposes someone else,Yes - Content opposes someone else,63
calibration_v1,conflict,calibration,jev_anchored,rating_OI_content,True,choice,Yes - Content opposes someone else,No - Content does not oppose anyone,33
calibration_v1,conflict,calibration,jev_anchored,rating_OI_content,True,choice,Yes - Content opposes someone else,__missing__,0
calibration_v1,conflict,calibration,jev_anchored,rating_OI_content,True,choice,No - Content does not oppose anyone,Yes - Content opposes someone else,0
calibration_v1,conflict,calibration,jev_anchored,rating_OI_content,True,choice,No - Content does not oppose anyone,No - Content does not oppose anyone,2
calibration_v1,conflict,calibration,jev_anchored,rating_OI_content,True,choice,No - Content does not oppose anyone,__missing__,0
calibration_v1,conflict,calibration,jev_anchored,rating_OI_expression,True,choice,Yes - Expression is emotional/forceful,Yes - Expression is emotional/forceful,7
calibration_v1,conflict,calibration,jev_anchored,rating_OI_expression,True,choice,Yes - Expression is emotional/forceful,No - Expression is not emotional/forceful,4
calibration_v1,conflict,calibration,jev_anchored,rating_OI_expression,True,choice,Yes - Expression is emotional/forceful,__missing__,0
calibration_v1,conflict,calibration,jev_anchored,rating_OI_expression,True,choice,No - Expression is not emotional/forceful,Yes - Expression is emotional/forceful,14
calibration_v1,conflict,calibration,jev_anchored,rating_OI_expression,True,choice,No - Expression is not emotional/forceful,No - Expression is not emotional/forceful,73
calibration_v1,conflict,calibration,jev_anchored,rating_OI_expression,True,choice,No - Expression is not emotional/forceful,__missing__,0
calibration_v1,conflict,calibration,jev_compact,rating_directness_content,True,choice,Yes - Direct Content,Yes - Direct Content,91
calibration_v1,conflict,calibration,jev_compact,rating_directness_content,True,choice,Yes - Direct Content,Neutral - Content contains no opinion,1
calibration_v1,conflict,calibration,jev_compact,rating_directness_content,True,choice,Yes - Direct Content,No - Indirect Content,6
calibration_v1,conflict,calibration,jev_compact,rating_directness_content,True,choice,Yes - Direct Content,__missing__,0
calibration_v1,conflict,calibration,jev_compact,rating_directness_content,True,choice,Neutral - Content contains no opinion,Yes - Direct Content,0
calibration_v1,conflict,calibration,jev_compact,rating_directness_content,True,choice,Neutral - Content contains no opinion,Neutral - Content contains no opinion,0
calibration_v1,conflict,calibration,jev_compact,rating_directness_content,True,choice,Neutral - Content contains no opinion,No - Indirect Content,0
calibration_v1,conflict,calibration,jev_compact,rating_directness_content,True,choice,Neutral - Content contains no opinion,__missing__,0
calibration_v1,conflict,calibration,jev_compact,rating_directness_content,True,choice,No - Indirect Content,Yes - Direct Content,0
calibration_v1,conflict,calibration,jev_compact,rating_directness_content,True,choice,No - Indirect Content,Neutral - Content contains no opinion,0
calibration_v1,conflict,calibration,jev_compact,rating_directness_content,True,choice,No - Indirect Content,No - Indirect Content,0
calibration_v1,conflict,calibration,jev_compact,rating_directness_content,True,choice,No - Indirect Content,__missing__,0
calibration_v1,conflict,calibration,jev_compact,rating_directness_expression,True,choice,Yes - Direct Expression,Yes - Direct Expression,80
calibration_v1,conflict,calibration,jev_compact,rating_directness_expression,True,choice,Yes - Direct Expression,No - Indirect Expression,14
calibration_v1,conflict,calibration,jev_compact,rating_directness_expression,True,choice,Yes - Direct Expression,__missing__,0
calibration_v1,conflict,calibration,jev_compact,rating_directness_expression,True,choice,No - Indirect Expression,Yes - Direct Expression,1
calibration_v1,conflict,calibration,jev_compact,rating_directness_expression,True,choice,No - Indirect Expression,No - Indirect Expression,3
calibration_v1,conflict,calibration,jev_compact,rating_directness_expression,True,choice,No - Indirect Expression,__missing__,0
calibration_v1,conflict,calibration,jev_compact,rating_OI_content,True,choice,Yes - Content opposes someone else,Yes - Content opposes someone else,63
calibration_v1,conflict,calibration,jev_compact,rating_OI_content,True,choice,Yes - Content opposes someone else,No - Content does not oppose anyone,33
calibration_v1,conflict,calibration,jev_compact,rating_OI_content,True,choice,Yes - Content opposes someone else,__missing__,0
calibration_v1,conflict,calibration,jev_compact,rating_OI_content,True,choice,No - Content does not oppose anyone,Yes - Content opposes someone else,0
calibration_v1,conflict,calibration,jev_compact,rating_OI_content,True,choice,No - Content does not oppose anyone,No - Content does not oppose anyone,2
calibration_v1,conflict,calibration,jev_compact,rating_OI_content,True,choice,No - Content does not oppose anyone,__missing__,0
calibration_v1,conflict,calibration,jev_compact,rating_OI_expression,True,choice,Yes - Expression is emotional/forceful,Yes - Expression is emotional/forceful,6
calibration_v1,conflict,calibration,jev_compact,rating_OI_expression,True,choice,Yes - Expression is emotional/forceful,No - Expression is not emotional/forceful,5
calibration_v1,conflict,calibration,jev_compact,rating_OI_expression,True,choice,Yes - Expression is emotional/forceful,__missing__,0
calibration_v1,conflict,calibration,jev_compact,rating_OI_expression,True,choice,No - Expression is not emotional/forceful,Yes - Expression is emotional/forceful,15
calibration_v1,conflict,calibration,jev_compact,rating_OI_expression,True,choice,No - Expression is not emotional/forceful,No - Expression is not emotional/forceful,72
calibration_v1,conflict,calibration,jev_compact,rating_OI_expression,True,choice,No - Expression is not emotional/forceful,__missing__,0
calibration_v1,conflict,calibration,jev_verbose,rating_directness_content,True,choice,Yes - Direct Content,Yes - Direct Content,92
calibration_v1,conflict,calibration,jev_verbose,rating_directness_content,True,choice,Yes - Direct Content,Neutral - Content contains no opinion,1
calibration_v1,conflict,calibration,jev_verbose,rating_directness_content,True,choice,Yes - Direct Content,No - Indirect Content,5
calibration_v1,conflict,calibration,jev_verbose,rating_directness_content,True,choice,Yes - Direct Content,__missing__,0
calibration_v1,conflict,calibration,jev_verbose,rating_directness_content,True,choice,Neutral - Content contains no opinion,Yes - Direct Content,0
calibration_v1,conflict,calibration,jev_verbose,rating_directness_content,True,choice,Neutral - Content contains no opinion,Neutral - Content contains no opinion,0
calibration_v1,conflict,calibration,jev_verbose,rating_directness_content,True,choice,Neutral - Content contains no opinion,No - Indirect Content,0
calibration_v1,conflict,calibration,jev_verbose,rating_directness_content,True,choice,Neutral - Content contains no opinion,__missing__,0
calibration_v1,conflict,calibration,jev_verbose,rating_directness_content,True,choice,No - Indirect Content,Yes - Direct Content,0
calibration_v1,conflict,calibration,jev_verbose,rating_directness_content,True,choice,No - Indirect Content,Neutral - Content contains no opinion,0
calibration_v1,conflict,calibration,jev_verbose,rating_directness_content,True,choice,No - Indirect Content,No - Indirect Content,0
calibration_v1,conflict,calibration,jev_verbose,rating_directness_content,True,choice,No - Indirect Content,__missing__,0
calibration_v1,conflict,calibration,jev_verbose,rating_directness_expression,True,choice,Yes - Direct Expression,Yes - Direct Expression,85
calibration_v1,conflict,calibration,jev_verbose,rating_directness_expression,True,choice,Yes - Direct Expression,No - Indirect Expression,9
calibration_v1,conflict,calibration,jev_verbose,rating_directness_expression,True,choice,Yes - Direct Expression,__missing__,0
calibration_v1,conflict,calibration,jev_verbose,rating_directness_expression,True,choice,No - Indirect Expression,Yes - Direct Expression,1
calibration_v1,conflict,calibration,jev_verbose,rating_directness_expression,True,choice,No - Indirect Expression,No - Indirect Expression,3
calibration_v1,conflict,calibration,jev_verbose,rating_directness_expression,True,choice,No - Indirect Expression,__missing__,0
calibration_v1,conflict,calibration,jev_verbose,rating_OI_content,True,choice,Yes - Content opposes someone else,Yes - Content opposes someone else,69
calibration_v1,conflict,calibration,jev_verbose,rating_OI_content,True,choice,Yes - Content opposes someone else,No - Content does not oppose anyone,27
calibration_v1,conflict,calibration,jev_verbose,rating_OI_content,True,choice,Yes - Content opposes someone else,__missing__,0
calibration_v1,conflict,calibration,jev_verbose,rating_OI_content,True,choice,No - Content does not oppose anyone,Yes - Content opposes someone else,1
calibration_v1,conflict,calibration,jev_verbose,rating_OI_content,True,choice,No - Content does not oppose anyone,No - Content does not oppose anyone,1
calibration_v1,conflict,calibration,jev_verbose,rating_OI_content,True,choice,No - Content does not oppose anyone,__missing__,0
calibration_v1,conflict,calibration,jev_verbose,rating_OI_expression,True,choice,Yes - Expression is emotional/forceful,Yes - Expression is emotional/forceful,8
calibration_v1,conflict,calibration,jev_verbose,rating_OI_expression,True,choice,Yes - Expression is emotional/forceful,No - Expression is not emotional/forceful,3
calibration_v1,conflict,calibration,jev_verbose,rating_OI_expression,True,choice,Yes - Expression is emotional/forceful,__missing__,0
calibration_v1,conflict,calibration,jev_verbose,rating_OI_expression,True,choice,No - Expression is not emotional/forceful,Yes - Expression is emotional/forceful,14
calibration_v1,conflict,calibration,jev_verbose,rating_OI_expression,True,choice,No - Expression is not emotional/forceful,No - Expression is not emotional/forceful,73
calibration_v1,conflict,calibration,jev_verbose,rating_OI_expression,True,choice,No - Expression is not emotional/forceful,__missing__,0
calibration_v1,conflict,calibration,llm_direct,rating_directness_content,True,choice,Yes - Direct Content,Yes - Direct Content,95
calibration_v1,conflict,calibration,llm_direct,rating_directness_content,True,choice,Yes - Direct Content,Neutral - Content contains no opinion,2
calibration_v1,conflict,calibration,llm_direct,rating_directness_content,True,choice,Yes - Direct Content,No - Indirect Content,1
calibration_v1,conflict,calibration,llm_direct,rating_directness_content,True,choice,Yes - Direct Content,__missing__,0
calibration_v1,conflict,calibration,llm_direct,rating_directness_content,True,choice,Neutral - Content contains no opinion,Yes - Direct Content,0
calibration_v1,conflict,calibration,llm_direct,rating_directness_content,True,choice,Neutral - Content contains no opinion,Neutral - Content contains no opinion,0
calibration_v1,conflict,calibration,llm_direct,rating_directness_content,True,choice,Neutral - Content contains no opinion,No - Indirect Content,0
calibration_v1,conflict,calibration,llm_direct,rating_directness_content,True,choice,Neutral - Content contains no opinion,__missing__,0
calibration_v1,conflict,calibration,llm_direct,rating_directness_content,True,choice,No - Indirect Content,Yes - Direct Content,0
calibration_v1,conflict,calibration,llm_direct,rating_directness_content,True,choice,No - Indirect Content,Neutral - Content contains no opinion,0
calibration_v1,conflict,calibration,llm_direct,rating_directness_content,True,choice,No - Indirect Content,No - Indirect Content,0
calibration_v1,conflict,calibration,llm_direct,rating_directness_content,True,choice,No - Indirect Content,__missing__,0
calibration_v1,conflict,calibration,llm_direct,rating_directness_expression,True,choice,Yes - Direct Expression,Yes - Direct Expression,83
calibration_v1,conflict,calibration,llm_direct,rating_directness_expression,True,choice,Yes - Direct Expression,No - Indirect Expression,11
calibration_v1,conflict,calibration,llm_direct,rating_directness_expression,True,choice,Yes - Direct Expression,__missing__,0
calibration_v1,conflict,calibration,llm_direct,rating_directness_expression,True,choice,No - Indirect Expression,Yes - Direct Expression,1
calibration_v1,conflict,calibration,llm_direct,rating_directness_expression,True,choice,No - Indirect Expression,No - Indirect Expression,3
calibration_v1,conflict,calibration,llm_direct,rating_directness_expression,True,choice,No - Indirect Expression,__missing__,0
calibration_v1,conflict,calibration,llm_direct,rating_OI_content,True,choice,Yes - Content opposes someone else,Yes - Content opposes someone else,63
calibration_v1,conflict,calibration,llm_direct,rating_OI_content,True,choice,Yes - Content opposes someone else,No - Content does not oppose anyone,33
calibration_v1,conflict,calibration,llm_direct,rating_OI_content,True,choice,Yes - Content opposes someone else,__missing__,0
calibration_v1,conflict,calibration,llm_direct,rating_OI_content,True,choice,No - Content does not oppose anyone,Yes - Content opposes someone else,0
calibration_v1,conflict,calibration,llm_direct,rating_OI_content,True,choice,No - Content does not oppose anyone,No - Content does not oppose anyone,2
calibration_v1,conflict,calibration,llm_direct,rating_OI_content,True,choice,No - Content does not oppose anyone,__missing__,0
calibration_v1,conflict,calibration,llm_direct,rating_OI_expression,True,choice,Yes - Expression is emotional/forceful,Yes - Expression is emotional/forceful,9
calibration_v1,conflict,calibration,llm_direct,rating_OI_expression,True,choice,Yes - Expression is emotional/forceful,No - Expression is not emotional/forceful,2
calibration_v1,conflict,calibration,llm_direct,rating_OI_expression,True,choice,Yes - Expression is emotional/forceful,__missing__,0
calibration_v1,conflict,calibration,llm_direct,rating_OI_expression,True,choice,No - Expression is not emotional/forceful,Yes - Expression is emotional/forceful,15
calibration_v1,conflict,calibration,llm_direct,rating_OI_expression,True,choice,No - Expression is not emotional/forceful,No - Expression is not emotional/forceful,72
calibration_v1,conflict,calibration,llm_direct,rating_OI_expression,True,choice,No - Expression is not emotional/forceful,__missing__,0
calibration_v1,mbd,calibration,jev_anchored,type,True,choice,fact,fact,102
calibration_v1,mbd,calibration,jev_anchored,type,True,choice,fact,opinion,10
calibration_v1,mbd,calibration,jev_anchored,type,True,choice,fact,borderline,9
calibration_v1,mbd,calibration,jev_anchored,type,True,choice,fact,quote,1
calibration_v1,mbd,calibration,jev_anchored,type,True,choice,fact,other,5
calibration_v1,mbd,calibration,jev_anchored,type,True,choice,fact,__missing__,0
calibration_v1,mbd,calibration,jev_anchored,type,True,choice,opinion,fact,2
calibration_v1,mbd,calibration,jev_anchored,type,True,choice,opinion,opinion,19
calibration_v1,mbd,calibration,jev_anchored,type,True,choice,opinion,borderline,0
calibration_v1,mbd,calibration,jev_anchored,type,True,choice,opinion,quote,0
calibration_v1,mbd,calibration,jev_anchored,type,True,choice,opinion,other,0
calibration_v1,mbd,calibration,jev_anchored,type,True,choice,opinion,__missing__,0
calibration_v1,mbd,calibration,jev_anchored,type,True,choice,borderline,fact,2
calibration_v1,mbd,calibration,jev_anchored,type,True,choice,borderline,opinion,8
calibration_v1,mbd,calibration,jev_anchored,type,True,choice,borderline,borderline,1
calibration_v1,mbd,calibration,jev_anchored,type,True,choice,borderline,quote,0
calibration_v1,mbd,calibration,jev_anchored,type,True,choice,borderline,other,0
calibration_v1,mbd,calibration,jev_anchored,type,True,choice,borderline,__missing__,0
calibration_v1,mbd,calibration,jev_anchored,type,True,choice,quote,fact,5
calibration_v1,mbd,calibration,jev_anchored,type,True,choice,quote,opinion,0
calibration_v1,mbd,calibration,jev_anchored,type,True,choice,quote,borderline,0
calibration_v1,mbd,calibration,jev_anchored,type,True,choice,quote,quote,49
calibration_v1,mbd,calibration,jev_anchored,type,True,choice,quote,other,1
calibration_v1,mbd,calibration,jev_anchored,type,True,choice,quote,__missing__,0
calibration_v1,mbd,calibration,jev_anchored,type,True,choice,other,fact,0
calibration_v1,mbd,calibration,jev_anchored,type,True,choice,other,opinion,0
calibration_v1,mbd,calibration,jev_anchored,type,True,choice,other,borderline,1
calibration_v1,mbd,calibration,jev_anchored,type,True,choice,other,quote,0
calibration_v1,mbd,calibration,jev_anchored,type,True,choice,other,other,19
calibration_v1,mbd,calibration,jev_anchored,type,True,choice,other,__missing__,0
calibration_v1,mbd,calibration,jev_anchored,tone,True,choice,positive,positive,2
calibration_v1,mbd,calibration,jev_anchored,tone,True,choice,positive,negative,0
calibration_v1,mbd,calibration,jev_anchored,tone,True,choice,positive,neutral,4
calibration_v1,mbd,calibration,jev_anchored,tone,True,choice,positive,__missing__,0
calibration_v1,mbd,calibration,jev_anchored,tone,True,choice,negative,positive,0
calibration_v1,mbd,calibration,jev_anchored,tone,True,choice,negative,negative,29
calibration_v1,mbd,calibration,jev_anchored,tone,True,choice,negative,neutral,2
calibration_v1,mbd,calibration,jev_anchored,tone,True,choice,negative,__missing__,0
calibration_v1,mbd,calibration,jev_anchored,tone,True,choice,neutral,positive,7
calibration_v1,mbd,calibration,jev_anchored,tone,True,choice,neutral,negative,34
calibration_v1,mbd,calibration,jev_anchored,tone,True,choice,neutral,neutral,163
calibration_v1,mbd,calibration,jev_anchored,tone,True,choice,neutral,__missing__,0
calibration_v1,mbd,calibration,jev_anchored,focus,True,choice,democrat,democrat,20
calibration_v1,mbd,calibration,jev_anchored,focus,True,choice,democrat,republican,1
calibration_v1,mbd,calibration,jev_anchored,focus,True,choice,democrat,both,3
calibration_v1,mbd,calibration,jev_anchored,focus,True,choice,democrat,neither,9
calibration_v1,mbd,calibration,jev_anchored,focus,True,choice,democrat,__missing__,0
calibration_v1,mbd,calibration,jev_anchored,focus,True,choice,republican,democrat,0
calibration_v1,mbd,calibration,jev_anchored,focus,True,choice,republican,republican,39
calibration_v1,mbd,calibration,jev_anchored,focus,True,choice,republican,both,0
calibration_v1,mbd,calibration,jev_anchored,focus,True,choice,republican,neither,11
calibration_v1,mbd,calibration,jev_anchored,focus,True,choice,republican,__missing__,0
calibration_v1,mbd,calibration,jev_anchored,focus,True,choice,both,democrat,1
calibration_v1,mbd,calibration,jev_anchored,focus,True,choice,both,republican,0
calibration_v1,mbd,calibration,jev_anchored,focus,True,choice,both,both,9
calibration_v1,mbd,calibration,jev_anchored,focus,True,choice,both,neither,3
calibration_v1,mbd,calibration,jev_anchored,focus,True,choice,both,__missing__,0
calibration_v1,mbd,calibration,jev_anchored,focus,True,choice,neither,democrat,0
calibration_v1,mbd,calibration,jev_anchored,focus,True,choice,neither,republican,0
calibration_v1,mbd,calibration,jev_anchored,focus,True,choice,neither,both,0
calibration_v1,mbd,calibration,jev_anchored,focus,True,choice,neither,neither,143
calibration_v1,mbd,calibration,jev_anchored,focus,True,choice,neither,__missing__,0
calibration_v1,mbd,calibration,jev_compact,type,True,choice,fact,fact,100
calibration_v1,mbd,calibration,jev_compact,type,True,choice,fact,opinion,9
calibration_v1,mbd,calibration,jev_compact,type,True,choice,fact,borderline,11
calibration_v1,mbd,calibration,jev_compact,type,True,choice,fact,quote,1
calibration_v1,mbd,calibration,jev_compact,type,True,choice,fact,other,6
calibration_v1,mbd,calibration,jev_compact,type,True,choice,fact,__missing__,0
calibration_v1,mbd,calibration,jev_compact,type,True,choice,opinion,fact,1
calibration_v1,mbd,calibration,jev_compact,type,True,choice,opinion,opinion,19
calibration_v1,mbd,calibration,jev_compact,type,True,choice,opinion,borderline,0
calibration_v1,mbd,calibration,jev_compact,type,True,choice,opinion,quote,1
calibration_v1,mbd,calibration,jev_compact,type,True,choice,opinion,other,0
calibration_v1,mbd,calibration,jev_compact,type,True,choice,opinion,__missing__,0
calibration_v1,mbd,calibration,jev_compact,type,True,choice,borderline,fact,3
calibration_v1,mbd,calibration,jev_compact,type,True,choice,borderline,opinion,7
calibration_v1,mbd,calibration,jev_compact,type,True,choice,borderline,borderline,1
calibration_v1,mbd,calibration,jev_compact,type,True,choice,borderline,quote,0
calibration_v1,mbd,calibration,jev_compact,type,True,choice,borderline,other,0
calibration_v1,mbd,calibration,jev_compact,type,True,choice,borderline,__missing__,0
calibration_v1,mbd,calibration,jev_compact,type,True,choice,quote,fact,6
calibration_v1,mbd,calibration,jev_compact,type,True,choice,quote,opinion,0
calibration_v1,mbd,calibration,jev_compact,type,True,choice,quote,borderline,0
calibration_v1,mbd,calibration,jev_compact,type,True,choice,quote,quote,48
calibration_v1,mbd,calibration,jev_compact,type,True,choice,quote,other,1
calibration_v1,mbd,calibration,jev_compact,type,True,choice,quote,__missing__,0
calibration_v1,mbd,calibration,jev_compact,type,True,choice,other,fact,0
calibration_v1,mbd,calibration,jev_compact,type,True,choice,other,opinion,0
calibration_v1,mbd,calibration,jev_compact,type,True,choice,other,borderline,1
calibration_v1,mbd,calibration,jev_compact,type,True,choice,other,quote,0
calibration_v1,mbd,calibration,jev_compact,type,True,choice,other,other,19
calibration_v1,mbd,calibration,jev_compact,type,True,choice,other,__missing__,0
calibration_v1,mbd,calibration,jev_compact,tone,True,choice,positive,positive,2
calibration_v1,mbd,calibration,jev_compact,tone,True,choice,positive,negative,0
calibration_v1,mbd,calibration,jev_compact,tone,True,choice,positive,neutral,4
calibration_v1,mbd,calibration,jev_compact,tone,True,choice,positive,__missing__,0
calibration_v1,mbd,calibration,jev_compact,tone,True,choice,negative,positive,0
calibration_v1,mbd,calibration,jev_compact,tone,True,choice,negative,negative,29
calibration_v1,mbd,calibration,jev_compact,tone,True,choice,negative,neutral,2
calibration_v1,mbd,calibration,jev_compact,tone,True,choice,negative,__missing__,0
calibration_v1,mbd,calibration,jev_compact,tone,True,choice,neutral,positive,6
calibration_v1,mbd,calibration,jev_compact,tone,True,choice,neutral,negative,32
calibration_v1,mbd,calibration,jev_compact,tone,True,choice,neutral,neutral,166
calibration_v1,mbd,calibration,jev_compact,tone,True,choice,neutral,__missing__,0
calibration_v1,mbd,calibration,jev_compact,focus,True,choice,democrat,democrat,21
calibration_v1,mbd,calibration,jev_compact,focus,True,choice,democrat,republican,1
calibration_v1,mbd,calibration,jev_compact,focus,True,choice,democrat,both,3
calibration_v1,mbd,calibration,jev_compact,focus,True,choice,democrat,neither,8
calibration_v1,mbd,calibration,jev_compact,focus,True,choice,democrat,__missing__,0
calibration_v1,mbd,calibration,jev_compact,focus,True,choice,republican,democrat,0
calibration_v1,mbd,calibration,jev_compact,focus,True,choice,republican,republican,38
calibration_v1,mbd,calibration,jev_compact,focus,True,choice,republican,both,0
calibration_v1,mbd,calibration,jev_compact,focus,True,choice,republican,neither,12
calibration_v1,mbd,calibration,jev_compact,focus,True,choice,republican,__missing__,0
calibration_v1,mbd,calibration,jev_compact,focus,True,choice,both,democrat,1
calibration_v1,mbd,calibration,jev_compact,focus,True,choice,both,republican,0
calibration_v1,mbd,calibration,jev_compact,focus,True,choice,both,both,9
calibration_v1,mbd,calibration,jev_compact,focus,True,choice,both,neither,3
calibration_v1,mbd,calibration,jev_compact,focus,True,choice,both,__missing__,0
calibration_v1,mbd,calibration,jev_compact,focus,True,choice,neither,democrat,0
calibration_v1,mbd,calibration,jev_compact,focus,True,choice,neither,republican,1
calibration_v1,mbd,calibration,jev_compact,focus,True,choice,neither,both,1
calibration_v1,mbd,calibration,jev_compact,focus,True,choice,neither,neither,141
calibration_v1,mbd,calibration,jev_compact,focus,True,choice,neither,__missing__,0
calibration_v1,mbd,calibration,jev_verbose,type,True,choice,fact,fact,93
calibration_v1,mbd,calibration,jev_verbose,type,True,choice,fact,opinion,12
calibration_v1,mbd,calibration,jev_verbose,type,True,choice,fact,borderline,18
calibration_v1,mbd,calibration,jev_verbose,type,True,choice,fact,quote,0
calibration_v1,mbd,calibration,jev_verbose,type,True,choice,fact,other,4
calibration_v1,mbd,calibration,jev_verbose,type,True,choice,fact,__missing__,0
calibration_v1,mbd,calibration,jev_verbose,type,True,choice,opinion,fact,0
calibration_v1,mbd,calibration,jev_verbose,type,True,choice,opinion,opinion,20
calibration_v1,mbd,calibration,jev_verbose,type,True,choice,opinion,borderline,1
calibration_v1,mbd,calibration,jev_verbose,type,True,choice,opinion,quote,0
calibration_v1,mbd,calibration,jev_verbose,type,True,choice,opinion,other,0
calibration_v1,mbd,calibration,jev_verbose,type,True,choice,opinion,__missing__,0
calibration_v1,mbd,calibration,jev_verbose,type,True,choice,borderline,fact,2
calibration_v1,mbd,calibration,jev_verbose,type,True,choice,borderline,opinion,4
calibration_v1,mbd,calibration,jev_verbose,type,True,choice,borderline,borderline,5
calibration_v1,mbd,calibration,jev_verbose,type,True,choice,borderline,quote,0
calibration_v1,mbd,calibration,jev_verbose,type,True,choice,borderline,other,0
calibration_v1,mbd,calibration,jev_verbose,type,True,choice,borderline,__missing__,0
calibration_v1,mbd,calibration,jev_verbose,type,True,choice,quote,fact,6
calibration_v1,mbd,calibration,jev_verbose,type,True,choice,quote,opinion,0
calibration_v1,mbd,calibration,jev_verbose,type,True,choice,quote,borderline,0
calibration_v1,mbd,calibration,jev_verbose,type,True,choice,quote,quote,49
calibration_v1,mbd,calibration,jev_verbose,type,True,choice,quote,other,0
calibration_v1,mbd,calibration,jev_verbose,type,True,choice,quote,__missing__,0
calibration_v1,mbd,calibration,jev_verbose,type,True,choice,other,fact,0
calibration_v1,mbd,calibration,jev_verbose,type,True,choice,other,opinion,0
calibration_v1,mbd,calibration,jev_verbose,type,True,choice,other,borderline,1
calibration_v1,mbd,calibration,jev_verbose,type,True,choice,other,quote,1
calibration_v1,mbd,calibration,jev_verbose,type,True,choice,other,other,18
calibration_v1,mbd,calibration,jev_verbose,type,True,choice,other,__missing__,0
calibration_v1,mbd,calibration,jev_verbose,tone,True,choice,positive,positive,3
calibration_v1,mbd,calibration,jev_verbose,tone,True,choice,positive,negative,0
calibration_v1,mbd,calibration,jev_verbose,tone,True,choice,positive,neutral,3
calibration_v1,mbd,calibration,jev_verbose,tone,True,choice,positive,__missing__,0
calibration_v1,mbd,calibration,jev_verbose,tone,True,choice,negative,positive,0
calibration_v1,mbd,calibration,jev_verbose,tone,True,choice,negative,negative,31
calibration_v1,mbd,calibration,jev_verbose,tone,True,choice,negative,neutral,0
calibration_v1,mbd,calibration,jev_verbose,tone,True,choice,negative,__missing__,0
calibration_v1,mbd,calibration,jev_verbose,tone,True,choice,neutral,positive,10
calibration_v1,mbd,calibration,jev_verbose,tone,True,choice,neutral,negative,44
calibration_v1,mbd,calibration,jev_verbose,tone,True,choice,neutral,neutral,150
calibration_v1,mbd,calibration,jev_verbose,tone,True,choice,neutral,__missing__,0
calibration_v1,mbd,calibration,jev_verbose,focus,True,choice,democrat,democrat,18
calibration_v1,mbd,calibration,jev_verbose,focus,True,choice,democrat,republican,0
calibration_v1,mbd,calibration,jev_verbose,focus,True,choice,democrat,both,4
calibration_v1,mbd,calibration,jev_verbose,focus,True,choice,democrat,neither,11
calibration_v1,mbd,calibration,jev_verbose,focus,True,choice,democrat,__missing__,0
calibration_v1,mbd,calibration,jev_verbose,focus,True,choice,republican,democrat,0
calibration_v1,mbd,calibration,jev_verbose,focus,True,choice,republican,republican,36
calibration_v1,mbd,calibration,jev_verbose,focus,True,choice,republican,both,0
calibration_v1,mbd,calibration,jev_verbose,focus,True,choice,republican,neither,14
calibration_v1,mbd,calibration,jev_verbose,focus,True,choice,republican,__missing__,0
calibration_v1,mbd,calibration,jev_verbose,focus,True,choice,both,democrat,1
calibration_v1,mbd,calibration,jev_verbose,focus,True,choice,both,republican,0
calibration_v1,mbd,calibration,jev_verbose,focus,True,choice,both,both,9
calibration_v1,mbd,calibration,jev_verbose,focus,True,choice,both,neither,3
calibration_v1,mbd,calibration,jev_verbose,focus,True,choice,both,__missing__,0
calibration_v1,mbd,calibration,jev_verbose,focus,True,choice,neither,democrat,0
calibration_v1,mbd,calibration,jev_verbose,focus,True,choice,neither,republican,1
calibration_v1,mbd,calibration,jev_verbose,focus,True,choice,neither,both,1
calibration_v1,mbd,calibration,jev_verbose,focus,True,choice,neither,neither,141
calibration_v1,mbd,calibration,jev_verbose,focus,True,choice,neither,__missing__,0
calibration_v1,mbd,calibration,llm_direct,type,True,choice,fact,fact,103
calibration_v1,mbd,calibration,llm_direct,type,True,choice,fact,opinion,7
calibration_v1,mbd,calibration,llm_direct,type,True,choice,fact,borderline,3
calibration_v1,mbd,calibration,llm_direct,type,True,choice,fact,quote,4
calibration_v1,mbd,calibration,llm_direct,type,True,choice,fact,other,10
calibration_v1,mbd,calibration,llm_direct,type,True,choice,fact,__missing__,0
calibration_v1,mbd,calibration,llm_direct,type,True,choice,opinion,fact,1
calibration_v1,mbd,calibration,llm_direct,type,True,choice,opinion,opinion,19
calibration_v1,mbd,calibration,llm_direct,type,True,choice,opinion,borderline,1
calibration_v1,mbd,calibration,llm_direct,type,True,choice,opinion,quote,0
calibration_v1,mbd,calibration,llm_direct,type,True,choice,opinion,other,0
calibration_v1,mbd,calibration,llm_direct,type,True,choice,opinion,__missing__,0
calibration_v1,mbd,calibration,llm_direct,type,True,choice,borderline,fact,4
calibration_v1,mbd,calibration,llm_direct,type,True,choice,borderline,opinion,5
calibration_v1,mbd,calibration,llm_direct,type,True,choice,borderline,borderline,2
calibration_v1,mbd,calibration,llm_direct,type,True,choice,borderline,quote,0
calibration_v1,mbd,calibration,llm_direct,type,True,choice,borderline,other,0
calibration_v1,mbd,calibration,llm_direct,type,True,choice,borderline,__missing__,0
calibration_v1,mbd,calibration,llm_direct,type,True,choice,quote,fact,5
calibration_v1,mbd,calibration,llm_direct,type,True,choice,quote,opinion,0
calibration_v1,mbd,calibration,llm_direct,type,True,choice,quote,borderline,0
calibration_v1,mbd,calibration,llm_direct,type,True,choice,quote,quote,49
calibration_v1,mbd,calibration,llm_direct,type,True,choice,quote,other,1
calibration_v1,mbd,calibration,llm_direct,type,True,choice,quote,__missing__,0
calibration_v1,mbd,calibration,llm_direct,type,True,choice,other,fact,0
calibration_v1,mbd,calibration,llm_direct,type,True,choice,other,opinion,0
calibration_v1,mbd,calibration,llm_direct,type,True,choice,other,borderline,0
calibration_v1,mbd,calibration,llm_direct,type,True,choice,other,quote,1
calibration_v1,mbd,calibration,llm_direct,type,True,choice,other,other,19
calibration_v1,mbd,calibration,llm_direct,type,True,choice,other,__missing__,0
calibration_v1,mbd,calibration,llm_direct,tone,True,choice,positive,positive,1
calibration_v1,mbd,calibration,llm_direct,tone,True,choice,positive,negative,0
calibration_v1,mbd,calibration,llm_direct,tone,True,choice,positive,neutral,5
calibration_v1,mbd,calibration,llm_direct,tone,True,choice,positive,__missing__,0
calibration_v1,mbd,calibration,llm_direct,tone,True,choice,negative,positive,0
calibration_v1,mbd,calibration,llm_direct,tone,True,choice,negative,negative,26
calibration_v1,mbd,calibration,llm_direct,tone,True,choice,negative,neutral,5
calibration_v1,mbd,calibration,llm_direct,tone,True,choice,negative,__missing__,0
calibration_v1,mbd,calibration,llm_direct,tone,True,choice,neutral,positive,2
calibration_v1,mbd,calibration,llm_direct,tone,True,choice,neutral,negative,25
calibration_v1,mbd,calibration,llm_direct,tone,True,choice,neutral,neutral,177
calibration_v1,mbd,calibration,llm_direct,tone,True,choice,neutral,__missing__,0
calibration_v1,mbd,calibration,llm_direct,focus,True,choice,democrat,democrat,14
calibration_v1,mbd,calibration,llm_direct,focus,True,choice,democrat,republican,3
calibration_v1,mbd,calibration,llm_direct,focus,True,choice,democrat,both,0
calibration_v1,mbd,calibration,llm_direct,focus,True,choice,democrat,neither,16
calibration_v1,mbd,calibration,llm_direct,focus,True,choice,democrat,__missing__,0
calibration_v1,mbd,calibration,llm_direct,focus,True,choice,republican,democrat,0
calibration_v1,mbd,calibration,llm_direct,focus,True,choice,republican,republican,27
calibration_v1,mbd,calibration,llm_direct,focus,True,choice,republican,both,1
calibration_v1,mbd,calibration,llm_direct,focus,True,choice,republican,neither,22
calibration_v1,mbd,calibration,llm_direct,focus,True,choice,republican,__missing__,0
calibration_v1,mbd,calibration,llm_direct,focus,True,choice,both,democrat,2
calibration_v1,mbd,calibration,llm_direct,focus,True,choice,both,republican,0
calibration_v1,mbd,calibration,llm_direct,focus,True,choice,both,both,10
calibration_v1,mbd,calibration,llm_direct,focus,True,choice,both,neither,1
calibration_v1,mbd,calibration,llm_direct,focus,True,choice,both,__missing__,0
calibration_v1,mbd,calibration,llm_direct,focus,True,choice,neither,democrat,0
calibration_v1,mbd,calibration,llm_direct,focus,True,choice,neither,republican,1
calibration_v1,mbd,calibration,llm_direct,focus,True,choice,neither,both,0
calibration_v1,mbd,calibration,llm_direct,focus,True,choice,neither,neither,142
calibration_v1,mbd,calibration,llm_direct,focus,True,choice,neither,__missing__,0
calibration_v1,ucc,calibration,jev_anchored,healthy,True,choice,0,0,8
calibration_v1,ucc,calibration,jev_anchored,healthy,True,choice,0,1,1
calibration_v1,ucc,calibration,jev_anchored,healthy,True,choice,0,__missing__,0
calibration_v1,ucc,calibration,jev_anchored,healthy,True,choice,1,0,93
calibration_v1,ucc,calibration,jev_anchored,healthy,True,choice,1,1,103
calibration_v1,ucc,calibration,jev_anchored,healthy,True,choice,1,__missing__,0
calibration_v1,ucc,calibration,jev_anchored,sarcastic,True,choice,0,0,135
calibration_v1,ucc,calibration,jev_anchored,sarcastic,True,choice,0,1,60
calibration_v1,ucc,calibration,jev_anchored,sarcastic,True,choice,0,__missing__,0
calibration_v1,ucc,calibration,jev_anchored,sarcastic,True,choice,1,0,3
calibration_v1,ucc,calibration,jev_anchored,sarcastic,True,choice,1,1,7
calibration_v1,ucc,calibration,jev_anchored,sarcastic,True,choice,1,__missing__,0
calibration_v1,ucc,calibration,jev_anchored,generalisation,False,choice,0,0,173
calibration_v1,ucc,calibration,jev_anchored,generalisation,False,choice,0,1,30
calibration_v1,ucc,calibration,jev_anchored,generalisation,False,choice,0,__missing__,0
calibration_v1,ucc,calibration,jev_anchored,generalisation,False,choice,1,0,1
calibration_v1,ucc,calibration,jev_anchored,generalisation,False,choice,1,1,1
calibration_v1,ucc,calibration,jev_anchored,generalisation,False,choice,1,__missing__,0
calibration_v1,ucc,calibration,jev_anchored,generalisation_unfair,True,choice,0,0,177
calibration_v1,ucc,calibration,jev_anchored,generalisation_unfair,True,choice,0,1,26
calibration_v1,ucc,calibration,jev_anchored,generalisation_unfair,True,choice,0,__missing__,0
calibration_v1,ucc,calibration,jev_anchored,generalisation_unfair,True,choice,1,0,1
calibration_v1,ucc,calibration,jev_anchored,generalisation_unfair,True,choice,1,1,1
calibration_v1,ucc,calibration,jev_anchored,generalisation_unfair,True,choice,1,__missing__,0
calibration_v1,ucc,calibration,jev_anchored,hostile,True,choice,0,0,158
calibration_v1,ucc,calibration,jev_anchored,hostile,True,choice,0,1,44
calibration_v1,ucc,calibration,jev_anchored,hostile,True,choice,0,__missing__,0
calibration_v1,ucc,calibration,jev_anchored,hostile,True,choice,1,0,0
calibration_v1,ucc,calibration,jev_anchored,hostile,True,choice,1,1,3
calibration_v1,ucc,calibration,jev_anchored,hostile,True,choice,1,__missing__,0
calibration_v1,ucc,calibration,jev_anchored,antagonize,True,choice,0,0,136
calibration_v1,ucc,calibration,jev_anchored,antagonize,True,choice,0,1,63
calibration_v1,ucc,calibration,jev_anchored,antagonize,True,choice,0,__missing__,0
calibration_v1,ucc,calibration,jev_anchored,antagonize,True,choice,1,0,1
calibration_v1,ucc,calibration,jev_anchored,antagonize,True,choice,1,1,5
calibration_v1,ucc,calibration,jev_anchored,antagonize,True,choice,1,__missing__,0
calibration_v1,ucc,calibration,jev_anchored,condescending,True,choice,0,0,136
calibration_v1,ucc,calibration,jev_anchored,condescending,True,choice,0,1,63
calibration_v1,ucc,calibration,jev_anchored,condescending,True,choice,0,__missing__,0
calibration_v1,ucc,calibration,jev_anchored,condescending,True,choice,1,0,2
calibration_v1,ucc,calibration,jev_anchored,condescending,True,choice,1,1,4
calibration_v1,ucc,calibration,jev_anchored,condescending,True,choice,1,__missing__,0
calibration_v1,ucc,calibration,jev_anchored,dismissive,True,choice,0,0,136
calibration_v1,ucc,calibration,jev_anchored,dismissive,True,choice,0,1,60
calibration_v1,ucc,calibration,jev_anchored,dismissive,True,choice,0,__missing__,0
calibration_v1,ucc,calibration,jev_anchored,dismissive,True,choice,1,0,1
calibration_v1,ucc,calibration,jev_anchored,dismissive,True,choice,1,1,8
calibration_v1,ucc,calibration,jev_anchored,dismissive,True,choice,1,__missing__,0
calibration_v1,ucc,calibration,jev_compact,healthy,True,choice,0,0,8
calibration_v1,ucc,calibration,jev_compact,healthy,True,choice,0,1,1
calibration_v1,ucc,calibration,jev_compact,healthy,True,choice,0,__missing__,0
calibration_v1,ucc,calibration,jev_compact,healthy,True,choice,1,0,93
calibration_v1,ucc,calibration,jev_compact,healthy,True,choice,1,1,103
calibration_v1,ucc,calibration,jev_compact,healthy,True,choice,1,__missing__,0
calibration_v1,ucc,calibration,jev_compact,sarcastic,True,choice,0,0,137
calibration_v1,ucc,calibration,jev_compact,sarcastic,True,choice,0,1,58
calibration_v1,ucc,calibration,jev_compact,sarcastic,True,choice,0,__missing__,0
calibration_v1,ucc,calibration,jev_compact,sarcastic,True,choice,1,0,3
calibration_v1,ucc,calibration,jev_compact,sarcastic,True,choice,1,1,7
calibration_v1,ucc,calibration,jev_compact,sarcastic,True,choice,1,__missing__,0
calibration_v1,ucc,calibration,jev_compact,generalisation,False,choice,0,0,174
calibration_v1,ucc,calibration,jev_compact,generalisation,False,choice,0,1,29
calibration_v1,ucc,calibration,jev_compact,generalisation,False,choice,0,__missing__,0
calibration_v1,ucc,calibration,jev_compact,generalisation,False,choice,1,0,1
calibration_v1,ucc,calibration,jev_compact,generalisation,False,choice,1,1,1
calibration_v1,ucc,calibration,jev_compact,generalisation,False,choice,1,__missing__,0
calibration_v1,ucc,calibration,jev_compact,generalisation_unfair,True,choice,0,0,176
calibration_v1,ucc,calibration,jev_compact,generalisation_unfair,True,choice,0,1,27
calibration_v1,ucc,calibration,jev_compact,generalisation_unfair,True,choice,0,__missing__,0
calibration_v1,ucc,calibration,jev_compact,generalisation_unfair,True,choice,1,0,1
calibration_v1,ucc,calibration,jev_compact,generalisation_unfair,True,choice,1,1,1
calibration_v1,ucc,calibration,jev_compact,generalisation_unfair,True,choice,1,__missing__,0
calibration_v1,ucc,calibration,jev_compact,hostile,True,choice,0,0,157
calibration_v1,ucc,calibration,jev_compact,hostile,True,choice,0,1,45
calibration_v1,ucc,calibration,jev_compact,hostile,True,choice,0,__missing__,0
calibration_v1,ucc,calibration,jev_compact,hostile,True,choice,1,0,0
calibration_v1,ucc,calibration,jev_compact,hostile,True,choice,1,1,3
calibration_v1,ucc,calibration,jev_compact,hostile,True,choice,1,__missing__,0
calibration_v1,ucc,calibration,jev_compact,antagonize,True,choice,0,0,140
calibration_v1,ucc,calibration,jev_compact,antagonize,True,choice,0,1,59
calibration_v1,ucc,calibration,jev_compact,antagonize,True,choice,0,__missing__,0
calibration_v1,ucc,calibration,jev_compact,antagonize,True,choice,1,0,1
calibration_v1,ucc,calibration,jev_compact,antagonize,True,choice,1,1,5
calibration_v1,ucc,calibration,jev_compact,antagonize,True,choice,1,__missing__,0
calibration_v1,ucc,calibration,jev_compact,condescending,True,choice,0,0,139
calibration_v1,ucc,calibration,jev_compact,condescending,True,choice,0,1,60
calibration_v1,ucc,calibration,jev_compact,condescending,True,choice,0,__missing__,0
calibration_v1,ucc,calibration,jev_compact,condescending,True,choice,1,0,2
calibration_v1,ucc,calibration,jev_compact,condescending,True,choice,1,1,4
calibration_v1,ucc,calibration,jev_compact,condescending,True,choice,1,__missing__,0
calibration_v1,ucc,calibration,jev_compact,dismissive,True,choice,0,0,140
calibration_v1,ucc,calibration,jev_compact,dismissive,True,choice,0,1,56
calibration_v1,ucc,calibration,jev_compact,dismissive,True,choice,0,__missing__,0
calibration_v1,ucc,calibration,jev_compact,dismissive,True,choice,1,0,1
calibration_v1,ucc,calibration,jev_compact,dismissive,True,choice,1,1,8
calibration_v1,ucc,calibration,jev_compact,dismissive,True,choice,1,__missing__,0
calibration_v1,ucc,calibration,jev_verbose,healthy,True,choice,0,0,9
calibration_v1,ucc,calibration,jev_verbose,healthy,True,choice,0,1,0
calibration_v1,ucc,calibration,jev_verbose,healthy,True,choice,0,__missing__,0
calibration_v1,ucc,calibration,jev_verbose,healthy,True,choice,1,0,73
calibration_v1,ucc,calibration,jev_verbose,healthy,True,choice,1,1,123
calibration_v1,ucc,calibration,jev_verbose,healthy,True,choice,1,__missing__,0
calibration_v1,ucc,calibration,jev_verbose,sarcastic,True,choice,0,0,136
calibration_v1,ucc,calibration,jev_verbose,sarcastic,True,choice,0,1,59
calibration_v1,ucc,calibration,jev_verbose,sarcastic,True,choice,0,__missing__,0
calibration_v1,ucc,calibration,jev_verbose,sarcastic,True,choice,1,0,4
calibration_v1,ucc,calibration,jev_verbose,sarcastic,True,choice,1,1,6
calibration_v1,ucc,calibration,jev_verbose,sarcastic,True,choice,1,__missing__,0
calibration_v1,ucc,calibration,jev_verbose,generalisation,False,choice,0,0,175
calibration_v1,ucc,calibration,jev_verbose,generalisation,False,choice,0,1,28
calibration_v1,ucc,calibration,jev_verbose,generalisation,False,choice,0,__missing__,0
calibration_v1,ucc,calibration,jev_verbose,generalisation,False,choice,1,0,1
calibration_v1,ucc,calibration,jev_verbose,generalisation,False,choice,1,1,1
calibration_v1,ucc,calibration,jev_verbose,generalisation,False,choice,1,__missing__,0
calibration_v1,ucc,calibration,jev_verbose,generalisation_unfair,True,choice,0,0,176
calibration_v1,ucc,calibration,jev_verbose,generalisation_unfair,True,choice,0,1,27
calibration_v1,ucc,calibration,jev_verbose,generalisation_unfair,True,choice,0,__missing__,0
calibration_v1,ucc,calibration,jev_verbose,generalisation_unfair,True,choice,1,0,1
calibration_v1,ucc,calibration,jev_verbose,generalisation_unfair,True,choice,1,1,1
calibration_v1,ucc,calibration,jev_verbose,generalisation_unfair,True,choice,1,__missing__,0
calibration_v1,ucc,calibration,jev_verbose,hostile,True,choice,0,0,149
calibration_v1,ucc,calibration,jev_verbose,hostile,True,choice,0,1,53
calibration_v1,ucc,calibration,jev_verbose,hostile,True,choice,0,__missing__,0
calibration_v1,ucc,calibration,jev_verbose,hostile,True,choice,1,0,0
calibration_v1,ucc,calibration,jev_verbose,hostile,True,choice,1,1,3
calibration_v1,ucc,calibration,jev_verbose,hostile,True,choice,1,__missing__,0
calibration_v1,ucc,calibration,jev_verbose,antagonize,True,choice,0,0,138
calibration_v1,ucc,calibration,jev_verbose,antagonize,True,choice,0,1,61
calibration_v1,ucc,calibration,jev_verbose,antagonize,True,choice,0,__missing__,0
calibration_v1,ucc,calibration,jev_verbose,antagonize,True,choice,1,0,0
calibration_v1,ucc,calibration,jev_verbose,antagonize,True,choice,1,1,6
calibration_v1,ucc,calibration,jev_verbose,antagonize,True,choice,1,__missing__,0
calibration_v1,ucc,calibration,jev_verbose,condescending,True,choice,0,0,135
calibration_v1,ucc,calibration,jev_verbose,condescending,True,choice,0,1,64
calibration_v1,ucc,calibration,jev_verbose,condescending,True,choice,0,__missing__,0
calibration_v1,ucc,calibration,jev_verbose,condescending,True,choice,1,0,1
calibration_v1,ucc,calibration,jev_verbose,condescending,True,choice,1,1,5
calibration_v1,ucc,calibration,jev_verbose,condescending,True,choice,1,__missing__,0
calibration_v1,ucc,calibration,jev_verbose,dismissive,True,choice,0,0,132
calibration_v1,ucc,calibration,jev_verbose,dismissive,True,choice,0,1,64
calibration_v1,ucc,calibration,jev_verbose,dismissive,True,choice,0,__missing__,0
calibration_v1,ucc,calibration,jev_verbose,dismissive,True,choice,1,0,0
calibration_v1,ucc,calibration,jev_verbose,dismissive,True,choice,1,1,9
calibration_v1,ucc,calibration,jev_verbose,dismissive,True,choice,1,__missing__,0
calibration_v1,ucc,calibration,llm_direct,healthy,True,choice,0,0,8
calibration_v1,ucc,calibration,llm_direct,healthy,True,choice,0,1,1
calibration_v1,ucc,calibration,llm_direct,healthy,True,choice,0,__missing__,0
calibration_v1,ucc,calibration,llm_direct,healthy,True,choice,1,0,70
calibration_v1,ucc,calibration,llm_direct,healthy,True,choice,1,1,126
calibration_v1,ucc,calibration,llm_direct,healthy,True,choice,1,__missing__,0
calibration_v1,ucc,calibration,llm_direct,sarcastic,True,choice,0,0,163
calibration_v1,ucc,calibration,llm_direct,sarcastic,True,choice,0,1,32
calibration_v1,ucc,calibration,llm_direct,sarcastic,True,choice,0,__missing__,0
calibration_v1,ucc,calibration,llm_direct,sarcastic,True,choice,1,0,5
calibration_v1,ucc,calibration,llm_direct,sarcastic,True,choice,1,1,5
calibration_v1,ucc,calibration,llm_direct,sarcastic,True,choice,1,__missing__,0
calibration_v1,ucc,calibration,llm_direct,generalisation,False,choice,0,0,175
calibration_v1,ucc,calibration,llm_direct,generalisation,False,choice,0,1,28
calibration_v1,ucc,calibration,llm_direct,generalisation,False,choice,0,__missing__,0
calibration_v1,ucc,calibration,llm_direct,generalisation,False,choice,1,0,1
calibration_v1,ucc,calibration,llm_direct,generalisation,False,choice,1,1,1
calibration_v1,ucc,calibration,llm_direct,generalisation,False,choice,1,__missing__,0
calibration_v1,ucc,calibration,llm_direct,generalisation_unfair,True,choice,0,0,178
calibration_v1,ucc,calibration,llm_direct,generalisation_unfair,True,choice,0,1,25
calibration_v1,ucc,calibration,llm_direct,generalisation_unfair,True,choice,0,__missing__,0
calibration_v1,ucc,calibration,llm_direct,generalisation_unfair,True,choice,1,0,1
calibration_v1,ucc,calibration,llm_direct,generalisation_unfair,True,choice,1,1,1
calibration_v1,ucc,calibration,llm_direct,generalisation_unfair,True,choice,1,__missing__,0
calibration_v1,ucc,calibration,llm_direct,hostile,True,choice,0,0,145
calibration_v1,ucc,calibration,llm_direct,hostile,True,choice,0,1,57
calibration_v1,ucc,calibration,llm_direct,hostile,True,choice,0,__missing__,0
calibration_v1,ucc,calibration,llm_direct,hostile,True,choice,1,0,0
calibration_v1,ucc,calibration,llm_direct,hostile,True,choice,1,1,3
calibration_v1,ucc,calibration,llm_direct,hostile,True,choice,1,__missing__,0
calibration_v1,ucc,calibration,llm_direct,antagonize,True,choice,0,0,148
calibration_v1,ucc,calibration,llm_direct,antagonize,True,choice,0,1,51
calibration_v1,ucc,calibration,llm_direct,antagonize,True,choice,0,__missing__,0
calibration_v1,ucc,calibration,llm_direct,antagonize,True,choice,1,0,1
calibration_v1,ucc,calibration,llm_direct,antagonize,True,choice,1,1,5
calibration_v1,ucc,calibration,llm_direct,antagonize,True,choice,1,__missing__,0
calibration_v1,ucc,calibration,llm_direct,condescending,True,choice,0,0,144
calibration_v1,ucc,calibration,llm_direct,condescending,True,choice,0,1,55
calibration_v1,ucc,calibration,llm_direct,condescending,True,choice,0,__missing__,0
calibration_v1,ucc,calibration,llm_direct,condescending,True,choice,1,0,4
calibration_v1,ucc,calibration,llm_direct,condescending,True,choice,1,1,2
calibration_v1,ucc,calibration,llm_direct,condescending,True,choice,1,__missing__,0
calibration_v1,ucc,calibration,llm_direct,dismissive,True,choice,0,0,138
calibration_v1,ucc,calibration,llm_direct,dismissive,True,choice,0,1,58
calibration_v1,ucc,calibration,llm_direct,dismissive,True,choice,0,__missing__,0
calibration_v1,ucc,calibration,llm_direct,dismissive,True,choice,1,0,0
calibration_v1,ucc,calibration,llm_direct,dismissive,True,choice,1,1,9
calibration_v1,ucc,calibration,llm_direct,dismissive,True,choice,1,__missing__,0
confirmation_jev_v1,ucc,confirmation,jev_native,healthy,True,choice,0,0,58
confirmation_jev_v1,ucc,confirmation,jev_native,healthy,True,choice,0,1,15
confirmation_jev_v1,ucc,confirmation,jev_native,healthy,True,choice,0,__missing__,0
confirmation_jev_v1,ucc,confirmation,jev_native,healthy,True,choice,1,0,400
confirmation_jev_v1,ucc,confirmation,jev_native,healthy,True,choice,1,1,528
confirmation_jev_v1,ucc,confirmation,jev_native,healthy,True,choice,1,__missing__,0
confirmation_jev_v1,ucc,confirmation,jev_native,sarcastic,True,choice,0,0,556
confirmation_jev_v1,ucc,confirmation,jev_native,sarcastic,True,choice,0,1,392
confirmation_jev_v1,ucc,confirmation,jev_native,sarcastic,True,choice,0,__missing__,0
confirmation_jev_v1,ucc,confirmation,jev_native,sarcastic,True,choice,1,0,5
confirmation_jev_v1,ucc,confirmation,jev_native,sarcastic,True,choice,1,1,48
confirmation_jev_v1,ucc,confirmation,jev_native,sarcastic,True,choice,1,__missing__,0
confirmation_jev_v1,ucc,confirmation,jev_native,generalisation,False,choice,0,0,808
confirmation_jev_v1,ucc,confirmation,jev_native,generalisation,False,choice,0,1,177
confirmation_jev_v1,ucc,confirmation,jev_native,generalisation,False,choice,0,__missing__,0
confirmation_jev_v1,ucc,confirmation,jev_native,generalisation,False,choice,1,0,2
confirmation_jev_v1,ucc,confirmation,jev_native,generalisation,False,choice,1,1,14
confirmation_jev_v1,ucc,confirmation,jev_native,generalisation,False,choice,1,__missing__,0
confirmation_jev_v1,ucc,confirmation,jev_native,generalisation_unfair,True,choice,0,0,848
confirmation_jev_v1,ucc,confirmation,jev_native,generalisation_unfair,True,choice,0,1,137
confirmation_jev_v1,ucc,confirmation,jev_native,generalisation_unfair,True,choice,0,__missing__,0
confirmation_jev_v1,ucc,confirmation,jev_native,generalisation_unfair,True,choice,1,0,3
confirmation_jev_v1,ucc,confirmation,jev_native,generalisation_unfair,True,choice,1,1,13
confirmation_jev_v1,ucc,confirmation,jev_native,generalisation_unfair,True,choice,1,__missing__,0
confirmation_jev_v1,ucc,confirmation,jev_native,hostile,True,choice,0,0,664
confirmation_jev_v1,ucc,confirmation,jev_native,hostile,True,choice,0,1,316
confirmation_jev_v1,ucc,confirmation,jev_native,hostile,True,choice,0,__missing__,0
confirmation_jev_v1,ucc,confirmation,jev_native,hostile,True,choice,1,0,0
confirmation_jev_v1,ucc,confirmation,jev_native,hostile,True,choice,1,1,21
confirmation_jev_v1,ucc,confirmation,jev_native,hostile,True,choice,1,__missing__,0
confirmation_jev_v1,ucc,confirmation,jev_native,antagonize,True,choice,0,0,549
confirmation_jev_v1,ucc,confirmation,jev_native,antagonize,True,choice,0,1,407
confirmation_jev_v1,ucc,confirmation,jev_native,antagonize,True,choice,0,__missing__,0
confirmation_jev_v1,ucc,confirmation,jev_native,antagonize,True,choice,1,0,2
confirmation_jev_v1,ucc,confirmation,jev_native,antagonize,True,choice,1,1,43
confirmation_jev_v1,ucc,confirmation,jev_native,antagonize,True,choice,1,__missing__,0
confirmation_jev_v1,ucc,confirmation,jev_native,condescending,True,choice,0,0,559
confirmation_jev_v1,ucc,confirmation,jev_native,condescending,True,choice,0,1,389
confirmation_jev_v1,ucc,confirmation,jev_native,condescending,True,choice,0,__missing__,0
confirmation_jev_v1,ucc,confirmation,jev_native,condescending,True,choice,1,0,5
confirmation_jev_v1,ucc,confirmation,jev_native,condescending,True,choice,1,1,48
confirmation_jev_v1,ucc,confirmation,jev_native,condescending,True,choice,1,__missing__,0
confirmation_jev_v1,ucc,confirmation,jev_native,dismissive,True,choice,0,0,579
confirmation_jev_v1,ucc,confirmation,jev_native,dismissive,True,choice,0,1,393
confirmation_jev_v1,ucc,confirmation,jev_native,dismissive,True,choice,0,__missing__,0
confirmation_jev_v1,ucc,confirmation,jev_native,dismissive,True,choice,1,0,0
confirmation_jev_v1,ucc,confirmation,jev_native,dismissive,True,choice,1,1,29
confirmation_jev_v1,ucc,confirmation,jev_native,dismissive,True,choice,1,__missing__,0
confirmation_jev_v1,ucc,confirmation,jev_threshold_calibrated,healthy,True,choice,0,0,0
confirmation_jev_v1,ucc,confirmation,jev_threshold_calibrated,healthy,True,choice,0,1,73
confirmation_jev_v1,ucc,confirmation,jev_threshold_calibrated,healthy,True,choice,0,__missing__,0
confirmation_jev_v1,ucc,confirmation,jev_threshold_calibrated,healthy,True,choice,1,0,0
confirmation_jev_v1,ucc,confirmation,jev_threshold_calibrated,healthy,True,choice,1,1,928
confirmation_jev_v1,ucc,confirmation,jev_threshold_calibrated,healthy,True,choice,1,__missing__,0
confirmation_jev_v1,ucc,confirmation,jev_threshold_calibrated,sarcastic,True,choice,0,0,717
confirmation_jev_v1,ucc,confirmation,jev_threshold_calibrated,sarcastic,True,choice,0,1,231
confirmation_jev_v1,ucc,confirmation,jev_threshold_calibrated,sarcastic,True,choice,0,__missing__,0
confirmation_jev_v1,ucc,confirmation,jev_threshold_calibrated,sarcastic,True,choice,1,0,14
confirmation_jev_v1,ucc,confirmation,jev_threshold_calibrated,sarcastic,True,choice,1,1,39
confirmation_jev_v1,ucc,confirmation,jev_threshold_calibrated,sarcastic,True,choice,1,__missing__,0
confirmation_jev_v1,ucc,confirmation,jev_threshold_calibrated,generalisation,False,choice,0,0,980
confirmation_jev_v1,ucc,confirmation,jev_threshold_calibrated,generalisation,False,choice,0,1,5
confirmation_jev_v1,ucc,confirmation,jev_threshold_calibrated,generalisation,False,choice,0,__missing__,0
confirmation_jev_v1,ucc,confirmation,jev_threshold_calibrated,generalisation,False,choice,1,0,13
confirmation_jev_v1,ucc,confirmation,jev_threshold_calibrated,generalisation,False,choice,1,1,3
confirmation_jev_v1,ucc,confirmation,jev_threshold_calibrated,generalisation,False,choice,1,__missing__,0
confirmation_jev_v1,ucc,confirmation,jev_threshold_calibrated,generalisation_unfair,True,choice,0,0,982
confirmation_jev_v1,ucc,confirmation,jev_threshold_calibrated,generalisation_unfair,True,choice,0,1,3
confirmation_jev_v1,ucc,confirmation,jev_threshold_calibrated,generalisation_unfair,True,choice,0,__missing__,0
confirmation_jev_v1,ucc,confirmation,jev_threshold_calibrated,generalisation_unfair,True,choice,1,0,16
confirmation_jev_v1,ucc,confirmation,jev_threshold_calibrated,generalisation_unfair,True,choice,1,1,0
confirmation_jev_v1,ucc,confirmation,jev_threshold_calibrated,generalisation_unfair,True,choice,1,__missing__,0
confirmation_jev_v1,ucc,confirmation,jev_threshold_calibrated,hostile,True,choice,0,0,974
confirmation_jev_v1,ucc,confirmation,jev_threshold_calibrated,hostile,True,choice,0,1,6
confirmation_jev_v1,ucc,confirmation,jev_threshold_calibrated,hostile,True,choice,0,__missing__,0
confirmation_jev_v1,ucc,confirmation,jev_threshold_calibrated,hostile,True,choice,1,0,21
confirmation_jev_v1,ucc,confirmation,jev_threshold_calibrated,hostile,True,choice,1,1,0
confirmation_jev_v1,ucc,confirmation,jev_threshold_calibrated,hostile,True,choice,1,__missing__,0
confirmation_jev_v1,ucc,confirmation,jev_threshold_calibrated,antagonize,True,choice,0,0,885
confirmation_jev_v1,ucc,confirmation,jev_threshold_calibrated,antagonize,True,choice,0,1,71
confirmation_jev_v1,ucc,confirmation,jev_threshold_calibrated,antagonize,True,choice,0,__missing__,0
confirmation_jev_v1,ucc,confirmation,jev_threshold_calibrated,antagonize,True,choice,1,0,25
confirmation_jev_v1,ucc,confirmation,jev_threshold_calibrated,antagonize,True,choice,1,1,20
confirmation_jev_v1,ucc,confirmation,jev_threshold_calibrated,antagonize,True,choice,1,__missing__,0
confirmation_jev_v1,ucc,confirmation,jev_threshold_calibrated,condescending,True,choice,0,0,943
confirmation_jev_v1,ucc,confirmation,jev_threshold_calibrated,condescending,True,choice,0,1,5
confirmation_jev_v1,ucc,confirmation,jev_threshold_calibrated,condescending,True,choice,0,__missing__,0
confirmation_jev_v1,ucc,confirmation,jev_threshold_calibrated,condescending,True,choice,1,0,52
confirmation_jev_v1,ucc,confirmation,jev_threshold_calibrated,condescending,True,choice,1,1,1
confirmation_jev_v1,ucc,confirmation,jev_threshold_calibrated,condescending,True,choice,1,__missing__,0
confirmation_jev_v1,ucc,confirmation,jev_threshold_calibrated,dismissive,True,choice,0,0,935
confirmation_jev_v1,ucc,confirmation,jev_threshold_calibrated,dismissive,True,choice,0,1,37
confirmation_jev_v1,ucc,confirmation,jev_threshold_calibrated,dismissive,True,choice,0,__missing__,0
confirmation_jev_v1,ucc,confirmation,jev_threshold_calibrated,dismissive,True,choice,1,0,22
confirmation_jev_v1,ucc,confirmation,jev_threshold_calibrated,dismissive,True,choice,1,1,7
confirmation_jev_v1,ucc,confirmation,jev_threshold_calibrated,dismissive,True,choice,1,__missing__,0
diagnostic_v1,babe,diagnostic,jev_ab_average,label_bias,True,choice,Non-biased,Non-biased,389
diagnostic_v1,babe,diagnostic,jev_ab_average,label_bias,True,choice,Non-biased,Biased,122
diagnostic_v1,babe,diagnostic,jev_ab_average,label_bias,True,choice,Non-biased,__missing__,0
diagnostic_v1,babe,diagnostic,jev_ab_average,label_bias,True,choice,Biased,Non-biased,71
diagnostic_v1,babe,diagnostic,jev_ab_average,label_bias,True,choice,Biased,Biased,418
diagnostic_v1,babe,diagnostic,jev_ab_average,label_bias,True,choice,Biased,__missing__,0
diagnostic_v1,babe,diagnostic,jev_ab_judge,label_bias,True,choice,Non-biased,Non-biased,395
diagnostic_v1,babe,diagnostic,jev_ab_judge,label_bias,True,choice,Non-biased,Biased,116
diagnostic_v1,babe,diagnostic,jev_ab_judge,label_bias,True,choice,Non-biased,__missing__,0
diagnostic_v1,babe,diagnostic,jev_ab_judge,label_bias,True,choice,Biased,Non-biased,66
diagnostic_v1,babe,diagnostic,jev_ab_judge,label_bias,True,choice,Biased,Biased,423
diagnostic_v1,babe,diagnostic,jev_ab_judge,label_bias,True,choice,Biased,__missing__,0
diagnostic_v1,babe,diagnostic,jev_anchored,label_bias,True,choice,Non-biased,Non-biased,382
diagnostic_v1,babe,diagnostic,jev_anchored,label_bias,True,choice,Non-biased,Biased,129
diagnostic_v1,babe,diagnostic,jev_anchored,label_bias,True,choice,Non-biased,__missing__,0
diagnostic_v1,babe,diagnostic,jev_anchored,label_bias,True,choice,Biased,Non-biased,88
diagnostic_v1,babe,diagnostic,jev_anchored,label_bias,True,choice,Biased,Biased,401
diagnostic_v1,babe,diagnostic,jev_anchored,label_bias,True,choice,Biased,__missing__,0
diagnostic_v1,babe,diagnostic,jev_boundary,label_bias,True,choice,Non-biased,Non-biased,389
diagnostic_v1,babe,diagnostic,jev_boundary,label_bias,True,choice,Non-biased,Biased,122
diagnostic_v1,babe,diagnostic,jev_boundary,label_bias,True,choice,Non-biased,__missing__,0
diagnostic_v1,babe,diagnostic,jev_boundary,label_bias,True,choice,Biased,Non-biased,102
diagnostic_v1,babe,diagnostic,jev_boundary,label_bias,True,choice,Biased,Biased,387
diagnostic_v1,babe,diagnostic,jev_boundary,label_bias,True,choice,Biased,__missing__,0
diagnostic_v1,babe,diagnostic,jev_calibrated,label_bias,True,choice,Non-biased,Non-biased,433
diagnostic_v1,babe,diagnostic,jev_calibrated,label_bias,True,choice,Non-biased,Biased,78
diagnostic_v1,babe,diagnostic,jev_calibrated,label_bias,True,choice,Non-biased,__missing__,0
diagnostic_v1,babe,diagnostic,jev_calibrated,label_bias,True,choice,Biased,Non-biased,128
diagnostic_v1,babe,diagnostic,jev_calibrated,label_bias,True,choice,Biased,Biased,361
diagnostic_v1,babe,diagnostic,jev_calibrated,label_bias,True,choice,Biased,__missing__,0
diagnostic_v1,babe,diagnostic,jev_compact,label_bias,True,choice,Non-biased,Non-biased,380
diagnostic_v1,babe,diagnostic,jev_compact,label_bias,True,choice,Non-biased,Biased,131
diagnostic_v1,babe,diagnostic,jev_compact,label_bias,True,choice,Non-biased,__missing__,0
diagnostic_v1,babe,diagnostic,jev_compact,label_bias,True,choice,Biased,Non-biased,91
diagnostic_v1,babe,diagnostic,jev_compact,label_bias,True,choice,Biased,Biased,398
diagnostic_v1,babe,diagnostic,jev_compact,label_bias,True,choice,Biased,__missing__,0
diagnostic_v1,babe,diagnostic,jev_verbose,label_bias,True,choice,Non-biased,Non-biased,388
diagnostic_v1,babe,diagnostic,jev_verbose,label_bias,True,choice,Non-biased,Biased,123
diagnostic_v1,babe,diagnostic,jev_verbose,label_bias,True,choice,Non-biased,__missing__,0
diagnostic_v1,babe,diagnostic,jev_verbose,label_bias,True,choice,Biased,Non-biased,67
diagnostic_v1,babe,diagnostic,jev_verbose,label_bias,True,choice,Biased,Biased,422
diagnostic_v1,babe,diagnostic,jev_verbose,label_bias,True,choice,Biased,__missing__,0
diagnostic_v1,babe,diagnostic,llm_ab_judge,label_bias,True,choice,Non-biased,Non-biased,359
diagnostic_v1,babe,diagnostic,llm_ab_judge,label_bias,True,choice,Non-biased,Biased,152
diagnostic_v1,babe,diagnostic,llm_ab_judge,label_bias,True,choice,Non-biased,__missing__,0
diagnostic_v1,babe,diagnostic,llm_ab_judge,label_bias,True,choice,Biased,Non-biased,56
diagnostic_v1,babe,diagnostic,llm_ab_judge,label_bias,True,choice,Biased,Biased,433
diagnostic_v1,babe,diagnostic,llm_ab_judge,label_bias,True,choice,Biased,__missing__,0
diagnostic_v1,babe,diagnostic,llm_direct,label_bias,True,choice,Non-biased,Non-biased,377
diagnostic_v1,babe,diagnostic,llm_direct,label_bias,True,choice,Non-biased,Biased,134
diagnostic_v1,babe,diagnostic,llm_direct,label_bias,True,choice,Non-biased,__missing__,0
diagnostic_v1,babe,diagnostic,llm_direct,label_bias,True,choice,Biased,Non-biased,73
diagnostic_v1,babe,diagnostic,llm_direct,label_bias,True,choice,Biased,Biased,416
diagnostic_v1,babe,diagnostic,llm_direct,label_bias,True,choice,Biased,__missing__,0
diagnostic_v1,babe,diagnostic,llm_vote5,label_bias,True,choice,Non-biased,Non-biased,363
diagnostic_v1,babe,diagnostic,llm_vote5,label_bias,True,choice,Non-biased,Biased,148
diagnostic_v1,babe,diagnostic,llm_vote5,label_bias,True,choice,Non-biased,__missing__,0
diagnostic_v1,babe,diagnostic,llm_vote5,label_bias,True,choice,Biased,Non-biased,53
diagnostic_v1,babe,diagnostic,llm_vote5,label_bias,True,choice,Biased,Biased,436
diagnostic_v1,babe,diagnostic,llm_vote5,label_bias,True,choice,Biased,__missing__,0
diagnostic_v1,conflict,diagnostic,jev_ab_average,rating_directness_content,True,choice,Yes - Direct Content,Yes - Direct Content,700
diagnostic_v1,conflict,diagnostic,jev_ab_average,rating_directness_content,True,choice,Yes - Direct Content,Neutral - Content contains no opinion,34
diagnostic_v1,conflict,diagnostic,jev_ab_average,rating_directness_content,True,choice,Yes - Direct Content,No - Indirect Content,57
diagnostic_v1,conflict,diagnostic,jev_ab_average,rating_directness_content,True,choice,Yes - Direct Content,__missing__,0
diagnostic_v1,conflict,diagnostic,jev_ab_average,rating_directness_content,True,choice,Neutral - Content contains no opinion,Yes - Direct Content,2
diagnostic_v1,conflict,diagnostic,jev_ab_average,rating_directness_content,True,choice,Neutral - Content contains no opinion,Neutral - Content contains no opinion,3
diagnostic_v1,conflict,diagnostic,jev_ab_average,rating_directness_content,True,choice,Neutral - Content contains no opinion,No - Indirect Content,1
diagnostic_v1,conflict,diagnostic,jev_ab_average,rating_directness_content,True,choice,Neutral - Content contains no opinion,__missing__,0
diagnostic_v1,conflict,diagnostic,jev_ab_average,rating_directness_content,True,choice,No - Indirect Content,Yes - Direct Content,0
diagnostic_v1,conflict,diagnostic,jev_ab_average,rating_directness_content,True,choice,No - Indirect Content,Neutral - Content contains no opinion,0
diagnostic_v1,conflict,diagnostic,jev_ab_average,rating_directness_content,True,choice,No - Indirect Content,No - Indirect Content,0
diagnostic_v1,conflict,diagnostic,jev_ab_average,rating_directness_content,True,choice,No - Indirect Content,__missing__,0
diagnostic_v1,conflict,diagnostic,jev_ab_average,rating_directness_expression,True,choice,Yes - Direct Expression,Yes - Direct Expression,612
diagnostic_v1,conflict,diagnostic,jev_ab_average,rating_directness_expression,True,choice,Yes - Direct Expression,No - Indirect Expression,136
diagnostic_v1,conflict,diagnostic,jev_ab_average,rating_directness_expression,True,choice,Yes - Direct Expression,__missing__,0
diagnostic_v1,conflict,diagnostic,jev_ab_average,rating_directness_expression,True,choice,No - Indirect Expression,Yes - Direct Expression,24
diagnostic_v1,conflict,diagnostic,jev_ab_average,rating_directness_expression,True,choice,No - Indirect Expression,No - Indirect Expression,30
diagnostic_v1,conflict,diagnostic,jev_ab_average,rating_directness_expression,True,choice,No - Indirect Expression,__missing__,0
diagnostic_v1,conflict,diagnostic,jev_ab_average,rating_OI_content,True,choice,Yes - Content opposes someone else,Yes - Content opposes someone else,473
diagnostic_v1,conflict,diagnostic,jev_ab_average,rating_OI_content,True,choice,Yes - Content opposes someone else,No - Content does not oppose anyone,267
diagnostic_v1,conflict,diagnostic,jev_ab_average,rating_OI_content,True,choice,Yes - Content opposes someone else,__missing__,0
diagnostic_v1,conflict,diagnostic,jev_ab_average,rating_OI_content,True,choice,No - Content does not oppose anyone,Yes - Content opposes someone else,8
diagnostic_v1,conflict,diagnostic,jev_ab_average,rating_OI_content,True,choice,No - Content does not oppose anyone,No - Content does not oppose anyone,54
diagnostic_v1,conflict,diagnostic,jev_ab_average,rating_OI_content,True,choice,No - Content does not oppose anyone,__missing__,0
diagnostic_v1,conflict,diagnostic,jev_ab_average,rating_OI_expression,True,choice,Yes - Expression is emotional/forceful,Yes - Expression is emotional/forceful,53
diagnostic_v1,conflict,diagnostic,jev_ab_average,rating_OI_expression,True,choice,Yes - Expression is emotional/forceful,No - Expression is not emotional/forceful,20
diagnostic_v1,conflict,diagnostic,jev_ab_average,rating_OI_expression,True,choice,Yes - Expression is emotional/forceful,__missing__,0
diagnostic_v1,conflict,diagnostic,jev_ab_average,rating_OI_expression,True,choice,No - Expression is not emotional/forceful,Yes - Expression is emotional/forceful,130
diagnostic_v1,conflict,diagnostic,jev_ab_average,rating_OI_expression,True,choice,No - Expression is not emotional/forceful,No - Expression is not emotional/forceful,599
diagnostic_v1,conflict,diagnostic,jev_ab_average,rating_OI_expression,True,choice,No - Expression is not emotional/forceful,__missing__,0
diagnostic_v1,conflict,diagnostic,jev_ab_judge,rating_directness_content,True,choice,Yes - Direct Content,Yes - Direct Content,700
diagnostic_v1,conflict,diagnostic,jev_ab_judge,rating_directness_content,True,choice,Yes - Direct Content,Neutral - Content contains no opinion,39
diagnostic_v1,conflict,diagnostic,jev_ab_judge,rating_directness_content,True,choice,Yes - Direct Content,No - Indirect Content,52
diagnostic_v1,conflict,diagnostic,jev_ab_judge,rating_directness_content,True,choice,Yes - Direct Content,__missing__,0
diagnostic_v1,conflict,diagnostic,jev_ab_judge,rating_directness_content,True,choice,Neutral - Content contains no opinion,Yes - Direct Content,2
diagnostic_v1,conflict,diagnostic,jev_ab_judge,rating_directness_content,True,choice,Neutral - Content contains no opinion,Neutral - Content contains no opinion,3
diagnostic_v1,conflict,diagnostic,jev_ab_judge,rating_directness_content,True,choice,Neutral - Content contains no opinion,No - Indirect Content,1
diagnostic_v1,conflict,diagnostic,jev_ab_judge,rating_directness_content,True,choice,Neutral - Content contains no opinion,__missing__,0
diagnostic_v1,conflict,diagnostic,jev_ab_judge,rating_directness_content,True,choice,No - Indirect Content,Yes - Direct Content,0
diagnostic_v1,conflict,diagnostic,jev_ab_judge,rating_directness_content,True,choice,No - Indirect Content,Neutral - Content contains no opinion,0
diagnostic_v1,conflict,diagnostic,jev_ab_judge,rating_directness_content,True,choice,No - Indirect Content,No - Indirect Content,0
diagnostic_v1,conflict,diagnostic,jev_ab_judge,rating_directness_content,True,choice,No - Indirect Content,__missing__,0
diagnostic_v1,conflict,diagnostic,jev_ab_judge,rating_directness_expression,True,choice,Yes - Direct Expression,Yes - Direct Expression,616
diagnostic_v1,conflict,diagnostic,jev_ab_judge,rating_directness_expression,True,choice,Yes - Direct Expression,No - Indirect Expression,132
diagnostic_v1,conflict,diagnostic,jev_ab_judge,rating_directness_expression,True,choice,Yes - Direct Expression,__missing__,0
diagnostic_v1,conflict,diagnostic,jev_ab_judge,rating_directness_expression,True,choice,No - Indirect Expression,Yes - Direct Expression,24
diagnostic_v1,conflict,diagnostic,jev_ab_judge,rating_directness_expression,True,choice,No - Indirect Expression,No - Indirect Expression,30
diagnostic_v1,conflict,diagnostic,jev_ab_judge,rating_directness_expression,True,choice,No - Indirect Expression,__missing__,0
diagnostic_v1,conflict,diagnostic,jev_ab_judge,rating_OI_content,True,choice,Yes - Content opposes someone else,Yes - Content opposes someone else,475
diagnostic_v1,conflict,diagnostic,jev_ab_judge,rating_OI_content,True,choice,Yes - Content opposes someone else,No - Content does not oppose anyone,265
diagnostic_v1,conflict,diagnostic,jev_ab_judge,rating_OI_content,True,choice,Yes - Content opposes someone else,__missing__,0
diagnostic_v1,conflict,diagnostic,jev_ab_judge,rating_OI_content,True,choice,No - Content does not oppose anyone,Yes - Content opposes someone else,8
diagnostic_v1,conflict,diagnostic,jev_ab_judge,rating_OI_content,True,choice,No - Content does not oppose anyone,No - Content does not oppose anyone,54
diagnostic_v1,conflict,diagnostic,jev_ab_judge,rating_OI_content,True,choice,No - Content does not oppose anyone,__missing__,0
diagnostic_v1,conflict,diagnostic,jev_ab_judge,rating_OI_expression,True,choice,Yes - Expression is emotional/forceful,Yes - Expression is emotional/forceful,52
diagnostic_v1,conflict,diagnostic,jev_ab_judge,rating_OI_expression,True,choice,Yes - Expression is emotional/forceful,No - Expression is not emotional/forceful,21
diagnostic_v1,conflict,diagnostic,jev_ab_judge,rating_OI_expression,True,choice,Yes - Expression is emotional/forceful,__missing__,0
diagnostic_v1,conflict,diagnostic,jev_ab_judge,rating_OI_expression,True,choice,No - Expression is not emotional/forceful,Yes - Expression is emotional/forceful,134
diagnostic_v1,conflict,diagnostic,jev_ab_judge,rating_OI_expression,True,choice,No - Expression is not emotional/forceful,No - Expression is not emotional/forceful,595
diagnostic_v1,conflict,diagnostic,jev_ab_judge,rating_OI_expression,True,choice,No - Expression is not emotional/forceful,__missing__,0
diagnostic_v1,conflict,diagnostic,jev_anchored,rating_directness_content,True,choice,Yes - Direct Content,Yes - Direct Content,685
diagnostic_v1,conflict,diagnostic,jev_anchored,rating_directness_content,True,choice,Yes - Direct Content,Neutral - Content contains no opinion,61
diagnostic_v1,conflict,diagnostic,jev_anchored,rating_directness_content,True,choice,Yes - Direct Content,No - Indirect Content,45
diagnostic_v1,conflict,diagnostic,jev_anchored,rating_directness_content,True,choice,Yes - Direct Content,__missing__,0
diagnostic_v1,conflict,diagnostic,jev_anchored,rating_directness_content,True,choice,Neutral - Content contains no opinion,Yes - Direct Content,2
diagnostic_v1,conflict,diagnostic,jev_anchored,rating_directness_content,True,choice,Neutral - Content contains no opinion,Neutral - Content contains no opinion,3
diagnostic_v1,conflict,diagnostic,jev_anchored,rating_directness_content,True,choice,Neutral - Content contains no opinion,No - Indirect Content,1
diagnostic_v1,conflict,diagnostic,jev_anchored,rating_directness_content,True,choice,Neutral - Content contains no opinion,__missing__,0
diagnostic_v1,conflict,diagnostic,jev_anchored,rating_directness_content,True,choice,No - Indirect Content,Yes - Direct Content,0
diagnostic_v1,conflict,diagnostic,jev_anchored,rating_directness_content,True,choice,No - Indirect Content,Neutral - Content contains no opinion,0
diagnostic_v1,conflict,diagnostic,jev_anchored,rating_directness_content,True,choice,No - Indirect Content,No - Indirect Content,0
diagnostic_v1,conflict,diagnostic,jev_anchored,rating_directness_content,True,choice,No - Indirect Content,__missing__,0
diagnostic_v1,conflict,diagnostic,jev_anchored,rating_directness_expression,True,choice,Yes - Direct Expression,Yes - Direct Expression,543
diagnostic_v1,conflict,diagnostic,jev_anchored,rating_directness_expression,True,choice,Yes - Direct Expression,No - Indirect Expression,205
diagnostic_v1,conflict,diagnostic,jev_anchored,rating_directness_expression,True,choice,Yes - Direct Expression,__missing__,0
diagnostic_v1,conflict,diagnostic,jev_anchored,rating_directness_expression,True,choice,No - Indirect Expression,Yes - Direct Expression,23
diagnostic_v1,conflict,diagnostic,jev_anchored,rating_directness_expression,True,choice,No - Indirect Expression,No - Indirect Expression,31
diagnostic_v1,conflict,diagnostic,jev_anchored,rating_directness_expression,True,choice,No - Indirect Expression,__missing__,0
diagnostic_v1,conflict,diagnostic,jev_anchored,rating_OI_content,True,choice,Yes - Content opposes someone else,Yes - Content opposes someone else,426
diagnostic_v1,conflict,diagnostic,jev_anchored,rating_OI_content,True,choice,Yes - Content opposes someone else,No - Content does not oppose anyone,314
diagnostic_v1,conflict,diagnostic,jev_anchored,rating_OI_content,True,choice,Yes - Content opposes someone else,__missing__,0
diagnostic_v1,conflict,diagnostic,jev_anchored,rating_OI_content,True,choice,No - Content does not oppose anyone,Yes - Content opposes someone else,16
diagnostic_v1,conflict,diagnostic,jev_anchored,rating_OI_content,True,choice,No - Content does not oppose anyone,No - Content does not oppose anyone,46
diagnostic_v1,conflict,diagnostic,jev_anchored,rating_OI_content,True,choice,No - Content does not oppose anyone,__missing__,0
diagnostic_v1,conflict,diagnostic,jev_anchored,rating_OI_expression,True,choice,Yes - Expression is emotional/forceful,Yes - Expression is emotional/forceful,41
diagnostic_v1,conflict,diagnostic,jev_anchored,rating_OI_expression,True,choice,Yes - Expression is emotional/forceful,No - Expression is not emotional/forceful,32
diagnostic_v1,conflict,diagnostic,jev_anchored,rating_OI_expression,True,choice,Yes - Expression is emotional/forceful,__missing__,0
diagnostic_v1,conflict,diagnostic,jev_anchored,rating_OI_expression,True,choice,No - Expression is not emotional/forceful,Yes - Expression is emotional/forceful,119
diagnostic_v1,conflict,diagnostic,jev_anchored,rating_OI_expression,True,choice,No - Expression is not emotional/forceful,No - Expression is not emotional/forceful,610
diagnostic_v1,conflict,diagnostic,jev_anchored,rating_OI_expression,True,choice,No - Expression is not emotional/forceful,__missing__,0
diagnostic_v1,conflict,diagnostic,jev_boundary,rating_directness_content,True,choice,Yes - Direct Content,Yes - Direct Content,680
diagnostic_v1,conflict,diagnostic,jev_boundary,rating_directness_content,True,choice,Yes - Direct Content,Neutral - Content contains no opinion,71
diagnostic_v1,conflict,diagnostic,jev_boundary,rating_directness_content,True,choice,Yes - Direct Content,No - Indirect Content,40
diagnostic_v1,conflict,diagnostic,jev_boundary,rating_directness_content,True,choice,Yes - Direct Content,__missing__,0
diagnostic_v1,conflict,diagnostic,jev_boundary,rating_directness_content,True,choice,Neutral - Content contains no opinion,Yes - Direct Content,2
diagnostic_v1,conflict,diagnostic,jev_boundary,rating_directness_content,True,choice,Neutral - Content contains no opinion,Neutral - Content contains no opinion,4
diagnostic_v1,conflict,diagnostic,jev_boundary,rating_directness_content,True,choice,Neutral - Content contains no opinion,No - Indirect Content,0
diagnostic_v1,conflict,diagnostic,jev_boundary,rating_directness_content,True,choice,Neutral - Content contains no opinion,__missing__,0
diagnostic_v1,conflict,diagnostic,jev_boundary,rating_directness_content,True,choice,No - Indirect Content,Yes - Direct Content,0
diagnostic_v1,conflict,diagnostic,jev_boundary,rating_directness_content,True,choice,No - Indirect Content,Neutral - Content contains no opinion,0
diagnostic_v1,conflict,diagnostic,jev_boundary,rating_directness_content,True,choice,No - Indirect Content,No - Indirect Content,0
diagnostic_v1,conflict,diagnostic,jev_boundary,rating_directness_content,True,choice,No - Indirect Content,__missing__,0
diagnostic_v1,conflict,diagnostic,jev_boundary,rating_directness_expression,True,choice,Yes - Direct Expression,Yes - Direct Expression,553
diagnostic_v1,conflict,diagnostic,jev_boundary,rating_directness_expression,True,choice,Yes - Direct Expression,No - Indirect Expression,195
diagnostic_v1,conflict,diagnostic,jev_boundary,rating_directness_expression,True,choice,Yes - Direct Expression,__missing__,0
diagnostic_v1,conflict,diagnostic,jev_boundary,rating_directness_expression,True,choice,No - Indirect Expression,Yes - Direct Expression,24
diagnostic_v1,conflict,diagnostic,jev_boundary,rating_directness_expression,True,choice,No - Indirect Expression,No - Indirect Expression,30
diagnostic_v1,conflict,diagnostic,jev_boundary,rating_directness_expression,True,choice,No - Indirect Expression,__missing__,0
diagnostic_v1,conflict,diagnostic,jev_boundary,rating_OI_content,True,choice,Yes - Content opposes someone else,Yes - Content opposes someone else,429
diagnostic_v1,conflict,diagnostic,jev_boundary,rating_OI_content,True,choice,Yes - Content opposes someone else,No - Content does not oppose anyone,311
diagnostic_v1,conflict,diagnostic,jev_boundary,rating_OI_content,True,choice,Yes - Content opposes someone else,__missing__,0
diagnostic_v1,conflict,diagnostic,jev_boundary,rating_OI_content,True,choice,No - Content does not oppose anyone,Yes - Content opposes someone else,18
diagnostic_v1,conflict,diagnostic,jev_boundary,rating_OI_content,True,choice,No - Content does not oppose anyone,No - Content does not oppose anyone,44
diagnostic_v1,conflict,diagnostic,jev_boundary,rating_OI_content,True,choice,No - Content does not oppose anyone,__missing__,0
diagnostic_v1,conflict,diagnostic,jev_boundary,rating_OI_expression,True,choice,Yes - Expression is emotional/forceful,Yes - Expression is emotional/forceful,41
diagnostic_v1,conflict,diagnostic,jev_boundary,rating_OI_expression,True,choice,Yes - Expression is emotional/forceful,No - Expression is not emotional/forceful,32
diagnostic_v1,conflict,diagnostic,jev_boundary,rating_OI_expression,True,choice,Yes - Expression is emotional/forceful,__missing__,0
diagnostic_v1,conflict,diagnostic,jev_boundary,rating_OI_expression,True,choice,No - Expression is not emotional/forceful,Yes - Expression is emotional/forceful,118
diagnostic_v1,conflict,diagnostic,jev_boundary,rating_OI_expression,True,choice,No - Expression is not emotional/forceful,No - Expression is not emotional/forceful,611
diagnostic_v1,conflict,diagnostic,jev_boundary,rating_OI_expression,True,choice,No - Expression is not emotional/forceful,__missing__,0
diagnostic_v1,conflict,diagnostic,jev_calibrated,rating_directness_content,True,choice,Yes - Direct Content,Yes - Direct Content,695
diagnostic_v1,conflict,diagnostic,jev_calibrated,rating_directness_content,True,choice,Yes - Direct Content,Neutral - Content contains no opinion,36
diagnostic_v1,conflict,diagnostic,jev_calibrated,rating_directness_content,True,choice,Yes - Direct Content,No - Indirect Content,60
diagnostic_v1,conflict,diagnostic,jev_calibrated,rating_directness_content,True,choice,Yes - Direct Content,__missing__,0
diagnostic_v1,conflict,diagnostic,jev_calibrated,rating_directness_content,True,choice,Neutral - Content contains no opinion,Yes - Direct Content,2
diagnostic_v1,conflict,diagnostic,jev_calibrated,rating_directness_content,True,choice,Neutral - Content contains no opinion,Neutral - Content contains no opinion,3
diagnostic_v1,conflict,diagnostic,jev_calibrated,rating_directness_content,True,choice,Neutral - Content contains no opinion,No - Indirect Content,1
diagnostic_v1,conflict,diagnostic,jev_calibrated,rating_directness_content,True,choice,Neutral - Content contains no opinion,__missing__,0
diagnostic_v1,conflict,diagnostic,jev_calibrated,rating_directness_content,True,choice,No - Indirect Content,Yes - Direct Content,0
diagnostic_v1,conflict,diagnostic,jev_calibrated,rating_directness_content,True,choice,No - Indirect Content,Neutral - Content contains no opinion,0
diagnostic_v1,conflict,diagnostic,jev_calibrated,rating_directness_content,True,choice,No - Indirect Content,No - Indirect Content,0
diagnostic_v1,conflict,diagnostic,jev_calibrated,rating_directness_content,True,choice,No - Indirect Content,__missing__,0
diagnostic_v1,conflict,diagnostic,jev_calibrated,rating_directness_expression,True,choice,Yes - Direct Expression,Yes - Direct Expression,704
diagnostic_v1,conflict,diagnostic,jev_calibrated,rating_directness_expression,True,choice,Yes - Direct Expression,No - Indirect Expression,44
diagnostic_v1,conflict,diagnostic,jev_calibrated,rating_directness_expression,True,choice,Yes - Direct Expression,__missing__,0
diagnostic_v1,conflict,diagnostic,jev_calibrated,rating_directness_expression,True,choice,No - Indirect Expression,Yes - Direct Expression,44
diagnostic_v1,conflict,diagnostic,jev_calibrated,rating_directness_expression,True,choice,No - Indirect Expression,No - Indirect Expression,10
diagnostic_v1,conflict,diagnostic,jev_calibrated,rating_directness_expression,True,choice,No - Indirect Expression,__missing__,0
diagnostic_v1,conflict,diagnostic,jev_calibrated,rating_OI_content,True,choice,Yes - Content opposes someone else,Yes - Content opposes someone else,699
diagnostic_v1,conflict,diagnostic,jev_calibrated,rating_OI_content,True,choice,Yes - Content opposes someone else,No - Content does not oppose anyone,41
diagnostic_v1,conflict,diagnostic,jev_calibrated,rating_OI_content,True,choice,Yes - Content opposes someone else,__missing__,0
diagnostic_v1,conflict,diagnostic,jev_calibrated,rating_OI_content,True,choice,No - Content does not oppose anyone,Yes - Content opposes someone else,41
diagnostic_v1,conflict,diagnostic,jev_calibrated,rating_OI_content,True,choice,No - Content does not oppose anyone,No - Content does not oppose anyone,21
diagnostic_v1,conflict,diagnostic,jev_calibrated,rating_OI_content,True,choice,No - Content does not oppose anyone,__missing__,0
diagnostic_v1,conflict,diagnostic,jev_calibrated,rating_OI_expression,True,choice,Yes - Expression is emotional/forceful,Yes - Expression is emotional/forceful,11
diagnostic_v1,conflict,diagnostic,jev_calibrated,rating_OI_expression,True,choice,Yes - Expression is emotional/forceful,No - Expression is not emotional/forceful,62
diagnostic_v1,conflict,diagnostic,jev_calibrated,rating_OI_expression,True,choice,Yes - Expression is emotional/forceful,__missing__,0
diagnostic_v1,conflict,diagnostic,jev_calibrated,rating_OI_expression,True,choice,No - Expression is not emotional/forceful,Yes - Expression is emotional/forceful,4
diagnostic_v1,conflict,diagnostic,jev_calibrated,rating_OI_expression,True,choice,No - Expression is not emotional/forceful,No - Expression is not emotional/forceful,725
diagnostic_v1,conflict,diagnostic,jev_calibrated,rating_OI_expression,True,choice,No - Expression is not emotional/forceful,__missing__,0
diagnostic_v1,conflict,diagnostic,jev_compact,rating_directness_content,True,choice,Yes - Direct Content,Yes - Direct Content,684
diagnostic_v1,conflict,diagnostic,jev_compact,rating_directness_content,True,choice,Yes - Direct Content,Neutral - Content contains no opinion,62
diagnostic_v1,conflict,diagnostic,jev_compact,rating_directness_content,True,choice,Yes - Direct Content,No - Indirect Content,45
diagnostic_v1,conflict,diagnostic,jev_compact,rating_directness_content,True,choice,Yes - Direct Content,__missing__,0
diagnostic_v1,conflict,diagnostic,jev_compact,rating_directness_content,True,choice,Neutral - Content contains no opinion,Yes - Direct Content,1
diagnostic_v1,conflict,diagnostic,jev_compact,rating_directness_content,True,choice,Neutral - Content contains no opinion,Neutral - Content contains no opinion,4
diagnostic_v1,conflict,diagnostic,jev_compact,rating_directness_content,True,choice,Neutral - Content contains no opinion,No - Indirect Content,1
diagnostic_v1,conflict,diagnostic,jev_compact,rating_directness_content,True,choice,Neutral - Content contains no opinion,__missing__,0
diagnostic_v1,conflict,diagnostic,jev_compact,rating_directness_content,True,choice,No - Indirect Content,Yes - Direct Content,0
diagnostic_v1,conflict,diagnostic,jev_compact,rating_directness_content,True,choice,No - Indirect Content,Neutral - Content contains no opinion,0
diagnostic_v1,conflict,diagnostic,jev_compact,rating_directness_content,True,choice,No - Indirect Content,No - Indirect Content,0
diagnostic_v1,conflict,diagnostic,jev_compact,rating_directness_content,True,choice,No - Indirect Content,__missing__,0
diagnostic_v1,conflict,diagnostic,jev_compact,rating_directness_expression,True,choice,Yes - Direct Expression,Yes - Direct Expression,547
diagnostic_v1,conflict,diagnostic,jev_compact,rating_directness_expression,True,choice,Yes - Direct Expression,No - Indirect Expression,201
diagnostic_v1,conflict,diagnostic,jev_compact,rating_directness_expression,True,choice,Yes - Direct Expression,__missing__,0
diagnostic_v1,conflict,diagnostic,jev_compact,rating_directness_expression,True,choice,No - Indirect Expression,Yes - Direct Expression,24
diagnostic_v1,conflict,diagnostic,jev_compact,rating_directness_expression,True,choice,No - Indirect Expression,No - Indirect Expression,30
diagnostic_v1,conflict,diagnostic,jev_compact,rating_directness_expression,True,choice,No - Indirect Expression,__missing__,0
diagnostic_v1,conflict,diagnostic,jev_compact,rating_OI_content,True,choice,Yes - Content opposes someone else,Yes - Content opposes someone else,431
diagnostic_v1,conflict,diagnostic,jev_compact,rating_OI_content,True,choice,Yes - Content opposes someone else,No - Content does not oppose anyone,309
diagnostic_v1,conflict,diagnostic,jev_compact,rating_OI_content,True,choice,Yes - Content opposes someone else,__missing__,0
diagnostic_v1,conflict,diagnostic,jev_compact,rating_OI_content,True,choice,No - Content does not oppose anyone,Yes - Content opposes someone else,18
diagnostic_v1,conflict,diagnostic,jev_compact,rating_OI_content,True,choice,No - Content does not oppose anyone,No - Content does not oppose anyone,44
diagnostic_v1,conflict,diagnostic,jev_compact,rating_OI_content,True,choice,No - Content does not oppose anyone,__missing__,0
diagnostic_v1,conflict,diagnostic,jev_compact,rating_OI_expression,True,choice,Yes - Expression is emotional/forceful,Yes - Expression is emotional/forceful,38
diagnostic_v1,conflict,diagnostic,jev_compact,rating_OI_expression,True,choice,Yes - Expression is emotional/forceful,No - Expression is not emotional/forceful,35
diagnostic_v1,conflict,diagnostic,jev_compact,rating_OI_expression,True,choice,Yes - Expression is emotional/forceful,__missing__,0
diagnostic_v1,conflict,diagnostic,jev_compact,rating_OI_expression,True,choice,No - Expression is not emotional/forceful,Yes - Expression is emotional/forceful,120
diagnostic_v1,conflict,diagnostic,jev_compact,rating_OI_expression,True,choice,No - Expression is not emotional/forceful,No - Expression is not emotional/forceful,609
diagnostic_v1,conflict,diagnostic,jev_compact,rating_OI_expression,True,choice,No - Expression is not emotional/forceful,__missing__,0
diagnostic_v1,conflict,diagnostic,jev_verbose,rating_directness_content,True,choice,Yes - Direct Content,Yes - Direct Content,695
diagnostic_v1,conflict,diagnostic,jev_verbose,rating_directness_content,True,choice,Yes - Direct Content,Neutral - Content contains no opinion,36
diagnostic_v1,conflict,diagnostic,jev_verbose,rating_directness_content,True,choice,Yes - Direct Content,No - Indirect Content,60
diagnostic_v1,conflict,diagnostic,jev_verbose,rating_directness_content,True,choice,Yes - Direct Content,__missing__,0
diagnostic_v1,conflict,diagnostic,jev_verbose,rating_directness_content,True,choice,Neutral - Content contains no opinion,Yes - Direct Content,2
diagnostic_v1,conflict,diagnostic,jev_verbose,rating_directness_content,True,choice,Neutral - Content contains no opinion,Neutral - Content contains no opinion,3
diagnostic_v1,conflict,diagnostic,jev_verbose,rating_directness_content,True,choice,Neutral - Content contains no opinion,No - Indirect Content,1
diagnostic_v1,conflict,diagnostic,jev_verbose,rating_directness_content,True,choice,Neutral - Content contains no opinion,__missing__,0
diagnostic_v1,conflict,diagnostic,jev_verbose,rating_directness_content,True,choice,No - Indirect Content,Yes - Direct Content,0
diagnostic_v1,conflict,diagnostic,jev_verbose,rating_directness_content,True,choice,No - Indirect Content,Neutral - Content contains no opinion,0
diagnostic_v1,conflict,diagnostic,jev_verbose,rating_directness_content,True,choice,No - Indirect Content,No - Indirect Content,0
diagnostic_v1,conflict,diagnostic,jev_verbose,rating_directness_content,True,choice,No - Indirect Content,__missing__,0
diagnostic_v1,conflict,diagnostic,jev_verbose,rating_directness_expression,True,choice,Yes - Direct Expression,Yes - Direct Expression,608
diagnostic_v1,conflict,diagnostic,jev_verbose,rating_directness_expression,True,choice,Yes - Direct Expression,No - Indirect Expression,140
diagnostic_v1,conflict,diagnostic,jev_verbose,rating_directness_expression,True,choice,Yes - Direct Expression,__missing__,0
diagnostic_v1,conflict,diagnostic,jev_verbose,rating_directness_expression,True,choice,No - Indirect Expression,Yes - Direct Expression,23
diagnostic_v1,conflict,diagnostic,jev_verbose,rating_directness_expression,True,choice,No - Indirect Expression,No - Indirect Expression,31
diagnostic_v1,conflict,diagnostic,jev_verbose,rating_directness_expression,True,choice,No - Indirect Expression,__missing__,0
diagnostic_v1,conflict,diagnostic,jev_verbose,rating_OI_content,True,choice,Yes - Content opposes someone else,Yes - Content opposes someone else,479
diagnostic_v1,conflict,diagnostic,jev_verbose,rating_OI_content,True,choice,Yes - Content opposes someone else,No - Content does not oppose anyone,261
diagnostic_v1,conflict,diagnostic,jev_verbose,rating_OI_content,True,choice,Yes - Content opposes someone else,__missing__,0
diagnostic_v1,conflict,diagnostic,jev_verbose,rating_OI_content,True,choice,No - Content does not oppose anyone,Yes - Content opposes someone else,7
diagnostic_v1,conflict,diagnostic,jev_verbose,rating_OI_content,True,choice,No - Content does not oppose anyone,No - Content does not oppose anyone,55
diagnostic_v1,conflict,diagnostic,jev_verbose,rating_OI_content,True,choice,No - Content does not oppose anyone,__missing__,0
diagnostic_v1,conflict,diagnostic,jev_verbose,rating_OI_expression,True,choice,Yes - Expression is emotional/forceful,Yes - Expression is emotional/forceful,51
diagnostic_v1,conflict,diagnostic,jev_verbose,rating_OI_expression,True,choice,Yes - Expression is emotional/forceful,No - Expression is not emotional/forceful,22
diagnostic_v1,conflict,diagnostic,jev_verbose,rating_OI_expression,True,choice,Yes - Expression is emotional/forceful,__missing__,0
diagnostic_v1,conflict,diagnostic,jev_verbose,rating_OI_expression,True,choice,No - Expression is not emotional/forceful,Yes - Expression is emotional/forceful,130
diagnostic_v1,conflict,diagnostic,jev_verbose,rating_OI_expression,True,choice,No - Expression is not emotional/forceful,No - Expression is not emotional/forceful,599
diagnostic_v1,conflict,diagnostic,jev_verbose,rating_OI_expression,True,choice,No - Expression is not emotional/forceful,__missing__,0
diagnostic_v1,conflict,diagnostic,llm_ab_judge,rating_directness_content,True,choice,Yes - Direct Content,Yes - Direct Content,755
diagnostic_v1,conflict,diagnostic,llm_ab_judge,rating_directness_content,True,choice,Yes - Direct Content,Neutral - Content contains no opinion,27
diagnostic_v1,conflict,diagnostic,llm_ab_judge,rating_directness_content,True,choice,Yes - Direct Content,No - Indirect Content,9
diagnostic_v1,conflict,diagnostic,llm_ab_judge,rating_directness_content,True,choice,Yes - Direct Content,__missing__,0
diagnostic_v1,conflict,diagnostic,llm_ab_judge,rating_directness_content,True,choice,Neutral - Content contains no opinion,Yes - Direct Content,2
diagnostic_v1,conflict,diagnostic,llm_ab_judge,rating_directness_content,True,choice,Neutral - Content contains no opinion,Neutral - Content contains no opinion,4
diagnostic_v1,conflict,diagnostic,llm_ab_judge,rating_directness_content,True,choice,Neutral - Content contains no opinion,No - Indirect Content,0
diagnostic_v1,conflict,diagnostic,llm_ab_judge,rating_directness_content,True,choice,Neutral - Content contains no opinion,__missing__,0
diagnostic_v1,conflict,diagnostic,llm_ab_judge,rating_directness_content,True,choice,No - Indirect Content,Yes - Direct Content,0
diagnostic_v1,conflict,diagnostic,llm_ab_judge,rating_directness_content,True,choice,No - Indirect Content,Neutral - Content contains no opinion,0
diagnostic_v1,conflict,diagnostic,llm_ab_judge,rating_directness_content,True,choice,No - Indirect Content,No - Indirect Content,0
diagnostic_v1,conflict,diagnostic,llm_ab_judge,rating_directness_content,True,choice,No - Indirect Content,__missing__,0
diagnostic_v1,conflict,diagnostic,llm_ab_judge,rating_directness_expression,True,choice,Yes - Direct Expression,Yes - Direct Expression,630
diagnostic_v1,conflict,diagnostic,llm_ab_judge,rating_directness_expression,True,choice,Yes - Direct Expression,No - Indirect Expression,118
diagnostic_v1,conflict,diagnostic,llm_ab_judge,rating_directness_expression,True,choice,Yes - Direct Expression,__missing__,0
diagnostic_v1,conflict,diagnostic,llm_ab_judge,rating_directness_expression,True,choice,No - Indirect Expression,Yes - Direct Expression,32
diagnostic_v1,conflict,diagnostic,llm_ab_judge,rating_directness_expression,True,choice,No - Indirect Expression,No - Indirect Expression,22
diagnostic_v1,conflict,diagnostic,llm_ab_judge,rating_directness_expression,True,choice,No - Indirect Expression,__missing__,0
diagnostic_v1,conflict,diagnostic,llm_ab_judge,rating_OI_content,True,choice,Yes - Content opposes someone else,Yes - Content opposes someone else,442
diagnostic_v1,conflict,diagnostic,llm_ab_judge,rating_OI_content,True,choice,Yes - Content opposes someone else,No - Content does not oppose anyone,298
diagnostic_v1,conflict,diagnostic,llm_ab_judge,rating_OI_content,True,choice,Yes - Content opposes someone else,__missing__,0
diagnostic_v1,conflict,diagnostic,llm_ab_judge,rating_OI_content,True,choice,No - Content does not oppose anyone,Yes - Content opposes someone else,7
diagnostic_v1,conflict,diagnostic,llm_ab_judge,rating_OI_content,True,choice,No - Content does not oppose anyone,No - Content does not oppose anyone,55
diagnostic_v1,conflict,diagnostic,llm_ab_judge,rating_OI_content,True,choice,No - Content does not oppose anyone,__missing__,0
diagnostic_v1,conflict,diagnostic,llm_ab_judge,rating_OI_expression,True,choice,Yes - Expression is emotional/forceful,Yes - Expression is emotional/forceful,44
diagnostic_v1,conflict,diagnostic,llm_ab_judge,rating_OI_expression,True,choice,Yes - Expression is emotional/forceful,No - Expression is not emotional/forceful,29
diagnostic_v1,conflict,diagnostic,llm_ab_judge,rating_OI_expression,True,choice,Yes - Expression is emotional/forceful,__missing__,0
diagnostic_v1,conflict,diagnostic,llm_ab_judge,rating_OI_expression,True,choice,No - Expression is not emotional/forceful,Yes - Expression is emotional/forceful,96
diagnostic_v1,conflict,diagnostic,llm_ab_judge,rating_OI_expression,True,choice,No - Expression is not emotional/forceful,No - Expression is not emotional/forceful,633
diagnostic_v1,conflict,diagnostic,llm_ab_judge,rating_OI_expression,True,choice,No - Expression is not emotional/forceful,__missing__,0
diagnostic_v1,conflict,diagnostic,llm_direct,rating_directness_content,True,choice,Yes - Direct Content,Yes - Direct Content,762
diagnostic_v1,conflict,diagnostic,llm_direct,rating_directness_content,True,choice,Yes - Direct Content,Neutral - Content contains no opinion,25
diagnostic_v1,conflict,diagnostic,llm_direct,rating_directness_content,True,choice,Yes - Direct Content,No - Indirect Content,4
diagnostic_v1,conflict,diagnostic,llm_direct,rating_directness_content,True,choice,Yes - Direct Content,__missing__,0
diagnostic_v1,conflict,diagnostic,llm_direct,rating_directness_content,True,choice,Neutral - Content contains no opinion,Yes - Direct Content,3
diagnostic_v1,conflict,diagnostic,llm_direct,rating_directness_content,True,choice,Neutral - Content contains no opinion,Neutral - Content contains no opinion,3
diagnostic_v1,conflict,diagnostic,llm_direct,rating_directness_content,True,choice,Neutral - Content contains no opinion,No - Indirect Content,0
diagnostic_v1,conflict,diagnostic,llm_direct,rating_directness_content,True,choice,Neutral - Content contains no opinion,__missing__,0
diagnostic_v1,conflict,diagnostic,llm_direct,rating_directness_content,True,choice,No - Indirect Content,Yes - Direct Content,0
diagnostic_v1,conflict,diagnostic,llm_direct,rating_directness_content,True,choice,No - Indirect Content,Neutral - Content contains no opinion,0
diagnostic_v1,conflict,diagnostic,llm_direct,rating_directness_content,True,choice,No - Indirect Content,No - Indirect Content,0
diagnostic_v1,conflict,diagnostic,llm_direct,rating_directness_content,True,choice,No - Indirect Content,__missing__,0
diagnostic_v1,conflict,diagnostic,llm_direct,rating_directness_expression,True,choice,Yes - Direct Expression,Yes - Direct Expression,649
diagnostic_v1,conflict,diagnostic,llm_direct,rating_directness_expression,True,choice,Yes - Direct Expression,No - Indirect Expression,99
diagnostic_v1,conflict,diagnostic,llm_direct,rating_directness_expression,True,choice,Yes - Direct Expression,__missing__,0
diagnostic_v1,conflict,diagnostic,llm_direct,rating_directness_expression,True,choice,No - Indirect Expression,Yes - Direct Expression,37
diagnostic_v1,conflict,diagnostic,llm_direct,rating_directness_expression,True,choice,No - Indirect Expression,No - Indirect Expression,17
diagnostic_v1,conflict,diagnostic,llm_direct,rating_directness_expression,True,choice,No - Indirect Expression,__missing__,0
diagnostic_v1,conflict,diagnostic,llm_direct,rating_OI_content,True,choice,Yes - Content opposes someone else,Yes - Content opposes someone else,420
diagnostic_v1,conflict,diagnostic,llm_direct,rating_OI_content,True,choice,Yes - Content opposes someone else,No - Content does not oppose anyone,320
diagnostic_v1,conflict,diagnostic,llm_direct,rating_OI_content,True,choice,Yes - Content opposes someone else,__missing__,0
diagnostic_v1,conflict,diagnostic,llm_direct,rating_OI_content,True,choice,No - Content does not oppose anyone,Yes - Content opposes someone else,5
diagnostic_v1,conflict,diagnostic,llm_direct,rating_OI_content,True,choice,No - Content does not oppose anyone,No - Content does not oppose anyone,57
diagnostic_v1,conflict,diagnostic,llm_direct,rating_OI_content,True,choice,No - Content does not oppose anyone,__missing__,0
diagnostic_v1,conflict,diagnostic,llm_direct,rating_OI_expression,True,choice,Yes - Expression is emotional/forceful,Yes - Expression is emotional/forceful,45
diagnostic_v1,conflict,diagnostic,llm_direct,rating_OI_expression,True,choice,Yes - Expression is emotional/forceful,No - Expression is not emotional/forceful,28
diagnostic_v1,conflict,diagnostic,llm_direct,rating_OI_expression,True,choice,Yes - Expression is emotional/forceful,__missing__,0
diagnostic_v1,conflict,diagnostic,llm_direct,rating_OI_expression,True,choice,No - Expression is not emotional/forceful,Yes - Expression is emotional/forceful,90
diagnostic_v1,conflict,diagnostic,llm_direct,rating_OI_expression,True,choice,No - Expression is not emotional/forceful,No - Expression is not emotional/forceful,639
diagnostic_v1,conflict,diagnostic,llm_direct,rating_OI_expression,True,choice,No - Expression is not emotional/forceful,__missing__,0
diagnostic_v1,conflict,diagnostic,llm_vote5,rating_directness_content,True,choice,Yes - Direct Content,Yes - Direct Content,762
diagnostic_v1,conflict,diagnostic,llm_vote5,rating_directness_content,True,choice,Yes - Direct Content,Neutral - Content contains no opinion,27
diagnostic_v1,conflict,diagnostic,llm_vote5,rating_directness_content,True,choice,Yes - Direct Content,No - Indirect Content,2
diagnostic_v1,conflict,diagnostic,llm_vote5,rating_directness_content,True,choice,Yes - Direct Content,__missing__,0
diagnostic_v1,conflict,diagnostic,llm_vote5,rating_directness_content,True,choice,Neutral - Content contains no opinion,Yes - Direct Content,3
diagnostic_v1,conflict,diagnostic,llm_vote5,rating_directness_content,True,choice,Neutral - Content contains no opinion,Neutral - Content contains no opinion,3
diagnostic_v1,conflict,diagnostic,llm_vote5,rating_directness_content,True,choice,Neutral - Content contains no opinion,No - Indirect Content,0
diagnostic_v1,conflict,diagnostic,llm_vote5,rating_directness_content,True,choice,Neutral - Content contains no opinion,__missing__,0
diagnostic_v1,conflict,diagnostic,llm_vote5,rating_directness_content,True,choice,No - Indirect Content,Yes - Direct Content,0
diagnostic_v1,conflict,diagnostic,llm_vote5,rating_directness_content,True,choice,No - Indirect Content,Neutral - Content contains no opinion,0
diagnostic_v1,conflict,diagnostic,llm_vote5,rating_directness_content,True,choice,No - Indirect Content,No - Indirect Content,0
diagnostic_v1,conflict,diagnostic,llm_vote5,rating_directness_content,True,choice,No - Indirect Content,__missing__,0
diagnostic_v1,conflict,diagnostic,llm_vote5,rating_directness_expression,True,choice,Yes - Direct Expression,Yes - Direct Expression,638
diagnostic_v1,conflict,diagnostic,llm_vote5,rating_directness_expression,True,choice,Yes - Direct Expression,No - Indirect Expression,110
diagnostic_v1,conflict,diagnostic,llm_vote5,rating_directness_expression,True,choice,Yes - Direct Expression,__missing__,0
diagnostic_v1,conflict,diagnostic,llm_vote5,rating_directness_expression,True,choice,No - Indirect Expression,Yes - Direct Expression,36
diagnostic_v1,conflict,diagnostic,llm_vote5,rating_directness_expression,True,choice,No - Indirect Expression,No - Indirect Expression,18
diagnostic_v1,conflict,diagnostic,llm_vote5,rating_directness_expression,True,choice,No - Indirect Expression,__missing__,0
diagnostic_v1,conflict,diagnostic,llm_vote5,rating_OI_content,True,choice,Yes - Content opposes someone else,Yes - Content opposes someone else,446
diagnostic_v1,conflict,diagnostic,llm_vote5,rating_OI_content,True,choice,Yes - Content opposes someone else,No - Content does not oppose anyone,294
diagnostic_v1,conflict,diagnostic,llm_vote5,rating_OI_content,True,choice,Yes - Content opposes someone else,__missing__,0
diagnostic_v1,conflict,diagnostic,llm_vote5,rating_OI_content,True,choice,No - Content does not oppose anyone,Yes - Content opposes someone else,8
diagnostic_v1,conflict,diagnostic,llm_vote5,rating_OI_content,True,choice,No - Content does not oppose anyone,No - Content does not oppose anyone,54
diagnostic_v1,conflict,diagnostic,llm_vote5,rating_OI_content,True,choice,No - Content does not oppose anyone,__missing__,0
diagnostic_v1,conflict,diagnostic,llm_vote5,rating_OI_expression,True,choice,Yes - Expression is emotional/forceful,Yes - Expression is emotional/forceful,40
diagnostic_v1,conflict,diagnostic,llm_vote5,rating_OI_expression,True,choice,Yes - Expression is emotional/forceful,No - Expression is not emotional/forceful,33
diagnostic_v1,conflict,diagnostic,llm_vote5,rating_OI_expression,True,choice,Yes - Expression is emotional/forceful,__missing__,0
diagnostic_v1,conflict,diagnostic,llm_vote5,rating_OI_expression,True,choice,No - Expression is not emotional/forceful,Yes - Expression is emotional/forceful,93
diagnostic_v1,conflict,diagnostic,llm_vote5,rating_OI_expression,True,choice,No - Expression is not emotional/forceful,No - Expression is not emotional/forceful,636
diagnostic_v1,conflict,diagnostic,llm_vote5,rating_OI_expression,True,choice,No - Expression is not emotional/forceful,__missing__,0
diagnostic_v1,mbd,diagnostic,jev_ab_average,tone,True,choice,positive,positive,39
diagnostic_v1,mbd,diagnostic,jev_ab_average,tone,True,choice,positive,negative,1
diagnostic_v1,mbd,diagnostic,jev_ab_average,tone,True,choice,positive,neutral,11
diagnostic_v1,mbd,diagnostic,jev_ab_average,tone,True,choice,positive,__missing__,0
diagnostic_v1,mbd,diagnostic,jev_ab_average,tone,True,choice,negative,positive,3
diagnostic_v1,mbd,diagnostic,jev_ab_average,tone,True,choice,negative,negative,104
diagnostic_v1,mbd,diagnostic,jev_ab_average,tone,True,choice,negative,neutral,7
diagnostic_v1,mbd,diagnostic,jev_ab_average,tone,True,choice,negative,__missing__,0
diagnostic_v1,mbd,diagnostic,jev_ab_average,tone,True,choice,neutral,positive,31
diagnostic_v1,mbd,diagnostic,jev_ab_average,tone,True,choice,neutral,negative,102
diagnostic_v1,mbd,diagnostic,jev_ab_average,tone,True,choice,neutral,neutral,246
diagnostic_v1,mbd,diagnostic,jev_ab_average,tone,True,choice,neutral,__missing__,0
diagnostic_v1,mbd,diagnostic,jev_ab_average,focus,True,choice,democrat,democrat,74
diagnostic_v1,mbd,diagnostic,jev_ab_average,focus,True,choice,democrat,republican,0
diagnostic_v1,mbd,diagnostic,jev_ab_average,focus,True,choice,democrat,both,3
diagnostic_v1,mbd,diagnostic,jev_ab_average,focus,True,choice,democrat,neither,12
diagnostic_v1,mbd,diagnostic,jev_ab_average,focus,True,choice,democrat,__missing__,0
diagnostic_v1,mbd,diagnostic,jev_ab_average,focus,True,choice,republican,democrat,0
diagnostic_v1,mbd,diagnostic,jev_ab_average,focus,True,choice,republican,republican,85
diagnostic_v1,mbd,diagnostic,jev_ab_average,focus,True,choice,republican,both,1
diagnostic_v1,mbd,diagnostic,jev_ab_average,focus,True,choice,republican,neither,52
diagnostic_v1,mbd,diagnostic,jev_ab_average,focus,True,choice,republican,__missing__,0
diagnostic_v1,mbd,diagnostic,jev_ab_average,focus,True,choice,both,democrat,5
diagnostic_v1,mbd,diagnostic,jev_ab_average,focus,True,choice,both,republican,1
diagnostic_v1,mbd,diagnostic,jev_ab_average,focus,True,choice,both,both,19
diagnostic_v1,mbd,diagnostic,jev_ab_average,focus,True,choice,both,neither,2
diagnostic_v1,mbd,diagnostic,jev_ab_average,focus,True,choice,both,__missing__,0
diagnostic_v1,mbd,diagnostic,jev_ab_average,focus,True,choice,neither,democrat,4
diagnostic_v1,mbd,diagnostic,jev_ab_average,focus,True,choice,neither,republican,0
diagnostic_v1,mbd,diagnostic,jev_ab_average,focus,True,choice,neither,both,0
diagnostic_v1,mbd,diagnostic,jev_ab_average,focus,True,choice,neither,neither,288
diagnostic_v1,mbd,diagnostic,jev_ab_average,focus,True,choice,neither,__missing__,0
diagnostic_v1,mbd,diagnostic,jev_ab_average,type,True,choice,fact,fact,186
diagnostic_v1,mbd,diagnostic,jev_ab_average,type,True,choice,fact,opinion,15
diagnostic_v1,mbd,diagnostic,jev_ab_average,type,True,choice,fact,borderline,30
diagnostic_v1,mbd,diagnostic,jev_ab_average,type,True,choice,fact,quote,7
diagnostic_v1,mbd,diagnostic,jev_ab_average,type,True,choice,fact,other,1
diagnostic_v1,mbd,diagnostic,jev_ab_average,type,True,choice,fact,__missing__,0
diagnostic_v1,mbd,diagnostic,jev_ab_average,type,True,choice,opinion,fact,2
diagnostic_v1,mbd,diagnostic,jev_ab_average,type,True,choice,opinion,opinion,61
diagnostic_v1,mbd,diagnostic,jev_ab_average,type,True,choice,opinion,borderline,7
diagnostic_v1,mbd,diagnostic,jev_ab_average,type,True,choice,opinion,quote,3
diagnostic_v1,mbd,diagnostic,jev_ab_average,type,True,choice,opinion,other,0
diagnostic_v1,mbd,diagnostic,jev_ab_average,type,True,choice,opinion,__missing__,0
diagnostic_v1,mbd,diagnostic,jev_ab_average,type,True,choice,borderline,fact,9
diagnostic_v1,mbd,diagnostic,jev_ab_average,type,True,choice,borderline,opinion,7
diagnostic_v1,mbd,diagnostic,jev_ab_average,type,True,choice,borderline,borderline,8
diagnostic_v1,mbd,diagnostic,jev_ab_average,type,True,choice,borderline,quote,0
diagnostic_v1,mbd,diagnostic,jev_ab_average,type,True,choice,borderline,other,0
diagnostic_v1,mbd,diagnostic,jev_ab_average,type,True,choice,borderline,__missing__,0
diagnostic_v1,mbd,diagnostic,jev_ab_average,type,True,choice,quote,fact,4
diagnostic_v1,mbd,diagnostic,jev_ab_average,type,True,choice,quote,opinion,2
diagnostic_v1,mbd,diagnostic,jev_ab_average,type,True,choice,quote,borderline,0
diagnostic_v1,mbd,diagnostic,jev_ab_average,type,True,choice,quote,quote,115
diagnostic_v1,mbd,diagnostic,jev_ab_average,type,True,choice,quote,other,0
diagnostic_v1,mbd,diagnostic,jev_ab_average,type,True,choice,quote,__missing__,0
diagnostic_v1,mbd,diagnostic,jev_ab_average,type,True,choice,other,fact,11
diagnostic_v1,mbd,diagnostic,jev_ab_average,type,True,choice,other,opinion,10
diagnostic_v1,mbd,diagnostic,jev_ab_average,type,True,choice,other,borderline,1
diagnostic_v1,mbd,diagnostic,jev_ab_average,type,True,choice,other,quote,2
diagnostic_v1,mbd,diagnostic,jev_ab_average,type,True,choice,other,other,27
diagnostic_v1,mbd,diagnostic,jev_ab_average,type,True,choice,other,__missing__,0
diagnostic_v1,mbd,diagnostic,jev_ab_judge,tone,True,choice,positive,positive,38
diagnostic_v1,mbd,diagnostic,jev_ab_judge,tone,True,choice,positive,negative,1
diagnostic_v1,mbd,diagnostic,jev_ab_judge,tone,True,choice,positive,neutral,12
diagnostic_v1,mbd,diagnostic,jev_ab_judge,tone,True,choice,positive,__missing__,0
diagnostic_v1,mbd,diagnostic,jev_ab_judge,tone,True,choice,negative,positive,2
diagnostic_v1,mbd,diagnostic,jev_ab_judge,tone,True,choice,negative,negative,105
diagnostic_v1,mbd,diagnostic,jev_ab_judge,tone,True,choice,negative,neutral,7
diagnostic_v1,mbd,diagnostic,jev_ab_judge,tone,True,choice,negative,__missing__,0
diagnostic_v1,mbd,diagnostic,jev_ab_judge,tone,True,choice,neutral,positive,30
diagnostic_v1,mbd,diagnostic,jev_ab_judge,tone,True,choice,neutral,negative,98
diagnostic_v1,mbd,diagnostic,jev_ab_judge,tone,True,choice,neutral,neutral,251
diagnostic_v1,mbd,diagnostic,jev_ab_judge,tone,True,choice,neutral,__missing__,0
diagnostic_v1,mbd,diagnostic,jev_ab_judge,focus,True,choice,democrat,democrat,72
diagnostic_v1,mbd,diagnostic,jev_ab_judge,focus,True,choice,democrat,republican,0
diagnostic_v1,mbd,diagnostic,jev_ab_judge,focus,True,choice,democrat,both,3
diagnostic_v1,mbd,diagnostic,jev_ab_judge,focus,True,choice,democrat,neither,14
diagnostic_v1,mbd,diagnostic,jev_ab_judge,focus,True,choice,democrat,__missing__,0
diagnostic_v1,mbd,diagnostic,jev_ab_judge,focus,True,choice,republican,democrat,0
diagnostic_v1,mbd,diagnostic,jev_ab_judge,focus,True,choice,republican,republican,82
diagnostic_v1,mbd,diagnostic,jev_ab_judge,focus,True,choice,republican,both,0
diagnostic_v1,mbd,diagnostic,jev_ab_judge,focus,True,choice,republican,neither,56
diagnostic_v1,mbd,diagnostic,jev_ab_judge,focus,True,choice,republican,__missing__,0
diagnostic_v1,mbd,diagnostic,jev_ab_judge,focus,True,choice,both,democrat,3
diagnostic_v1,mbd,diagnostic,jev_ab_judge,focus,True,choice,both,republican,0
diagnostic_v1,mbd,diagnostic,jev_ab_judge,focus,True,choice,both,both,22
diagnostic_v1,mbd,diagnostic,jev_ab_judge,focus,True,choice,both,neither,2
diagnostic_v1,mbd,diagnostic,jev_ab_judge,focus,True,choice,both,__missing__,0
diagnostic_v1,mbd,diagnostic,jev_ab_judge,focus,True,choice,neither,democrat,3
diagnostic_v1,mbd,diagnostic,jev_ab_judge,focus,True,choice,neither,republican,0
diagnostic_v1,mbd,diagnostic,jev_ab_judge,focus,True,choice,neither,both,0
diagnostic_v1,mbd,diagnostic,jev_ab_judge,focus,True,choice,neither,neither,289
diagnostic_v1,mbd,diagnostic,jev_ab_judge,focus,True,choice,neither,__missing__,0
diagnostic_v1,mbd,diagnostic,jev_ab_judge,type,True,choice,fact,fact,185
diagnostic_v1,mbd,diagnostic,jev_ab_judge,type,True,choice,fact,opinion,13
diagnostic_v1,mbd,diagnostic,jev_ab_judge,type,True,choice,fact,borderline,32
diagnostic_v1,mbd,diagnostic,jev_ab_judge,type,True,choice,fact,quote,8
diagnostic_v1,mbd,diagnostic,jev_ab_judge,type,True,choice,fact,other,1
diagnostic_v1,mbd,diagnostic,jev_ab_judge,type,True,choice,fact,__missing__,0
diagnostic_v1,mbd,diagnostic,jev_ab_judge,type,True,choice,opinion,fact,2
diagnostic_v1,mbd,diagnostic,jev_ab_judge,type,True,choice,opinion,opinion,63
diagnostic_v1,mbd,diagnostic,jev_ab_judge,type,True,choice,opinion,borderline,6
diagnostic_v1,mbd,diagnostic,jev_ab_judge,type,True,choice,opinion,quote,2
diagnostic_v1,mbd,diagnostic,jev_ab_judge,type,True,choice,opinion,other,0
diagnostic_v1,mbd,diagnostic,jev_ab_judge,type,True,choice,opinion,__missing__,0
diagnostic_v1,mbd,diagnostic,jev_ab_judge,type,True,choice,borderline,fact,9
diagnostic_v1,mbd,diagnostic,jev_ab_judge,type,True,choice,borderline,opinion,7
diagnostic_v1,mbd,diagnostic,jev_ab_judge,type,True,choice,borderline,borderline,8
diagnostic_v1,mbd,diagnostic,jev_ab_judge,type,True,choice,borderline,quote,0
diagnostic_v1,mbd,diagnostic,jev_ab_judge,type,True,choice,borderline,other,0
diagnostic_v1,mbd,diagnostic,jev_ab_judge,type,True,choice,borderline,__missing__,0
diagnostic_v1,mbd,diagnostic,jev_ab_judge,type,True,choice,quote,fact,4
diagnostic_v1,mbd,diagnostic,jev_ab_judge,type,True,choice,quote,opinion,2
diagnostic_v1,mbd,diagnostic,jev_ab_judge,type,True,choice,quote,borderline,0
diagnostic_v1,mbd,diagnostic,jev_ab_judge,type,True,choice,quote,quote,115
diagnostic_v1,mbd,diagnostic,jev_ab_judge,type,True,choice,quote,other,0
diagnostic_v1,mbd,diagnostic,jev_ab_judge,type,True,choice,quote,__missing__,0
diagnostic_v1,mbd,diagnostic,jev_ab_judge,type,True,choice,other,fact,11
diagnostic_v1,mbd,diagnostic,jev_ab_judge,type,True,choice,other,opinion,10
diagnostic_v1,mbd,diagnostic,jev_ab_judge,type,True,choice,other,borderline,1
diagnostic_v1,mbd,diagnostic,jev_ab_judge,type,True,choice,other,quote,1
diagnostic_v1,mbd,diagnostic,jev_ab_judge,type,True,choice,other,other,28
diagnostic_v1,mbd,diagnostic,jev_ab_judge,type,True,choice,other,__missing__,0
diagnostic_v1,mbd,diagnostic,jev_anchored,tone,True,choice,positive,positive,35
diagnostic_v1,mbd,diagnostic,jev_anchored,tone,True,choice,positive,negative,0
diagnostic_v1,mbd,diagnostic,jev_anchored,tone,True,choice,positive,neutral,16
diagnostic_v1,mbd,diagnostic,jev_anchored,tone,True,choice,positive,__missing__,0
diagnostic_v1,mbd,diagnostic,jev_anchored,tone,True,choice,negative,positive,1
diagnostic_v1,mbd,diagnostic,jev_anchored,tone,True,choice,negative,negative,102
diagnostic_v1,mbd,diagnostic,jev_anchored,tone,True,choice,negative,neutral,11
diagnostic_v1,mbd,diagnostic,jev_anchored,tone,True,choice,negative,__missing__,0
diagnostic_v1,mbd,diagnostic,jev_anchored,tone,True,choice,neutral,positive,23
diagnostic_v1,mbd,diagnostic,jev_anchored,tone,True,choice,neutral,negative,88
diagnostic_v1,mbd,diagnostic,jev_anchored,tone,True,choice,neutral,neutral,268
diagnostic_v1,mbd,diagnostic,jev_anchored,tone,True,choice,neutral,__missing__,0
diagnostic_v1,mbd,diagnostic,jev_anchored,focus,True,choice,democrat,democrat,70
diagnostic_v1,mbd,diagnostic,jev_anchored,focus,True,choice,democrat,republican,0
diagnostic_v1,mbd,diagnostic,jev_anchored,focus,True,choice,democrat,both,3
diagnostic_v1,mbd,diagnostic,jev_anchored,focus,True,choice,democrat,neither,16
diagnostic_v1,mbd,diagnostic,jev_anchored,focus,True,choice,democrat,__missing__,0
diagnostic_v1,mbd,diagnostic,jev_anchored,focus,True,choice,republican,democrat,0
diagnostic_v1,mbd,diagnostic,jev_anchored,focus,True,choice,republican,republican,82
diagnostic_v1,mbd,diagnostic,jev_anchored,focus,True,choice,republican,both,2
diagnostic_v1,mbd,diagnostic,jev_anchored,focus,True,choice,republican,neither,54
diagnostic_v1,mbd,diagnostic,jev_anchored,focus,True,choice,republican,__missing__,0
diagnostic_v1,mbd,diagnostic,jev_anchored,focus,True,choice,both,democrat,7
diagnostic_v1,mbd,diagnostic,jev_anchored,focus,True,choice,both,republican,1
diagnostic_v1,mbd,diagnostic,jev_anchored,focus,True,choice,both,both,17
diagnostic_v1,mbd,diagnostic,jev_anchored,focus,True,choice,both,neither,2
diagnostic_v1,mbd,diagnostic,jev_anchored,focus,True,choice,both,__missing__,0
diagnostic_v1,mbd,diagnostic,jev_anchored,focus,True,choice,neither,democrat,5
diagnostic_v1,mbd,diagnostic,jev_anchored,focus,True,choice,neither,republican,0
diagnostic_v1,mbd,diagnostic,jev_anchored,focus,True,choice,neither,both,0
diagnostic_v1,mbd,diagnostic,jev_anchored,focus,True,choice,neither,neither,287
diagnostic_v1,mbd,diagnostic,jev_anchored,focus,True,choice,neither,__missing__,0
diagnostic_v1,mbd,diagnostic,jev_anchored,type,True,choice,fact,fact,196
diagnostic_v1,mbd,diagnostic,jev_anchored,type,True,choice,fact,opinion,15
diagnostic_v1,mbd,diagnostic,jev_anchored,type,True,choice,fact,borderline,17
diagnostic_v1,mbd,diagnostic,jev_anchored,type,True,choice,fact,quote,11
diagnostic_v1,mbd,diagnostic,jev_anchored,type,True,choice,fact,other,0
diagnostic_v1,mbd,diagnostic,jev_anchored,type,True,choice,fact,__missing__,0
diagnostic_v1,mbd,diagnostic,jev_anchored,type,True,choice,opinion,fact,3
diagnostic_v1,mbd,diagnostic,jev_anchored,type,True,choice,opinion,opinion,61
diagnostic_v1,mbd,diagnostic,jev_anchored,type,True,choice,opinion,borderline,6
diagnostic_v1,mbd,diagnostic,jev_anchored,type,True,choice,opinion,quote,3
diagnostic_v1,mbd,diagnostic,jev_anchored,type,True,choice,opinion,other,0
diagnostic_v1,mbd,diagnostic,jev_anchored,type,True,choice,opinion,__missing__,0
diagnostic_v1,mbd,diagnostic,jev_anchored,type,True,choice,borderline,fact,14
diagnostic_v1,mbd,diagnostic,jev_anchored,type,True,choice,borderline,opinion,7
diagnostic_v1,mbd,diagnostic,jev_anchored,type,True,choice,borderline,borderline,2
diagnostic_v1,mbd,diagnostic,jev_anchored,type,True,choice,borderline,quote,1
diagnostic_v1,mbd,diagnostic,jev_anchored,type,True,choice,borderline,other,0
diagnostic_v1,mbd,diagnostic,jev_anchored,type,True,choice,borderline,__missing__,0
diagnostic_v1,mbd,diagnostic,jev_anchored,type,True,choice,quote,fact,3
diagnostic_v1,mbd,diagnostic,jev_anchored,type,True,choice,quote,opinion,1
diagnostic_v1,mbd,diagnostic,jev_anchored,type,True,choice,quote,borderline,0
diagnostic_v1,mbd,diagnostic,jev_anchored,type,True,choice,quote,quote,117
diagnostic_v1,mbd,diagnostic,jev_anchored,type,True,choice,quote,other,0
diagnostic_v1,mbd,diagnostic,jev_anchored,type,True,choice,quote,__missing__,0
diagnostic_v1,mbd,diagnostic,jev_anchored,type,True,choice,other,fact,12
diagnostic_v1,mbd,diagnostic,jev_anchored,type,True,choice,other,opinion,8
diagnostic_v1,mbd,diagnostic,jev_anchored,type,True,choice,other,borderline,0
diagnostic_v1,mbd,diagnostic,jev_anchored,type,True,choice,other,quote,4
diagnostic_v1,mbd,diagnostic,jev_anchored,type,True,choice,other,other,27
diagnostic_v1,mbd,diagnostic,jev_anchored,type,True,choice,other,__missing__,0
diagnostic_v1,mbd,diagnostic,jev_boundary,tone,True,choice,positive,positive,34
diagnostic_v1,mbd,diagnostic,jev_boundary,tone,True,choice,positive,negative,0
diagnostic_v1,mbd,diagnostic,jev_boundary,tone,True,choice,positive,neutral,17
diagnostic_v1,mbd,diagnostic,jev_boundary,tone,True,choice,positive,__missing__,0
diagnostic_v1,mbd,diagnostic,jev_boundary,tone,True,choice,negative,positive,2
diagnostic_v1,mbd,diagnostic,jev_boundary,tone,True,choice,negative,negative,101
diagnostic_v1,mbd,diagnostic,jev_boundary,tone,True,choice,negative,neutral,11
diagnostic_v1,mbd,diagnostic,jev_boundary,tone,True,choice,negative,__missing__,0
diagnostic_v1,mbd,diagnostic,jev_boundary,tone,True,choice,neutral,positive,25
diagnostic_v1,mbd,diagnostic,jev_boundary,tone,True,choice,neutral,negative,93
diagnostic_v1,mbd,diagnostic,jev_boundary,tone,True,choice,neutral,neutral,261
diagnostic_v1,mbd,diagnostic,jev_boundary,tone,True,choice,neutral,__missing__,0
diagnostic_v1,mbd,diagnostic,jev_boundary,focus,True,choice,democrat,democrat,71
diagnostic_v1,mbd,diagnostic,jev_boundary,focus,True,choice,democrat,republican,0
diagnostic_v1,mbd,diagnostic,jev_boundary,focus,True,choice,democrat,both,3
diagnostic_v1,mbd,diagnostic,jev_boundary,focus,True,choice,democrat,neither,15
diagnostic_v1,mbd,diagnostic,jev_boundary,focus,True,choice,democrat,__missing__,0
diagnostic_v1,mbd,diagnostic,jev_boundary,focus,True,choice,republican,democrat,1
diagnostic_v1,mbd,diagnostic,jev_boundary,focus,True,choice,republican,republican,74
diagnostic_v1,mbd,diagnostic,jev_boundary,focus,True,choice,republican,both,2
diagnostic_v1,mbd,diagnostic,jev_boundary,focus,True,choice,republican,neither,61
diagnostic_v1,mbd,diagnostic,jev_boundary,focus,True,choice,republican,__missing__,0
diagnostic_v1,mbd,diagnostic,jev_boundary,focus,True,choice,both,democrat,7
diagnostic_v1,mbd,diagnostic,jev_boundary,focus,True,choice,both,republican,1
diagnostic_v1,mbd,diagnostic,jev_boundary,focus,True,choice,both,both,17
diagnostic_v1,mbd,diagnostic,jev_boundary,focus,True,choice,both,neither,2
diagnostic_v1,mbd,diagnostic,jev_boundary,focus,True,choice,both,__missing__,0
diagnostic_v1,mbd,diagnostic,jev_boundary,focus,True,choice,neither,democrat,5
diagnostic_v1,mbd,diagnostic,jev_boundary,focus,True,choice,neither,republican,3
diagnostic_v1,mbd,diagnostic,jev_boundary,focus,True,choice,neither,both,0
diagnostic_v1,mbd,diagnostic,jev_boundary,focus,True,choice,neither,neither,284
diagnostic_v1,mbd,diagnostic,jev_boundary,focus,True,choice,neither,__missing__,0
diagnostic_v1,mbd,diagnostic,jev_boundary,type,True,choice,fact,fact,192
diagnostic_v1,mbd,diagnostic,jev_boundary,type,True,choice,fact,opinion,17
diagnostic_v1,mbd,diagnostic,jev_boundary,type,True,choice,fact,borderline,17
diagnostic_v1,mbd,diagnostic,jev_boundary,type,True,choice,fact,quote,11
diagnostic_v1,mbd,diagnostic,jev_boundary,type,True,choice,fact,other,2
diagnostic_v1,mbd,diagnostic,jev_boundary,type,True,choice,fact,__missing__,0
diagnostic_v1,mbd,diagnostic,jev_boundary,type,True,choice,opinion,fact,2
diagnostic_v1,mbd,diagnostic,jev_boundary,type,True,choice,opinion,opinion,65
diagnostic_v1,mbd,diagnostic,jev_boundary,type,True,choice,opinion,borderline,3
diagnostic_v1,mbd,diagnostic,jev_boundary,type,True,choice,opinion,quote,3
diagnostic_v1,mbd,diagnostic,jev_boundary,type,True,choice,opinion,other,0
diagnostic_v1,mbd,diagnostic,jev_boundary,type,True,choice,opinion,__missing__,0
diagnostic_v1,mbd,diagnostic,jev_boundary,type,True,choice,borderline,fact,12
diagnostic_v1,mbd,diagnostic,jev_boundary,type,True,choice,borderline,opinion,7
diagnostic_v1,mbd,diagnostic,jev_boundary,type,True,choice,borderline,borderline,3
diagnostic_v1,mbd,diagnostic,jev_boundary,type,True,choice,borderline,quote,2
diagnostic_v1,mbd,diagnostic,jev_boundary,type,True,choice,borderline,other,0
diagnostic_v1,mbd,diagnostic,jev_boundary,type,True,choice,borderline,__missing__,0
diagnostic_v1,mbd,diagnostic,jev_boundary,type,True,choice,quote,fact,2
diagnostic_v1,mbd,diagnostic,jev_boundary,type,True,choice,quote,opinion,1
diagnostic_v1,mbd,diagnostic,jev_boundary,type,True,choice,quote,borderline,0
diagnostic_v1,mbd,diagnostic,jev_boundary,type,True,choice,quote,quote,118
diagnostic_v1,mbd,diagnostic,jev_boundary,type,True,choice,quote,other,0
diagnostic_v1,mbd,diagnostic,jev_boundary,type,True,choice,quote,__missing__,0
diagnostic_v1,mbd,diagnostic,jev_boundary,type,True,choice,other,fact,10
diagnostic_v1,mbd,diagnostic,jev_boundary,type,True,choice,other,opinion,6
diagnostic_v1,mbd,diagnostic,jev_boundary,type,True,choice,other,borderline,0
diagnostic_v1,mbd,diagnostic,jev_boundary,type,True,choice,other,quote,4
diagnostic_v1,mbd,diagnostic,jev_boundary,type,True,choice,other,other,31
diagnostic_v1,mbd,diagnostic,jev_boundary,type,True,choice,other,__missing__,0
diagnostic_v1,mbd,diagnostic,jev_calibrated,tone,True,choice,positive,positive,23
diagnostic_v1,mbd,diagnostic,jev_calibrated,tone,True,choice,positive,negative,0
diagnostic_v1,mbd,diagnostic,jev_calibrated,tone,True,choice,positive,neutral,28
diagnostic_v1,mbd,diagnostic,jev_calibrated,tone,True,choice,positive,__missing__,0
diagnostic_v1,mbd,diagnostic,jev_calibrated,tone,True,choice,negative,positive,0
diagnostic_v1,mbd,diagnostic,jev_calibrated,tone,True,choice,negative,negative,58
diagnostic_v1,mbd,diagnostic,jev_calibrated,tone,True,choice,negative,neutral,56
diagnostic_v1,mbd,diagnostic,jev_calibrated,tone,True,choice,negative,__missing__,0
diagnostic_v1,mbd,diagnostic,jev_calibrated,tone,True,choice,neutral,positive,7
diagnostic_v1,mbd,diagnostic,jev_calibrated,tone,True,choice,neutral,negative,14
diagnostic_v1,mbd,diagnostic,jev_calibrated,tone,True,choice,neutral,neutral,358
diagnostic_v1,mbd,diagnostic,jev_calibrated,tone,True,choice,neutral,__missing__,0
diagnostic_v1,mbd,diagnostic,jev_calibrated,focus,True,choice,democrat,democrat,75
diagnostic_v1,mbd,diagnostic,jev_calibrated,focus,True,choice,democrat,republican,0
diagnostic_v1,mbd,diagnostic,jev_calibrated,focus,True,choice,democrat,both,3
diagnostic_v1,mbd,diagnostic,jev_calibrated,focus,True,choice,democrat,neither,11
diagnostic_v1,mbd,diagnostic,jev_calibrated,focus,True,choice,democrat,__missing__,0
diagnostic_v1,mbd,diagnostic,jev_calibrated,focus,True,choice,republican,democrat,0
diagnostic_v1,mbd,diagnostic,jev_calibrated,focus,True,choice,republican,republican,87
diagnostic_v1,mbd,diagnostic,jev_calibrated,focus,True,choice,republican,both,1
diagnostic_v1,mbd,diagnostic,jev_calibrated,focus,True,choice,republican,neither,50
diagnostic_v1,mbd,diagnostic,jev_calibrated,focus,True,choice,republican,__missing__,0
diagnostic_v1,mbd,diagnostic,jev_calibrated,focus,True,choice,both,democrat,4
diagnostic_v1,mbd,diagnostic,jev_calibrated,focus,True,choice,both,republican,0
diagnostic_v1,mbd,diagnostic,jev_calibrated,focus,True,choice,both,both,21
diagnostic_v1,mbd,diagnostic,jev_calibrated,focus,True,choice,both,neither,2
diagnostic_v1,mbd,diagnostic,jev_calibrated,focus,True,choice,both,__missing__,0
diagnostic_v1,mbd,diagnostic,jev_calibrated,focus,True,choice,neither,democrat,4
diagnostic_v1,mbd,diagnostic,jev_calibrated,focus,True,choice,neither,republican,0
diagnostic_v1,mbd,diagnostic,jev_calibrated,focus,True,choice,neither,both,0
diagnostic_v1,mbd,diagnostic,jev_calibrated,focus,True,choice,neither,neither,288
diagnostic_v1,mbd,diagnostic,jev_calibrated,focus,True,choice,neither,__missing__,0
diagnostic_v1,mbd,diagnostic,jev_calibrated,type,True,choice,fact,fact,186
diagnostic_v1,mbd,diagnostic,jev_calibrated,type,True,choice,fact,opinion,13
diagnostic_v1,mbd,diagnostic,jev_calibrated,type,True,choice,fact,borderline,32
diagnostic_v1,mbd,diagnostic,jev_calibrated,type,True,choice,fact,quote,7
diagnostic_v1,mbd,diagnostic,jev_calibrated,type,True,choice,fact,other,1
diagnostic_v1,mbd,diagnostic,jev_calibrated,type,True,choice,fact,__missing__,0
diagnostic_v1,mbd,diagnostic,jev_calibrated,type,True,choice,opinion,fact,2
diagnostic_v1,mbd,diagnostic,jev_calibrated,type,True,choice,opinion,opinion,62
diagnostic_v1,mbd,diagnostic,jev_calibrated,type,True,choice,opinion,borderline,6
diagnostic_v1,mbd,diagnostic,jev_calibrated,type,True,choice,opinion,quote,3
diagnostic_v1,mbd,diagnostic,jev_calibrated,type,True,choice,opinion,other,0
diagnostic_v1,mbd,diagnostic,jev_calibrated,type,True,choice,opinion,__missing__,0
diagnostic_v1,mbd,diagnostic,jev_calibrated,type,True,choice,borderline,fact,9
diagnostic_v1,mbd,diagnostic,jev_calibrated,type,True,choice,borderline,opinion,7
diagnostic_v1,mbd,diagnostic,jev_calibrated,type,True,choice,borderline,borderline,8
diagnostic_v1,mbd,diagnostic,jev_calibrated,type,True,choice,borderline,quote,0
diagnostic_v1,mbd,diagnostic,jev_calibrated,type,True,choice,borderline,other,0
diagnostic_v1,mbd,diagnostic,jev_calibrated,type,True,choice,borderline,__missing__,0
diagnostic_v1,mbd,diagnostic,jev_calibrated,type,True,choice,quote,fact,4
diagnostic_v1,mbd,diagnostic,jev_calibrated,type,True,choice,quote,opinion,2
diagnostic_v1,mbd,diagnostic,jev_calibrated,type,True,choice,quote,borderline,0
diagnostic_v1,mbd,diagnostic,jev_calibrated,type,True,choice,quote,quote,115
diagnostic_v1,mbd,diagnostic,jev_calibrated,type,True,choice,quote,other,0
diagnostic_v1,mbd,diagnostic,jev_calibrated,type,True,choice,quote,__missing__,0
diagnostic_v1,mbd,diagnostic,jev_calibrated,type,True,choice,other,fact,11
diagnostic_v1,mbd,diagnostic,jev_calibrated,type,True,choice,other,opinion,11
diagnostic_v1,mbd,diagnostic,jev_calibrated,type,True,choice,other,borderline,1
diagnostic_v1,mbd,diagnostic,jev_calibrated,type,True,choice,other,quote,2
diagnostic_v1,mbd,diagnostic,jev_calibrated,type,True,choice,other,other,26
diagnostic_v1,mbd,diagnostic,jev_calibrated,type,True,choice,other,__missing__,0
diagnostic_v1,mbd,diagnostic,jev_compact,tone,True,choice,positive,positive,34
diagnostic_v1,mbd,diagnostic,jev_compact,tone,True,choice,positive,negative,0
diagnostic_v1,mbd,diagnostic,jev_compact,tone,True,choice,positive,neutral,17
diagnostic_v1,mbd,diagnostic,jev_compact,tone,True,choice,positive,__missing__,0
diagnostic_v1,mbd,diagnostic,jev_compact,tone,True,choice,negative,positive,1
diagnostic_v1,mbd,diagnostic,jev_compact,tone,True,choice,negative,negative,101
diagnostic_v1,mbd,diagnostic,jev_compact,tone,True,choice,negative,neutral,12
diagnostic_v1,mbd,diagnostic,jev_compact,tone,True,choice,negative,__missing__,0
diagnostic_v1,mbd,diagnostic,jev_compact,tone,True,choice,neutral,positive,24
diagnostic_v1,mbd,diagnostic,jev_compact,tone,True,choice,neutral,negative,85
diagnostic_v1,mbd,diagnostic,jev_compact,tone,True,choice,neutral,neutral,270
diagnostic_v1,mbd,diagnostic,jev_compact,tone,True,choice,neutral,__missing__,0
diagnostic_v1,mbd,diagnostic,jev_compact,focus,True,choice,democrat,democrat,69
diagnostic_v1,mbd,diagnostic,jev_compact,focus,True,choice,democrat,republican,0
diagnostic_v1,mbd,diagnostic,jev_compact,focus,True,choice,democrat,both,4
diagnostic_v1,mbd,diagnostic,jev_compact,focus,True,choice,democrat,neither,16
diagnostic_v1,mbd,diagnostic,jev_compact,focus,True,choice,democrat,__missing__,0
diagnostic_v1,mbd,diagnostic,jev_compact,focus,True,choice,republican,democrat,0
diagnostic_v1,mbd,diagnostic,jev_compact,focus,True,choice,republican,republican,82
diagnostic_v1,mbd,diagnostic,jev_compact,focus,True,choice,republican,both,2
diagnostic_v1,mbd,diagnostic,jev_compact,focus,True,choice,republican,neither,54
diagnostic_v1,mbd,diagnostic,jev_compact,focus,True,choice,republican,__missing__,0
diagnostic_v1,mbd,diagnostic,jev_compact,focus,True,choice,both,democrat,7
diagnostic_v1,mbd,diagnostic,jev_compact,focus,True,choice,both,republican,1
diagnostic_v1,mbd,diagnostic,jev_compact,focus,True,choice,both,both,17
diagnostic_v1,mbd,diagnostic,jev_compact,focus,True,choice,both,neither,2
diagnostic_v1,mbd,diagnostic,jev_compact,focus,True,choice,both,__missing__,0
diagnostic_v1,mbd,diagnostic,jev_compact,focus,True,choice,neither,democrat,5
diagnostic_v1,mbd,diagnostic,jev_compact,focus,True,choice,neither,republican,2
diagnostic_v1,mbd,diagnostic,jev_compact,focus,True,choice,neither,both,0
diagnostic_v1,mbd,diagnostic,jev_compact,focus,True,choice,neither,neither,285
diagnostic_v1,mbd,diagnostic,jev_compact,focus,True,choice,neither,__missing__,0
diagnostic_v1,mbd,diagnostic,jev_compact,type,True,choice,fact,fact,194
diagnostic_v1,mbd,diagnostic,jev_compact,type,True,choice,fact,opinion,17
diagnostic_v1,mbd,diagnostic,jev_compact,type,True,choice,fact,borderline,15
diagnostic_v1,mbd,diagnostic,jev_compact,type,True,choice,fact,quote,11
diagnostic_v1,mbd,diagnostic,jev_compact,type,True,choice,fact,other,2
diagnostic_v1,mbd,diagnostic,jev_compact,type,True,choice,fact,__missing__,0
diagnostic_v1,mbd,diagnostic,jev_compact,type,True,choice,opinion,fact,2
diagnostic_v1,mbd,diagnostic,jev_compact,type,True,choice,opinion,opinion,64
diagnostic_v1,mbd,diagnostic,jev_compact,type,True,choice,opinion,borderline,5
diagnostic_v1,mbd,diagnostic,jev_compact,type,True,choice,opinion,quote,2
diagnostic_v1,mbd,diagnostic,jev_compact,type,True,choice,opinion,other,0
diagnostic_v1,mbd,diagnostic,jev_compact,type,True,choice,opinion,__missing__,0
diagnostic_v1,mbd,diagnostic,jev_compact,type,True,choice,borderline,fact,12
diagnostic_v1,mbd,diagnostic,jev_compact,type,True,choice,borderline,opinion,7
diagnostic_v1,mbd,diagnostic,jev_compact,type,True,choice,borderline,borderline,3
diagnostic_v1,mbd,diagnostic,jev_compact,type,True,choice,borderline,quote,2
diagnostic_v1,mbd,diagnostic,jev_compact,type,True,choice,borderline,other,0
diagnostic_v1,mbd,diagnostic,jev_compact,type,True,choice,borderline,__missing__,0
diagnostic_v1,mbd,diagnostic,jev_compact,type,True,choice,quote,fact,3
diagnostic_v1,mbd,diagnostic,jev_compact,type,True,choice,quote,opinion,1
diagnostic_v1,mbd,diagnostic,jev_compact,type,True,choice,quote,borderline,0
diagnostic_v1,mbd,diagnostic,jev_compact,type,True,choice,quote,quote,117
diagnostic_v1,mbd,diagnostic,jev_compact,type,True,choice,quote,other,0
diagnostic_v1,mbd,diagnostic,jev_compact,type,True,choice,quote,__missing__,0
diagnostic_v1,mbd,diagnostic,jev_compact,type,True,choice,other,fact,10
diagnostic_v1,mbd,diagnostic,jev_compact,type,True,choice,other,opinion,5
diagnostic_v1,mbd,diagnostic,jev_compact,type,True,choice,other,borderline,1
diagnostic_v1,mbd,diagnostic,jev_compact,type,True,choice,other,quote,4
diagnostic_v1,mbd,diagnostic,jev_compact,type,True,choice,other,other,31
diagnostic_v1,mbd,diagnostic,jev_compact,type,True,choice,other,__missing__,0
diagnostic_v1,mbd,diagnostic,jev_verbose,tone,True,choice,positive,positive,42
diagnostic_v1,mbd,diagnostic,jev_verbose,tone,True,choice,positive,negative,1
diagnostic_v1,mbd,diagnostic,jev_verbose,tone,True,choice,positive,neutral,8
diagnostic_v1,mbd,diagnostic,jev_verbose,tone,True,choice,positive,__missing__,0
diagnostic_v1,mbd,diagnostic,jev_verbose,tone,True,choice,negative,positive,3
diagnostic_v1,mbd,diagnostic,jev_verbose,tone,True,choice,negative,negative,103
diagnostic_v1,mbd,diagnostic,jev_verbose,tone,True,choice,negative,neutral,8
diagnostic_v1,mbd,diagnostic,jev_verbose,tone,True,choice,negative,__missing__,0
diagnostic_v1,mbd,diagnostic,jev_verbose,tone,True,choice,neutral,positive,32
diagnostic_v1,mbd,diagnostic,jev_verbose,tone,True,choice,neutral,negative,101
diagnostic_v1,mbd,diagnostic,jev_verbose,tone,True,choice,neutral,neutral,246
diagnostic_v1,mbd,diagnostic,jev_verbose,tone,True,choice,neutral,__missing__,0
diagnostic_v1,mbd,diagnostic,jev_verbose,focus,True,choice,democrat,democrat,74
diagnostic_v1,mbd,diagnostic,jev_verbose,focus,True,choice,democrat,republican,0
diagnostic_v1,mbd,diagnostic,jev_verbose,focus,True,choice,democrat,both,3
diagnostic_v1,mbd,diagnostic,jev_verbose,focus,True,choice,democrat,neither,12
diagnostic_v1,mbd,diagnostic,jev_verbose,focus,True,choice,democrat,__missing__,0
diagnostic_v1,mbd,diagnostic,jev_verbose,focus,True,choice,republican,democrat,0
diagnostic_v1,mbd,diagnostic,jev_verbose,focus,True,choice,republican,republican,84
diagnostic_v1,mbd,diagnostic,jev_verbose,focus,True,choice,republican,both,1
diagnostic_v1,mbd,diagnostic,jev_verbose,focus,True,choice,republican,neither,53
diagnostic_v1,mbd,diagnostic,jev_verbose,focus,True,choice,republican,__missing__,0
diagnostic_v1,mbd,diagnostic,jev_verbose,focus,True,choice,both,democrat,4
diagnostic_v1,mbd,diagnostic,jev_verbose,focus,True,choice,both,republican,0
diagnostic_v1,mbd,diagnostic,jev_verbose,focus,True,choice,both,both,21
diagnostic_v1,mbd,diagnostic,jev_verbose,focus,True,choice,both,neither,2
diagnostic_v1,mbd,diagnostic,jev_verbose,focus,True,choice,both,__missing__,0
diagnostic_v1,mbd,diagnostic,jev_verbose,focus,True,choice,neither,democrat,3
diagnostic_v1,mbd,diagnostic,jev_verbose,focus,True,choice,neither,republican,0
diagnostic_v1,mbd,diagnostic,jev_verbose,focus,True,choice,neither,both,0
diagnostic_v1,mbd,diagnostic,jev_verbose,focus,True,choice,neither,neither,289
diagnostic_v1,mbd,diagnostic,jev_verbose,focus,True,choice,neither,__missing__,0
diagnostic_v1,mbd,diagnostic,jev_verbose,type,True,choice,fact,fact,186
diagnostic_v1,mbd,diagnostic,jev_verbose,type,True,choice,fact,opinion,13
diagnostic_v1,mbd,diagnostic,jev_verbose,type,True,choice,fact,borderline,32
diagnostic_v1,mbd,diagnostic,jev_verbose,type,True,choice,fact,quote,7
diagnostic_v1,mbd,diagnostic,jev_verbose,type,True,choice,fact,other,1
diagnostic_v1,mbd,diagnostic,jev_verbose,type,True,choice,fact,__missing__,0
diagnostic_v1,mbd,diagnostic,jev_verbose,type,True,choice,opinion,fact,2
diagnostic_v1,mbd,diagnostic,jev_verbose,type,True,choice,opinion,opinion,62
diagnostic_v1,mbd,diagnostic,jev_verbose,type,True,choice,opinion,borderline,6
diagnostic_v1,mbd,diagnostic,jev_verbose,type,True,choice,opinion,quote,3
diagnostic_v1,mbd,diagnostic,jev_verbose,type,True,choice,opinion,other,0
diagnostic_v1,mbd,diagnostic,jev_verbose,type,True,choice,opinion,__missing__,0
diagnostic_v1,mbd,diagnostic,jev_verbose,type,True,choice,borderline,fact,9
diagnostic_v1,mbd,diagnostic,jev_verbose,type,True,choice,borderline,opinion,7
diagnostic_v1,mbd,diagnostic,jev_verbose,type,True,choice,borderline,borderline,8
diagnostic_v1,mbd,diagnostic,jev_verbose,type,True,choice,borderline,quote,0
diagnostic_v1,mbd,diagnostic,jev_verbose,type,True,choice,borderline,other,0
diagnostic_v1,mbd,diagnostic,jev_verbose,type,True,choice,borderline,__missing__,0
diagnostic_v1,mbd,diagnostic,jev_verbose,type,True,choice,quote,fact,4
diagnostic_v1,mbd,diagnostic,jev_verbose,type,True,choice,quote,opinion,2
diagnostic_v1,mbd,diagnostic,jev_verbose,type,True,choice,quote,borderline,0
diagnostic_v1,mbd,diagnostic,jev_verbose,type,True,choice,quote,quote,115
diagnostic_v1,mbd,diagnostic,jev_verbose,type,True,choice,quote,other,0
diagnostic_v1,mbd,diagnostic,jev_verbose,type,True,choice,quote,__missing__,0
diagnostic_v1,mbd,diagnostic,jev_verbose,type,True,choice,other,fact,11
diagnostic_v1,mbd,diagnostic,jev_verbose,type,True,choice,other,opinion,11
diagnostic_v1,mbd,diagnostic,jev_verbose,type,True,choice,other,borderline,1
diagnostic_v1,mbd,diagnostic,jev_verbose,type,True,choice,other,quote,2
diagnostic_v1,mbd,diagnostic,jev_verbose,type,True,choice,other,other,26
diagnostic_v1,mbd,diagnostic,jev_verbose,type,True,choice,other,__missing__,0
diagnostic_v1,mbd,diagnostic,llm_ab_judge,tone,True,choice,positive,positive,37
diagnostic_v1,mbd,diagnostic,llm_ab_judge,tone,True,choice,positive,negative,0
diagnostic_v1,mbd,diagnostic,llm_ab_judge,tone,True,choice,positive,neutral,14
diagnostic_v1,mbd,diagnostic,llm_ab_judge,tone,True,choice,positive,__missing__,0
diagnostic_v1,mbd,diagnostic,llm_ab_judge,tone,True,choice,negative,positive,0
diagnostic_v1,mbd,diagnostic,llm_ab_judge,tone,True,choice,negative,negative,97
diagnostic_v1,mbd,diagnostic,llm_ab_judge,tone,True,choice,negative,neutral,17
diagnostic_v1,mbd,diagnostic,llm_ab_judge,tone,True,choice,negative,__missing__,0
diagnostic_v1,mbd,diagnostic,llm_ab_judge,tone,True,choice,neutral,positive,19
diagnostic_v1,mbd,diagnostic,llm_ab_judge,tone,True,choice,neutral,negative,64
diagnostic_v1,mbd,diagnostic,llm_ab_judge,tone,True,choice,neutral,neutral,296
diagnostic_v1,mbd,diagnostic,llm_ab_judge,tone,True,choice,neutral,__missing__,0
diagnostic_v1,mbd,diagnostic,llm_ab_judge,focus,True,choice,democrat,democrat,65
diagnostic_v1,mbd,diagnostic,llm_ab_judge,focus,True,choice,democrat,republican,0
diagnostic_v1,mbd,diagnostic,llm_ab_judge,focus,True,choice,democrat,both,3
diagnostic_v1,mbd,diagnostic,llm_ab_judge,focus,True,choice,democrat,neither,21
diagnostic_v1,mbd,diagnostic,llm_ab_judge,focus,True,choice,democrat,__missing__,0
diagnostic_v1,mbd,diagnostic,llm_ab_judge,focus,True,choice,republican,democrat,0
diagnostic_v1,mbd,diagnostic,llm_ab_judge,focus,True,choice,republican,republican,65
diagnostic_v1,mbd,diagnostic,llm_ab_judge,focus,True,choice,republican,both,0
diagnostic_v1,mbd,diagnostic,llm_ab_judge,focus,True,choice,republican,neither,73
diagnostic_v1,mbd,diagnostic,llm_ab_judge,focus,True,choice,republican,__missing__,0
diagnostic_v1,mbd,diagnostic,llm_ab_judge,focus,True,choice,both,democrat,5
diagnostic_v1,mbd,diagnostic,llm_ab_judge,focus,True,choice,both,republican,0
diagnostic_v1,mbd,diagnostic,llm_ab_judge,focus,True,choice,both,both,19
diagnostic_v1,mbd,diagnostic,llm_ab_judge,focus,True,choice,both,neither,3
diagnostic_v1,mbd,diagnostic,llm_ab_judge,focus,True,choice,both,__missing__,0
diagnostic_v1,mbd,diagnostic,llm_ab_judge,focus,True,choice,neither,democrat,1
diagnostic_v1,mbd,diagnostic,llm_ab_judge,focus,True,choice,neither,republican,2
diagnostic_v1,mbd,diagnostic,llm_ab_judge,focus,True,choice,neither,both,1
diagnostic_v1,mbd,diagnostic,llm_ab_judge,focus,True,choice,neither,neither,288
diagnostic_v1,mbd,diagnostic,llm_ab_judge,focus,True,choice,neither,__missing__,0
diagnostic_v1,mbd,diagnostic,llm_ab_judge,type,True,choice,fact,fact,195
diagnostic_v1,mbd,diagnostic,llm_ab_judge,type,True,choice,fact,opinion,12
diagnostic_v1,mbd,diagnostic,llm_ab_judge,type,True,choice,fact,borderline,22
diagnostic_v1,mbd,diagnostic,llm_ab_judge,type,True,choice,fact,quote,9
diagnostic_v1,mbd,diagnostic,llm_ab_judge,type,True,choice,fact,other,1
diagnostic_v1,mbd,diagnostic,llm_ab_judge,type,True,choice,fact,__missing__,0
diagnostic_v1,mbd,diagnostic,llm_ab_judge,type,True,choice,opinion,fact,1
diagnostic_v1,mbd,diagnostic,llm_ab_judge,type,True,choice,opinion,opinion,67
diagnostic_v1,mbd,diagnostic,llm_ab_judge,type,True,choice,opinion,borderline,5
diagnostic_v1,mbd,diagnostic,llm_ab_judge,type,True,choice,opinion,quote,0
diagnostic_v1,mbd,diagnostic,llm_ab_judge,type,True,choice,opinion,other,0
diagnostic_v1,mbd,diagnostic,llm_ab_judge,type,True,choice,opinion,__missing__,0
diagnostic_v1,mbd,diagnostic,llm_ab_judge,type,True,choice,borderline,fact,7
diagnostic_v1,mbd,diagnostic,llm_ab_judge,type,True,choice,borderline,opinion,8
diagnostic_v1,mbd,diagnostic,llm_ab_judge,type,True,choice,borderline,borderline,8
diagnostic_v1,mbd,diagnostic,llm_ab_judge,type,True,choice,borderline,quote,0
diagnostic_v1,mbd,diagnostic,llm_ab_judge,type,True,choice,borderline,other,1
diagnostic_v1,mbd,diagnostic,llm_ab_judge,type,True,choice,borderline,__missing__,0
diagnostic_v1,mbd,diagnostic,llm_ab_judge,type,True,choice,quote,fact,6
diagnostic_v1,mbd,diagnostic,llm_ab_judge,type,True,choice,quote,opinion,1
diagnostic_v1,mbd,diagnostic,llm_ab_judge,type,True,choice,quote,borderline,1
diagnostic_v1,mbd,diagnostic,llm_ab_judge,type,True,choice,quote,quote,113
diagnostic_v1,mbd,diagnostic,llm_ab_judge,type,True,choice,quote,other,0
diagnostic_v1,mbd,diagnostic,llm_ab_judge,type,True,choice,quote,__missing__,0
diagnostic_v1,mbd,diagnostic,llm_ab_judge,type,True,choice,other,fact,3
diagnostic_v1,mbd,diagnostic,llm_ab_judge,type,True,choice,other,opinion,4
diagnostic_v1,mbd,diagnostic,llm_ab_judge,type,True,choice,other,borderline,0
diagnostic_v1,mbd,diagnostic,llm_ab_judge,type,True,choice,other,quote,0
diagnostic_v1,mbd,diagnostic,llm_ab_judge,type,True,choice,other,other,44
diagnostic_v1,mbd,diagnostic,llm_ab_judge,type,True,choice,other,__missing__,0
diagnostic_v1,mbd,diagnostic,llm_direct,tone,True,choice,positive,positive,34
diagnostic_v1,mbd,diagnostic,llm_direct,tone,True,choice,positive,negative,0
diagnostic_v1,mbd,diagnostic,llm_direct,tone,True,choice,positive,neutral,17
diagnostic_v1,mbd,diagnostic,llm_direct,tone,True,choice,positive,__missing__,0
diagnostic_v1,mbd,diagnostic,llm_direct,tone,True,choice,negative,positive,0
diagnostic_v1,mbd,diagnostic,llm_direct,tone,True,choice,negative,negative,91
diagnostic_v1,mbd,diagnostic,llm_direct,tone,True,choice,negative,neutral,23
diagnostic_v1,mbd,diagnostic,llm_direct,tone,True,choice,negative,__missing__,0
diagnostic_v1,mbd,diagnostic,llm_direct,tone,True,choice,neutral,positive,16
diagnostic_v1,mbd,diagnostic,llm_direct,tone,True,choice,neutral,negative,61
diagnostic_v1,mbd,diagnostic,llm_direct,tone,True,choice,neutral,neutral,302
diagnostic_v1,mbd,diagnostic,llm_direct,tone,True,choice,neutral,__missing__,0
diagnostic_v1,mbd,diagnostic,llm_direct,focus,True,choice,democrat,democrat,57
diagnostic_v1,mbd,diagnostic,llm_direct,focus,True,choice,democrat,republican,1
diagnostic_v1,mbd,diagnostic,llm_direct,focus,True,choice,democrat,both,5
diagnostic_v1,mbd,diagnostic,llm_direct,focus,True,choice,democrat,neither,26
diagnostic_v1,mbd,diagnostic,llm_direct,focus,True,choice,democrat,__missing__,0
diagnostic_v1,mbd,diagnostic,llm_direct,focus,True,choice,republican,democrat,0
diagnostic_v1,mbd,diagnostic,llm_direct,focus,True,choice,republican,republican,45
diagnostic_v1,mbd,diagnostic,llm_direct,focus,True,choice,republican,both,2
diagnostic_v1,mbd,diagnostic,llm_direct,focus,True,choice,republican,neither,91
diagnostic_v1,mbd,diagnostic,llm_direct,focus,True,choice,republican,__missing__,0
diagnostic_v1,mbd,diagnostic,llm_direct,focus,True,choice,both,democrat,4
diagnostic_v1,mbd,diagnostic,llm_direct,focus,True,choice,both,republican,1
diagnostic_v1,mbd,diagnostic,llm_direct,focus,True,choice,both,both,19
diagnostic_v1,mbd,diagnostic,llm_direct,focus,True,choice,both,neither,3
diagnostic_v1,mbd,diagnostic,llm_direct,focus,True,choice,both,__missing__,0
diagnostic_v1,mbd,diagnostic,llm_direct,focus,True,choice,neither,democrat,1
diagnostic_v1,mbd,diagnostic,llm_direct,focus,True,choice,neither,republican,2
diagnostic_v1,mbd,diagnostic,llm_direct,focus,True,choice,neither,both,1
diagnostic_v1,mbd,diagnostic,llm_direct,focus,True,choice,neither,neither,288
diagnostic_v1,mbd,diagnostic,llm_direct,focus,True,choice,neither,__missing__,0
diagnostic_v1,mbd,diagnostic,llm_direct,type,True,choice,fact,fact,199
diagnostic_v1,mbd,diagnostic,llm_direct,type,True,choice,fact,opinion,12
diagnostic_v1,mbd,diagnostic,llm_direct,type,True,choice,fact,borderline,17
diagnostic_v1,mbd,diagnostic,llm_direct,type,True,choice,fact,quote,10
diagnostic_v1,mbd,diagnostic,llm_direct,type,True,choice,fact,other,1
diagnostic_v1,mbd,diagnostic,llm_direct,type,True,choice,fact,__missing__,0
diagnostic_v1,mbd,diagnostic,llm_direct,type,True,choice,opinion,fact,2
diagnostic_v1,mbd,diagnostic,llm_direct,type,True,choice,opinion,opinion,65
diagnostic_v1,mbd,diagnostic,llm_direct,type,True,choice,opinion,borderline,6
diagnostic_v1,mbd,diagnostic,llm_direct,type,True,choice,opinion,quote,0
diagnostic_v1,mbd,diagnostic,llm_direct,type,True,choice,opinion,other,0
diagnostic_v1,mbd,diagnostic,llm_direct,type,True,choice,opinion,__missing__,0
diagnostic_v1,mbd,diagnostic,llm_direct,type,True,choice,borderline,fact,13
diagnostic_v1,mbd,diagnostic,llm_direct,type,True,choice,borderline,opinion,8
diagnostic_v1,mbd,diagnostic,llm_direct,type,True,choice,borderline,borderline,3
diagnostic_v1,mbd,diagnostic,llm_direct,type,True,choice,borderline,quote,0
diagnostic_v1,mbd,diagnostic,llm_direct,type,True,choice,borderline,other,0
diagnostic_v1,mbd,diagnostic,llm_direct,type,True,choice,borderline,__missing__,0
diagnostic_v1,mbd,diagnostic,llm_direct,type,True,choice,quote,fact,5
diagnostic_v1,mbd,diagnostic,llm_direct,type,True,choice,quote,opinion,1
diagnostic_v1,mbd,diagnostic,llm_direct,type,True,choice,quote,borderline,1
diagnostic_v1,mbd,diagnostic,llm_direct,type,True,choice,quote,quote,114
diagnostic_v1,mbd,diagnostic,llm_direct,type,True,choice,quote,other,0
diagnostic_v1,mbd,diagnostic,llm_direct,type,True,choice,quote,__missing__,0
diagnostic_v1,mbd,diagnostic,llm_direct,type,True,choice,other,fact,3
diagnostic_v1,mbd,diagnostic,llm_direct,type,True,choice,other,opinion,3
diagnostic_v1,mbd,diagnostic,llm_direct,type,True,choice,other,borderline,0
diagnostic_v1,mbd,diagnostic,llm_direct,type,True,choice,other,quote,1
diagnostic_v1,mbd,diagnostic,llm_direct,type,True,choice,other,other,44
diagnostic_v1,mbd,diagnostic,llm_direct,type,True,choice,other,__missing__,0
diagnostic_v1,mbd,diagnostic,llm_vote5,tone,True,choice,positive,positive,37
diagnostic_v1,mbd,diagnostic,llm_vote5,tone,True,choice,positive,negative,0
diagnostic_v1,mbd,diagnostic,llm_vote5,tone,True,choice,positive,neutral,14
diagnostic_v1,mbd,diagnostic,llm_vote5,tone,True,choice,positive,__missing__,0
diagnostic_v1,mbd,diagnostic,llm_vote5,tone,True,choice,negative,positive,0
diagnostic_v1,mbd,diagnostic,llm_vote5,tone,True,choice,negative,negative,96
diagnostic_v1,mbd,diagnostic,llm_vote5,tone,True,choice,negative,neutral,18
diagnostic_v1,mbd,diagnostic,llm_vote5,tone,True,choice,negative,__missing__,0
diagnostic_v1,mbd,diagnostic,llm_vote5,tone,True,choice,neutral,positive,16
diagnostic_v1,mbd,diagnostic,llm_vote5,tone,True,choice,neutral,negative,61
diagnostic_v1,mbd,diagnostic,llm_vote5,tone,True,choice,neutral,neutral,302
diagnostic_v1,mbd,diagnostic,llm_vote5,tone,True,choice,neutral,__missing__,0
diagnostic_v1,mbd,diagnostic,llm_vote5,focus,True,choice,democrat,democrat,66
diagnostic_v1,mbd,diagnostic,llm_vote5,focus,True,choice,democrat,republican,0
diagnostic_v1,mbd,diagnostic,llm_vote5,focus,True,choice,democrat,both,2
diagnostic_v1,mbd,diagnostic,llm_vote5,focus,True,choice,democrat,neither,21
diagnostic_v1,mbd,diagnostic,llm_vote5,focus,True,choice,democrat,__missing__,0
diagnostic_v1,mbd,diagnostic,llm_vote5,focus,True,choice,republican,democrat,0
diagnostic_v1,mbd,diagnostic,llm_vote5,focus,True,choice,republican,republican,57
diagnostic_v1,mbd,diagnostic,llm_vote5,focus,True,choice,republican,both,1
diagnostic_v1,mbd,diagnostic,llm_vote5,focus,True,choice,republican,neither,80
diagnostic_v1,mbd,diagnostic,llm_vote5,focus,True,choice,republican,__missing__,0
diagnostic_v1,mbd,diagnostic,llm_vote5,focus,True,choice,both,democrat,5
diagnostic_v1,mbd,diagnostic,llm_vote5,focus,True,choice,both,republican,0
diagnostic_v1,mbd,diagnostic,llm_vote5,focus,True,choice,both,both,19
diagnostic_v1,mbd,diagnostic,llm_vote5,focus,True,choice,both,neither,3
diagnostic_v1,mbd,diagnostic,llm_vote5,focus,True,choice,both,__missing__,0
diagnostic_v1,mbd,diagnostic,llm_vote5,focus,True,choice,neither,democrat,2
diagnostic_v1,mbd,diagnostic,llm_vote5,focus,True,choice,neither,republican,0
diagnostic_v1,mbd,diagnostic,llm_vote5,focus,True,choice,neither,both,1
diagnostic_v1,mbd,diagnostic,llm_vote5,focus,True,choice,neither,neither,289
diagnostic_v1,mbd,diagnostic,llm_vote5,focus,True,choice,neither,__missing__,0
diagnostic_v1,mbd,diagnostic,llm_vote5,type,True,choice,fact,fact,194
diagnostic_v1,mbd,diagnostic,llm_vote5,type,True,choice,fact,opinion,11
diagnostic_v1,mbd,diagnostic,llm_vote5,type,True,choice,fact,borderline,24
diagnostic_v1,mbd,diagnostic,llm_vote5,type,True,choice,fact,quote,10
diagnostic_v1,mbd,diagnostic,llm_vote5,type,True,choice,fact,other,0
diagnostic_v1,mbd,diagnostic,llm_vote5,type,True,choice,fact,__missing__,0
diagnostic_v1,mbd,diagnostic,llm_vote5,type,True,choice,opinion,fact,1
diagnostic_v1,mbd,diagnostic,llm_vote5,type,True,choice,opinion,opinion,68
diagnostic_v1,mbd,diagnostic,llm_vote5,type,True,choice,opinion,borderline,4
diagnostic_v1,mbd,diagnostic,llm_vote5,type,True,choice,opinion,quote,0
diagnostic_v1,mbd,diagnostic,llm_vote5,type,True,choice,opinion,other,0
diagnostic_v1,mbd,diagnostic,llm_vote5,type,True,choice,opinion,__missing__,0
diagnostic_v1,mbd,diagnostic,llm_vote5,type,True,choice,borderline,fact,8
diagnostic_v1,mbd,diagnostic,llm_vote5,type,True,choice,borderline,opinion,7
diagnostic_v1,mbd,diagnostic,llm_vote5,type,True,choice,borderline,borderline,9
diagnostic_v1,mbd,diagnostic,llm_vote5,type,True,choice,borderline,quote,0
diagnostic_v1,mbd,diagnostic,llm_vote5,type,True,choice,borderline,other,0
diagnostic_v1,mbd,diagnostic,llm_vote5,type,True,choice,borderline,__missing__,0
diagnostic_v1,mbd,diagnostic,llm_vote5,type,True,choice,quote,fact,6
diagnostic_v1,mbd,diagnostic,llm_vote5,type,True,choice,quote,opinion,1
diagnostic_v1,mbd,diagnostic,llm_vote5,type,True,choice,quote,borderline,1
diagnostic_v1,mbd,diagnostic,llm_vote5,type,True,choice,quote,quote,113
diagnostic_v1,mbd,diagnostic,llm_vote5,type,True,choice,quote,other,0
diagnostic_v1,mbd,diagnostic,llm_vote5,type,True,choice,quote,__missing__,0
diagnostic_v1,mbd,diagnostic,llm_vote5,type,True,choice,other,fact,4
diagnostic_v1,mbd,diagnostic,llm_vote5,type,True,choice,other,opinion,5
diagnostic_v1,mbd,diagnostic,llm_vote5,type,True,choice,other,borderline,0
diagnostic_v1,mbd,diagnostic,llm_vote5,type,True,choice,other,quote,0
diagnostic_v1,mbd,diagnostic,llm_vote5,type,True,choice,other,other,42
diagnostic_v1,mbd,diagnostic,llm_vote5,type,True,choice,other,__missing__,0
diagnostic_v1,ucc,diagnostic,jev_ab_average,healthy,True,choice,0,0,52
diagnostic_v1,ucc,diagnostic,jev_ab_average,healthy,True,choice,0,1,13
diagnostic_v1,ucc,diagnostic,jev_ab_average,healthy,True,choice,0,__missing__,0
diagnostic_v1,ucc,diagnostic,jev_ab_average,healthy,True,choice,1,0,428
diagnostic_v1,ucc,diagnostic,jev_ab_average,healthy,True,choice,1,1,509
diagnostic_v1,ucc,diagnostic,jev_ab_average,healthy,True,choice,1,__missing__,0
diagnostic_v1,ucc,diagnostic,jev_ab_average,sarcastic,True,choice,0,0,600
diagnostic_v1,ucc,diagnostic,jev_ab_average,sarcastic,True,choice,0,1,354
diagnostic_v1,ucc,diagnostic,jev_ab_average,sarcastic,True,choice,0,__missing__,0
diagnostic_v1,ucc,diagnostic,jev_ab_average,sarcastic,True,choice,1,0,9
diagnostic_v1,ucc,diagnostic,jev_ab_average,sarcastic,True,choice,1,1,39
diagnostic_v1,ucc,diagnostic,jev_ab_average,sarcastic,True,choice,1,__missing__,0
diagnostic_v1,ucc,diagnostic,jev_ab_average,generalisation,False,choice,0,0,865
diagnostic_v1,ucc,diagnostic,jev_ab_average,generalisation,False,choice,0,1,122
diagnostic_v1,ucc,diagnostic,jev_ab_average,generalisation,False,choice,0,__missing__,0
diagnostic_v1,ucc,diagnostic,jev_ab_average,generalisation,False,choice,1,0,2
diagnostic_v1,ucc,diagnostic,jev_ab_average,generalisation,False,choice,1,1,13
diagnostic_v1,ucc,diagnostic,jev_ab_average,generalisation,False,choice,1,__missing__,0
diagnostic_v1,ucc,diagnostic,jev_ab_average,generalisation_unfair,True,choice,0,0,868
diagnostic_v1,ucc,diagnostic,jev_ab_average,generalisation_unfair,True,choice,0,1,120
diagnostic_v1,ucc,diagnostic,jev_ab_average,generalisation_unfair,True,choice,0,__missing__,0
diagnostic_v1,ucc,diagnostic,jev_ab_average,generalisation_unfair,True,choice,1,0,4
diagnostic_v1,ucc,diagnostic,jev_ab_average,generalisation_unfair,True,choice,1,1,10
diagnostic_v1,ucc,diagnostic,jev_ab_average,generalisation_unfair,True,choice,1,__missing__,0
diagnostic_v1,ucc,diagnostic,jev_ab_average,hostile,True,choice,0,0,698
diagnostic_v1,ucc,diagnostic,jev_ab_average,hostile,True,choice,0,1,283
diagnostic_v1,ucc,diagnostic,jev_ab_average,hostile,True,choice,0,__missing__,0
diagnostic_v1,ucc,diagnostic,jev_ab_average,hostile,True,choice,1,0,3
diagnostic_v1,ucc,diagnostic,jev_ab_average,hostile,True,choice,1,1,18
diagnostic_v1,ucc,diagnostic,jev_ab_average,hostile,True,choice,1,__missing__,0
diagnostic_v1,ucc,diagnostic,jev_ab_average,antagonize,True,choice,0,0,578
diagnostic_v1,ucc,diagnostic,jev_ab_average,antagonize,True,choice,0,1,373
diagnostic_v1,ucc,diagnostic,jev_ab_average,antagonize,True,choice,0,__missing__,0
diagnostic_v1,ucc,diagnostic,jev_ab_average,antagonize,True,choice,1,0,8
diagnostic_v1,ucc,diagnostic,jev_ab_average,antagonize,True,choice,1,1,43
diagnostic_v1,ucc,diagnostic,jev_ab_average,antagonize,True,choice,1,__missing__,0
diagnostic_v1,ucc,diagnostic,jev_ab_average,condescending,True,choice,0,0,574
diagnostic_v1,ucc,diagnostic,jev_ab_average,condescending,True,choice,0,1,381
diagnostic_v1,ucc,diagnostic,jev_ab_average,condescending,True,choice,0,__missing__,0
diagnostic_v1,ucc,diagnostic,jev_ab_average,condescending,True,choice,1,0,2
diagnostic_v1,ucc,diagnostic,jev_ab_average,condescending,True,choice,1,1,45
diagnostic_v1,ucc,diagnostic,jev_ab_average,condescending,True,choice,1,__missing__,0
diagnostic_v1,ucc,diagnostic,jev_ab_average,dismissive,True,choice,0,0,569
diagnostic_v1,ucc,diagnostic,jev_ab_average,dismissive,True,choice,0,1,409
diagnostic_v1,ucc,diagnostic,jev_ab_average,dismissive,True,choice,0,__missing__,0
diagnostic_v1,ucc,diagnostic,jev_ab_average,dismissive,True,choice,1,0,6
diagnostic_v1,ucc,diagnostic,jev_ab_average,dismissive,True,choice,1,1,18
diagnostic_v1,ucc,diagnostic,jev_ab_average,dismissive,True,choice,1,__missing__,0
diagnostic_v1,ucc,diagnostic,jev_ab_judge,healthy,True,choice,0,0,53
diagnostic_v1,ucc,diagnostic,jev_ab_judge,healthy,True,choice,0,1,12
diagnostic_v1,ucc,diagnostic,jev_ab_judge,healthy,True,choice,0,__missing__,0
diagnostic_v1,ucc,diagnostic,jev_ab_judge,healthy,True,choice,1,0,417
diagnostic_v1,ucc,diagnostic,jev_ab_judge,healthy,True,choice,1,1,520
diagnostic_v1,ucc,diagnostic,jev_ab_judge,healthy,True,choice,1,__missing__,0
diagnostic_v1,ucc,diagnostic,jev_ab_judge,sarcastic,True,choice,0,0,593
diagnostic_v1,ucc,diagnostic,jev_ab_judge,sarcastic,True,choice,0,1,361
diagnostic_v1,ucc,diagnostic,jev_ab_judge,sarcastic,True,choice,0,__missing__,0
diagnostic_v1,ucc,diagnostic,jev_ab_judge,sarcastic,True,choice,1,0,8
diagnostic_v1,ucc,diagnostic,jev_ab_judge,sarcastic,True,choice,1,1,40
diagnostic_v1,ucc,diagnostic,jev_ab_judge,sarcastic,True,choice,1,__missing__,0
diagnostic_v1,ucc,diagnostic,jev_ab_judge,generalisation,False,choice,0,0,855
diagnostic_v1,ucc,diagnostic,jev_ab_judge,generalisation,False,choice,0,1,132
diagnostic_v1,ucc,diagnostic,jev_ab_judge,generalisation,False,choice,0,__missing__,0
diagnostic_v1,ucc,diagnostic,jev_ab_judge,generalisation,False,choice,1,0,2
diagnostic_v1,ucc,diagnostic,jev_ab_judge,generalisation,False,choice,1,1,13
diagnostic_v1,ucc,diagnostic,jev_ab_judge,generalisation,False,choice,1,__missing__,0
diagnostic_v1,ucc,diagnostic,jev_ab_judge,generalisation_unfair,True,choice,0,0,863
diagnostic_v1,ucc,diagnostic,jev_ab_judge,generalisation_unfair,True,choice,0,1,125
diagnostic_v1,ucc,diagnostic,jev_ab_judge,generalisation_unfair,True,choice,0,__missing__,0
diagnostic_v1,ucc,diagnostic,jev_ab_judge,generalisation_unfair,True,choice,1,0,4
diagnostic_v1,ucc,diagnostic,jev_ab_judge,generalisation_unfair,True,choice,1,1,10
diagnostic_v1,ucc,diagnostic,jev_ab_judge,generalisation_unfair,True,choice,1,__missing__,0
diagnostic_v1,ucc,diagnostic,jev_ab_judge,hostile,True,choice,0,0,699
diagnostic_v1,ucc,diagnostic,jev_ab_judge,hostile,True,choice,0,1,282
diagnostic_v1,ucc,diagnostic,jev_ab_judge,hostile,True,choice,0,__missing__,0
diagnostic_v1,ucc,diagnostic,jev_ab_judge,hostile,True,choice,1,0,3
diagnostic_v1,ucc,diagnostic,jev_ab_judge,hostile,True,choice,1,1,18
diagnostic_v1,ucc,diagnostic,jev_ab_judge,hostile,True,choice,1,__missing__,0
diagnostic_v1,ucc,diagnostic,jev_ab_judge,antagonize,True,choice,0,0,584
diagnostic_v1,ucc,diagnostic,jev_ab_judge,antagonize,True,choice,0,1,367
diagnostic_v1,ucc,diagnostic,jev_ab_judge,antagonize,True,choice,0,__missing__,0
diagnostic_v1,ucc,diagnostic,jev_ab_judge,antagonize,True,choice,1,0,8
diagnostic_v1,ucc,diagnostic,jev_ab_judge,antagonize,True,choice,1,1,43
diagnostic_v1,ucc,diagnostic,jev_ab_judge,antagonize,True,choice,1,__missing__,0
diagnostic_v1,ucc,diagnostic,jev_ab_judge,condescending,True,choice,0,0,567
diagnostic_v1,ucc,diagnostic,jev_ab_judge,condescending,True,choice,0,1,388
diagnostic_v1,ucc,diagnostic,jev_ab_judge,condescending,True,choice,0,__missing__,0
diagnostic_v1,ucc,diagnostic,jev_ab_judge,condescending,True,choice,1,0,3
diagnostic_v1,ucc,diagnostic,jev_ab_judge,condescending,True,choice,1,1,44
diagnostic_v1,ucc,diagnostic,jev_ab_judge,condescending,True,choice,1,__missing__,0
diagnostic_v1,ucc,diagnostic,jev_ab_judge,dismissive,True,choice,0,0,568
diagnostic_v1,ucc,diagnostic,jev_ab_judge,dismissive,True,choice,0,1,410
diagnostic_v1,ucc,diagnostic,jev_ab_judge,dismissive,True,choice,0,__missing__,0
diagnostic_v1,ucc,diagnostic,jev_ab_judge,dismissive,True,choice,1,0,6
diagnostic_v1,ucc,diagnostic,jev_ab_judge,dismissive,True,choice,1,1,18
diagnostic_v1,ucc,diagnostic,jev_ab_judge,dismissive,True,choice,1,__missing__,0
diagnostic_v1,ucc,diagnostic,jev_anchored,healthy,True,choice,0,0,52
diagnostic_v1,ucc,diagnostic,jev_anchored,healthy,True,choice,0,1,13
diagnostic_v1,ucc,diagnostic,jev_anchored,healthy,True,choice,0,__missing__,0
diagnostic_v1,ucc,diagnostic,jev_anchored,healthy,True,choice,1,0,485
diagnostic_v1,ucc,diagnostic,jev_anchored,healthy,True,choice,1,1,452
diagnostic_v1,ucc,diagnostic,jev_anchored,healthy,True,choice,1,__missing__,0
diagnostic_v1,ucc,diagnostic,jev_anchored,sarcastic,True,choice,0,0,597
diagnostic_v1,ucc,diagnostic,jev_anchored,sarcastic,True,choice,0,1,357
diagnostic_v1,ucc,diagnostic,jev_anchored,sarcastic,True,choice,0,__missing__,0
diagnostic_v1,ucc,diagnostic,jev_anchored,sarcastic,True,choice,1,0,16
diagnostic_v1,ucc,diagnostic,jev_anchored,sarcastic,True,choice,1,1,32
diagnostic_v1,ucc,diagnostic,jev_anchored,sarcastic,True,choice,1,__missing__,0
diagnostic_v1,ucc,diagnostic,jev_anchored,generalisation,False,choice,0,0,816
diagnostic_v1,ucc,diagnostic,jev_anchored,generalisation,False,choice,0,1,171
diagnostic_v1,ucc,diagnostic,jev_anchored,generalisation,False,choice,0,__missing__,0
diagnostic_v1,ucc,diagnostic,jev_anchored,generalisation,False,choice,1,0,5
diagnostic_v1,ucc,diagnostic,jev_anchored,generalisation,False,choice,1,1,10
diagnostic_v1,ucc,diagnostic,jev_anchored,generalisation,False,choice,1,__missing__,0
diagnostic_v1,ucc,diagnostic,jev_anchored,generalisation_unfair,True,choice,0,0,844
diagnostic_v1,ucc,diagnostic,jev_anchored,generalisation_unfair,True,choice,0,1,144
diagnostic_v1,ucc,diagnostic,jev_anchored,generalisation_unfair,True,choice,0,__missing__,0
diagnostic_v1,ucc,diagnostic,jev_anchored,generalisation_unfair,True,choice,1,0,6
diagnostic_v1,ucc,diagnostic,jev_anchored,generalisation_unfair,True,choice,1,1,8
diagnostic_v1,ucc,diagnostic,jev_anchored,generalisation_unfair,True,choice,1,__missing__,0
diagnostic_v1,ucc,diagnostic,jev_anchored,hostile,True,choice,0,0,706
diagnostic_v1,ucc,diagnostic,jev_anchored,hostile,True,choice,0,1,275
diagnostic_v1,ucc,diagnostic,jev_anchored,hostile,True,choice,0,__missing__,0
diagnostic_v1,ucc,diagnostic,jev_anchored,hostile,True,choice,1,0,3
diagnostic_v1,ucc,diagnostic,jev_anchored,hostile,True,choice,1,1,18
diagnostic_v1,ucc,diagnostic,jev_anchored,hostile,True,choice,1,__missing__,0
diagnostic_v1,ucc,diagnostic,jev_anchored,antagonize,True,choice,0,0,569
diagnostic_v1,ucc,diagnostic,jev_anchored,antagonize,True,choice,0,1,382
diagnostic_v1,ucc,diagnostic,jev_anchored,antagonize,True,choice,0,__missing__,0
diagnostic_v1,ucc,diagnostic,jev_anchored,antagonize,True,choice,1,0,14
diagnostic_v1,ucc,diagnostic,jev_anchored,antagonize,True,choice,1,1,37
diagnostic_v1,ucc,diagnostic,jev_anchored,antagonize,True,choice,1,__missing__,0
diagnostic_v1,ucc,diagnostic,jev_anchored,condescending,True,choice,0,0,626
diagnostic_v1,ucc,diagnostic,jev_anchored,condescending,True,choice,0,1,329
diagnostic_v1,ucc,diagnostic,jev_anchored,condescending,True,choice,0,__missing__,0
diagnostic_v1,ucc,diagnostic,jev_anchored,condescending,True,choice,1,0,11
diagnostic_v1,ucc,diagnostic,jev_anchored,condescending,True,choice,1,1,36
diagnostic_v1,ucc,diagnostic,jev_anchored,condescending,True,choice,1,__missing__,0
diagnostic_v1,ucc,diagnostic,jev_anchored,dismissive,True,choice,0,0,624
diagnostic_v1,ucc,diagnostic,jev_anchored,dismissive,True,choice,0,1,354
diagnostic_v1,ucc,diagnostic,jev_anchored,dismissive,True,choice,0,__missing__,0
diagnostic_v1,ucc,diagnostic,jev_anchored,dismissive,True,choice,1,0,7
diagnostic_v1,ucc,diagnostic,jev_anchored,dismissive,True,choice,1,1,17
diagnostic_v1,ucc,diagnostic,jev_anchored,dismissive,True,choice,1,__missing__,0
diagnostic_v1,ucc,diagnostic,jev_boundary,healthy,True,choice,0,0,47
diagnostic_v1,ucc,diagnostic,jev_boundary,healthy,True,choice,0,1,18
diagnostic_v1,ucc,diagnostic,jev_boundary,healthy,True,choice,0,__missing__,0
diagnostic_v1,ucc,diagnostic,jev_boundary,healthy,True,choice,1,0,426
diagnostic_v1,ucc,diagnostic,jev_boundary,healthy,True,choice,1,1,511
diagnostic_v1,ucc,diagnostic,jev_boundary,healthy,True,choice,1,__missing__,0
diagnostic_v1,ucc,diagnostic,jev_boundary,sarcastic,True,choice,0,0,612
diagnostic_v1,ucc,diagnostic,jev_boundary,sarcastic,True,choice,0,1,342
diagnostic_v1,ucc,diagnostic,jev_boundary,sarcastic,True,choice,0,__missing__,0
diagnostic_v1,ucc,diagnostic,jev_boundary,sarcastic,True,choice,1,0,17
diagnostic_v1,ucc,diagnostic,jev_boundary,sarcastic,True,choice,1,1,31
diagnostic_v1,ucc,diagnostic,jev_boundary,sarcastic,True,choice,1,__missing__,0
diagnostic_v1,ucc,diagnostic,jev_boundary,generalisation,False,choice,0,0,846
diagnostic_v1,ucc,diagnostic,jev_boundary,generalisation,False,choice,0,1,141
diagnostic_v1,ucc,diagnostic,jev_boundary,generalisation,False,choice,0,__missing__,0
diagnostic_v1,ucc,diagnostic,jev_boundary,generalisation,False,choice,1,0,6
diagnostic_v1,ucc,diagnostic,jev_boundary,generalisation,False,choice,1,1,9
diagnostic_v1,ucc,diagnostic,jev_boundary,generalisation,False,choice,1,__missing__,0
diagnostic_v1,ucc,diagnostic,jev_boundary,generalisation_unfair,True,choice,0,0,837
diagnostic_v1,ucc,diagnostic,jev_boundary,generalisation_unfair,True,choice,0,1,151
diagnostic_v1,ucc,diagnostic,jev_boundary,generalisation_unfair,True,choice,0,__missing__,0
diagnostic_v1,ucc,diagnostic,jev_boundary,generalisation_unfair,True,choice,1,0,7
diagnostic_v1,ucc,diagnostic,jev_boundary,generalisation_unfair,True,choice,1,1,7
diagnostic_v1,ucc,diagnostic,jev_boundary,generalisation_unfair,True,choice,1,__missing__,0
diagnostic_v1,ucc,diagnostic,jev_boundary,hostile,True,choice,0,0,722
diagnostic_v1,ucc,diagnostic,jev_boundary,hostile,True,choice,0,1,259
diagnostic_v1,ucc,diagnostic,jev_boundary,hostile,True,choice,0,__missing__,0
diagnostic_v1,ucc,diagnostic,jev_boundary,hostile,True,choice,1,0,3
diagnostic_v1,ucc,diagnostic,jev_boundary,hostile,True,choice,1,1,18
diagnostic_v1,ucc,diagnostic,jev_boundary,hostile,True,choice,1,__missing__,0
diagnostic_v1,ucc,diagnostic,jev_boundary,antagonize,True,choice,0,0,572
diagnostic_v1,ucc,diagnostic,jev_boundary,antagonize,True,choice,0,1,379
diagnostic_v1,ucc,diagnostic,jev_boundary,antagonize,True,choice,0,__missing__,0
diagnostic_v1,ucc,diagnostic,jev_boundary,antagonize,True,choice,1,0,15
diagnostic_v1,ucc,diagnostic,jev_boundary,antagonize,True,choice,1,1,36
diagnostic_v1,ucc,diagnostic,jev_boundary,antagonize,True,choice,1,__missing__,0
diagnostic_v1,ucc,diagnostic,jev_boundary,condescending,True,choice,0,0,616
diagnostic_v1,ucc,diagnostic,jev_boundary,condescending,True,choice,0,1,339
diagnostic_v1,ucc,diagnostic,jev_boundary,condescending,True,choice,0,__missing__,0
diagnostic_v1,ucc,diagnostic,jev_boundary,condescending,True,choice,1,0,13
diagnostic_v1,ucc,diagnostic,jev_boundary,condescending,True,choice,1,1,34
diagnostic_v1,ucc,diagnostic,jev_boundary,condescending,True,choice,1,__missing__,0
diagnostic_v1,ucc,diagnostic,jev_boundary,dismissive,True,choice,0,0,662
diagnostic_v1,ucc,diagnostic,jev_boundary,dismissive,True,choice,0,1,316
diagnostic_v1,ucc,diagnostic,jev_boundary,dismissive,True,choice,0,__missing__,0
diagnostic_v1,ucc,diagnostic,jev_boundary,dismissive,True,choice,1,0,9
diagnostic_v1,ucc,diagnostic,jev_boundary,dismissive,True,choice,1,1,15
diagnostic_v1,ucc,diagnostic,jev_boundary,dismissive,True,choice,1,__missing__,0
diagnostic_v1,ucc,diagnostic,jev_calibrated,healthy,True,choice,0,0,2
diagnostic_v1,ucc,diagnostic,jev_calibrated,healthy,True,choice,0,1,63
diagnostic_v1,ucc,diagnostic,jev_calibrated,healthy,True,choice,0,__missing__,0
diagnostic_v1,ucc,diagnostic,jev_calibrated,healthy,True,choice,1,0,10
diagnostic_v1,ucc,diagnostic,jev_calibrated,healthy,True,choice,1,1,927
diagnostic_v1,ucc,diagnostic,jev_calibrated,healthy,True,choice,1,__missing__,0
diagnostic_v1,ucc,diagnostic,jev_calibrated,sarcastic,True,choice,0,0,951
diagnostic_v1,ucc,diagnostic,jev_calibrated,sarcastic,True,choice,0,1,3
diagnostic_v1,ucc,diagnostic,jev_calibrated,sarcastic,True,choice,0,__missing__,0
diagnostic_v1,ucc,diagnostic,jev_calibrated,sarcastic,True,choice,1,0,48
diagnostic_v1,ucc,diagnostic,jev_calibrated,sarcastic,True,choice,1,1,0
diagnostic_v1,ucc,diagnostic,jev_calibrated,sarcastic,True,choice,1,__missing__,0
diagnostic_v1,ucc,diagnostic,jev_calibrated,generalisation,False,choice,0,0,861
diagnostic_v1,ucc,diagnostic,jev_calibrated,generalisation,False,choice,0,1,126
diagnostic_v1,ucc,diagnostic,jev_calibrated,generalisation,False,choice,0,__missing__,0
diagnostic_v1,ucc,diagnostic,jev_calibrated,generalisation,False,choice,1,0,2
diagnostic_v1,ucc,diagnostic,jev_calibrated,generalisation,False,choice,1,1,13
diagnostic_v1,ucc,diagnostic,jev_calibrated,generalisation,False,choice,1,__missing__,0
diagnostic_v1,ucc,diagnostic,jev_calibrated,generalisation_unfair,True,choice,0,0,864
diagnostic_v1,ucc,diagnostic,jev_calibrated,generalisation_unfair,True,choice,0,1,124
diagnostic_v1,ucc,diagnostic,jev_calibrated,generalisation_unfair,True,choice,0,__missing__,0
diagnostic_v1,ucc,diagnostic,jev_calibrated,generalisation_unfair,True,choice,1,0,4
diagnostic_v1,ucc,diagnostic,jev_calibrated,generalisation_unfair,True,choice,1,1,10
diagnostic_v1,ucc,diagnostic,jev_calibrated,generalisation_unfair,True,choice,1,__missing__,0
diagnostic_v1,ucc,diagnostic,jev_calibrated,hostile,True,choice,0,0,981
diagnostic_v1,ucc,diagnostic,jev_calibrated,hostile,True,choice,0,1,0
diagnostic_v1,ucc,diagnostic,jev_calibrated,hostile,True,choice,0,__missing__,0
diagnostic_v1,ucc,diagnostic,jev_calibrated,hostile,True,choice,1,0,21
diagnostic_v1,ucc,diagnostic,jev_calibrated,hostile,True,choice,1,1,0
diagnostic_v1,ucc,diagnostic,jev_calibrated,hostile,True,choice,1,__missing__,0
diagnostic_v1,ucc,diagnostic,jev_calibrated,antagonize,True,choice,0,0,950
diagnostic_v1,ucc,diagnostic,jev_calibrated,antagonize,True,choice,0,1,1
diagnostic_v1,ucc,diagnostic,jev_calibrated,antagonize,True,choice,0,__missing__,0
diagnostic_v1,ucc,diagnostic,jev_calibrated,antagonize,True,choice,1,0,51
diagnostic_v1,ucc,diagnostic,jev_calibrated,antagonize,True,choice,1,1,0
diagnostic_v1,ucc,diagnostic,jev_calibrated,antagonize,True,choice,1,__missing__,0
diagnostic_v1,ucc,diagnostic,jev_calibrated,condescending,True,choice,0,0,955
diagnostic_v1,ucc,diagnostic,jev_calibrated,condescending,True,choice,0,1,0
diagnostic_v1,ucc,diagnostic,jev_calibrated,condescending,True,choice,0,__missing__,0
diagnostic_v1,ucc,diagnostic,jev_calibrated,condescending,True,choice,1,0,47
diagnostic_v1,ucc,diagnostic,jev_calibrated,condescending,True,choice,1,1,0
diagnostic_v1,ucc,diagnostic,jev_calibrated,condescending,True,choice,1,__missing__,0
diagnostic_v1,ucc,diagnostic,jev_calibrated,dismissive,True,choice,0,0,978
diagnostic_v1,ucc,diagnostic,jev_calibrated,dismissive,True,choice,0,1,0
diagnostic_v1,ucc,diagnostic,jev_calibrated,dismissive,True,choice,0,__missing__,0
diagnostic_v1,ucc,diagnostic,jev_calibrated,dismissive,True,choice,1,0,24
diagnostic_v1,ucc,diagnostic,jev_calibrated,dismissive,True,choice,1,1,0
diagnostic_v1,ucc,diagnostic,jev_calibrated,dismissive,True,choice,1,__missing__,0
diagnostic_v1,ucc,diagnostic,jev_compact,healthy,True,choice,0,0,51
diagnostic_v1,ucc,diagnostic,jev_compact,healthy,True,choice,0,1,14
diagnostic_v1,ucc,diagnostic,jev_compact,healthy,True,choice,0,__missing__,0
diagnostic_v1,ucc,diagnostic,jev_compact,healthy,True,choice,1,0,482
diagnostic_v1,ucc,diagnostic,jev_compact,healthy,True,choice,1,1,455
diagnostic_v1,ucc,diagnostic,jev_compact,healthy,True,choice,1,__missing__,0
diagnostic_v1,ucc,diagnostic,jev_compact,sarcastic,True,choice,0,0,598
diagnostic_v1,ucc,diagnostic,jev_compact,sarcastic,True,choice,0,1,356
diagnostic_v1,ucc,diagnostic,jev_compact,sarcastic,True,choice,0,__missing__,0
diagnostic_v1,ucc,diagnostic,jev_compact,sarcastic,True,choice,1,0,17
diagnostic_v1,ucc,diagnostic,jev_compact,sarcastic,True,choice,1,1,31
diagnostic_v1,ucc,diagnostic,jev_compact,sarcastic,True,choice,1,__missing__,0
diagnostic_v1,ucc,diagnostic,jev_compact,generalisation,False,choice,0,0,825
diagnostic_v1,ucc,diagnostic,jev_compact,generalisation,False,choice,0,1,162
diagnostic_v1,ucc,diagnostic,jev_compact,generalisation,False,choice,0,__missing__,0
diagnostic_v1,ucc,diagnostic,jev_compact,generalisation,False,choice,1,0,5
diagnostic_v1,ucc,diagnostic,jev_compact,generalisation,False,choice,1,1,10
diagnostic_v1,ucc,diagnostic,jev_compact,generalisation,False,choice,1,__missing__,0
diagnostic_v1,ucc,diagnostic,jev_compact,generalisation_unfair,True,choice,0,0,844
diagnostic_v1,ucc,diagnostic,jev_compact,generalisation_unfair,True,choice,0,1,144
diagnostic_v1,ucc,diagnostic,jev_compact,generalisation_unfair,True,choice,0,__missing__,0
diagnostic_v1,ucc,diagnostic,jev_compact,generalisation_unfair,True,choice,1,0,7
diagnostic_v1,ucc,diagnostic,jev_compact,generalisation_unfair,True,choice,1,1,7
diagnostic_v1,ucc,diagnostic,jev_compact,generalisation_unfair,True,choice,1,__missing__,0
diagnostic_v1,ucc,diagnostic,jev_compact,hostile,True,choice,0,0,710
diagnostic_v1,ucc,diagnostic,jev_compact,hostile,True,choice,0,1,271
diagnostic_v1,ucc,diagnostic,jev_compact,hostile,True,choice,0,__missing__,0
diagnostic_v1,ucc,diagnostic,jev_compact,hostile,True,choice,1,0,3
diagnostic_v1,ucc,diagnostic,jev_compact,hostile,True,choice,1,1,18
diagnostic_v1,ucc,diagnostic,jev_compact,hostile,True,choice,1,__missing__,0
diagnostic_v1,ucc,diagnostic,jev_compact,antagonize,True,choice,0,0,563
diagnostic_v1,ucc,diagnostic,jev_compact,antagonize,True,choice,0,1,388
diagnostic_v1,ucc,diagnostic,jev_compact,antagonize,True,choice,0,__missing__,0
diagnostic_v1,ucc,diagnostic,jev_compact,antagonize,True,choice,1,0,15
diagnostic_v1,ucc,diagnostic,jev_compact,antagonize,True,choice,1,1,36
diagnostic_v1,ucc,diagnostic,jev_compact,antagonize,True,choice,1,__missing__,0
diagnostic_v1,ucc,diagnostic,jev_compact,condescending,True,choice,0,0,625
diagnostic_v1,ucc,diagnostic,jev_compact,condescending,True,choice,0,1,330
diagnostic_v1,ucc,diagnostic,jev_compact,condescending,True,choice,0,__missing__,0
diagnostic_v1,ucc,diagnostic,jev_compact,condescending,True,choice,1,0,12
diagnostic_v1,ucc,diagnostic,jev_compact,condescending,True,choice,1,1,35
diagnostic_v1,ucc,diagnostic,jev_compact,condescending,True,choice,1,__missing__,0
diagnostic_v1,ucc,diagnostic,jev_compact,dismissive,True,choice,0,0,626
diagnostic_v1,ucc,diagnostic,jev_compact,dismissive,True,choice,0,1,352
diagnostic_v1,ucc,diagnostic,jev_compact,dismissive,True,choice,0,__missing__,0
diagnostic_v1,ucc,diagnostic,jev_compact,dismissive,True,choice,1,0,7
diagnostic_v1,ucc,diagnostic,jev_compact,dismissive,True,choice,1,1,17
diagnostic_v1,ucc,diagnostic,jev_compact,dismissive,True,choice,1,__missing__,0
diagnostic_v1,ucc,diagnostic,jev_verbose,healthy,True,choice,0,0,55
diagnostic_v1,ucc,diagnostic,jev_verbose,healthy,True,choice,0,1,10
diagnostic_v1,ucc,diagnostic,jev_verbose,healthy,True,choice,0,__missing__,0
diagnostic_v1,ucc,diagnostic,jev_verbose,healthy,True,choice,1,0,425
diagnostic_v1,ucc,diagnostic,jev_verbose,healthy,True,choice,1,1,512
diagnostic_v1,ucc,diagnostic,jev_verbose,healthy,True,choice,1,__missing__,0
diagnostic_v1,ucc,diagnostic,jev_verbose,sarcastic,True,choice,0,0,593
diagnostic_v1,ucc,diagnostic,jev_verbose,sarcastic,True,choice,0,1,361
diagnostic_v1,ucc,diagnostic,jev_verbose,sarcastic,True,choice,0,__missing__,0
diagnostic_v1,ucc,diagnostic,jev_verbose,sarcastic,True,choice,1,0,8
diagnostic_v1,ucc,diagnostic,jev_verbose,sarcastic,True,choice,1,1,40
diagnostic_v1,ucc,diagnostic,jev_verbose,sarcastic,True,choice,1,__missing__,0
diagnostic_v1,ucc,diagnostic,jev_verbose,generalisation,False,choice,0,0,861
diagnostic_v1,ucc,diagnostic,jev_verbose,generalisation,False,choice,0,1,126
diagnostic_v1,ucc,diagnostic,jev_verbose,generalisation,False,choice,0,__missing__,0
diagnostic_v1,ucc,diagnostic,jev_verbose,generalisation,False,choice,1,0,2
diagnostic_v1,ucc,diagnostic,jev_verbose,generalisation,False,choice,1,1,13
diagnostic_v1,ucc,diagnostic,jev_verbose,generalisation,False,choice,1,__missing__,0
diagnostic_v1,ucc,diagnostic,jev_verbose,generalisation_unfair,True,choice,0,0,863
diagnostic_v1,ucc,diagnostic,jev_verbose,generalisation_unfair,True,choice,0,1,125
diagnostic_v1,ucc,diagnostic,jev_verbose,generalisation_unfair,True,choice,0,__missing__,0
diagnostic_v1,ucc,diagnostic,jev_verbose,generalisation_unfair,True,choice,1,0,4
diagnostic_v1,ucc,diagnostic,jev_verbose,generalisation_unfair,True,choice,1,1,10
diagnostic_v1,ucc,diagnostic,jev_verbose,generalisation_unfair,True,choice,1,__missing__,0
diagnostic_v1,ucc,diagnostic,jev_verbose,hostile,True,choice,0,0,688
diagnostic_v1,ucc,diagnostic,jev_verbose,hostile,True,choice,0,1,293
diagnostic_v1,ucc,diagnostic,jev_verbose,hostile,True,choice,0,__missing__,0
diagnostic_v1,ucc,diagnostic,jev_verbose,hostile,True,choice,1,0,3
diagnostic_v1,ucc,diagnostic,jev_verbose,hostile,True,choice,1,1,18
diagnostic_v1,ucc,diagnostic,jev_verbose,hostile,True,choice,1,__missing__,0
diagnostic_v1,ucc,diagnostic,jev_verbose,antagonize,True,choice,0,0,571
diagnostic_v1,ucc,diagnostic,jev_verbose,antagonize,True,choice,0,1,380
diagnostic_v1,ucc,diagnostic,jev_verbose,antagonize,True,choice,0,__missing__,0
diagnostic_v1,ucc,diagnostic,jev_verbose,antagonize,True,choice,1,0,8
diagnostic_v1,ucc,diagnostic,jev_verbose,antagonize,True,choice,1,1,43
diagnostic_v1,ucc,diagnostic,jev_verbose,antagonize,True,choice,1,__missing__,0
diagnostic_v1,ucc,diagnostic,jev_verbose,condescending,True,choice,0,0,573
diagnostic_v1,ucc,diagnostic,jev_verbose,condescending,True,choice,0,1,382
diagnostic_v1,ucc,diagnostic,jev_verbose,condescending,True,choice,0,__missing__,0
diagnostic_v1,ucc,diagnostic,jev_verbose,condescending,True,choice,1,0,4
diagnostic_v1,ucc,diagnostic,jev_verbose,condescending,True,choice,1,1,43
diagnostic_v1,ucc,diagnostic,jev_verbose,condescending,True,choice,1,__missing__,0
diagnostic_v1,ucc,diagnostic,jev_verbose,dismissive,True,choice,0,0,548
diagnostic_v1,ucc,diagnostic,jev_verbose,dismissive,True,choice,0,1,430
diagnostic_v1,ucc,diagnostic,jev_verbose,dismissive,True,choice,0,__missing__,0
diagnostic_v1,ucc,diagnostic,jev_verbose,dismissive,True,choice,1,0,6
diagnostic_v1,ucc,diagnostic,jev_verbose,dismissive,True,choice,1,1,18
diagnostic_v1,ucc,diagnostic,jev_verbose,dismissive,True,choice,1,__missing__,0
diagnostic_v1,ucc,diagnostic,llm_ab_judge,healthy,True,choice,0,0,50
diagnostic_v1,ucc,diagnostic,llm_ab_judge,healthy,True,choice,0,1,15
diagnostic_v1,ucc,diagnostic,llm_ab_judge,healthy,True,choice,0,__missing__,0
diagnostic_v1,ucc,diagnostic,llm_ab_judge,healthy,True,choice,1,0,280
diagnostic_v1,ucc,diagnostic,llm_ab_judge,healthy,True,choice,1,1,657
diagnostic_v1,ucc,diagnostic,llm_ab_judge,healthy,True,choice,1,__missing__,0
diagnostic_v1,ucc,diagnostic,llm_ab_judge,sarcastic,True,choice,0,0,726
diagnostic_v1,ucc,diagnostic,llm_ab_judge,sarcastic,True,choice,0,1,228
diagnostic_v1,ucc,diagnostic,llm_ab_judge,sarcastic,True,choice,0,__missing__,0
diagnostic_v1,ucc,diagnostic,llm_ab_judge,sarcastic,True,choice,1,0,13
diagnostic_v1,ucc,diagnostic,llm_ab_judge,sarcastic,True,choice,1,1,35
diagnostic_v1,ucc,diagnostic,llm_ab_judge,sarcastic,True,choice,1,__missing__,0
diagnostic_v1,ucc,diagnostic,llm_ab_judge,generalisation,False,choice,0,0,832
diagnostic_v1,ucc,diagnostic,llm_ab_judge,generalisation,False,choice,0,1,155
diagnostic_v1,ucc,diagnostic,llm_ab_judge,generalisation,False,choice,0,__missing__,0
diagnostic_v1,ucc,diagnostic,llm_ab_judge,generalisation,False,choice,1,0,0
diagnostic_v1,ucc,diagnostic,llm_ab_judge,generalisation,False,choice,1,1,15
diagnostic_v1,ucc,diagnostic,llm_ab_judge,generalisation,False,choice,1,__missing__,0
diagnostic_v1,ucc,diagnostic,llm_ab_judge,generalisation_unfair,True,choice,0,0,854
diagnostic_v1,ucc,diagnostic,llm_ab_judge,generalisation_unfair,True,choice,0,1,134
diagnostic_v1,ucc,diagnostic,llm_ab_judge,generalisation_unfair,True,choice,0,__missing__,0
diagnostic_v1,ucc,diagnostic,llm_ab_judge,generalisation_unfair,True,choice,1,0,1
diagnostic_v1,ucc,diagnostic,llm_ab_judge,generalisation_unfair,True,choice,1,1,13
diagnostic_v1,ucc,diagnostic,llm_ab_judge,generalisation_unfair,True,choice,1,__missing__,0
diagnostic_v1,ucc,diagnostic,llm_ab_judge,hostile,True,choice,0,0,742
diagnostic_v1,ucc,diagnostic,llm_ab_judge,hostile,True,choice,0,1,239
diagnostic_v1,ucc,diagnostic,llm_ab_judge,hostile,True,choice,0,__missing__,0
diagnostic_v1,ucc,diagnostic,llm_ab_judge,hostile,True,choice,1,0,1
diagnostic_v1,ucc,diagnostic,llm_ab_judge,hostile,True,choice,1,1,20
diagnostic_v1,ucc,diagnostic,llm_ab_judge,hostile,True,choice,1,__missing__,0
diagnostic_v1,ucc,diagnostic,llm_ab_judge,antagonize,True,choice,0,0,739
diagnostic_v1,ucc,diagnostic,llm_ab_judge,antagonize,True,choice,0,1,212
diagnostic_v1,ucc,diagnostic,llm_ab_judge,antagonize,True,choice,0,__missing__,0
diagnostic_v1,ucc,diagnostic,llm_ab_judge,antagonize,True,choice,1,0,14
diagnostic_v1,ucc,diagnostic,llm_ab_judge,antagonize,True,choice,1,1,37
diagnostic_v1,ucc,diagnostic,llm_ab_judge,antagonize,True,choice,1,__missing__,0
diagnostic_v1,ucc,diagnostic,llm_ab_judge,condescending,True,choice,0,0,701
diagnostic_v1,ucc,diagnostic,llm_ab_judge,condescending,True,choice,0,1,254
diagnostic_v1,ucc,diagnostic,llm_ab_judge,condescending,True,choice,0,__missing__,0
diagnostic_v1,ucc,diagnostic,llm_ab_judge,condescending,True,choice,1,0,11
diagnostic_v1,ucc,diagnostic,llm_ab_judge,condescending,True,choice,1,1,36
diagnostic_v1,ucc,diagnostic,llm_ab_judge,condescending,True,choice,1,__missing__,0
diagnostic_v1,ucc,diagnostic,llm_ab_judge,dismissive,True,choice,0,0,729
diagnostic_v1,ucc,diagnostic,llm_ab_judge,dismissive,True,choice,0,1,249
diagnostic_v1,ucc,diagnostic,llm_ab_judge,dismissive,True,choice,0,__missing__,0
diagnostic_v1,ucc,diagnostic,llm_ab_judge,dismissive,True,choice,1,0,7
diagnostic_v1,ucc,diagnostic,llm_ab_judge,dismissive,True,choice,1,1,17
diagnostic_v1,ucc,diagnostic,llm_ab_judge,dismissive,True,choice,1,__missing__,0
diagnostic_v1,ucc,diagnostic,llm_direct,healthy,True,choice,0,0,47
diagnostic_v1,ucc,diagnostic,llm_direct,healthy,True,choice,0,1,18
diagnostic_v1,ucc,diagnostic,llm_direct,healthy,True,choice,0,__missing__,0
diagnostic_v1,ucc,diagnostic,llm_direct,healthy,True,choice,1,0,295
diagnostic_v1,ucc,diagnostic,llm_direct,healthy,True,choice,1,1,642
diagnostic_v1,ucc,diagnostic,llm_direct,healthy,True,choice,1,__missing__,0
diagnostic_v1,ucc,diagnostic,llm_direct,sarcastic,True,choice,0,0,746
diagnostic_v1,ucc,diagnostic,llm_direct,sarcastic,True,choice,0,1,208
diagnostic_v1,ucc,diagnostic,llm_direct,sarcastic,True,choice,0,__missing__,0
diagnostic_v1,ucc,diagnostic,llm_direct,sarcastic,True,choice,1,0,12
diagnostic_v1,ucc,diagnostic,llm_direct,sarcastic,True,choice,1,1,36
diagnostic_v1,ucc,diagnostic,llm_direct,sarcastic,True,choice,1,__missing__,0
diagnostic_v1,ucc,diagnostic,llm_direct,generalisation,False,choice,0,0,893
diagnostic_v1,ucc,diagnostic,llm_direct,generalisation,False,choice,0,1,94
diagnostic_v1,ucc,diagnostic,llm_direct,generalisation,False,choice,0,__missing__,0
diagnostic_v1,ucc,diagnostic,llm_direct,generalisation,False,choice,1,0,4
diagnostic_v1,ucc,diagnostic,llm_direct,generalisation,False,choice,1,1,11
diagnostic_v1,ucc,diagnostic,llm_direct,generalisation,False,choice,1,__missing__,0
diagnostic_v1,ucc,diagnostic,llm_direct,generalisation_unfair,True,choice,0,0,900
diagnostic_v1,ucc,diagnostic,llm_direct,generalisation_unfair,True,choice,0,1,88
diagnostic_v1,ucc,diagnostic,llm_direct,generalisation_unfair,True,choice,0,__missing__,0
diagnostic_v1,ucc,diagnostic,llm_direct,generalisation_unfair,True,choice,1,0,6
diagnostic_v1,ucc,diagnostic,llm_direct,generalisation_unfair,True,choice,1,1,8
diagnostic_v1,ucc,diagnostic,llm_direct,generalisation_unfair,True,choice,1,__missing__,0
diagnostic_v1,ucc,diagnostic,llm_direct,hostile,True,choice,0,0,738
diagnostic_v1,ucc,diagnostic,llm_direct,hostile,True,choice,0,1,243
diagnostic_v1,ucc,diagnostic,llm_direct,hostile,True,choice,0,__missing__,0
diagnostic_v1,ucc,diagnostic,llm_direct,hostile,True,choice,1,0,1
diagnostic_v1,ucc,diagnostic,llm_direct,hostile,True,choice,1,1,20
diagnostic_v1,ucc,diagnostic,llm_direct,hostile,True,choice,1,__missing__,0
diagnostic_v1,ucc,diagnostic,llm_direct,antagonize,True,choice,0,0,739
diagnostic_v1,ucc,diagnostic,llm_direct,antagonize,True,choice,0,1,212
diagnostic_v1,ucc,diagnostic,llm_direct,antagonize,True,choice,0,__missing__,0
diagnostic_v1,ucc,diagnostic,llm_direct,antagonize,True,choice,1,0,18
diagnostic_v1,ucc,diagnostic,llm_direct,antagonize,True,choice,1,1,33
diagnostic_v1,ucc,diagnostic,llm_direct,antagonize,True,choice,1,__missing__,0
diagnostic_v1,ucc,diagnostic,llm_direct,condescending,True,choice,0,0,729
diagnostic_v1,ucc,diagnostic,llm_direct,condescending,True,choice,0,1,226
diagnostic_v1,ucc,diagnostic,llm_direct,condescending,True,choice,0,__missing__,0
diagnostic_v1,ucc,diagnostic,llm_direct,condescending,True,choice,1,0,14
diagnostic_v1,ucc,diagnostic,llm_direct,condescending,True,choice,1,1,33
diagnostic_v1,ucc,diagnostic,llm_direct,condescending,True,choice,1,__missing__,0
diagnostic_v1,ucc,diagnostic,llm_direct,dismissive,True,choice,0,0,762
diagnostic_v1,ucc,diagnostic,llm_direct,dismissive,True,choice,0,1,216
diagnostic_v1,ucc,diagnostic,llm_direct,dismissive,True,choice,0,__missing__,0
diagnostic_v1,ucc,diagnostic,llm_direct,dismissive,True,choice,1,0,13
diagnostic_v1,ucc,diagnostic,llm_direct,dismissive,True,choice,1,1,11
diagnostic_v1,ucc,diagnostic,llm_direct,dismissive,True,choice,1,__missing__,0
diagnostic_v1,ucc,diagnostic,llm_vote5,healthy,True,choice,0,0,46
diagnostic_v1,ucc,diagnostic,llm_vote5,healthy,True,choice,0,1,19
diagnostic_v1,ucc,diagnostic,llm_vote5,healthy,True,choice,0,__missing__,0
diagnostic_v1,ucc,diagnostic,llm_vote5,healthy,True,choice,1,0,266
diagnostic_v1,ucc,diagnostic,llm_vote5,healthy,True,choice,1,1,671
diagnostic_v1,ucc,diagnostic,llm_vote5,healthy,True,choice,1,__missing__,0
diagnostic_v1,ucc,diagnostic,llm_vote5,sarcastic,True,choice,0,0,750
diagnostic_v1,ucc,diagnostic,llm_vote5,sarcastic,True,choice,0,1,204
diagnostic_v1,ucc,diagnostic,llm_vote5,sarcastic,True,choice,0,__missing__,0
diagnostic_v1,ucc,diagnostic,llm_vote5,sarcastic,True,choice,1,0,17
diagnostic_v1,ucc,diagnostic,llm_vote5,sarcastic,True,choice,1,1,31
diagnostic_v1,ucc,diagnostic,llm_vote5,sarcastic,True,choice,1,__missing__,0
diagnostic_v1,ucc,diagnostic,llm_vote5,generalisation,False,choice,0,0,832
diagnostic_v1,ucc,diagnostic,llm_vote5,generalisation,False,choice,0,1,155
diagnostic_v1,ucc,diagnostic,llm_vote5,generalisation,False,choice,0,__missing__,0
diagnostic_v1,ucc,diagnostic,llm_vote5,generalisation,False,choice,1,0,1
diagnostic_v1,ucc,diagnostic,llm_vote5,generalisation,False,choice,1,1,14
diagnostic_v1,ucc,diagnostic,llm_vote5,generalisation,False,choice,1,__missing__,0
diagnostic_v1,ucc,diagnostic,llm_vote5,generalisation_unfair,True,choice,0,0,861
diagnostic_v1,ucc,diagnostic,llm_vote5,generalisation_unfair,True,choice,0,1,127
diagnostic_v1,ucc,diagnostic,llm_vote5,generalisation_unfair,True,choice,0,__missing__,0
diagnostic_v1,ucc,diagnostic,llm_vote5,generalisation_unfair,True,choice,1,0,1
diagnostic_v1,ucc,diagnostic,llm_vote5,generalisation_unfair,True,choice,1,1,13
diagnostic_v1,ucc,diagnostic,llm_vote5,generalisation_unfair,True,choice,1,__missing__,0
diagnostic_v1,ucc,diagnostic,llm_vote5,hostile,True,choice,0,0,756
diagnostic_v1,ucc,diagnostic,llm_vote5,hostile,True,choice,0,1,225
diagnostic_v1,ucc,diagnostic,llm_vote5,hostile,True,choice,0,__missing__,0
diagnostic_v1,ucc,diagnostic,llm_vote5,hostile,True,choice,1,0,2
diagnostic_v1,ucc,diagnostic,llm_vote5,hostile,True,choice,1,1,19
diagnostic_v1,ucc,diagnostic,llm_vote5,hostile,True,choice,1,__missing__,0
diagnostic_v1,ucc,diagnostic,llm_vote5,antagonize,True,choice,0,0,760
diagnostic_v1,ucc,diagnostic,llm_vote5,antagonize,True,choice,0,1,191
diagnostic_v1,ucc,diagnostic,llm_vote5,antagonize,True,choice,0,__missing__,0
diagnostic_v1,ucc,diagnostic,llm_vote5,antagonize,True,choice,1,0,18
diagnostic_v1,ucc,diagnostic,llm_vote5,antagonize,True,choice,1,1,33
diagnostic_v1,ucc,diagnostic,llm_vote5,antagonize,True,choice,1,__missing__,0
diagnostic_v1,ucc,diagnostic,llm_vote5,condescending,True,choice,0,0,732
diagnostic_v1,ucc,diagnostic,llm_vote5,condescending,True,choice,0,1,223
diagnostic_v1,ucc,diagnostic,llm_vote5,condescending,True,choice,0,__missing__,0
diagnostic_v1,ucc,diagnostic,llm_vote5,condescending,True,choice,1,0,15
diagnostic_v1,ucc,diagnostic,llm_vote5,condescending,True,choice,1,1,32
diagnostic_v1,ucc,diagnostic,llm_vote5,condescending,True,choice,1,__missing__,0
diagnostic_v1,ucc,diagnostic,llm_vote5,dismissive,True,choice,0,0,741
diagnostic_v1,ucc,diagnostic,llm_vote5,dismissive,True,choice,0,1,237
diagnostic_v1,ucc,diagnostic,llm_vote5,dismissive,True,choice,0,__missing__,0
diagnostic_v1,ucc,diagnostic,llm_vote5,dismissive,True,choice,1,0,9
diagnostic_v1,ucc,diagnostic,llm_vote5,dismissive,True,choice,1,1,15
diagnostic_v1,ucc,diagnostic,llm_vote5,dismissive,True,choice,1,__missing__,0
discovery_v1,babe,discovery,jev_anchored,label_bias,True,choice,Non-biased,Non-biased,0
discovery_v1,babe,discovery,jev_anchored,label_bias,True,choice,Non-biased,Biased,0
discovery_v1,babe,discovery,jev_anchored,label_bias,True,choice,Non-biased,__missing__,18
discovery_v1,babe,discovery,jev_anchored,label_bias,True,choice,Biased,Non-biased,0
discovery_v1,babe,discovery,jev_anchored,label_bias,True,choice,Biased,Biased,0
discovery_v1,babe,discovery,jev_anchored,label_bias,True,choice,Biased,__missing__,14
discovery_v1,babe,discovery,jev_compact,label_bias,True,choice,Non-biased,Non-biased,0
discovery_v1,babe,discovery,jev_compact,label_bias,True,choice,Non-biased,Biased,0
discovery_v1,babe,discovery,jev_compact,label_bias,True,choice,Non-biased,__missing__,18
discovery_v1,babe,discovery,jev_compact,label_bias,True,choice,Biased,Non-biased,0
discovery_v1,babe,discovery,jev_compact,label_bias,True,choice,Biased,Biased,0
discovery_v1,babe,discovery,jev_compact,label_bias,True,choice,Biased,__missing__,14
discovery_v1,babe,discovery,jev_verbose,label_bias,True,choice,Non-biased,Non-biased,0
discovery_v1,babe,discovery,jev_verbose,label_bias,True,choice,Non-biased,Biased,0
discovery_v1,babe,discovery,jev_verbose,label_bias,True,choice,Non-biased,__missing__,18
discovery_v1,babe,discovery,jev_verbose,label_bias,True,choice,Biased,Non-biased,0
discovery_v1,babe,discovery,jev_verbose,label_bias,True,choice,Biased,Biased,0
discovery_v1,babe,discovery,jev_verbose,label_bias,True,choice,Biased,__missing__,14
discovery_v1,babe,discovery,llm_direct,label_bias,True,choice,Non-biased,Non-biased,17
discovery_v1,babe,discovery,llm_direct,label_bias,True,choice,Non-biased,Biased,1
discovery_v1,babe,discovery,llm_direct,label_bias,True,choice,Non-biased,__missing__,0
discovery_v1,babe,discovery,llm_direct,label_bias,True,choice,Biased,Non-biased,3
discovery_v1,babe,discovery,llm_direct,label_bias,True,choice,Biased,Biased,11
discovery_v1,babe,discovery,llm_direct,label_bias,True,choice,Biased,__missing__,0
discovery_v1,conflict,discovery,jev_anchored,rating_directness_content,True,choice,Yes - Direct Content,Yes - Direct Content,0
discovery_v1,conflict,discovery,jev_anchored,rating_directness_content,True,choice,Yes - Direct Content,Neutral - Content contains no opinion,0
discovery_v1,conflict,discovery,jev_anchored,rating_directness_content,True,choice,Yes - Direct Content,No - Indirect Content,0
discovery_v1,conflict,discovery,jev_anchored,rating_directness_content,True,choice,Yes - Direct Content,__missing__,32
discovery_v1,conflict,discovery,jev_anchored,rating_directness_content,True,choice,Neutral - Content contains no opinion,Yes - Direct Content,0
discovery_v1,conflict,discovery,jev_anchored,rating_directness_content,True,choice,Neutral - Content contains no opinion,Neutral - Content contains no opinion,0
discovery_v1,conflict,discovery,jev_anchored,rating_directness_content,True,choice,Neutral - Content contains no opinion,No - Indirect Content,0
discovery_v1,conflict,discovery,jev_anchored,rating_directness_content,True,choice,Neutral - Content contains no opinion,__missing__,0
discovery_v1,conflict,discovery,jev_anchored,rating_directness_content,True,choice,No - Indirect Content,Yes - Direct Content,0
discovery_v1,conflict,discovery,jev_anchored,rating_directness_content,True,choice,No - Indirect Content,Neutral - Content contains no opinion,0
discovery_v1,conflict,discovery,jev_anchored,rating_directness_content,True,choice,No - Indirect Content,No - Indirect Content,0
discovery_v1,conflict,discovery,jev_anchored,rating_directness_content,True,choice,No - Indirect Content,__missing__,0
discovery_v1,conflict,discovery,jev_anchored,rating_directness_expression,True,choice,Yes - Direct Expression,Yes - Direct Expression,0
discovery_v1,conflict,discovery,jev_anchored,rating_directness_expression,True,choice,Yes - Direct Expression,No - Indirect Expression,0
discovery_v1,conflict,discovery,jev_anchored,rating_directness_expression,True,choice,Yes - Direct Expression,__missing__,31
discovery_v1,conflict,discovery,jev_anchored,rating_directness_expression,True,choice,No - Indirect Expression,Yes - Direct Expression,0
discovery_v1,conflict,discovery,jev_anchored,rating_directness_expression,True,choice,No - Indirect Expression,No - Indirect Expression,0
discovery_v1,conflict,discovery,jev_anchored,rating_directness_expression,True,choice,No - Indirect Expression,__missing__,1
discovery_v1,conflict,discovery,jev_anchored,rating_OI_content,True,choice,Yes - Content opposes someone else,Yes - Content opposes someone else,0
discovery_v1,conflict,discovery,jev_anchored,rating_OI_content,True,choice,Yes - Content opposes someone else,No - Content does not oppose anyone,0
discovery_v1,conflict,discovery,jev_anchored,rating_OI_content,True,choice,Yes - Content opposes someone else,__missing__,31
discovery_v1,conflict,discovery,jev_anchored,rating_OI_content,True,choice,No - Content does not oppose anyone,Yes - Content opposes someone else,0
discovery_v1,conflict,discovery,jev_anchored,rating_OI_content,True,choice,No - Content does not oppose anyone,No - Content does not oppose anyone,0
discovery_v1,conflict,discovery,jev_anchored,rating_OI_content,True,choice,No - Content does not oppose anyone,__missing__,1
discovery_v1,conflict,discovery,jev_anchored,rating_OI_expression,True,choice,Yes - Expression is emotional/forceful,Yes - Expression is emotional/forceful,0
discovery_v1,conflict,discovery,jev_anchored,rating_OI_expression,True,choice,Yes - Expression is emotional/forceful,No - Expression is not emotional/forceful,0
discovery_v1,conflict,discovery,jev_anchored,rating_OI_expression,True,choice,Yes - Expression is emotional/forceful,__missing__,4
discovery_v1,conflict,discovery,jev_anchored,rating_OI_expression,True,choice,No - Expression is not emotional/forceful,Yes - Expression is emotional/forceful,0
discovery_v1,conflict,discovery,jev_anchored,rating_OI_expression,True,choice,No - Expression is not emotional/forceful,No - Expression is not emotional/forceful,0
discovery_v1,conflict,discovery,jev_anchored,rating_OI_expression,True,choice,No - Expression is not emotional/forceful,__missing__,28
discovery_v1,conflict,discovery,jev_compact,rating_directness_content,True,choice,Yes - Direct Content,Yes - Direct Content,0
discovery_v1,conflict,discovery,jev_compact,rating_directness_content,True,choice,Yes - Direct Content,Neutral - Content contains no opinion,0
discovery_v1,conflict,discovery,jev_compact,rating_directness_content,True,choice,Yes - Direct Content,No - Indirect Content,0
discovery_v1,conflict,discovery,jev_compact,rating_directness_content,True,choice,Yes - Direct Content,__missing__,32
discovery_v1,conflict,discovery,jev_compact,rating_directness_content,True,choice,Neutral - Content contains no opinion,Yes - Direct Content,0
discovery_v1,conflict,discovery,jev_compact,rating_directness_content,True,choice,Neutral - Content contains no opinion,Neutral - Content contains no opinion,0
discovery_v1,conflict,discovery,jev_compact,rating_directness_content,True,choice,Neutral - Content contains no opinion,No - Indirect Content,0
discovery_v1,conflict,discovery,jev_compact,rating_directness_content,True,choice,Neutral - Content contains no opinion,__missing__,0
discovery_v1,conflict,discovery,jev_compact,rating_directness_content,True,choice,No - Indirect Content,Yes - Direct Content,0
discovery_v1,conflict,discovery,jev_compact,rating_directness_content,True,choice,No - Indirect Content,Neutral - Content contains no opinion,0
discovery_v1,conflict,discovery,jev_compact,rating_directness_content,True,choice,No - Indirect Content,No - Indirect Content,0
discovery_v1,conflict,discovery,jev_compact,rating_directness_content,True,choice,No - Indirect Content,__missing__,0
discovery_v1,conflict,discovery,jev_compact,rating_directness_expression,True,choice,Yes - Direct Expression,Yes - Direct Expression,0
discovery_v1,conflict,discovery,jev_compact,rating_directness_expression,True,choice,Yes - Direct Expression,No - Indirect Expression,0
discovery_v1,conflict,discovery,jev_compact,rating_directness_expression,True,choice,Yes - Direct Expression,__missing__,31
discovery_v1,conflict,discovery,jev_compact,rating_directness_expression,True,choice,No - Indirect Expression,Yes - Direct Expression,0
discovery_v1,conflict,discovery,jev_compact,rating_directness_expression,True,choice,No - Indirect Expression,No - Indirect Expression,0
discovery_v1,conflict,discovery,jev_compact,rating_directness_expression,True,choice,No - Indirect Expression,__missing__,1
discovery_v1,conflict,discovery,jev_compact,rating_OI_content,True,choice,Yes - Content opposes someone else,Yes - Content opposes someone else,0
discovery_v1,conflict,discovery,jev_compact,rating_OI_content,True,choice,Yes - Content opposes someone else,No - Content does not oppose anyone,0
discovery_v1,conflict,discovery,jev_compact,rating_OI_content,True,choice,Yes - Content opposes someone else,__missing__,31
discovery_v1,conflict,discovery,jev_compact,rating_OI_content,True,choice,No - Content does not oppose anyone,Yes - Content opposes someone else,0
discovery_v1,conflict,discovery,jev_compact,rating_OI_content,True,choice,No - Content does not oppose anyone,No - Content does not oppose anyone,0
discovery_v1,conflict,discovery,jev_compact,rating_OI_content,True,choice,No - Content does not oppose anyone,__missing__,1
discovery_v1,conflict,discovery,jev_compact,rating_OI_expression,True,choice,Yes - Expression is emotional/forceful,Yes - Expression is emotional/forceful,0
discovery_v1,conflict,discovery,jev_compact,rating_OI_expression,True,choice,Yes - Expression is emotional/forceful,No - Expression is not emotional/forceful,0
discovery_v1,conflict,discovery,jev_compact,rating_OI_expression,True,choice,Yes - Expression is emotional/forceful,__missing__,4
discovery_v1,conflict,discovery,jev_compact,rating_OI_expression,True,choice,No - Expression is not emotional/forceful,Yes - Expression is emotional/forceful,0
discovery_v1,conflict,discovery,jev_compact,rating_OI_expression,True,choice,No - Expression is not emotional/forceful,No - Expression is not emotional/forceful,0
discovery_v1,conflict,discovery,jev_compact,rating_OI_expression,True,choice,No - Expression is not emotional/forceful,__missing__,28
discovery_v1,conflict,discovery,jev_verbose,rating_directness_content,True,choice,Yes - Direct Content,Yes - Direct Content,0
discovery_v1,conflict,discovery,jev_verbose,rating_directness_content,True,choice,Yes - Direct Content,Neutral - Content contains no opinion,0
discovery_v1,conflict,discovery,jev_verbose,rating_directness_content,True,choice,Yes - Direct Content,No - Indirect Content,0
discovery_v1,conflict,discovery,jev_verbose,rating_directness_content,True,choice,Yes - Direct Content,__missing__,32
discovery_v1,conflict,discovery,jev_verbose,rating_directness_content,True,choice,Neutral - Content contains no opinion,Yes - Direct Content,0
discovery_v1,conflict,discovery,jev_verbose,rating_directness_content,True,choice,Neutral - Content contains no opinion,Neutral - Content contains no opinion,0
discovery_v1,conflict,discovery,jev_verbose,rating_directness_content,True,choice,Neutral - Content contains no opinion,No - Indirect Content,0
discovery_v1,conflict,discovery,jev_verbose,rating_directness_content,True,choice,Neutral - Content contains no opinion,__missing__,0
discovery_v1,conflict,discovery,jev_verbose,rating_directness_content,True,choice,No - Indirect Content,Yes - Direct Content,0
discovery_v1,conflict,discovery,jev_verbose,rating_directness_content,True,choice,No - Indirect Content,Neutral - Content contains no opinion,0
discovery_v1,conflict,discovery,jev_verbose,rating_directness_content,True,choice,No - Indirect Content,No - Indirect Content,0
discovery_v1,conflict,discovery,jev_verbose,rating_directness_content,True,choice,No - Indirect Content,__missing__,0
discovery_v1,conflict,discovery,jev_verbose,rating_directness_expression,True,choice,Yes - Direct Expression,Yes - Direct Expression,0
discovery_v1,conflict,discovery,jev_verbose,rating_directness_expression,True,choice,Yes - Direct Expression,No - Indirect Expression,0
discovery_v1,conflict,discovery,jev_verbose,rating_directness_expression,True,choice,Yes - Direct Expression,__missing__,31
discovery_v1,conflict,discovery,jev_verbose,rating_directness_expression,True,choice,No - Indirect Expression,Yes - Direct Expression,0
discovery_v1,conflict,discovery,jev_verbose,rating_directness_expression,True,choice,No - Indirect Expression,No - Indirect Expression,0
discovery_v1,conflict,discovery,jev_verbose,rating_directness_expression,True,choice,No - Indirect Expression,__missing__,1
discovery_v1,conflict,discovery,jev_verbose,rating_OI_content,True,choice,Yes - Content opposes someone else,Yes - Content opposes someone else,0
discovery_v1,conflict,discovery,jev_verbose,rating_OI_content,True,choice,Yes - Content opposes someone else,No - Content does not oppose anyone,0
discovery_v1,conflict,discovery,jev_verbose,rating_OI_content,True,choice,Yes - Content opposes someone else,__missing__,31
discovery_v1,conflict,discovery,jev_verbose,rating_OI_content,True,choice,No - Content does not oppose anyone,Yes - Content opposes someone else,0
discovery_v1,conflict,discovery,jev_verbose,rating_OI_content,True,choice,No - Content does not oppose anyone,No - Content does not oppose anyone,0
discovery_v1,conflict,discovery,jev_verbose,rating_OI_content,True,choice,No - Content does not oppose anyone,__missing__,1
discovery_v1,conflict,discovery,jev_verbose,rating_OI_expression,True,choice,Yes - Expression is emotional/forceful,Yes - Expression is emotional/forceful,0
discovery_v1,conflict,discovery,jev_verbose,rating_OI_expression,True,choice,Yes - Expression is emotional/forceful,No - Expression is not emotional/forceful,0
discovery_v1,conflict,discovery,jev_verbose,rating_OI_expression,True,choice,Yes - Expression is emotional/forceful,__missing__,4
discovery_v1,conflict,discovery,jev_verbose,rating_OI_expression,True,choice,No - Expression is not emotional/forceful,Yes - Expression is emotional/forceful,0
discovery_v1,conflict,discovery,jev_verbose,rating_OI_expression,True,choice,No - Expression is not emotional/forceful,No - Expression is not emotional/forceful,0
discovery_v1,conflict,discovery,jev_verbose,rating_OI_expression,True,choice,No - Expression is not emotional/forceful,__missing__,28
discovery_v1,conflict,discovery,llm_direct,rating_directness_content,True,choice,Yes - Direct Content,Yes - Direct Content,31
discovery_v1,conflict,discovery,llm_direct,rating_directness_content,True,choice,Yes - Direct Content,Neutral - Content contains no opinion,1
discovery_v1,conflict,discovery,llm_direct,rating_directness_content,True,choice,Yes - Direct Content,No - Indirect Content,0
discovery_v1,conflict,discovery,llm_direct,rating_directness_content,True,choice,Yes - Direct Content,__missing__,0
discovery_v1,conflict,discovery,llm_direct,rating_directness_content,True,choice,Neutral - Content contains no opinion,Yes - Direct Content,0
discovery_v1,conflict,discovery,llm_direct,rating_directness_content,True,choice,Neutral - Content contains no opinion,Neutral - Content contains no opinion,0
discovery_v1,conflict,discovery,llm_direct,rating_directness_content,True,choice,Neutral - Content contains no opinion,No - Indirect Content,0
discovery_v1,conflict,discovery,llm_direct,rating_directness_content,True,choice,Neutral - Content contains no opinion,__missing__,0
discovery_v1,conflict,discovery,llm_direct,rating_directness_content,True,choice,No - Indirect Content,Yes - Direct Content,0
discovery_v1,conflict,discovery,llm_direct,rating_directness_content,True,choice,No - Indirect Content,Neutral - Content contains no opinion,0
discovery_v1,conflict,discovery,llm_direct,rating_directness_content,True,choice,No - Indirect Content,No - Indirect Content,0
discovery_v1,conflict,discovery,llm_direct,rating_directness_content,True,choice,No - Indirect Content,__missing__,0
discovery_v1,conflict,discovery,llm_direct,rating_directness_expression,True,choice,Yes - Direct Expression,Yes - Direct Expression,29
discovery_v1,conflict,discovery,llm_direct,rating_directness_expression,True,choice,Yes - Direct Expression,No - Indirect Expression,2
discovery_v1,conflict,discovery,llm_direct,rating_directness_expression,True,choice,Yes - Direct Expression,__missing__,0
discovery_v1,conflict,discovery,llm_direct,rating_directness_expression,True,choice,No - Indirect Expression,Yes - Direct Expression,1
discovery_v1,conflict,discovery,llm_direct,rating_directness_expression,True,choice,No - Indirect Expression,No - Indirect Expression,0
discovery_v1,conflict,discovery,llm_direct,rating_directness_expression,True,choice,No - Indirect Expression,__missing__,0
discovery_v1,conflict,discovery,llm_direct,rating_OI_content,True,choice,Yes - Content opposes someone else,Yes - Content opposes someone else,20
discovery_v1,conflict,discovery,llm_direct,rating_OI_content,True,choice,Yes - Content opposes someone else,No - Content does not oppose anyone,11
discovery_v1,conflict,discovery,llm_direct,rating_OI_content,True,choice,Yes - Content opposes someone else,__missing__,0
discovery_v1,conflict,discovery,llm_direct,rating_OI_content,True,choice,No - Content does not oppose anyone,Yes - Content opposes someone else,0
discovery_v1,conflict,discovery,llm_direct,rating_OI_content,True,choice,No - Content does not oppose anyone,No - Content does not oppose anyone,1
discovery_v1,conflict,discovery,llm_direct,rating_OI_content,True,choice,No - Content does not oppose anyone,__missing__,0
discovery_v1,conflict,discovery,llm_direct,rating_OI_expression,True,choice,Yes - Expression is emotional/forceful,Yes - Expression is emotional/forceful,2
discovery_v1,conflict,discovery,llm_direct,rating_OI_expression,True,choice,Yes - Expression is emotional/forceful,No - Expression is not emotional/forceful,2
discovery_v1,conflict,discovery,llm_direct,rating_OI_expression,True,choice,Yes - Expression is emotional/forceful,__missing__,0
discovery_v1,conflict,discovery,llm_direct,rating_OI_expression,True,choice,No - Expression is not emotional/forceful,Yes - Expression is emotional/forceful,6
discovery_v1,conflict,discovery,llm_direct,rating_OI_expression,True,choice,No - Expression is not emotional/forceful,No - Expression is not emotional/forceful,22
discovery_v1,conflict,discovery,llm_direct,rating_OI_expression,True,choice,No - Expression is not emotional/forceful,__missing__,0
discovery_v1,mbd,discovery,jev_anchored,type,True,choice,fact,fact,0
discovery_v1,mbd,discovery,jev_anchored,type,True,choice,fact,opinion,0
discovery_v1,mbd,discovery,jev_anchored,type,True,choice,fact,borderline,0
discovery_v1,mbd,discovery,jev_anchored,type,True,choice,fact,quote,0
discovery_v1,mbd,discovery,jev_anchored,type,True,choice,fact,other,0
discovery_v1,mbd,discovery,jev_anchored,type,True,choice,fact,__missing__,19
discovery_v1,mbd,discovery,jev_anchored,type,True,choice,opinion,fact,0
discovery_v1,mbd,discovery,jev_anchored,type,True,choice,opinion,opinion,0
discovery_v1,mbd,discovery,jev_anchored,type,True,choice,opinion,borderline,0
discovery_v1,mbd,discovery,jev_anchored,type,True,choice,opinion,quote,0
discovery_v1,mbd,discovery,jev_anchored,type,True,choice,opinion,other,0
discovery_v1,mbd,discovery,jev_anchored,type,True,choice,opinion,__missing__,1
discovery_v1,mbd,discovery,jev_anchored,type,True,choice,borderline,fact,0
discovery_v1,mbd,discovery,jev_anchored,type,True,choice,borderline,opinion,0
discovery_v1,mbd,discovery,jev_anchored,type,True,choice,borderline,borderline,0
discovery_v1,mbd,discovery,jev_anchored,type,True,choice,borderline,quote,0
discovery_v1,mbd,discovery,jev_anchored,type,True,choice,borderline,other,0
discovery_v1,mbd,discovery,jev_anchored,type,True,choice,borderline,__missing__,0
discovery_v1,mbd,discovery,jev_anchored,type,True,choice,quote,fact,0
discovery_v1,mbd,discovery,jev_anchored,type,True,choice,quote,opinion,0
discovery_v1,mbd,discovery,jev_anchored,type,True,choice,quote,borderline,0
discovery_v1,mbd,discovery,jev_anchored,type,True,choice,quote,quote,0
discovery_v1,mbd,discovery,jev_anchored,type,True,choice,quote,other,0
discovery_v1,mbd,discovery,jev_anchored,type,True,choice,quote,__missing__,0
discovery_v1,mbd,discovery,jev_anchored,type,True,choice,other,fact,0
discovery_v1,mbd,discovery,jev_anchored,type,True,choice,other,opinion,0
discovery_v1,mbd,discovery,jev_anchored,type,True,choice,other,borderline,0
discovery_v1,mbd,discovery,jev_anchored,type,True,choice,other,quote,0
discovery_v1,mbd,discovery,jev_anchored,type,True,choice,other,other,0
discovery_v1,mbd,discovery,jev_anchored,type,True,choice,other,__missing__,4
discovery_v1,mbd,discovery,jev_anchored,tone,True,choice,positive,positive,0
discovery_v1,mbd,discovery,jev_anchored,tone,True,choice,positive,negative,0
discovery_v1,mbd,discovery,jev_anchored,tone,True,choice,positive,neutral,0
discovery_v1,mbd,discovery,jev_anchored,tone,True,choice,positive,__missing__,3
discovery_v1,mbd,discovery,jev_anchored,tone,True,choice,negative,positive,0
discovery_v1,mbd,discovery,jev_anchored,tone,True,choice,negative,negative,0
discovery_v1,mbd,discovery,jev_anchored,tone,True,choice,negative,neutral,0
discovery_v1,mbd,discovery,jev_anchored,tone,True,choice,negative,__missing__,0
discovery_v1,mbd,discovery,jev_anchored,tone,True,choice,neutral,positive,0
discovery_v1,mbd,discovery,jev_anchored,tone,True,choice,neutral,negative,0
discovery_v1,mbd,discovery,jev_anchored,tone,True,choice,neutral,neutral,0
discovery_v1,mbd,discovery,jev_anchored,tone,True,choice,neutral,__missing__,21
discovery_v1,mbd,discovery,jev_anchored,focus,True,choice,democrat,democrat,0
discovery_v1,mbd,discovery,jev_anchored,focus,True,choice,democrat,republican,0
discovery_v1,mbd,discovery,jev_anchored,focus,True,choice,democrat,both,0
discovery_v1,mbd,discovery,jev_anchored,focus,True,choice,democrat,neither,0
discovery_v1,mbd,discovery,jev_anchored,focus,True,choice,democrat,__missing__,0
discovery_v1,mbd,discovery,jev_anchored,focus,True,choice,republican,democrat,0
discovery_v1,mbd,discovery,jev_anchored,focus,True,choice,republican,republican,0
discovery_v1,mbd,discovery,jev_anchored,focus,True,choice,republican,both,0
discovery_v1,mbd,discovery,jev_anchored,focus,True,choice,republican,neither,0
discovery_v1,mbd,discovery,jev_anchored,focus,True,choice,republican,__missing__,0
discovery_v1,mbd,discovery,jev_anchored,focus,True,choice,both,democrat,0
discovery_v1,mbd,discovery,jev_anchored,focus,True,choice,both,republican,0
discovery_v1,mbd,discovery,jev_anchored,focus,True,choice,both,both,0
discovery_v1,mbd,discovery,jev_anchored,focus,True,choice,both,neither,0
discovery_v1,mbd,discovery,jev_anchored,focus,True,choice,both,__missing__,0
discovery_v1,mbd,discovery,jev_anchored,focus,True,choice,neither,democrat,0
discovery_v1,mbd,discovery,jev_anchored,focus,True,choice,neither,republican,0
discovery_v1,mbd,discovery,jev_anchored,focus,True,choice,neither,both,0
discovery_v1,mbd,discovery,jev_anchored,focus,True,choice,neither,neither,0
discovery_v1,mbd,discovery,jev_anchored,focus,True,choice,neither,__missing__,24
discovery_v1,mbd,discovery,jev_compact,type,True,choice,fact,fact,0
discovery_v1,mbd,discovery,jev_compact,type,True,choice,fact,opinion,0
discovery_v1,mbd,discovery,jev_compact,type,True,choice,fact,borderline,0
discovery_v1,mbd,discovery,jev_compact,type,True,choice,fact,quote,0
discovery_v1,mbd,discovery,jev_compact,type,True,choice,fact,other,0
discovery_v1,mbd,discovery,jev_compact,type,True,choice,fact,__missing__,19
discovery_v1,mbd,discovery,jev_compact,type,True,choice,opinion,fact,0
discovery_v1,mbd,discovery,jev_compact,type,True,choice,opinion,opinion,0
discovery_v1,mbd,discovery,jev_compact,type,True,choice,opinion,borderline,0
discovery_v1,mbd,discovery,jev_compact,type,True,choice,opinion,quote,0
discovery_v1,mbd,discovery,jev_compact,type,True,choice,opinion,other,0
discovery_v1,mbd,discovery,jev_compact,type,True,choice,opinion,__missing__,1
discovery_v1,mbd,discovery,jev_compact,type,True,choice,borderline,fact,0
discovery_v1,mbd,discovery,jev_compact,type,True,choice,borderline,opinion,0
discovery_v1,mbd,discovery,jev_compact,type,True,choice,borderline,borderline,0
discovery_v1,mbd,discovery,jev_compact,type,True,choice,borderline,quote,0
discovery_v1,mbd,discovery,jev_compact,type,True,choice,borderline,other,0
discovery_v1,mbd,discovery,jev_compact,type,True,choice,borderline,__missing__,0
discovery_v1,mbd,discovery,jev_compact,type,True,choice,quote,fact,0
discovery_v1,mbd,discovery,jev_compact,type,True,choice,quote,opinion,0
discovery_v1,mbd,discovery,jev_compact,type,True,choice,quote,borderline,0
discovery_v1,mbd,discovery,jev_compact,type,True,choice,quote,quote,0
discovery_v1,mbd,discovery,jev_compact,type,True,choice,quote,other,0
discovery_v1,mbd,discovery,jev_compact,type,True,choice,quote,__missing__,0
discovery_v1,mbd,discovery,jev_compact,type,True,choice,other,fact,0
discovery_v1,mbd,discovery,jev_compact,type,True,choice,other,opinion,0
discovery_v1,mbd,discovery,jev_compact,type,True,choice,other,borderline,0
discovery_v1,mbd,discovery,jev_compact,type,True,choice,other,quote,0
discovery_v1,mbd,discovery,jev_compact,type,True,choice,other,other,0
discovery_v1,mbd,discovery,jev_compact,type,True,choice,other,__missing__,4
discovery_v1,mbd,discovery,jev_compact,tone,True,choice,positive,positive,0
discovery_v1,mbd,discovery,jev_compact,tone,True,choice,positive,negative,0
discovery_v1,mbd,discovery,jev_compact,tone,True,choice,positive,neutral,0
discovery_v1,mbd,discovery,jev_compact,tone,True,choice,positive,__missing__,3
discovery_v1,mbd,discovery,jev_compact,tone,True,choice,negative,positive,0
discovery_v1,mbd,discovery,jev_compact,tone,True,choice,negative,negative,0
discovery_v1,mbd,discovery,jev_compact,tone,True,choice,negative,neutral,0
discovery_v1,mbd,discovery,jev_compact,tone,True,choice,negative,__missing__,0
discovery_v1,mbd,discovery,jev_compact,tone,True,choice,neutral,positive,0
discovery_v1,mbd,discovery,jev_compact,tone,True,choice,neutral,negative,0
discovery_v1,mbd,discovery,jev_compact,tone,True,choice,neutral,neutral,0
discovery_v1,mbd,discovery,jev_compact,tone,True,choice,neutral,__missing__,21
discovery_v1,mbd,discovery,jev_compact,focus,True,choice,democrat,democrat,0
discovery_v1,mbd,discovery,jev_compact,focus,True,choice,democrat,republican,0
discovery_v1,mbd,discovery,jev_compact,focus,True,choice,democrat,both,0
discovery_v1,mbd,discovery,jev_compact,focus,True,choice,democrat,neither,0
discovery_v1,mbd,discovery,jev_compact,focus,True,choice,democrat,__missing__,0
discovery_v1,mbd,discovery,jev_compact,focus,True,choice,republican,democrat,0
discovery_v1,mbd,discovery,jev_compact,focus,True,choice,republican,republican,0
discovery_v1,mbd,discovery,jev_compact,focus,True,choice,republican,both,0
discovery_v1,mbd,discovery,jev_compact,focus,True,choice,republican,neither,0
discovery_v1,mbd,discovery,jev_compact,focus,True,choice,republican,__missing__,0
discovery_v1,mbd,discovery,jev_compact,focus,True,choice,both,democrat,0
discovery_v1,mbd,discovery,jev_compact,focus,True,choice,both,republican,0
discovery_v1,mbd,discovery,jev_compact,focus,True,choice,both,both,0
discovery_v1,mbd,discovery,jev_compact,focus,True,choice,both,neither,0
discovery_v1,mbd,discovery,jev_compact,focus,True,choice,both,__missing__,0
discovery_v1,mbd,discovery,jev_compact,focus,True,choice,neither,democrat,0
discovery_v1,mbd,discovery,jev_compact,focus,True,choice,neither,republican,0
discovery_v1,mbd,discovery,jev_compact,focus,True,choice,neither,both,0
discovery_v1,mbd,discovery,jev_compact,focus,True,choice,neither,neither,0
discovery_v1,mbd,discovery,jev_compact,focus,True,choice,neither,__missing__,24
discovery_v1,mbd,discovery,jev_verbose,type,True,choice,fact,fact,0
discovery_v1,mbd,discovery,jev_verbose,type,True,choice,fact,opinion,0
discovery_v1,mbd,discovery,jev_verbose,type,True,choice,fact,borderline,0
discovery_v1,mbd,discovery,jev_verbose,type,True,choice,fact,quote,0
discovery_v1,mbd,discovery,jev_verbose,type,True,choice,fact,other,0
discovery_v1,mbd,discovery,jev_verbose,type,True,choice,fact,__missing__,19
discovery_v1,mbd,discovery,jev_verbose,type,True,choice,opinion,fact,0
discovery_v1,mbd,discovery,jev_verbose,type,True,choice,opinion,opinion,0
discovery_v1,mbd,discovery,jev_verbose,type,True,choice,opinion,borderline,0
discovery_v1,mbd,discovery,jev_verbose,type,True,choice,opinion,quote,0
discovery_v1,mbd,discovery,jev_verbose,type,True,choice,opinion,other,0
discovery_v1,mbd,discovery,jev_verbose,type,True,choice,opinion,__missing__,1
discovery_v1,mbd,discovery,jev_verbose,type,True,choice,borderline,fact,0
discovery_v1,mbd,discovery,jev_verbose,type,True,choice,borderline,opinion,0
discovery_v1,mbd,discovery,jev_verbose,type,True,choice,borderline,borderline,0
discovery_v1,mbd,discovery,jev_verbose,type,True,choice,borderline,quote,0
discovery_v1,mbd,discovery,jev_verbose,type,True,choice,borderline,other,0
discovery_v1,mbd,discovery,jev_verbose,type,True,choice,borderline,__missing__,0
discovery_v1,mbd,discovery,jev_verbose,type,True,choice,quote,fact,0
discovery_v1,mbd,discovery,jev_verbose,type,True,choice,quote,opinion,0
discovery_v1,mbd,discovery,jev_verbose,type,True,choice,quote,borderline,0
discovery_v1,mbd,discovery,jev_verbose,type,True,choice,quote,quote,0
discovery_v1,mbd,discovery,jev_verbose,type,True,choice,quote,other,0
discovery_v1,mbd,discovery,jev_verbose,type,True,choice,quote,__missing__,0
discovery_v1,mbd,discovery,jev_verbose,type,True,choice,other,fact,0
discovery_v1,mbd,discovery,jev_verbose,type,True,choice,other,opinion,0
discovery_v1,mbd,discovery,jev_verbose,type,True,choice,other,borderline,0
discovery_v1,mbd,discovery,jev_verbose,type,True,choice,other,quote,0
discovery_v1,mbd,discovery,jev_verbose,type,True,choice,other,other,0
discovery_v1,mbd,discovery,jev_verbose,type,True,choice,other,__missing__,4
discovery_v1,mbd,discovery,jev_verbose,tone,True,choice,positive,positive,0
discovery_v1,mbd,discovery,jev_verbose,tone,True,choice,positive,negative,0
discovery_v1,mbd,discovery,jev_verbose,tone,True,choice,positive,neutral,0
discovery_v1,mbd,discovery,jev_verbose,tone,True,choice,positive,__missing__,3
discovery_v1,mbd,discovery,jev_verbose,tone,True,choice,negative,positive,0
discovery_v1,mbd,discovery,jev_verbose,tone,True,choice,negative,negative,0
discovery_v1,mbd,discovery,jev_verbose,tone,True,choice,negative,neutral,0
discovery_v1,mbd,discovery,jev_verbose,tone,True,choice,negative,__missing__,0
discovery_v1,mbd,discovery,jev_verbose,tone,True,choice,neutral,positive,0
discovery_v1,mbd,discovery,jev_verbose,tone,True,choice,neutral,negative,0
discovery_v1,mbd,discovery,jev_verbose,tone,True,choice,neutral,neutral,0
discovery_v1,mbd,discovery,jev_verbose,tone,True,choice,neutral,__missing__,21
discovery_v1,mbd,discovery,jev_verbose,focus,True,choice,democrat,democrat,0
discovery_v1,mbd,discovery,jev_verbose,focus,True,choice,democrat,republican,0
discovery_v1,mbd,discovery,jev_verbose,focus,True,choice,democrat,both,0
discovery_v1,mbd,discovery,jev_verbose,focus,True,choice,democrat,neither,0
discovery_v1,mbd,discovery,jev_verbose,focus,True,choice,democrat,__missing__,0
discovery_v1,mbd,discovery,jev_verbose,focus,True,choice,republican,democrat,0
discovery_v1,mbd,discovery,jev_verbose,focus,True,choice,republican,republican,0
discovery_v1,mbd,discovery,jev_verbose,focus,True,choice,republican,both,0
discovery_v1,mbd,discovery,jev_verbose,focus,True,choice,republican,neither,0
discovery_v1,mbd,discovery,jev_verbose,focus,True,choice,republican,__missing__,0
discovery_v1,mbd,discovery,jev_verbose,focus,True,choice,both,democrat,0
discovery_v1,mbd,discovery,jev_verbose,focus,True,choice,both,republican,0
discovery_v1,mbd,discovery,jev_verbose,focus,True,choice,both,both,0
discovery_v1,mbd,discovery,jev_verbose,focus,True,choice,both,neither,0
discovery_v1,mbd,discovery,jev_verbose,focus,True,choice,both,__missing__,0
discovery_v1,mbd,discovery,jev_verbose,focus,True,choice,neither,democrat,0
discovery_v1,mbd,discovery,jev_verbose,focus,True,choice,neither,republican,0
discovery_v1,mbd,discovery,jev_verbose,focus,True,choice,neither,both,0
discovery_v1,mbd,discovery,jev_verbose,focus,True,choice,neither,neither,0
discovery_v1,mbd,discovery,jev_verbose,focus,True,choice,neither,__missing__,24
discovery_v1,mbd,discovery,llm_direct,type,True,choice,fact,fact,11
discovery_v1,mbd,discovery,llm_direct,type,True,choice,fact,opinion,6
discovery_v1,mbd,discovery,llm_direct,type,True,choice,fact,borderline,1
discovery_v1,mbd,discovery,llm_direct,type,True,choice,fact,quote,0
discovery_v1,mbd,discovery,llm_direct,type,True,choice,fact,other,1
discovery_v1,mbd,discovery,llm_direct,type,True,choice,fact,__missing__,0
discovery_v1,mbd,discovery,llm_direct,type,True,choice,opinion,fact,0
discovery_v1,mbd,discovery,llm_direct,type,True,choice,opinion,opinion,1
discovery_v1,mbd,discovery,llm_direct,type,True,choice,opinion,borderline,0
discovery_v1,mbd,discovery,llm_direct,type,True,choice,opinion,quote,0
discovery_v1,mbd,discovery,llm_direct,type,True,choice,opinion,other,0
discovery_v1,mbd,discovery,llm_direct,type,True,choice,opinion,__missing__,0
discovery_v1,mbd,discovery,llm_direct,type,True,choice,borderline,fact,0
discovery_v1,mbd,discovery,llm_direct,type,True,choice,borderline,opinion,0
discovery_v1,mbd,discovery,llm_direct,type,True,choice,borderline,borderline,0
discovery_v1,mbd,discovery,llm_direct,type,True,choice,borderline,quote,0
discovery_v1,mbd,discovery,llm_direct,type,True,choice,borderline,other,0
discovery_v1,mbd,discovery,llm_direct,type,True,choice,borderline,__missing__,0
discovery_v1,mbd,discovery,llm_direct,type,True,choice,quote,fact,0
discovery_v1,mbd,discovery,llm_direct,type,True,choice,quote,opinion,0
discovery_v1,mbd,discovery,llm_direct,type,True,choice,quote,borderline,0
discovery_v1,mbd,discovery,llm_direct,type,True,choice,quote,quote,0
discovery_v1,mbd,discovery,llm_direct,type,True,choice,quote,other,0
discovery_v1,mbd,discovery,llm_direct,type,True,choice,quote,__missing__,0
discovery_v1,mbd,discovery,llm_direct,type,True,choice,other,fact,0
discovery_v1,mbd,discovery,llm_direct,type,True,choice,other,opinion,0
discovery_v1,mbd,discovery,llm_direct,type,True,choice,other,borderline,0
discovery_v1,mbd,discovery,llm_direct,type,True,choice,other,quote,0
discovery_v1,mbd,discovery,llm_direct,type,True,choice,other,other,4
discovery_v1,mbd,discovery,llm_direct,type,True,choice,other,__missing__,0
discovery_v1,mbd,discovery,llm_direct,tone,True,choice,positive,positive,3
discovery_v1,mbd,discovery,llm_direct,tone,True,choice,positive,negative,0
discovery_v1,mbd,discovery,llm_direct,tone,True,choice,positive,neutral,0
discovery_v1,mbd,discovery,llm_direct,tone,True,choice,positive,__missing__,0
discovery_v1,mbd,discovery,llm_direct,tone,True,choice,negative,positive,0
discovery_v1,mbd,discovery,llm_direct,tone,True,choice,negative,negative,0
discovery_v1,mbd,discovery,llm_direct,tone,True,choice,negative,neutral,0
discovery_v1,mbd,discovery,llm_direct,tone,True,choice,negative,__missing__,0
discovery_v1,mbd,discovery,llm_direct,tone,True,choice,neutral,positive,6
discovery_v1,mbd,discovery,llm_direct,tone,True,choice,neutral,negative,0
discovery_v1,mbd,discovery,llm_direct,tone,True,choice,neutral,neutral,15
discovery_v1,mbd,discovery,llm_direct,tone,True,choice,neutral,__missing__,0
discovery_v1,mbd,discovery,llm_direct,focus,True,choice,democrat,democrat,0
discovery_v1,mbd,discovery,llm_direct,focus,True,choice,democrat,republican,0
discovery_v1,mbd,discovery,llm_direct,focus,True,choice,democrat,both,0
discovery_v1,mbd,discovery,llm_direct,focus,True,choice,democrat,neither,0
discovery_v1,mbd,discovery,llm_direct,focus,True,choice,democrat,__missing__,0
discovery_v1,mbd,discovery,llm_direct,focus,True,choice,republican,democrat,0
discovery_v1,mbd,discovery,llm_direct,focus,True,choice,republican,republican,0
discovery_v1,mbd,discovery,llm_direct,focus,True,choice,republican,both,0
discovery_v1,mbd,discovery,llm_direct,focus,True,choice,republican,neither,0
discovery_v1,mbd,discovery,llm_direct,focus,True,choice,republican,__missing__,0
discovery_v1,mbd,discovery,llm_direct,focus,True,choice,both,democrat,0
discovery_v1,mbd,discovery,llm_direct,focus,True,choice,both,republican,0
discovery_v1,mbd,discovery,llm_direct,focus,True,choice,both,both,0
discovery_v1,mbd,discovery,llm_direct,focus,True,choice,both,neither,0
discovery_v1,mbd,discovery,llm_direct,focus,True,choice,both,__missing__,0
discovery_v1,mbd,discovery,llm_direct,focus,True,choice,neither,democrat,0
discovery_v1,mbd,discovery,llm_direct,focus,True,choice,neither,republican,0
discovery_v1,mbd,discovery,llm_direct,focus,True,choice,neither,both,0
discovery_v1,mbd,discovery,llm_direct,focus,True,choice,neither,neither,24
discovery_v1,mbd,discovery,llm_direct,focus,True,choice,neither,__missing__,0
discovery_v2,babe,discovery,jev_anchored,label_bias,True,choice,Non-biased,Non-biased,74
discovery_v2,babe,discovery,jev_anchored,label_bias,True,choice,Non-biased,Biased,23
discovery_v2,babe,discovery,jev_anchored,label_bias,True,choice,Non-biased,__missing__,0
discovery_v2,babe,discovery,jev_anchored,label_bias,True,choice,Biased,Non-biased,18
discovery_v2,babe,discovery,jev_anchored,label_bias,True,choice,Biased,Biased,85
discovery_v2,babe,discovery,jev_anchored,label_bias,True,choice,Biased,__missing__,0
discovery_v2,babe,discovery,jev_compact,label_bias,True,choice,Non-biased,Non-biased,73
discovery_v2,babe,discovery,jev_compact,label_bias,True,choice,Non-biased,Biased,24
discovery_v2,babe,discovery,jev_compact,label_bias,True,choice,Non-biased,__missing__,0
discovery_v2,babe,discovery,jev_compact,label_bias,True,choice,Biased,Non-biased,23
discovery_v2,babe,discovery,jev_compact,label_bias,True,choice,Biased,Biased,80
discovery_v2,babe,discovery,jev_compact,label_bias,True,choice,Biased,__missing__,0
discovery_v2,babe,discovery,jev_verbose,label_bias,True,choice,Non-biased,Non-biased,76
discovery_v2,babe,discovery,jev_verbose,label_bias,True,choice,Non-biased,Biased,21
discovery_v2,babe,discovery,jev_verbose,label_bias,True,choice,Non-biased,__missing__,0
discovery_v2,babe,discovery,jev_verbose,label_bias,True,choice,Biased,Non-biased,14
discovery_v2,babe,discovery,jev_verbose,label_bias,True,choice,Biased,Biased,89
discovery_v2,babe,discovery,jev_verbose,label_bias,True,choice,Biased,__missing__,0
discovery_v2,babe,discovery,llm_direct,label_bias,True,choice,Non-biased,Non-biased,74
discovery_v2,babe,discovery,llm_direct,label_bias,True,choice,Non-biased,Biased,23
discovery_v2,babe,discovery,llm_direct,label_bias,True,choice,Non-biased,__missing__,0
discovery_v2,babe,discovery,llm_direct,label_bias,True,choice,Biased,Non-biased,16
discovery_v2,babe,discovery,llm_direct,label_bias,True,choice,Biased,Biased,87
discovery_v2,babe,discovery,llm_direct,label_bias,True,choice,Biased,__missing__,0
discovery_v2,conflict,discovery,jev_anchored,rating_directness_content,True,choice,Yes - Direct Content,Yes - Direct Content,84
discovery_v2,conflict,discovery,jev_anchored,rating_directness_content,True,choice,Yes - Direct Content,Neutral - Content contains no opinion,3
discovery_v2,conflict,discovery,jev_anchored,rating_directness_content,True,choice,Yes - Direct Content,No - Indirect Content,5
discovery_v2,conflict,discovery,jev_anchored,rating_directness_content,True,choice,Yes - Direct Content,__missing__,0
discovery_v2,conflict,discovery,jev_anchored,rating_directness_content,True,choice,Neutral - Content contains no opinion,Yes - Direct Content,0
discovery_v2,conflict,discovery,jev_anchored,rating_directness_content,True,choice,Neutral - Content contains no opinion,Neutral - Content contains no opinion,0
discovery_v2,conflict,discovery,jev_anchored,rating_directness_content,True,choice,Neutral - Content contains no opinion,No - Indirect Content,0
discovery_v2,conflict,discovery,jev_anchored,rating_directness_content,True,choice,Neutral - Content contains no opinion,__missing__,0
discovery_v2,conflict,discovery,jev_anchored,rating_directness_content,True,choice,No - Indirect Content,Yes - Direct Content,0
discovery_v2,conflict,discovery,jev_anchored,rating_directness_content,True,choice,No - Indirect Content,Neutral - Content contains no opinion,0
discovery_v2,conflict,discovery,jev_anchored,rating_directness_content,True,choice,No - Indirect Content,No - Indirect Content,0
discovery_v2,conflict,discovery,jev_anchored,rating_directness_content,True,choice,No - Indirect Content,__missing__,0
discovery_v2,conflict,discovery,jev_anchored,rating_directness_expression,True,choice,Yes - Direct Expression,Yes - Direct Expression,73
discovery_v2,conflict,discovery,jev_anchored,rating_directness_expression,True,choice,Yes - Direct Expression,No - Indirect Expression,14
discovery_v2,conflict,discovery,jev_anchored,rating_directness_expression,True,choice,Yes - Direct Expression,__missing__,0
discovery_v2,conflict,discovery,jev_anchored,rating_directness_expression,True,choice,No - Indirect Expression,Yes - Direct Expression,3
discovery_v2,conflict,discovery,jev_anchored,rating_directness_expression,True,choice,No - Indirect Expression,No - Indirect Expression,2
discovery_v2,conflict,discovery,jev_anchored,rating_directness_expression,True,choice,No - Indirect Expression,__missing__,0
discovery_v2,conflict,discovery,jev_anchored,rating_OI_content,True,choice,Yes - Content opposes someone else,Yes - Content opposes someone else,72
discovery_v2,conflict,discovery,jev_anchored,rating_OI_content,True,choice,Yes - Content opposes someone else,No - Content does not oppose anyone,18
discovery_v2,conflict,discovery,jev_anchored,rating_OI_content,True,choice,Yes - Content opposes someone else,__missing__,0
discovery_v2,conflict,discovery,jev_anchored,rating_OI_content,True,choice,No - Content does not oppose anyone,Yes - Content opposes someone else,1
discovery_v2,conflict,discovery,jev_anchored,rating_OI_content,True,choice,No - Content does not oppose anyone,No - Content does not oppose anyone,1
discovery_v2,conflict,discovery,jev_anchored,rating_OI_content,True,choice,No - Content does not oppose anyone,__missing__,0
discovery_v2,conflict,discovery,jev_anchored,rating_OI_expression,True,choice,Yes - Expression is emotional/forceful,Yes - Expression is emotional/forceful,8
discovery_v2,conflict,discovery,jev_anchored,rating_OI_expression,True,choice,Yes - Expression is emotional/forceful,No - Expression is not emotional/forceful,8
discovery_v2,conflict,discovery,jev_anchored,rating_OI_expression,True,choice,Yes - Expression is emotional/forceful,__missing__,0
discovery_v2,conflict,discovery,jev_anchored,rating_OI_expression,True,choice,No - Expression is not emotional/forceful,Yes - Expression is emotional/forceful,16
discovery_v2,conflict,discovery,jev_anchored,rating_OI_expression,True,choice,No - Expression is not emotional/forceful,No - Expression is not emotional/forceful,60
discovery_v2,conflict,discovery,jev_anchored,rating_OI_expression,True,choice,No - Expression is not emotional/forceful,__missing__,0
discovery_v2,conflict,discovery,jev_compact,rating_directness_content,True,choice,Yes - Direct Content,Yes - Direct Content,85
discovery_v2,conflict,discovery,jev_compact,rating_directness_content,True,choice,Yes - Direct Content,Neutral - Content contains no opinion,3
discovery_v2,conflict,discovery,jev_compact,rating_directness_content,True,choice,Yes - Direct Content,No - Indirect Content,4
discovery_v2,conflict,discovery,jev_compact,rating_directness_content,True,choice,Yes - Direct Content,__missing__,0
discovery_v2,conflict,discovery,jev_compact,rating_directness_content,True,choice,Neutral - Content contains no opinion,Yes - Direct Content,0
discovery_v2,conflict,discovery,jev_compact,rating_directness_content,True,choice,Neutral - Content contains no opinion,Neutral - Content contains no opinion,0
discovery_v2,conflict,discovery,jev_compact,rating_directness_content,True,choice,Neutral - Content contains no opinion,No - Indirect Content,0
discovery_v2,conflict,discovery,jev_compact,rating_directness_content,True,choice,Neutral - Content contains no opinion,__missing__,0
discovery_v2,conflict,discovery,jev_compact,rating_directness_content,True,choice,No - Indirect Content,Yes - Direct Content,0
discovery_v2,conflict,discovery,jev_compact,rating_directness_content,True,choice,No - Indirect Content,Neutral - Content contains no opinion,0
discovery_v2,conflict,discovery,jev_compact,rating_directness_content,True,choice,No - Indirect Content,No - Indirect Content,0
discovery_v2,conflict,discovery,jev_compact,rating_directness_content,True,choice,No - Indirect Content,__missing__,0
discovery_v2,conflict,discovery,jev_compact,rating_directness_expression,True,choice,Yes - Direct Expression,Yes - Direct Expression,73
discovery_v2,conflict,discovery,jev_compact,rating_directness_expression,True,choice,Yes - Direct Expression,No - Indirect Expression,14
discovery_v2,conflict,discovery,jev_compact,rating_directness_expression,True,choice,Yes - Direct Expression,__missing__,0
discovery_v2,conflict,discovery,jev_compact,rating_directness_expression,True,choice,No - Indirect Expression,Yes - Direct Expression,3
discovery_v2,conflict,discovery,jev_compact,rating_directness_expression,True,choice,No - Indirect Expression,No - Indirect Expression,2
discovery_v2,conflict,discovery,jev_compact,rating_directness_expression,True,choice,No - Indirect Expression,__missing__,0
discovery_v2,conflict,discovery,jev_compact,rating_OI_content,True,choice,Yes - Content opposes someone else,Yes - Content opposes someone else,71
discovery_v2,conflict,discovery,jev_compact,rating_OI_content,True,choice,Yes - Content opposes someone else,No - Content does not oppose anyone,19
discovery_v2,conflict,discovery,jev_compact,rating_OI_content,True,choice,Yes - Content opposes someone else,__missing__,0
discovery_v2,conflict,discovery,jev_compact,rating_OI_content,True,choice,No - Content does not oppose anyone,Yes - Content opposes someone else,1
discovery_v2,conflict,discovery,jev_compact,rating_OI_content,True,choice,No - Content does not oppose anyone,No - Content does not oppose anyone,1
discovery_v2,conflict,discovery,jev_compact,rating_OI_content,True,choice,No - Content does not oppose anyone,__missing__,0
discovery_v2,conflict,discovery,jev_compact,rating_OI_expression,True,choice,Yes - Expression is emotional/forceful,Yes - Expression is emotional/forceful,9
discovery_v2,conflict,discovery,jev_compact,rating_OI_expression,True,choice,Yes - Expression is emotional/forceful,No - Expression is not emotional/forceful,7
discovery_v2,conflict,discovery,jev_compact,rating_OI_expression,True,choice,Yes - Expression is emotional/forceful,__missing__,0
discovery_v2,conflict,discovery,jev_compact,rating_OI_expression,True,choice,No - Expression is not emotional/forceful,Yes - Expression is emotional/forceful,15
discovery_v2,conflict,discovery,jev_compact,rating_OI_expression,True,choice,No - Expression is not emotional/forceful,No - Expression is not emotional/forceful,61
discovery_v2,conflict,discovery,jev_compact,rating_OI_expression,True,choice,No - Expression is not emotional/forceful,__missing__,0
discovery_v2,conflict,discovery,jev_verbose,rating_directness_content,True,choice,Yes - Direct Content,Yes - Direct Content,82
discovery_v2,conflict,discovery,jev_verbose,rating_directness_content,True,choice,Yes - Direct Content,Neutral - Content contains no opinion,3
discovery_v2,conflict,discovery,jev_verbose,rating_directness_content,True,choice,Yes - Direct Content,No - Indirect Content,7
discovery_v2,conflict,discovery,jev_verbose,rating_directness_content,True,choice,Yes - Direct Content,__missing__,0
discovery_v2,conflict,discovery,jev_verbose,rating_directness_content,True,choice,Neutral - Content contains no opinion,Yes - Direct Content,0
discovery_v2,conflict,discovery,jev_verbose,rating_directness_content,True,choice,Neutral - Content contains no opinion,Neutral - Content contains no opinion,0
discovery_v2,conflict,discovery,jev_verbose,rating_directness_content,True,choice,Neutral - Content contains no opinion,No - Indirect Content,0
discovery_v2,conflict,discovery,jev_verbose,rating_directness_content,True,choice,Neutral - Content contains no opinion,__missing__,0
discovery_v2,conflict,discovery,jev_verbose,rating_directness_content,True,choice,No - Indirect Content,Yes - Direct Content,0
discovery_v2,conflict,discovery,jev_verbose,rating_directness_content,True,choice,No - Indirect Content,Neutral - Content contains no opinion,0
discovery_v2,conflict,discovery,jev_verbose,rating_directness_content,True,choice,No - Indirect Content,No - Indirect Content,0
discovery_v2,conflict,discovery,jev_verbose,rating_directness_content,True,choice,No - Indirect Content,__missing__,0
discovery_v2,conflict,discovery,jev_verbose,rating_directness_expression,True,choice,Yes - Direct Expression,Yes - Direct Expression,81
discovery_v2,conflict,discovery,jev_verbose,rating_directness_expression,True,choice,Yes - Direct Expression,No - Indirect Expression,6
discovery_v2,conflict,discovery,jev_verbose,rating_directness_expression,True,choice,Yes - Direct Expression,__missing__,0
discovery_v2,conflict,discovery,jev_verbose,rating_directness_expression,True,choice,No - Indirect Expression,Yes - Direct Expression,2
discovery_v2,conflict,discovery,jev_verbose,rating_directness_expression,True,choice,No - Indirect Expression,No - Indirect Expression,3
discovery_v2,conflict,discovery,jev_verbose,rating_directness_expression,True,choice,No - Indirect Expression,__missing__,0
discovery_v2,conflict,discovery,jev_verbose,rating_OI_content,True,choice,Yes - Content opposes someone else,Yes - Content opposes someone else,76
discovery_v2,conflict,discovery,jev_verbose,rating_OI_content,True,choice,Yes - Content opposes someone else,No - Content does not oppose anyone,14
discovery_v2,conflict,discovery,jev_verbose,rating_OI_content,True,choice,Yes - Content opposes someone else,__missing__,0
discovery_v2,conflict,discovery,jev_verbose,rating_OI_content,True,choice,No - Content does not oppose anyone,Yes - Content opposes someone else,0
discovery_v2,conflict,discovery,jev_verbose,rating_OI_content,True,choice,No - Content does not oppose anyone,No - Content does not oppose anyone,2
discovery_v2,conflict,discovery,jev_verbose,rating_OI_content,True,choice,No - Content does not oppose anyone,__missing__,0
discovery_v2,conflict,discovery,jev_verbose,rating_OI_expression,True,choice,Yes - Expression is emotional/forceful,Yes - Expression is emotional/forceful,9
discovery_v2,conflict,discovery,jev_verbose,rating_OI_expression,True,choice,Yes - Expression is emotional/forceful,No - Expression is not emotional/forceful,7
discovery_v2,conflict,discovery,jev_verbose,rating_OI_expression,True,choice,Yes - Expression is emotional/forceful,__missing__,0
discovery_v2,conflict,discovery,jev_verbose,rating_OI_expression,True,choice,No - Expression is not emotional/forceful,Yes - Expression is emotional/forceful,19
discovery_v2,conflict,discovery,jev_verbose,rating_OI_expression,True,choice,No - Expression is not emotional/forceful,No - Expression is not emotional/forceful,57
discovery_v2,conflict,discovery,jev_verbose,rating_OI_expression,True,choice,No - Expression is not emotional/forceful,__missing__,0
discovery_v2,conflict,discovery,llm_direct,rating_directness_content,True,choice,Yes - Direct Content,Yes - Direct Content,89
discovery_v2,conflict,discovery,llm_direct,rating_directness_content,True,choice,Yes - Direct Content,Neutral - Content contains no opinion,1
discovery_v2,conflict,discovery,llm_direct,rating_directness_content,True,choice,Yes - Direct Content,No - Indirect Content,2
discovery_v2,conflict,discovery,llm_direct,rating_directness_content,True,choice,Yes - Direct Content,__missing__,0
discovery_v2,conflict,discovery,llm_direct,rating_directness_content,True,choice,Neutral - Content contains no opinion,Yes - Direct Content,0
discovery_v2,conflict,discovery,llm_direct,rating_directness_content,True,choice,Neutral - Content contains no opinion,Neutral - Content contains no opinion,0
discovery_v2,conflict,discovery,llm_direct,rating_directness_content,True,choice,Neutral - Content contains no opinion,No - Indirect Content,0
discovery_v2,conflict,discovery,llm_direct,rating_directness_content,True,choice,Neutral - Content contains no opinion,__missing__,0
discovery_v2,conflict,discovery,llm_direct,rating_directness_content,True,choice,No - Indirect Content,Yes - Direct Content,0
discovery_v2,conflict,discovery,llm_direct,rating_directness_content,True,choice,No - Indirect Content,Neutral - Content contains no opinion,0
discovery_v2,conflict,discovery,llm_direct,rating_directness_content,True,choice,No - Indirect Content,No - Indirect Content,0
discovery_v2,conflict,discovery,llm_direct,rating_directness_content,True,choice,No - Indirect Content,__missing__,0
discovery_v2,conflict,discovery,llm_direct,rating_directness_expression,True,choice,Yes - Direct Expression,Yes - Direct Expression,84
discovery_v2,conflict,discovery,llm_direct,rating_directness_expression,True,choice,Yes - Direct Expression,No - Indirect Expression,3
discovery_v2,conflict,discovery,llm_direct,rating_directness_expression,True,choice,Yes - Direct Expression,__missing__,0
discovery_v2,conflict,discovery,llm_direct,rating_directness_expression,True,choice,No - Indirect Expression,Yes - Direct Expression,3
discovery_v2,conflict,discovery,llm_direct,rating_directness_expression,True,choice,No - Indirect Expression,No - Indirect Expression,2
discovery_v2,conflict,discovery,llm_direct,rating_directness_expression,True,choice,No - Indirect Expression,__missing__,0
discovery_v2,conflict,discovery,llm_direct,rating_OI_content,True,choice,Yes - Content opposes someone else,Yes - Content opposes someone else,67
discovery_v2,conflict,discovery,llm_direct,rating_OI_content,True,choice,Yes - Content opposes someone else,No - Content does not oppose anyone,23
discovery_v2,conflict,discovery,llm_direct,rating_OI_content,True,choice,Yes - Content opposes someone else,__missing__,0
discovery_v2,conflict,discovery,llm_direct,rating_OI_content,True,choice,No - Content does not oppose anyone,Yes - Content opposes someone else,0
discovery_v2,conflict,discovery,llm_direct,rating_OI_content,True,choice,No - Content does not oppose anyone,No - Content does not oppose anyone,2
discovery_v2,conflict,discovery,llm_direct,rating_OI_content,True,choice,No - Content does not oppose anyone,__missing__,0
discovery_v2,conflict,discovery,llm_direct,rating_OI_expression,True,choice,Yes - Expression is emotional/forceful,Yes - Expression is emotional/forceful,7
discovery_v2,conflict,discovery,llm_direct,rating_OI_expression,True,choice,Yes - Expression is emotional/forceful,No - Expression is not emotional/forceful,9
discovery_v2,conflict,discovery,llm_direct,rating_OI_expression,True,choice,Yes - Expression is emotional/forceful,__missing__,0
discovery_v2,conflict,discovery,llm_direct,rating_OI_expression,True,choice,No - Expression is not emotional/forceful,Yes - Expression is emotional/forceful,11
discovery_v2,conflict,discovery,llm_direct,rating_OI_expression,True,choice,No - Expression is not emotional/forceful,No - Expression is not emotional/forceful,65
discovery_v2,conflict,discovery,llm_direct,rating_OI_expression,True,choice,No - Expression is not emotional/forceful,__missing__,0
discovery_v2,mbd,discovery,jev_anchored,type,True,choice,fact,fact,32
discovery_v2,mbd,discovery,jev_anchored,type,True,choice,fact,opinion,0
discovery_v2,mbd,discovery,jev_anchored,type,True,choice,fact,borderline,3
discovery_v2,mbd,discovery,jev_anchored,type,True,choice,fact,quote,0
discovery_v2,mbd,discovery,jev_anchored,type,True,choice,fact,other,6
discovery_v2,mbd,discovery,jev_anchored,type,True,choice,fact,__missing__,65
discovery_v2,mbd,discovery,jev_anchored,type,True,choice,opinion,fact,0
discovery_v2,mbd,discovery,jev_anchored,type,True,choice,opinion,opinion,2
discovery_v2,mbd,discovery,jev_anchored,type,True,choice,opinion,borderline,0
discovery_v2,mbd,discovery,jev_anchored,type,True,choice,opinion,quote,2
discovery_v2,mbd,discovery,jev_anchored,type,True,choice,opinion,other,0
discovery_v2,mbd,discovery,jev_anchored,type,True,choice,opinion,__missing__,0
discovery_v2,mbd,discovery,jev_anchored,type,True,choice,borderline,fact,0
discovery_v2,mbd,discovery,jev_anchored,type,True,choice,borderline,opinion,0
discovery_v2,mbd,discovery,jev_anchored,type,True,choice,borderline,borderline,0
discovery_v2,mbd,discovery,jev_anchored,type,True,choice,borderline,quote,0
discovery_v2,mbd,discovery,jev_anchored,type,True,choice,borderline,other,0
discovery_v2,mbd,discovery,jev_anchored,type,True,choice,borderline,__missing__,1
discovery_v2,mbd,discovery,jev_anchored,type,True,choice,quote,fact,3
discovery_v2,mbd,discovery,jev_anchored,type,True,choice,quote,opinion,2
discovery_v2,mbd,discovery,jev_anchored,type,True,choice,quote,borderline,0
discovery_v2,mbd,discovery,jev_anchored,type,True,choice,quote,quote,47
discovery_v2,mbd,discovery,jev_anchored,type,True,choice,quote,other,0
discovery_v2,mbd,discovery,jev_anchored,type,True,choice,quote,__missing__,21
discovery_v2,mbd,discovery,jev_anchored,type,True,choice,other,fact,4
discovery_v2,mbd,discovery,jev_anchored,type,True,choice,other,opinion,0
discovery_v2,mbd,discovery,jev_anchored,type,True,choice,other,borderline,0
discovery_v2,mbd,discovery,jev_anchored,type,True,choice,other,quote,0
discovery_v2,mbd,discovery,jev_anchored,type,True,choice,other,other,12
discovery_v2,mbd,discovery,jev_anchored,type,True,choice,other,__missing__,9
discovery_v2,mbd,discovery,jev_anchored,tone,True,choice,positive,positive,10
discovery_v2,mbd,discovery,jev_anchored,tone,True,choice,positive,negative,0
discovery_v2,mbd,discovery,jev_anchored,tone,True,choice,positive,neutral,1
discovery_v2,mbd,discovery,jev_anchored,tone,True,choice,positive,__missing__,1
discovery_v2,mbd,discovery,jev_anchored,tone,True,choice,negative,positive,0
discovery_v2,mbd,discovery,jev_anchored,tone,True,choice,negative,negative,24
discovery_v2,mbd,discovery,jev_anchored,tone,True,choice,negative,neutral,3
discovery_v2,mbd,discovery,jev_anchored,tone,True,choice,negative,__missing__,8
discovery_v2,mbd,discovery,jev_anchored,tone,True,choice,neutral,positive,8
discovery_v2,mbd,discovery,jev_anchored,tone,True,choice,neutral,negative,5
discovery_v2,mbd,discovery,jev_anchored,tone,True,choice,neutral,neutral,63
discovery_v2,mbd,discovery,jev_anchored,tone,True,choice,neutral,__missing__,87
discovery_v2,mbd,discovery,jev_anchored,focus,True,choice,democrat,democrat,6
discovery_v2,mbd,discovery,jev_anchored,focus,True,choice,democrat,republican,0
discovery_v2,mbd,discovery,jev_anchored,focus,True,choice,democrat,both,0
discovery_v2,mbd,discovery,jev_anchored,focus,True,choice,democrat,neither,1
discovery_v2,mbd,discovery,jev_anchored,focus,True,choice,democrat,__missing__,8
discovery_v2,mbd,discovery,jev_anchored,focus,True,choice,republican,democrat,0
discovery_v2,mbd,discovery,jev_anchored,focus,True,choice,republican,republican,14
discovery_v2,mbd,discovery,jev_anchored,focus,True,choice,republican,both,2
discovery_v2,mbd,discovery,jev_anchored,focus,True,choice,republican,neither,6
discovery_v2,mbd,discovery,jev_anchored,focus,True,choice,republican,__missing__,12
discovery_v2,mbd,discovery,jev_anchored,focus,True,choice,both,democrat,3
discovery_v2,mbd,discovery,jev_anchored,focus,True,choice,both,republican,0
discovery_v2,mbd,discovery,jev_anchored,focus,True,choice,both,both,7
discovery_v2,mbd,discovery,jev_anchored,focus,True,choice,both,neither,1
discovery_v2,mbd,discovery,jev_anchored,focus,True,choice,both,__missing__,0
discovery_v2,mbd,discovery,jev_anchored,focus,True,choice,neither,democrat,1
discovery_v2,mbd,discovery,jev_anchored,focus,True,choice,neither,republican,0
discovery_v2,mbd,discovery,jev_anchored,focus,True,choice,neither,both,2
discovery_v2,mbd,discovery,jev_anchored,focus,True,choice,neither,neither,65
discovery_v2,mbd,discovery,jev_anchored,focus,True,choice,neither,__missing__,76
discovery_v2,mbd,discovery,jev_compact,type,True,choice,fact,fact,30
discovery_v2,mbd,discovery,jev_compact,type,True,choice,fact,opinion,1
discovery_v2,mbd,discovery,jev_compact,type,True,choice,fact,borderline,2
discovery_v2,mbd,discovery,jev_compact,type,True,choice,fact,quote,1
discovery_v2,mbd,discovery,jev_compact,type,True,choice,fact,other,7
discovery_v2,mbd,discovery,jev_compact,type,True,choice,fact,__missing__,65
discovery_v2,mbd,discovery,jev_compact,type,True,choice,opinion,fact,0
discovery_v2,mbd,discovery,jev_compact,type,True,choice,opinion,opinion,2
discovery_v2,mbd,discovery,jev_compact,type,True,choice,opinion,borderline,0
discovery_v2,mbd,discovery,jev_compact,type,True,choice,opinion,quote,2
discovery_v2,mbd,discovery,jev_compact,type,True,choice,opinion,other,0
discovery_v2,mbd,discovery,jev_compact,type,True,choice,opinion,__missing__,0
discovery_v2,mbd,discovery,jev_compact,type,True,choice,borderline,fact,0
discovery_v2,mbd,discovery,jev_compact,type,True,choice,borderline,opinion,0
discovery_v2,mbd,discovery,jev_compact,type,True,choice,borderline,borderline,0
discovery_v2,mbd,discovery,jev_compact,type,True,choice,borderline,quote,0
discovery_v2,mbd,discovery,jev_compact,type,True,choice,borderline,other,0
discovery_v2,mbd,discovery,jev_compact,type,True,choice,borderline,__missing__,1
discovery_v2,mbd,discovery,jev_compact,type,True,choice,quote,fact,3
discovery_v2,mbd,discovery,jev_compact,type,True,choice,quote,opinion,2
discovery_v2,mbd,discovery,jev_compact,type,True,choice,quote,borderline,0
discovery_v2,mbd,discovery,jev_compact,type,True,choice,quote,quote,47
discovery_v2,mbd,discovery,jev_compact,type,True,choice,quote,other,0
discovery_v2,mbd,discovery,jev_compact,type,True,choice,quote,__missing__,21
discovery_v2,mbd,discovery,jev_compact,type,True,choice,other,fact,4
discovery_v2,mbd,discovery,jev_compact,type,True,choice,other,opinion,0
discovery_v2,mbd,discovery,jev_compact,type,True,choice,other,borderline,0
discovery_v2,mbd,discovery,jev_compact,type,True,choice,other,quote,0
discovery_v2,mbd,discovery,jev_compact,type,True,choice,other,other,12
discovery_v2,mbd,discovery,jev_compact,type,True,choice,other,__missing__,9
discovery_v2,mbd,discovery,jev_compact,tone,True,choice,positive,positive,10
discovery_v2,mbd,discovery,jev_compact,tone,True,choice,positive,negative,0
discovery_v2,mbd,discovery,jev_compact,tone,True,choice,positive,neutral,1
discovery_v2,mbd,discovery,jev_compact,tone,True,choice,positive,__missing__,1
discovery_v2,mbd,discovery,jev_compact,tone,True,choice,negative,positive,0
discovery_v2,mbd,discovery,jev_compact,tone,True,choice,negative,negative,24
discovery_v2,mbd,discovery,jev_compact,tone,True,choice,negative,neutral,3
discovery_v2,mbd,discovery,jev_compact,tone,True,choice,negative,__missing__,8
discovery_v2,mbd,discovery,jev_compact,tone,True,choice,neutral,positive,8
discovery_v2,mbd,discovery,jev_compact,tone,True,choice,neutral,negative,6
discovery_v2,mbd,discovery,jev_compact,tone,True,choice,neutral,neutral,62
discovery_v2,mbd,discovery,jev_compact,tone,True,choice,neutral,__missing__,87
discovery_v2,mbd,discovery,jev_compact,focus,True,choice,democrat,democrat,5
discovery_v2,mbd,discovery,jev_compact,focus,True,choice,democrat,republican,0
discovery_v2,mbd,discovery,jev_compact,focus,True,choice,democrat,both,1
discovery_v2,mbd,discovery,jev_compact,focus,True,choice,democrat,neither,1
discovery_v2,mbd,discovery,jev_compact,focus,True,choice,democrat,__missing__,8
discovery_v2,mbd,discovery,jev_compact,focus,True,choice,republican,democrat,0
discovery_v2,mbd,discovery,jev_compact,focus,True,choice,republican,republican,16
discovery_v2,mbd,discovery,jev_compact,focus,True,choice,republican,both,1
discovery_v2,mbd,discovery,jev_compact,focus,True,choice,republican,neither,5
discovery_v2,mbd,discovery,jev_compact,focus,True,choice,republican,__missing__,12
discovery_v2,mbd,discovery,jev_compact,focus,True,choice,both,democrat,2
discovery_v2,mbd,discovery,jev_compact,focus,True,choice,both,republican,0
discovery_v2,mbd,discovery,jev_compact,focus,True,choice,both,both,8
discovery_v2,mbd,discovery,jev_compact,focus,True,choice,both,neither,1
discovery_v2,mbd,discovery,jev_compact,focus,True,choice,both,__missing__,0
discovery_v2,mbd,discovery,jev_compact,focus,True,choice,neither,democrat,1
discovery_v2,mbd,discovery,jev_compact,focus,True,choice,neither,republican,0
discovery_v2,mbd,discovery,jev_compact,focus,True,choice,neither,both,2
discovery_v2,mbd,discovery,jev_compact,focus,True,choice,neither,neither,65
discovery_v2,mbd,discovery,jev_compact,focus,True,choice,neither,__missing__,76
discovery_v2,mbd,discovery,jev_verbose,type,True,choice,fact,fact,30
discovery_v2,mbd,discovery,jev_verbose,type,True,choice,fact,opinion,1
discovery_v2,mbd,discovery,jev_verbose,type,True,choice,fact,borderline,6
discovery_v2,mbd,discovery,jev_verbose,type,True,choice,fact,quote,0
discovery_v2,mbd,discovery,jev_verbose,type,True,choice,fact,other,4
discovery_v2,mbd,discovery,jev_verbose,type,True,choice,fact,__missing__,65
discovery_v2,mbd,discovery,jev_verbose,type,True,choice,opinion,fact,0
discovery_v2,mbd,discovery,jev_verbose,type,True,choice,opinion,opinion,2
discovery_v2,mbd,discovery,jev_verbose,type,True,choice,opinion,borderline,0
discovery_v2,mbd,discovery,jev_verbose,type,True,choice,opinion,quote,2
discovery_v2,mbd,discovery,jev_verbose,type,True,choice,opinion,other,0
discovery_v2,mbd,discovery,jev_verbose,type,True,choice,opinion,__missing__,0
discovery_v2,mbd,discovery,jev_verbose,type,True,choice,borderline,fact,0
discovery_v2,mbd,discovery,jev_verbose,type,True,choice,borderline,opinion,0
discovery_v2,mbd,discovery,jev_verbose,type,True,choice,borderline,borderline,0
discovery_v2,mbd,discovery,jev_verbose,type,True,choice,borderline,quote,0
discovery_v2,mbd,discovery,jev_verbose,type,True,choice,borderline,other,0
discovery_v2,mbd,discovery,jev_verbose,type,True,choice,borderline,__missing__,1
discovery_v2,mbd,discovery,jev_verbose,type,True,choice,quote,fact,3
discovery_v2,mbd,discovery,jev_verbose,type,True,choice,quote,opinion,2
discovery_v2,mbd,discovery,jev_verbose,type,True,choice,quote,borderline,2
discovery_v2,mbd,discovery,jev_verbose,type,True,choice,quote,quote,45
discovery_v2,mbd,discovery,jev_verbose,type,True,choice,quote,other,0
discovery_v2,mbd,discovery,jev_verbose,type,True,choice,quote,__missing__,21
discovery_v2,mbd,discovery,jev_verbose,type,True,choice,other,fact,7
discovery_v2,mbd,discovery,jev_verbose,type,True,choice,other,opinion,0
discovery_v2,mbd,discovery,jev_verbose,type,True,choice,other,borderline,0
discovery_v2,mbd,discovery,jev_verbose,type,True,choice,other,quote,0
discovery_v2,mbd,discovery,jev_verbose,type,True,choice,other,other,9
discovery_v2,mbd,discovery,jev_verbose,type,True,choice,other,__missing__,9
discovery_v2,mbd,discovery,jev_verbose,tone,True,choice,positive,positive,10
discovery_v2,mbd,discovery,jev_verbose,tone,True,choice,positive,negative,0
discovery_v2,mbd,discovery,jev_verbose,tone,True,choice,positive,neutral,1
discovery_v2,mbd,discovery,jev_verbose,tone,True,choice,positive,__missing__,1
discovery_v2,mbd,discovery,jev_verbose,tone,True,choice,negative,positive,0
discovery_v2,mbd,discovery,jev_verbose,tone,True,choice,negative,negative,24
discovery_v2,mbd,discovery,jev_verbose,tone,True,choice,negative,neutral,3
discovery_v2,mbd,discovery,jev_verbose,tone,True,choice,negative,__missing__,8
discovery_v2,mbd,discovery,jev_verbose,tone,True,choice,neutral,positive,13
discovery_v2,mbd,discovery,jev_verbose,tone,True,choice,neutral,negative,8
discovery_v2,mbd,discovery,jev_verbose,tone,True,choice,neutral,neutral,55
discovery_v2,mbd,discovery,jev_verbose,tone,True,choice,neutral,__missing__,87
discovery_v2,mbd,discovery,jev_verbose,focus,True,choice,democrat,democrat,7
discovery_v2,mbd,discovery,jev_verbose,focus,True,choice,democrat,republican,0
discovery_v2,mbd,discovery,jev_verbose,focus,True,choice,democrat,both,0
discovery_v2,mbd,discovery,jev_verbose,focus,True,choice,democrat,neither,0
discovery_v2,mbd,discovery,jev_verbose,focus,True,choice,democrat,__missing__,8
discovery_v2,mbd,discovery,jev_verbose,focus,True,choice,republican,democrat,0
discovery_v2,mbd,discovery,jev_verbose,focus,True,choice,republican,republican,16
discovery_v2,mbd,discovery,jev_verbose,focus,True,choice,republican,both,0
discovery_v2,mbd,discovery,jev_verbose,focus,True,choice,republican,neither,6
discovery_v2,mbd,discovery,jev_verbose,focus,True,choice,republican,__missing__,12
discovery_v2,mbd,discovery,jev_verbose,focus,True,choice,both,democrat,3
discovery_v2,mbd,discovery,jev_verbose,focus,True,choice,both,republican,0
discovery_v2,mbd,discovery,jev_verbose,focus,True,choice,both,both,7
discovery_v2,mbd,discovery,jev_verbose,focus,True,choice,both,neither,1
discovery_v2,mbd,discovery,jev_verbose,focus,True,choice,both,__missing__,0
discovery_v2,mbd,discovery,jev_verbose,focus,True,choice,neither,democrat,0
discovery_v2,mbd,discovery,jev_verbose,focus,True,choice,neither,republican,0
discovery_v2,mbd,discovery,jev_verbose,focus,True,choice,neither,both,1
discovery_v2,mbd,discovery,jev_verbose,focus,True,choice,neither,neither,67
discovery_v2,mbd,discovery,jev_verbose,focus,True,choice,neither,__missing__,76
discovery_v2,mbd,discovery,llm_direct,type,True,choice,fact,fact,87
discovery_v2,mbd,discovery,llm_direct,type,True,choice,fact,opinion,7
discovery_v2,mbd,discovery,llm_direct,type,True,choice,fact,borderline,2
discovery_v2,mbd,discovery,llm_direct,type,True,choice,fact,quote,4
discovery_v2,mbd,discovery,llm_direct,type,True,choice,fact,other,6
discovery_v2,mbd,discovery,llm_direct,type,True,choice,fact,__missing__,0
discovery_v2,mbd,discovery,llm_direct,type,True,choice,opinion,fact,0
discovery_v2,mbd,discovery,llm_direct,type,True,choice,opinion,opinion,2
discovery_v2,mbd,discovery,llm_direct,type,True,choice,opinion,borderline,0
discovery_v2,mbd,discovery,llm_direct,type,True,choice,opinion,quote,2
discovery_v2,mbd,discovery,llm_direct,type,True,choice,opinion,other,0
discovery_v2,mbd,discovery,llm_direct,type,True,choice,opinion,__missing__,0
discovery_v2,mbd,discovery,llm_direct,type,True,choice,borderline,fact,1
discovery_v2,mbd,discovery,llm_direct,type,True,choice,borderline,opinion,0
discovery_v2,mbd,discovery,llm_direct,type,True,choice,borderline,borderline,0
discovery_v2,mbd,discovery,llm_direct,type,True,choice,borderline,quote,0
discovery_v2,mbd,discovery,llm_direct,type,True,choice,borderline,other,0
discovery_v2,mbd,discovery,llm_direct,type,True,choice,borderline,__missing__,0
discovery_v2,mbd,discovery,llm_direct,type,True,choice,quote,fact,4
discovery_v2,mbd,discovery,llm_direct,type,True,choice,quote,opinion,0
discovery_v2,mbd,discovery,llm_direct,type,True,choice,quote,borderline,0
discovery_v2,mbd,discovery,llm_direct,type,True,choice,quote,quote,69
discovery_v2,mbd,discovery,llm_direct,type,True,choice,quote,other,0
discovery_v2,mbd,discovery,llm_direct,type,True,choice,quote,__missing__,0
discovery_v2,mbd,discovery,llm_direct,type,True,choice,other,fact,2
discovery_v2,mbd,discovery,llm_direct,type,True,choice,other,opinion,0
discovery_v2,mbd,discovery,llm_direct,type,True,choice,other,borderline,0
discovery_v2,mbd,discovery,llm_direct,type,True,choice,other,quote,0
discovery_v2,mbd,discovery,llm_direct,type,True,choice,other,other,23
discovery_v2,mbd,discovery,llm_direct,type,True,choice,other,__missing__,0
discovery_v2,mbd,discovery,llm_direct,tone,True,choice,positive,positive,10
discovery_v2,mbd,discovery,llm_direct,tone,True,choice,positive,negative,0
discovery_v2,mbd,discovery,llm_direct,tone,True,choice,positive,neutral,2
discovery_v2,mbd,discovery,llm_direct,tone,True,choice,positive,__missing__,0
discovery_v2,mbd,discovery,llm_direct,tone,True,choice,negative,positive,0
discovery_v2,mbd,discovery,llm_direct,tone,True,choice,negative,negative,27
discovery_v2,mbd,discovery,llm_direct,tone,True,choice,negative,neutral,8
discovery_v2,mbd,discovery,llm_direct,tone,True,choice,negative,__missing__,0
discovery_v2,mbd,discovery,llm_direct,tone,True,choice,neutral,positive,13
discovery_v2,mbd,discovery,llm_direct,tone,True,choice,neutral,negative,7
discovery_v2,mbd,discovery,llm_direct,tone,True,choice,neutral,neutral,143
discovery_v2,mbd,discovery,llm_direct,tone,True,choice,neutral,__missing__,0
discovery_v2,mbd,discovery,llm_direct,focus,True,choice,democrat,democrat,8
discovery_v2,mbd,discovery,llm_direct,focus,True,choice,democrat,republican,0
discovery_v2,mbd,discovery,llm_direct,focus,True,choice,democrat,both,2
discovery_v2,mbd,discovery,llm_direct,focus,True,choice,democrat,neither,5
discovery_v2,mbd,discovery,llm_direct,focus,True,choice,democrat,__missing__,0
discovery_v2,mbd,discovery,llm_direct,focus,True,choice,republican,democrat,0
discovery_v2,mbd,discovery,llm_direct,focus,True,choice,republican,republican,19
discovery_v2,mbd,discovery,llm_direct,focus,True,choice,republican,both,2
discovery_v2,mbd,discovery,llm_direct,focus,True,choice,republican,neither,13
discovery_v2,mbd,discovery,llm_direct,focus,True,choice,republican,__missing__,0
discovery_v2,mbd,discovery,llm_direct,focus,True,choice,both,democrat,2
discovery_v2,mbd,discovery,llm_direct,focus,True,choice,both,republican,0
discovery_v2,mbd,discovery,llm_direct,focus,True,choice,both,both,8
discovery_v2,mbd,discovery,llm_direct,focus,True,choice,both,neither,1
discovery_v2,mbd,discovery,llm_direct,focus,True,choice,both,__missing__,0
discovery_v2,mbd,discovery,llm_direct,focus,True,choice,neither,democrat,0
discovery_v2,mbd,discovery,llm_direct,focus,True,choice,neither,republican,1
discovery_v2,mbd,discovery,llm_direct,focus,True,choice,neither,both,0
discovery_v2,mbd,discovery,llm_direct,focus,True,choice,neither,neither,143
discovery_v2,mbd,discovery,llm_direct,focus,True,choice,neither,__missing__,0
discovery_v2,ucc,discovery,jev_anchored,healthy,True,choice,0,0,12
discovery_v2,ucc,discovery,jev_anchored,healthy,True,choice,0,1,6
discovery_v2,ucc,discovery,jev_anchored,healthy,True,choice,0,__missing__,0
discovery_v2,ucc,discovery,jev_anchored,healthy,True,choice,1,0,102
discovery_v2,ucc,discovery,jev_anchored,healthy,True,choice,1,1,90
discovery_v2,ucc,discovery,jev_anchored,healthy,True,choice,1,__missing__,0
discovery_v2,ucc,discovery,jev_anchored,sarcastic,True,choice,0,0,142
discovery_v2,ucc,discovery,jev_anchored,sarcastic,True,choice,0,1,63
discovery_v2,ucc,discovery,jev_anchored,sarcastic,True,choice,0,__missing__,0
discovery_v2,ucc,discovery,jev_anchored,sarcastic,True,choice,1,0,2
discovery_v2,ucc,discovery,jev_anchored,sarcastic,True,choice,1,1,3
discovery_v2,ucc,discovery,jev_anchored,sarcastic,True,choice,1,__missing__,0
discovery_v2,ucc,discovery,jev_anchored,generalisation,False,choice,0,0,171
discovery_v2,ucc,discovery,jev_anchored,generalisation,False,choice,0,1,36
discovery_v2,ucc,discovery,jev_anchored,generalisation,False,choice,0,__missing__,0
discovery_v2,ucc,discovery,jev_anchored,generalisation,False,choice,1,0,0
discovery_v2,ucc,discovery,jev_anchored,generalisation,False,choice,1,1,3
discovery_v2,ucc,discovery,jev_anchored,generalisation,False,choice,1,__missing__,0
discovery_v2,ucc,discovery,jev_anchored,generalisation_unfair,True,choice,0,0,170
discovery_v2,ucc,discovery,jev_anchored,generalisation_unfair,True,choice,0,1,37
discovery_v2,ucc,discovery,jev_anchored,generalisation_unfair,True,choice,0,__missing__,0
discovery_v2,ucc,discovery,jev_anchored,generalisation_unfair,True,choice,1,0,2
discovery_v2,ucc,discovery,jev_anchored,generalisation_unfair,True,choice,1,1,1
discovery_v2,ucc,discovery,jev_anchored,generalisation_unfair,True,choice,1,__missing__,0
discovery_v2,ucc,discovery,jev_anchored,hostile,True,choice,0,0,146
discovery_v2,ucc,discovery,jev_anchored,hostile,True,choice,0,1,62
discovery_v2,ucc,discovery,jev_anchored,hostile,True,choice,0,__missing__,0
discovery_v2,ucc,discovery,jev_anchored,hostile,True,choice,1,0,0
discovery_v2,ucc,discovery,jev_anchored,hostile,True,choice,1,1,2
discovery_v2,ucc,discovery,jev_anchored,hostile,True,choice,1,__missing__,0
discovery_v2,ucc,discovery,jev_anchored,antagonize,True,choice,0,0,110
discovery_v2,ucc,discovery,jev_anchored,antagonize,True,choice,0,1,93
discovery_v2,ucc,discovery,jev_anchored,antagonize,True,choice,0,__missing__,0
discovery_v2,ucc,discovery,jev_anchored,antagonize,True,choice,1,0,1
discovery_v2,ucc,discovery,jev_anchored,antagonize,True,choice,1,1,6
discovery_v2,ucc,discovery,jev_anchored,antagonize,True,choice,1,__missing__,0
discovery_v2,ucc,discovery,jev_anchored,condescending,True,choice,0,0,137
discovery_v2,ucc,discovery,jev_anchored,condescending,True,choice,0,1,69
discovery_v2,ucc,discovery,jev_anchored,condescending,True,choice,0,__missing__,0
discovery_v2,ucc,discovery,jev_anchored,condescending,True,choice,1,0,2
discovery_v2,ucc,discovery,jev_anchored,condescending,True,choice,1,1,2
discovery_v2,ucc,discovery,jev_anchored,condescending,True,choice,1,__missing__,0
discovery_v2,ucc,discovery,jev_anchored,dismissive,True,choice,0,0,137
discovery_v2,ucc,discovery,jev_anchored,dismissive,True,choice,0,1,70
discovery_v2,ucc,discovery,jev_anchored,dismissive,True,choice,0,__missing__,0
discovery_v2,ucc,discovery,jev_anchored,dismissive,True,choice,1,0,1
discovery_v2,ucc,discovery,jev_anchored,dismissive,True,choice,1,1,2
discovery_v2,ucc,discovery,jev_anchored,dismissive,True,choice,1,__missing__,0
discovery_v2,ucc,discovery,jev_compact,healthy,True,choice,0,0,12
discovery_v2,ucc,discovery,jev_compact,healthy,True,choice,0,1,6
discovery_v2,ucc,discovery,jev_compact,healthy,True,choice,0,__missing__,0
discovery_v2,ucc,discovery,jev_compact,healthy,True,choice,1,0,99
discovery_v2,ucc,discovery,jev_compact,healthy,True,choice,1,1,93
discovery_v2,ucc,discovery,jev_compact,healthy,True,choice,1,__missing__,0
discovery_v2,ucc,discovery,jev_compact,sarcastic,True,choice,0,0,142
discovery_v2,ucc,discovery,jev_compact,sarcastic,True,choice,0,1,63
discovery_v2,ucc,discovery,jev_compact,sarcastic,True,choice,0,__missing__,0
discovery_v2,ucc,discovery,jev_compact,sarcastic,True,choice,1,0,1
discovery_v2,ucc,discovery,jev_compact,sarcastic,True,choice,1,1,4
discovery_v2,ucc,discovery,jev_compact,sarcastic,True,choice,1,__missing__,0
discovery_v2,ucc,discovery,jev_compact,generalisation,False,choice,0,0,173
discovery_v2,ucc,discovery,jev_compact,generalisation,False,choice,0,1,34
discovery_v2,ucc,discovery,jev_compact,generalisation,False,choice,0,__missing__,0
discovery_v2,ucc,discovery,jev_compact,generalisation,False,choice,1,0,1
discovery_v2,ucc,discovery,jev_compact,generalisation,False,choice,1,1,2
discovery_v2,ucc,discovery,jev_compact,generalisation,False,choice,1,__missing__,0
discovery_v2,ucc,discovery,jev_compact,generalisation_unfair,True,choice,0,0,176
discovery_v2,ucc,discovery,jev_compact,generalisation_unfair,True,choice,0,1,31
discovery_v2,ucc,discovery,jev_compact,generalisation_unfair,True,choice,0,__missing__,0
discovery_v2,ucc,discovery,jev_compact,generalisation_unfair,True,choice,1,0,2
discovery_v2,ucc,discovery,jev_compact,generalisation_unfair,True,choice,1,1,1
discovery_v2,ucc,discovery,jev_compact,generalisation_unfair,True,choice,1,__missing__,0
discovery_v2,ucc,discovery,jev_compact,hostile,True,choice,0,0,152
discovery_v2,ucc,discovery,jev_compact,hostile,True,choice,0,1,56
discovery_v2,ucc,discovery,jev_compact,hostile,True,choice,0,__missing__,0
discovery_v2,ucc,discovery,jev_compact,hostile,True,choice,1,0,0
discovery_v2,ucc,discovery,jev_compact,hostile,True,choice,1,1,2
discovery_v2,ucc,discovery,jev_compact,hostile,True,choice,1,__missing__,0
discovery_v2,ucc,discovery,jev_compact,antagonize,True,choice,0,0,111
discovery_v2,ucc,discovery,jev_compact,antagonize,True,choice,0,1,92
discovery_v2,ucc,discovery,jev_compact,antagonize,True,choice,0,__missing__,0
discovery_v2,ucc,discovery,jev_compact,antagonize,True,choice,1,0,1
discovery_v2,ucc,discovery,jev_compact,antagonize,True,choice,1,1,6
discovery_v2,ucc,discovery,jev_compact,antagonize,True,choice,1,__missing__,0
discovery_v2,ucc,discovery,jev_compact,condescending,True,choice,0,0,143
discovery_v2,ucc,discovery,jev_compact,condescending,True,choice,0,1,63
discovery_v2,ucc,discovery,jev_compact,condescending,True,choice,0,__missing__,0
discovery_v2,ucc,discovery,jev_compact,condescending,True,choice,1,0,2
discovery_v2,ucc,discovery,jev_compact,condescending,True,choice,1,1,2
discovery_v2,ucc,discovery,jev_compact,condescending,True,choice,1,__missing__,0
discovery_v2,ucc,discovery,jev_compact,dismissive,True,choice,0,0,136
discovery_v2,ucc,discovery,jev_compact,dismissive,True,choice,0,1,71
discovery_v2,ucc,discovery,jev_compact,dismissive,True,choice,0,__missing__,0
discovery_v2,ucc,discovery,jev_compact,dismissive,True,choice,1,0,0
discovery_v2,ucc,discovery,jev_compact,dismissive,True,choice,1,1,3
discovery_v2,ucc,discovery,jev_compact,dismissive,True,choice,1,__missing__,0
discovery_v2,ucc,discovery,jev_verbose,healthy,True,choice,0,0,12
discovery_v2,ucc,discovery,jev_verbose,healthy,True,choice,0,1,6
discovery_v2,ucc,discovery,jev_verbose,healthy,True,choice,0,__missing__,0
discovery_v2,ucc,discovery,jev_verbose,healthy,True,choice,1,0,88
discovery_v2,ucc,discovery,jev_verbose,healthy,True,choice,1,1,104
discovery_v2,ucc,discovery,jev_verbose,healthy,True,choice,1,__missing__,0
discovery_v2,ucc,discovery,jev_verbose,sarcastic,True,choice,0,0,131
discovery_v2,ucc,discovery,jev_verbose,sarcastic,True,choice,0,1,74
discovery_v2,ucc,discovery,jev_verbose,sarcastic,True,choice,0,__missing__,0
discovery_v2,ucc,discovery,jev_verbose,sarcastic,True,choice,1,0,2
discovery_v2,ucc,discovery,jev_verbose,sarcastic,True,choice,1,1,3
discovery_v2,ucc,discovery,jev_verbose,sarcastic,True,choice,1,__missing__,0
discovery_v2,ucc,discovery,jev_verbose,generalisation,False,choice,0,0,181
discovery_v2,ucc,discovery,jev_verbose,generalisation,False,choice,0,1,26
discovery_v2,ucc,discovery,jev_verbose,generalisation,False,choice,0,__missing__,0
discovery_v2,ucc,discovery,jev_verbose,generalisation,False,choice,1,0,0
discovery_v2,ucc,discovery,jev_verbose,generalisation,False,choice,1,1,3
discovery_v2,ucc,discovery,jev_verbose,generalisation,False,choice,1,__missing__,0
discovery_v2,ucc,discovery,jev_verbose,generalisation_unfair,True,choice,0,0,189
discovery_v2,ucc,discovery,jev_verbose,generalisation_unfair,True,choice,0,1,18
discovery_v2,ucc,discovery,jev_verbose,generalisation_unfair,True,choice,0,__missing__,0
discovery_v2,ucc,discovery,jev_verbose,generalisation_unfair,True,choice,1,0,1
discovery_v2,ucc,discovery,jev_verbose,generalisation_unfair,True,choice,1,1,2
discovery_v2,ucc,discovery,jev_verbose,generalisation_unfair,True,choice,1,__missing__,0
discovery_v2,ucc,discovery,jev_verbose,hostile,True,choice,0,0,147
discovery_v2,ucc,discovery,jev_verbose,hostile,True,choice,0,1,61
discovery_v2,ucc,discovery,jev_verbose,hostile,True,choice,0,__missing__,0
discovery_v2,ucc,discovery,jev_verbose,hostile,True,choice,1,0,0
discovery_v2,ucc,discovery,jev_verbose,hostile,True,choice,1,1,2
discovery_v2,ucc,discovery,jev_verbose,hostile,True,choice,1,__missing__,0
discovery_v2,ucc,discovery,jev_verbose,antagonize,True,choice,0,0,118
discovery_v2,ucc,discovery,jev_verbose,antagonize,True,choice,0,1,85
discovery_v2,ucc,discovery,jev_verbose,antagonize,True,choice,0,__missing__,0
discovery_v2,ucc,discovery,jev_verbose,antagonize,True,choice,1,0,2
discovery_v2,ucc,discovery,jev_verbose,antagonize,True,choice,1,1,5
discovery_v2,ucc,discovery,jev_verbose,antagonize,True,choice,1,__missing__,0
discovery_v2,ucc,discovery,jev_verbose,condescending,True,choice,0,0,129
discovery_v2,ucc,discovery,jev_verbose,condescending,True,choice,0,1,77
discovery_v2,ucc,discovery,jev_verbose,condescending,True,choice,0,__missing__,0
discovery_v2,ucc,discovery,jev_verbose,condescending,True,choice,1,0,1
discovery_v2,ucc,discovery,jev_verbose,condescending,True,choice,1,1,3
discovery_v2,ucc,discovery,jev_verbose,condescending,True,choice,1,__missing__,0
discovery_v2,ucc,discovery,jev_verbose,dismissive,True,choice,0,0,128
discovery_v2,ucc,discovery,jev_verbose,dismissive,True,choice,0,1,79
discovery_v2,ucc,discovery,jev_verbose,dismissive,True,choice,0,__missing__,0
discovery_v2,ucc,discovery,jev_verbose,dismissive,True,choice,1,0,1
discovery_v2,ucc,discovery,jev_verbose,dismissive,True,choice,1,1,2
discovery_v2,ucc,discovery,jev_verbose,dismissive,True,choice,1,__missing__,0
discovery_v2,ucc,discovery,llm_direct,healthy,True,choice,0,0,11
discovery_v2,ucc,discovery,llm_direct,healthy,True,choice,0,1,7
discovery_v2,ucc,discovery,llm_direct,healthy,True,choice,0,__missing__,0
discovery_v2,ucc,discovery,llm_direct,healthy,True,choice,1,0,62
discovery_v2,ucc,discovery,llm_direct,healthy,True,choice,1,1,130
discovery_v2,ucc,discovery,llm_direct,healthy,True,choice,1,__missing__,0
discovery_v2,ucc,discovery,llm_direct,sarcastic,True,choice,0,0,165
discovery_v2,ucc,discovery,llm_direct,sarcastic,True,choice,0,1,40
discovery_v2,ucc,discovery,llm_direct,sarcastic,True,choice,0,__missing__,0
discovery_v2,ucc,discovery,llm_direct,sarcastic,True,choice,1,0,3
discovery_v2,ucc,discovery,llm_direct,sarcastic,True,choice,1,1,2
discovery_v2,ucc,discovery,llm_direct,sarcastic,True,choice,1,__missing__,0
discovery_v2,ucc,discovery,llm_direct,generalisation,False,choice,0,0,183
discovery_v2,ucc,discovery,llm_direct,generalisation,False,choice,0,1,24
discovery_v2,ucc,discovery,llm_direct,generalisation,False,choice,0,__missing__,0
discovery_v2,ucc,discovery,llm_direct,generalisation,False,choice,1,0,1
discovery_v2,ucc,discovery,llm_direct,generalisation,False,choice,1,1,2
discovery_v2,ucc,discovery,llm_direct,generalisation,False,choice,1,__missing__,0
discovery_v2,ucc,discovery,llm_direct,generalisation_unfair,True,choice,0,0,184
discovery_v2,ucc,discovery,llm_direct,generalisation_unfair,True,choice,0,1,23
discovery_v2,ucc,discovery,llm_direct,generalisation_unfair,True,choice,0,__missing__,0
discovery_v2,ucc,discovery,llm_direct,generalisation_unfair,True,choice,1,0,1
discovery_v2,ucc,discovery,llm_direct,generalisation_unfair,True,choice,1,1,2
discovery_v2,ucc,discovery,llm_direct,generalisation_unfair,True,choice,1,__missing__,0
discovery_v2,ucc,discovery,llm_direct,hostile,True,choice,0,0,153
discovery_v2,ucc,discovery,llm_direct,hostile,True,choice,0,1,55
discovery_v2,ucc,discovery,llm_direct,hostile,True,choice,0,__missing__,0
discovery_v2,ucc,discovery,llm_direct,hostile,True,choice,1,0,1
discovery_v2,ucc,discovery,llm_direct,hostile,True,choice,1,1,1
discovery_v2,ucc,discovery,llm_direct,hostile,True,choice,1,__missing__,0
discovery_v2,ucc,discovery,llm_direct,antagonize,True,choice,0,0,155
discovery_v2,ucc,discovery,llm_direct,antagonize,True,choice,0,1,48
discovery_v2,ucc,discovery,llm_direct,antagonize,True,choice,0,__missing__,0
discovery_v2,ucc,discovery,llm_direct,antagonize,True,choice,1,0,1
discovery_v2,ucc,discovery,llm_direct,antagonize,True,choice,1,1,6
discovery_v2,ucc,discovery,llm_direct,antagonize,True,choice,1,__missing__,0
discovery_v2,ucc,discovery,llm_direct,condescending,True,choice,0,0,159
discovery_v2,ucc,discovery,llm_direct,condescending,True,choice,0,1,47
discovery_v2,ucc,discovery,llm_direct,condescending,True,choice,0,__missing__,0
discovery_v2,ucc,discovery,llm_direct,condescending,True,choice,1,0,0
discovery_v2,ucc,discovery,llm_direct,condescending,True,choice,1,1,4
discovery_v2,ucc,discovery,llm_direct,condescending,True,choice,1,__missing__,0
discovery_v2,ucc,discovery,llm_direct,dismissive,True,choice,0,0,164
discovery_v2,ucc,discovery,llm_direct,dismissive,True,choice,0,1,43
discovery_v2,ucc,discovery,llm_direct,dismissive,True,choice,0,__missing__,0
discovery_v2,ucc,discovery,llm_direct,dismissive,True,choice,1,0,1
discovery_v2,ucc,discovery,llm_direct,dismissive,True,choice,1,1,2
discovery_v2,ucc,discovery,llm_direct,dismissive,True,choice,1,__missing__,0
discovery_v3,babe,discovery,jev_anchored,label_bias,True,choice,Non-biased,Non-biased,76
discovery_v3,babe,discovery,jev_anchored,label_bias,True,choice,Non-biased,Biased,21
discovery_v3,babe,discovery,jev_anchored,label_bias,True,choice,Non-biased,__missing__,0
discovery_v3,babe,discovery,jev_anchored,label_bias,True,choice,Biased,Non-biased,21
discovery_v3,babe,discovery,jev_anchored,label_bias,True,choice,Biased,Biased,82
discovery_v3,babe,discovery,jev_anchored,label_bias,True,choice,Biased,__missing__,0
discovery_v3,babe,discovery,jev_compact,label_bias,True,choice,Non-biased,Non-biased,74
discovery_v3,babe,discovery,jev_compact,label_bias,True,choice,Non-biased,Biased,23
discovery_v3,babe,discovery,jev_compact,label_bias,True,choice,Non-biased,__missing__,0
discovery_v3,babe,discovery,jev_compact,label_bias,True,choice,Biased,Non-biased,22
discovery_v3,babe,discovery,jev_compact,label_bias,True,choice,Biased,Biased,81
discovery_v3,babe,discovery,jev_compact,label_bias,True,choice,Biased,__missing__,0
discovery_v3,babe,discovery,jev_verbose,label_bias,True,choice,Non-biased,Non-biased,75
discovery_v3,babe,discovery,jev_verbose,label_bias,True,choice,Non-biased,Biased,22
discovery_v3,babe,discovery,jev_verbose,label_bias,True,choice,Non-biased,__missing__,0
discovery_v3,babe,discovery,jev_verbose,label_bias,True,choice,Biased,Non-biased,14
discovery_v3,babe,discovery,jev_verbose,label_bias,True,choice,Biased,Biased,89
discovery_v3,babe,discovery,jev_verbose,label_bias,True,choice,Biased,__missing__,0
discovery_v3,babe,discovery,llm_direct,label_bias,True,choice,Non-biased,Non-biased,74
discovery_v3,babe,discovery,llm_direct,label_bias,True,choice,Non-biased,Biased,23
discovery_v3,babe,discovery,llm_direct,label_bias,True,choice,Non-biased,__missing__,0
discovery_v3,babe,discovery,llm_direct,label_bias,True,choice,Biased,Non-biased,16
discovery_v3,babe,discovery,llm_direct,label_bias,True,choice,Biased,Biased,87
discovery_v3,babe,discovery,llm_direct,label_bias,True,choice,Biased,__missing__,0
discovery_v3,conflict,discovery,jev_anchored,rating_directness_content,True,choice,Yes - Direct Content,Yes - Direct Content,83
discovery_v3,conflict,discovery,jev_anchored,rating_directness_content,True,choice,Yes - Direct Content,Neutral - Content contains no opinion,3
discovery_v3,conflict,discovery,jev_anchored,rating_directness_content,True,choice,Yes - Direct Content,No - Indirect Content,6
discovery_v3,conflict,discovery,jev_anchored,rating_directness_content,True,choice,Yes - Direct Content,__missing__,0
discovery_v3,conflict,discovery,jev_anchored,rating_directness_content,True,choice,Neutral - Content contains no opinion,Yes - Direct Content,0
discovery_v3,conflict,discovery,jev_anchored,rating_directness_content,True,choice,Neutral - Content contains no opinion,Neutral - Content contains no opinion,0
discovery_v3,conflict,discovery,jev_anchored,rating_directness_content,True,choice,Neutral - Content contains no opinion,No - Indirect Content,0
discovery_v3,conflict,discovery,jev_anchored,rating_directness_content,True,choice,Neutral - Content contains no opinion,__missing__,0
discovery_v3,conflict,discovery,jev_anchored,rating_directness_content,True,choice,No - Indirect Content,Yes - Direct Content,0
discovery_v3,conflict,discovery,jev_anchored,rating_directness_content,True,choice,No - Indirect Content,Neutral - Content contains no opinion,0
discovery_v3,conflict,discovery,jev_anchored,rating_directness_content,True,choice,No - Indirect Content,No - Indirect Content,0
discovery_v3,conflict,discovery,jev_anchored,rating_directness_content,True,choice,No - Indirect Content,__missing__,0
discovery_v3,conflict,discovery,jev_anchored,rating_directness_expression,True,choice,Yes - Direct Expression,Yes - Direct Expression,74
discovery_v3,conflict,discovery,jev_anchored,rating_directness_expression,True,choice,Yes - Direct Expression,No - Indirect Expression,13
discovery_v3,conflict,discovery,jev_anchored,rating_directness_expression,True,choice,Yes - Direct Expression,__missing__,0
discovery_v3,conflict,discovery,jev_anchored,rating_directness_expression,True,choice,No - Indirect Expression,Yes - Direct Expression,3
discovery_v3,conflict,discovery,jev_anchored,rating_directness_expression,True,choice,No - Indirect Expression,No - Indirect Expression,2
discovery_v3,conflict,discovery,jev_anchored,rating_directness_expression,True,choice,No - Indirect Expression,__missing__,0
discovery_v3,conflict,discovery,jev_anchored,rating_OI_content,True,choice,Yes - Content opposes someone else,Yes - Content opposes someone else,70
discovery_v3,conflict,discovery,jev_anchored,rating_OI_content,True,choice,Yes - Content opposes someone else,No - Content does not oppose anyone,20
discovery_v3,conflict,discovery,jev_anchored,rating_OI_content,True,choice,Yes - Content opposes someone else,__missing__,0
discovery_v3,conflict,discovery,jev_anchored,rating_OI_content,True,choice,No - Content does not oppose anyone,Yes - Content opposes someone else,1
discovery_v3,conflict,discovery,jev_anchored,rating_OI_content,True,choice,No - Content does not oppose anyone,No - Content does not oppose anyone,1
discovery_v3,conflict,discovery,jev_anchored,rating_OI_content,True,choice,No - Content does not oppose anyone,__missing__,0
discovery_v3,conflict,discovery,jev_anchored,rating_OI_expression,True,choice,Yes - Expression is emotional/forceful,Yes - Expression is emotional/forceful,9
discovery_v3,conflict,discovery,jev_anchored,rating_OI_expression,True,choice,Yes - Expression is emotional/forceful,No - Expression is not emotional/forceful,7
discovery_v3,conflict,discovery,jev_anchored,rating_OI_expression,True,choice,Yes - Expression is emotional/forceful,__missing__,0
discovery_v3,conflict,discovery,jev_anchored,rating_OI_expression,True,choice,No - Expression is not emotional/forceful,Yes - Expression is emotional/forceful,15
discovery_v3,conflict,discovery,jev_anchored,rating_OI_expression,True,choice,No - Expression is not emotional/forceful,No - Expression is not emotional/forceful,61
discovery_v3,conflict,discovery,jev_anchored,rating_OI_expression,True,choice,No - Expression is not emotional/forceful,__missing__,0
discovery_v3,conflict,discovery,jev_compact,rating_directness_content,True,choice,Yes - Direct Content,Yes - Direct Content,84
discovery_v3,conflict,discovery,jev_compact,rating_directness_content,True,choice,Yes - Direct Content,Neutral - Content contains no opinion,4
discovery_v3,conflict,discovery,jev_compact,rating_directness_content,True,choice,Yes - Direct Content,No - Indirect Content,4
discovery_v3,conflict,discovery,jev_compact,rating_directness_content,True,choice,Yes - Direct Content,__missing__,0
discovery_v3,conflict,discovery,jev_compact,rating_directness_content,True,choice,Neutral - Content contains no opinion,Yes - Direct Content,0
discovery_v3,conflict,discovery,jev_compact,rating_directness_content,True,choice,Neutral - Content contains no opinion,Neutral - Content contains no opinion,0
discovery_v3,conflict,discovery,jev_compact,rating_directness_content,True,choice,Neutral - Content contains no opinion,No - Indirect Content,0
discovery_v3,conflict,discovery,jev_compact,rating_directness_content,True,choice,Neutral - Content contains no opinion,__missing__,0
discovery_v3,conflict,discovery,jev_compact,rating_directness_content,True,choice,No - Indirect Content,Yes - Direct Content,0
discovery_v3,conflict,discovery,jev_compact,rating_directness_content,True,choice,No - Indirect Content,Neutral - Content contains no opinion,0
discovery_v3,conflict,discovery,jev_compact,rating_directness_content,True,choice,No - Indirect Content,No - Indirect Content,0
discovery_v3,conflict,discovery,jev_compact,rating_directness_content,True,choice,No - Indirect Content,__missing__,0
discovery_v3,conflict,discovery,jev_compact,rating_directness_expression,True,choice,Yes - Direct Expression,Yes - Direct Expression,72
discovery_v3,conflict,discovery,jev_compact,rating_directness_expression,True,choice,Yes - Direct Expression,No - Indirect Expression,15
discovery_v3,conflict,discovery,jev_compact,rating_directness_expression,True,choice,Yes - Direct Expression,__missing__,0
discovery_v3,conflict,discovery,jev_compact,rating_directness_expression,True,choice,No - Indirect Expression,Yes - Direct Expression,3
discovery_v3,conflict,discovery,jev_compact,rating_directness_expression,True,choice,No - Indirect Expression,No - Indirect Expression,2
discovery_v3,conflict,discovery,jev_compact,rating_directness_expression,True,choice,No - Indirect Expression,__missing__,0
discovery_v3,conflict,discovery,jev_compact,rating_OI_content,True,choice,Yes - Content opposes someone else,Yes - Content opposes someone else,71
discovery_v3,conflict,discovery,jev_compact,rating_OI_content,True,choice,Yes - Content opposes someone else,No - Content does not oppose anyone,19
discovery_v3,conflict,discovery,jev_compact,rating_OI_content,True,choice,Yes - Content opposes someone else,__missing__,0
discovery_v3,conflict,discovery,jev_compact,rating_OI_content,True,choice,No - Content does not oppose anyone,Yes - Content opposes someone else,1
discovery_v3,conflict,discovery,jev_compact,rating_OI_content,True,choice,No - Content does not oppose anyone,No - Content does not oppose anyone,1
discovery_v3,conflict,discovery,jev_compact,rating_OI_content,True,choice,No - Content does not oppose anyone,__missing__,0
discovery_v3,conflict,discovery,jev_compact,rating_OI_expression,True,choice,Yes - Expression is emotional/forceful,Yes - Expression is emotional/forceful,8
discovery_v3,conflict,discovery,jev_compact,rating_OI_expression,True,choice,Yes - Expression is emotional/forceful,No - Expression is not emotional/forceful,8
discovery_v3,conflict,discovery,jev_compact,rating_OI_expression,True,choice,Yes - Expression is emotional/forceful,__missing__,0
discovery_v3,conflict,discovery,jev_compact,rating_OI_expression,True,choice,No - Expression is not emotional/forceful,Yes - Expression is emotional/forceful,15
discovery_v3,conflict,discovery,jev_compact,rating_OI_expression,True,choice,No - Expression is not emotional/forceful,No - Expression is not emotional/forceful,61
discovery_v3,conflict,discovery,jev_compact,rating_OI_expression,True,choice,No - Expression is not emotional/forceful,__missing__,0
discovery_v3,conflict,discovery,jev_verbose,rating_directness_content,True,choice,Yes - Direct Content,Yes - Direct Content,84
discovery_v3,conflict,discovery,jev_verbose,rating_directness_content,True,choice,Yes - Direct Content,Neutral - Content contains no opinion,3
discovery_v3,conflict,discovery,jev_verbose,rating_directness_content,True,choice,Yes - Direct Content,No - Indirect Content,5
discovery_v3,conflict,discovery,jev_verbose,rating_directness_content,True,choice,Yes - Direct Content,__missing__,0
discovery_v3,conflict,discovery,jev_verbose,rating_directness_content,True,choice,Neutral - Content contains no opinion,Yes - Direct Content,0
discovery_v3,conflict,discovery,jev_verbose,rating_directness_content,True,choice,Neutral - Content contains no opinion,Neutral - Content contains no opinion,0
discovery_v3,conflict,discovery,jev_verbose,rating_directness_content,True,choice,Neutral - Content contains no opinion,No - Indirect Content,0
discovery_v3,conflict,discovery,jev_verbose,rating_directness_content,True,choice,Neutral - Content contains no opinion,__missing__,0
discovery_v3,conflict,discovery,jev_verbose,rating_directness_content,True,choice,No - Indirect Content,Yes - Direct Content,0
discovery_v3,conflict,discovery,jev_verbose,rating_directness_content,True,choice,No - Indirect Content,Neutral - Content contains no opinion,0
discovery_v3,conflict,discovery,jev_verbose,rating_directness_content,True,choice,No - Indirect Content,No - Indirect Content,0
discovery_v3,conflict,discovery,jev_verbose,rating_directness_content,True,choice,No - Indirect Content,__missing__,0
discovery_v3,conflict,discovery,jev_verbose,rating_directness_expression,True,choice,Yes - Direct Expression,Yes - Direct Expression,80
discovery_v3,conflict,discovery,jev_verbose,rating_directness_expression,True,choice,Yes - Direct Expression,No - Indirect Expression,7
discovery_v3,conflict,discovery,jev_verbose,rating_directness_expression,True,choice,Yes - Direct Expression,__missing__,0
discovery_v3,conflict,discovery,jev_verbose,rating_directness_expression,True,choice,No - Indirect Expression,Yes - Direct Expression,2
discovery_v3,conflict,discovery,jev_verbose,rating_directness_expression,True,choice,No - Indirect Expression,No - Indirect Expression,3
discovery_v3,conflict,discovery,jev_verbose,rating_directness_expression,True,choice,No - Indirect Expression,__missing__,0
discovery_v3,conflict,discovery,jev_verbose,rating_OI_content,True,choice,Yes - Content opposes someone else,Yes - Content opposes someone else,75
discovery_v3,conflict,discovery,jev_verbose,rating_OI_content,True,choice,Yes - Content opposes someone else,No - Content does not oppose anyone,15
discovery_v3,conflict,discovery,jev_verbose,rating_OI_content,True,choice,Yes - Content opposes someone else,__missing__,0
discovery_v3,conflict,discovery,jev_verbose,rating_OI_content,True,choice,No - Content does not oppose anyone,Yes - Content opposes someone else,0
discovery_v3,conflict,discovery,jev_verbose,rating_OI_content,True,choice,No - Content does not oppose anyone,No - Content does not oppose anyone,2
discovery_v3,conflict,discovery,jev_verbose,rating_OI_content,True,choice,No - Content does not oppose anyone,__missing__,0
discovery_v3,conflict,discovery,jev_verbose,rating_OI_expression,True,choice,Yes - Expression is emotional/forceful,Yes - Expression is emotional/forceful,9
discovery_v3,conflict,discovery,jev_verbose,rating_OI_expression,True,choice,Yes - Expression is emotional/forceful,No - Expression is not emotional/forceful,7
discovery_v3,conflict,discovery,jev_verbose,rating_OI_expression,True,choice,Yes - Expression is emotional/forceful,__missing__,0
discovery_v3,conflict,discovery,jev_verbose,rating_OI_expression,True,choice,No - Expression is not emotional/forceful,Yes - Expression is emotional/forceful,19
discovery_v3,conflict,discovery,jev_verbose,rating_OI_expression,True,choice,No - Expression is not emotional/forceful,No - Expression is not emotional/forceful,57
discovery_v3,conflict,discovery,jev_verbose,rating_OI_expression,True,choice,No - Expression is not emotional/forceful,__missing__,0
discovery_v3,conflict,discovery,llm_direct,rating_directness_content,True,choice,Yes - Direct Content,Yes - Direct Content,88
discovery_v3,conflict,discovery,llm_direct,rating_directness_content,True,choice,Yes - Direct Content,Neutral - Content contains no opinion,2
discovery_v3,conflict,discovery,llm_direct,rating_directness_content,True,choice,Yes - Direct Content,No - Indirect Content,2
discovery_v3,conflict,discovery,llm_direct,rating_directness_content,True,choice,Yes - Direct Content,__missing__,0
discovery_v3,conflict,discovery,llm_direct,rating_directness_content,True,choice,Neutral - Content contains no opinion,Yes - Direct Content,0
discovery_v3,conflict,discovery,llm_direct,rating_directness_content,True,choice,Neutral - Content contains no opinion,Neutral - Content contains no opinion,0
discovery_v3,conflict,discovery,llm_direct,rating_directness_content,True,choice,Neutral - Content contains no opinion,No - Indirect Content,0
discovery_v3,conflict,discovery,llm_direct,rating_directness_content,True,choice,Neutral - Content contains no opinion,__missing__,0
discovery_v3,conflict,discovery,llm_direct,rating_directness_content,True,choice,No - Indirect Content,Yes - Direct Content,0
discovery_v3,conflict,discovery,llm_direct,rating_directness_content,True,choice,No - Indirect Content,Neutral - Content contains no opinion,0
discovery_v3,conflict,discovery,llm_direct,rating_directness_content,True,choice,No - Indirect Content,No - Indirect Content,0
discovery_v3,conflict,discovery,llm_direct,rating_directness_content,True,choice,No - Indirect Content,__missing__,0
discovery_v3,conflict,discovery,llm_direct,rating_directness_expression,True,choice,Yes - Direct Expression,Yes - Direct Expression,83
discovery_v3,conflict,discovery,llm_direct,rating_directness_expression,True,choice,Yes - Direct Expression,No - Indirect Expression,4
discovery_v3,conflict,discovery,llm_direct,rating_directness_expression,True,choice,Yes - Direct Expression,__missing__,0
discovery_v3,conflict,discovery,llm_direct,rating_directness_expression,True,choice,No - Indirect Expression,Yes - Direct Expression,3
discovery_v3,conflict,discovery,llm_direct,rating_directness_expression,True,choice,No - Indirect Expression,No - Indirect Expression,2
discovery_v3,conflict,discovery,llm_direct,rating_directness_expression,True,choice,No - Indirect Expression,__missing__,0
discovery_v3,conflict,discovery,llm_direct,rating_OI_content,True,choice,Yes - Content opposes someone else,Yes - Content opposes someone else,67
discovery_v3,conflict,discovery,llm_direct,rating_OI_content,True,choice,Yes - Content opposes someone else,No - Content does not oppose anyone,23
discovery_v3,conflict,discovery,llm_direct,rating_OI_content,True,choice,Yes - Content opposes someone else,__missing__,0
discovery_v3,conflict,discovery,llm_direct,rating_OI_content,True,choice,No - Content does not oppose anyone,Yes - Content opposes someone else,0
discovery_v3,conflict,discovery,llm_direct,rating_OI_content,True,choice,No - Content does not oppose anyone,No - Content does not oppose anyone,2
discovery_v3,conflict,discovery,llm_direct,rating_OI_content,True,choice,No - Content does not oppose anyone,__missing__,0
discovery_v3,conflict,discovery,llm_direct,rating_OI_expression,True,choice,Yes - Expression is emotional/forceful,Yes - Expression is emotional/forceful,8
discovery_v3,conflict,discovery,llm_direct,rating_OI_expression,True,choice,Yes - Expression is emotional/forceful,No - Expression is not emotional/forceful,8
discovery_v3,conflict,discovery,llm_direct,rating_OI_expression,True,choice,Yes - Expression is emotional/forceful,__missing__,0
discovery_v3,conflict,discovery,llm_direct,rating_OI_expression,True,choice,No - Expression is not emotional/forceful,Yes - Expression is emotional/forceful,15
discovery_v3,conflict,discovery,llm_direct,rating_OI_expression,True,choice,No - Expression is not emotional/forceful,No - Expression is not emotional/forceful,61
discovery_v3,conflict,discovery,llm_direct,rating_OI_expression,True,choice,No - Expression is not emotional/forceful,__missing__,0
discovery_v3,mbd,discovery,jev_anchored,type,True,choice,fact,fact,89
discovery_v3,mbd,discovery,jev_anchored,type,True,choice,fact,opinion,3
discovery_v3,mbd,discovery,jev_anchored,type,True,choice,fact,borderline,3
discovery_v3,mbd,discovery,jev_anchored,type,True,choice,fact,quote,4
discovery_v3,mbd,discovery,jev_anchored,type,True,choice,fact,other,7
discovery_v3,mbd,discovery,jev_anchored,type,True,choice,fact,__missing__,0
discovery_v3,mbd,discovery,jev_anchored,type,True,choice,opinion,fact,0
discovery_v3,mbd,discovery,jev_anchored,type,True,choice,opinion,opinion,2
discovery_v3,mbd,discovery,jev_anchored,type,True,choice,opinion,borderline,0
discovery_v3,mbd,discovery,jev_anchored,type,True,choice,opinion,quote,2
discovery_v3,mbd,discovery,jev_anchored,type,True,choice,opinion,other,0
discovery_v3,mbd,discovery,jev_anchored,type,True,choice,opinion,__missing__,0
discovery_v3,mbd,discovery,jev_anchored,type,True,choice,borderline,fact,1
discovery_v3,mbd,discovery,jev_anchored,type,True,choice,borderline,opinion,0
discovery_v3,mbd,discovery,jev_anchored,type,True,choice,borderline,borderline,0
discovery_v3,mbd,discovery,jev_anchored,type,True,choice,borderline,quote,0
discovery_v3,mbd,discovery,jev_anchored,type,True,choice,borderline,other,0
discovery_v3,mbd,discovery,jev_anchored,type,True,choice,borderline,__missing__,0
discovery_v3,mbd,discovery,jev_anchored,type,True,choice,quote,fact,3
discovery_v3,mbd,discovery,jev_anchored,type,True,choice,quote,opinion,3
discovery_v3,mbd,discovery,jev_anchored,type,True,choice,quote,borderline,1
discovery_v3,mbd,discovery,jev_anchored,type,True,choice,quote,quote,66
discovery_v3,mbd,discovery,jev_anchored,type,True,choice,quote,other,0
discovery_v3,mbd,discovery,jev_anchored,type,True,choice,quote,__missing__,0
discovery_v3,mbd,discovery,jev_anchored,type,True,choice,other,fact,6
discovery_v3,mbd,discovery,jev_anchored,type,True,choice,other,opinion,0
discovery_v3,mbd,discovery,jev_anchored,type,True,choice,other,borderline,0
discovery_v3,mbd,discovery,jev_anchored,type,True,choice,other,quote,0
discovery_v3,mbd,discovery,jev_anchored,type,True,choice,other,other,19
discovery_v3,mbd,discovery,jev_anchored,type,True,choice,other,__missing__,0
discovery_v3,mbd,discovery,jev_anchored,tone,True,choice,positive,positive,12
discovery_v3,mbd,discovery,jev_anchored,tone,True,choice,positive,negative,0
discovery_v3,mbd,discovery,jev_anchored,tone,True,choice,positive,neutral,0
discovery_v3,mbd,discovery,jev_anchored,tone,True,choice,positive,__missing__,0
discovery_v3,mbd,discovery,jev_anchored,tone,True,choice,negative,positive,0
discovery_v3,mbd,discovery,jev_anchored,tone,True,choice,negative,negative,32
discovery_v3,mbd,discovery,jev_anchored,tone,True,choice,negative,neutral,3
discovery_v3,mbd,discovery,jev_anchored,tone,True,choice,negative,__missing__,0
discovery_v3,mbd,discovery,jev_anchored,tone,True,choice,neutral,positive,17
discovery_v3,mbd,discovery,jev_anchored,tone,True,choice,neutral,negative,14
discovery_v3,mbd,discovery,jev_anchored,tone,True,choice,neutral,neutral,132
discovery_v3,mbd,discovery,jev_anchored,tone,True,choice,neutral,__missing__,0
discovery_v3,mbd,discovery,jev_anchored,focus,True,choice,democrat,democrat,12
discovery_v3,mbd,discovery,jev_anchored,focus,True,choice,democrat,republican,0
discovery_v3,mbd,discovery,jev_anchored,focus,True,choice,democrat,both,1
discovery_v3,mbd,discovery,jev_anchored,focus,True,choice,democrat,neither,2
discovery_v3,mbd,discovery,jev_anchored,focus,True,choice,democrat,__missing__,0
discovery_v3,mbd,discovery,jev_anchored,focus,True,choice,republican,democrat,1
discovery_v3,mbd,discovery,jev_anchored,focus,True,choice,republican,republican,22
discovery_v3,mbd,discovery,jev_anchored,focus,True,choice,republican,both,4
discovery_v3,mbd,discovery,jev_anchored,focus,True,choice,republican,neither,7
discovery_v3,mbd,discovery,jev_anchored,focus,True,choice,republican,__missing__,0
discovery_v3,mbd,discovery,jev_anchored,focus,True,choice,both,democrat,2
discovery_v3,mbd,discovery,jev_anchored,focus,True,choice,both,republican,0
discovery_v3,mbd,discovery,jev_anchored,focus,True,choice,both,both,8
discovery_v3,mbd,discovery,jev_anchored,focus,True,choice,both,neither,1
discovery_v3,mbd,discovery,jev_anchored,focus,True,choice,both,__missing__,0
discovery_v3,mbd,discovery,jev_anchored,focus,True,choice,neither,democrat,1
discovery_v3,mbd,discovery,jev_anchored,focus,True,choice,neither,republican,0
discovery_v3,mbd,discovery,jev_anchored,focus,True,choice,neither,both,1
discovery_v3,mbd,discovery,jev_anchored,focus,True,choice,neither,neither,142
discovery_v3,mbd,discovery,jev_anchored,focus,True,choice,neither,__missing__,0
discovery_v3,mbd,discovery,jev_compact,type,True,choice,fact,fact,89
discovery_v3,mbd,discovery,jev_compact,type,True,choice,fact,opinion,4
discovery_v3,mbd,discovery,jev_compact,type,True,choice,fact,borderline,1
discovery_v3,mbd,discovery,jev_compact,type,True,choice,fact,quote,4
discovery_v3,mbd,discovery,jev_compact,type,True,choice,fact,other,8
discovery_v3,mbd,discovery,jev_compact,type,True,choice,fact,__missing__,0
discovery_v3,mbd,discovery,jev_compact,type,True,choice,opinion,fact,0
discovery_v3,mbd,discovery,jev_compact,type,True,choice,opinion,opinion,2
discovery_v3,mbd,discovery,jev_compact,type,True,choice,opinion,borderline,0
discovery_v3,mbd,discovery,jev_compact,type,True,choice,opinion,quote,2
discovery_v3,mbd,discovery,jev_compact,type,True,choice,opinion,other,0
discovery_v3,mbd,discovery,jev_compact,type,True,choice,opinion,__missing__,0
discovery_v3,mbd,discovery,jev_compact,type,True,choice,borderline,fact,1
discovery_v3,mbd,discovery,jev_compact,type,True,choice,borderline,opinion,0
discovery_v3,mbd,discovery,jev_compact,type,True,choice,borderline,borderline,0
discovery_v3,mbd,discovery,jev_compact,type,True,choice,borderline,quote,0
discovery_v3,mbd,discovery,jev_compact,type,True,choice,borderline,other,0
discovery_v3,mbd,discovery,jev_compact,type,True,choice,borderline,__missing__,0
discovery_v3,mbd,discovery,jev_compact,type,True,choice,quote,fact,3
discovery_v3,mbd,discovery,jev_compact,type,True,choice,quote,opinion,4
discovery_v3,mbd,discovery,jev_compact,type,True,choice,quote,borderline,0
discovery_v3,mbd,discovery,jev_compact,type,True,choice,quote,quote,66
discovery_v3,mbd,discovery,jev_compact,type,True,choice,quote,other,0
discovery_v3,mbd,discovery,jev_compact,type,True,choice,quote,__missing__,0
discovery_v3,mbd,discovery,jev_compact,type,True,choice,other,fact,4
discovery_v3,mbd,discovery,jev_compact,type,True,choice,other,opinion,0
discovery_v3,mbd,discovery,jev_compact,type,True,choice,other,borderline,0
discovery_v3,mbd,discovery,jev_compact,type,True,choice,other,quote,1
discovery_v3,mbd,discovery,jev_compact,type,True,choice,other,other,20
discovery_v3,mbd,discovery,jev_compact,type,True,choice,other,__missing__,0
discovery_v3,mbd,discovery,jev_compact,tone,True,choice,positive,positive,12
discovery_v3,mbd,discovery,jev_compact,tone,True,choice,positive,negative,0
discovery_v3,mbd,discovery,jev_compact,tone,True,choice,positive,neutral,0
discovery_v3,mbd,discovery,jev_compact,tone,True,choice,positive,__missing__,0
discovery_v3,mbd,discovery,jev_compact,tone,True,choice,negative,positive,0
discovery_v3,mbd,discovery,jev_compact,tone,True,choice,negative,negative,31
discovery_v3,mbd,discovery,jev_compact,tone,True,choice,negative,neutral,4
discovery_v3,mbd,discovery,jev_compact,tone,True,choice,negative,__missing__,0
discovery_v3,mbd,discovery,jev_compact,tone,True,choice,neutral,positive,18
discovery_v3,mbd,discovery,jev_compact,tone,True,choice,neutral,negative,15
discovery_v3,mbd,discovery,jev_compact,tone,True,choice,neutral,neutral,130
discovery_v3,mbd,discovery,jev_compact,tone,True,choice,neutral,__missing__,0
discovery_v3,mbd,discovery,jev_compact,focus,True,choice,democrat,democrat,12
discovery_v3,mbd,discovery,jev_compact,focus,True,choice,democrat,republican,0
discovery_v3,mbd,discovery,jev_compact,focus,True,choice,democrat,both,1
discovery_v3,mbd,discovery,jev_compact,focus,True,choice,democrat,neither,2
discovery_v3,mbd,discovery,jev_compact,focus,True,choice,democrat,__missing__,0
discovery_v3,mbd,discovery,jev_compact,focus,True,choice,republican,democrat,1
discovery_v3,mbd,discovery,jev_compact,focus,True,choice,republican,republican,22
discovery_v3,mbd,discovery,jev_compact,focus,True,choice,republican,both,4
discovery_v3,mbd,discovery,jev_compact,focus,True,choice,republican,neither,7
discovery_v3,mbd,discovery,jev_compact,focus,True,choice,republican,__missing__,0
discovery_v3,mbd,discovery,jev_compact,focus,True,choice,both,democrat,2
discovery_v3,mbd,discovery,jev_compact,focus,True,choice,both,republican,0
discovery_v3,mbd,discovery,jev_compact,focus,True,choice,both,both,8
discovery_v3,mbd,discovery,jev_compact,focus,True,choice,both,neither,1
discovery_v3,mbd,discovery,jev_compact,focus,True,choice,both,__missing__,0
discovery_v3,mbd,discovery,jev_compact,focus,True,choice,neither,democrat,1
discovery_v3,mbd,discovery,jev_compact,focus,True,choice,neither,republican,0
discovery_v3,mbd,discovery,jev_compact,focus,True,choice,neither,both,1
discovery_v3,mbd,discovery,jev_compact,focus,True,choice,neither,neither,142
discovery_v3,mbd,discovery,jev_compact,focus,True,choice,neither,__missing__,0
discovery_v3,mbd,discovery,jev_verbose,type,True,choice,fact,fact,85
discovery_v3,mbd,discovery,jev_verbose,type,True,choice,fact,opinion,3
discovery_v3,mbd,discovery,jev_verbose,type,True,choice,fact,borderline,9
discovery_v3,mbd,discovery,jev_verbose,type,True,choice,fact,quote,4
discovery_v3,mbd,discovery,jev_verbose,type,True,choice,fact,other,5
discovery_v3,mbd,discovery,jev_verbose,type,True,choice,fact,__missing__,0
discovery_v3,mbd,discovery,jev_verbose,type,True,choice,opinion,fact,0
discovery_v3,mbd,discovery,jev_verbose,type,True,choice,opinion,opinion,2
discovery_v3,mbd,discovery,jev_verbose,type,True,choice,opinion,borderline,0
discovery_v3,mbd,discovery,jev_verbose,type,True,choice,opinion,quote,2
discovery_v3,mbd,discovery,jev_verbose,type,True,choice,opinion,other,0
discovery_v3,mbd,discovery,jev_verbose,type,True,choice,opinion,__missing__,0
discovery_v3,mbd,discovery,jev_verbose,type,True,choice,borderline,fact,0
discovery_v3,mbd,discovery,jev_verbose,type,True,choice,borderline,opinion,0
discovery_v3,mbd,discovery,jev_verbose,type,True,choice,borderline,borderline,1
discovery_v3,mbd,discovery,jev_verbose,type,True,choice,borderline,quote,0
discovery_v3,mbd,discovery,jev_verbose,type,True,choice,borderline,other,0
discovery_v3,mbd,discovery,jev_verbose,type,True,choice,borderline,__missing__,0
discovery_v3,mbd,discovery,jev_verbose,type,True,choice,quote,fact,3
discovery_v3,mbd,discovery,jev_verbose,type,True,choice,quote,opinion,2
discovery_v3,mbd,discovery,jev_verbose,type,True,choice,quote,borderline,2
discovery_v3,mbd,discovery,jev_verbose,type,True,choice,quote,quote,66
discovery_v3,mbd,discovery,jev_verbose,type,True,choice,quote,other,0
discovery_v3,mbd,discovery,jev_verbose,type,True,choice,quote,__missing__,0
discovery_v3,mbd,discovery,jev_verbose,type,True,choice,other,fact,7
discovery_v3,mbd,discovery,jev_verbose,type,True,choice,other,opinion,0
discovery_v3,mbd,discovery,jev_verbose,type,True,choice,other,borderline,0
discovery_v3,mbd,discovery,jev_verbose,type,True,choice,other,quote,0
discovery_v3,mbd,discovery,jev_verbose,type,True,choice,other,other,18
discovery_v3,mbd,discovery,jev_verbose,type,True,choice,other,__missing__,0
discovery_v3,mbd,discovery,jev_verbose,tone,True,choice,positive,positive,12
discovery_v3,mbd,discovery,jev_verbose,tone,True,choice,positive,negative,0
discovery_v3,mbd,discovery,jev_verbose,tone,True,choice,positive,neutral,0
discovery_v3,mbd,discovery,jev_verbose,tone,True,choice,positive,__missing__,0
discovery_v3,mbd,discovery,jev_verbose,tone,True,choice,negative,positive,0
discovery_v3,mbd,discovery,jev_verbose,tone,True,choice,negative,negative,34
discovery_v3,mbd,discovery,jev_verbose,tone,True,choice,negative,neutral,1
discovery_v3,mbd,discovery,jev_verbose,tone,True,choice,negative,__missing__,0
discovery_v3,mbd,discovery,jev_verbose,tone,True,choice,neutral,positive,25
discovery_v3,mbd,discovery,jev_verbose,tone,True,choice,neutral,negative,16
discovery_v3,mbd,discovery,jev_verbose,tone,True,choice,neutral,neutral,122
discovery_v3,mbd,discovery,jev_verbose,tone,True,choice,neutral,__missing__,0
discovery_v3,mbd,discovery,jev_verbose,focus,True,choice,democrat,democrat,11
discovery_v3,mbd,discovery,jev_verbose,focus,True,choice,democrat,republican,0
discovery_v3,mbd,discovery,jev_verbose,focus,True,choice,democrat,both,1
discovery_v3,mbd,discovery,jev_verbose,focus,True,choice,democrat,neither,3
discovery_v3,mbd,discovery,jev_verbose,focus,True,choice,democrat,__missing__,0
discovery_v3,mbd,discovery,jev_verbose,focus,True,choice,republican,democrat,0
discovery_v3,mbd,discovery,jev_verbose,focus,True,choice,republican,republican,24
discovery_v3,mbd,discovery,jev_verbose,focus,True,choice,republican,both,1
discovery_v3,mbd,discovery,jev_verbose,focus,True,choice,republican,neither,9
discovery_v3,mbd,discovery,jev_verbose,focus,True,choice,republican,__missing__,0
discovery_v3,mbd,discovery,jev_verbose,focus,True,choice,both,democrat,3
discovery_v3,mbd,discovery,jev_verbose,focus,True,choice,both,republican,0
discovery_v3,mbd,discovery,jev_verbose,focus,True,choice,both,both,7
discovery_v3,mbd,discovery,jev_verbose,focus,True,choice,both,neither,1
discovery_v3,mbd,discovery,jev_verbose,focus,True,choice,both,__missing__,0
discovery_v3,mbd,discovery,jev_verbose,focus,True,choice,neither,democrat,1
discovery_v3,mbd,discovery,jev_verbose,focus,True,choice,neither,republican,0
discovery_v3,mbd,discovery,jev_verbose,focus,True,choice,neither,both,1
discovery_v3,mbd,discovery,jev_verbose,focus,True,choice,neither,neither,142
discovery_v3,mbd,discovery,jev_verbose,focus,True,choice,neither,__missing__,0
discovery_v3,mbd,discovery,llm_direct,type,True,choice,fact,fact,87
discovery_v3,mbd,discovery,llm_direct,type,True,choice,fact,opinion,4
discovery_v3,mbd,discovery,llm_direct,type,True,choice,fact,borderline,1
discovery_v3,mbd,discovery,llm_direct,type,True,choice,fact,quote,5
discovery_v3,mbd,discovery,llm_direct,type,True,choice,fact,other,9
discovery_v3,mbd,discovery,llm_direct,type,True,choice,fact,__missing__,0
discovery_v3,mbd,discovery,llm_direct,type,True,choice,opinion,fact,0
discovery_v3,mbd,discovery,llm_direct,type,True,choice,opinion,opinion,1
discovery_v3,mbd,discovery,llm_direct,type,True,choice,opinion,borderline,0
discovery_v3,mbd,discovery,llm_direct,type,True,choice,opinion,quote,2
discovery_v3,mbd,discovery,llm_direct,type,True,choice,opinion,other,1
discovery_v3,mbd,discovery,llm_direct,type,True,choice,opinion,__missing__,0
discovery_v3,mbd,discovery,llm_direct,type,True,choice,borderline,fact,1
discovery_v3,mbd,discovery,llm_direct,type,True,choice,borderline,opinion,0
discovery_v3,mbd,discovery,llm_direct,type,True,choice,borderline,borderline,0
discovery_v3,mbd,discovery,llm_direct,type,True,choice,borderline,quote,0
discovery_v3,mbd,discovery,llm_direct,type,True,choice,borderline,other,0
discovery_v3,mbd,discovery,llm_direct,type,True,choice,borderline,__missing__,0
discovery_v3,mbd,discovery,llm_direct,type,True,choice,quote,fact,6
discovery_v3,mbd,discovery,llm_direct,type,True,choice,quote,opinion,2
discovery_v3,mbd,discovery,llm_direct,type,True,choice,quote,borderline,0
discovery_v3,mbd,discovery,llm_direct,type,True,choice,quote,quote,65
discovery_v3,mbd,discovery,llm_direct,type,True,choice,quote,other,0
discovery_v3,mbd,discovery,llm_direct,type,True,choice,quote,__missing__,0
discovery_v3,mbd,discovery,llm_direct,type,True,choice,other,fact,2
discovery_v3,mbd,discovery,llm_direct,type,True,choice,other,opinion,0
discovery_v3,mbd,discovery,llm_direct,type,True,choice,other,borderline,0
discovery_v3,mbd,discovery,llm_direct,type,True,choice,other,quote,0
discovery_v3,mbd,discovery,llm_direct,type,True,choice,other,other,23
discovery_v3,mbd,discovery,llm_direct,type,True,choice,other,__missing__,0
discovery_v3,mbd,discovery,llm_direct,tone,True,choice,positive,positive,10
discovery_v3,mbd,discovery,llm_direct,tone,True,choice,positive,negative,0
discovery_v3,mbd,discovery,llm_direct,tone,True,choice,positive,neutral,2
discovery_v3,mbd,discovery,llm_direct,tone,True,choice,positive,__missing__,0
discovery_v3,mbd,discovery,llm_direct,tone,True,choice,negative,positive,0
discovery_v3,mbd,discovery,llm_direct,tone,True,choice,negative,negative,30
discovery_v3,mbd,discovery,llm_direct,tone,True,choice,negative,neutral,5
discovery_v3,mbd,discovery,llm_direct,tone,True,choice,negative,__missing__,0
discovery_v3,mbd,discovery,llm_direct,tone,True,choice,neutral,positive,12
discovery_v3,mbd,discovery,llm_direct,tone,True,choice,neutral,negative,8
discovery_v3,mbd,discovery,llm_direct,tone,True,choice,neutral,neutral,143
discovery_v3,mbd,discovery,llm_direct,tone,True,choice,neutral,__missing__,0
discovery_v3,mbd,discovery,llm_direct,focus,True,choice,democrat,democrat,9
discovery_v3,mbd,discovery,llm_direct,focus,True,choice,democrat,republican,0
discovery_v3,mbd,discovery,llm_direct,focus,True,choice,democrat,both,2
discovery_v3,mbd,discovery,llm_direct,focus,True,choice,democrat,neither,4
discovery_v3,mbd,discovery,llm_direct,focus,True,choice,democrat,__missing__,0
discovery_v3,mbd,discovery,llm_direct,focus,True,choice,republican,democrat,0
discovery_v3,mbd,discovery,llm_direct,focus,True,choice,republican,republican,18
discovery_v3,mbd,discovery,llm_direct,focus,True,choice,republican,both,4
discovery_v3,mbd,discovery,llm_direct,focus,True,choice,republican,neither,12
discovery_v3,mbd,discovery,llm_direct,focus,True,choice,republican,__missing__,0
discovery_v3,mbd,discovery,llm_direct,focus,True,choice,both,democrat,0
discovery_v3,mbd,discovery,llm_direct,focus,True,choice,both,republican,0
discovery_v3,mbd,discovery,llm_direct,focus,True,choice,both,both,10
discovery_v3,mbd,discovery,llm_direct,focus,True,choice,both,neither,1
discovery_v3,mbd,discovery,llm_direct,focus,True,choice,both,__missing__,0
discovery_v3,mbd,discovery,llm_direct,focus,True,choice,neither,democrat,0
discovery_v3,mbd,discovery,llm_direct,focus,True,choice,neither,republican,0
discovery_v3,mbd,discovery,llm_direct,focus,True,choice,neither,both,0
discovery_v3,mbd,discovery,llm_direct,focus,True,choice,neither,neither,144
discovery_v3,mbd,discovery,llm_direct,focus,True,choice,neither,__missing__,0
discovery_v3,ucc,discovery,jev_anchored,healthy,True,choice,0,0,12
discovery_v3,ucc,discovery,jev_anchored,healthy,True,choice,0,1,6
discovery_v3,ucc,discovery,jev_anchored,healthy,True,choice,0,__missing__,0
discovery_v3,ucc,discovery,jev_anchored,healthy,True,choice,1,0,112
discovery_v3,ucc,discovery,jev_anchored,healthy,True,choice,1,1,80
discovery_v3,ucc,discovery,jev_anchored,healthy,True,choice,1,__missing__,0
discovery_v3,ucc,discovery,jev_anchored,sarcastic,True,choice,0,0,135
discovery_v3,ucc,discovery,jev_anchored,sarcastic,True,choice,0,1,70
discovery_v3,ucc,discovery,jev_anchored,sarcastic,True,choice,0,__missing__,0
discovery_v3,ucc,discovery,jev_anchored,sarcastic,True,choice,1,0,1
discovery_v3,ucc,discovery,jev_anchored,sarcastic,True,choice,1,1,4
discovery_v3,ucc,discovery,jev_anchored,sarcastic,True,choice,1,__missing__,0
discovery_v3,ucc,discovery,jev_anchored,generalisation,False,choice,0,0,173
discovery_v3,ucc,discovery,jev_anchored,generalisation,False,choice,0,1,34
discovery_v3,ucc,discovery,jev_anchored,generalisation,False,choice,0,__missing__,0
discovery_v3,ucc,discovery,jev_anchored,generalisation,False,choice,1,0,0
discovery_v3,ucc,discovery,jev_anchored,generalisation,False,choice,1,1,3
discovery_v3,ucc,discovery,jev_anchored,generalisation,False,choice,1,__missing__,0
discovery_v3,ucc,discovery,jev_anchored,generalisation_unfair,True,choice,0,0,172
discovery_v3,ucc,discovery,jev_anchored,generalisation_unfair,True,choice,0,1,35
discovery_v3,ucc,discovery,jev_anchored,generalisation_unfair,True,choice,0,__missing__,0
discovery_v3,ucc,discovery,jev_anchored,generalisation_unfair,True,choice,1,0,2
discovery_v3,ucc,discovery,jev_anchored,generalisation_unfair,True,choice,1,1,1
discovery_v3,ucc,discovery,jev_anchored,generalisation_unfair,True,choice,1,__missing__,0
discovery_v3,ucc,discovery,jev_anchored,hostile,True,choice,0,0,145
discovery_v3,ucc,discovery,jev_anchored,hostile,True,choice,0,1,63
discovery_v3,ucc,discovery,jev_anchored,hostile,True,choice,0,__missing__,0
discovery_v3,ucc,discovery,jev_anchored,hostile,True,choice,1,0,0
discovery_v3,ucc,discovery,jev_anchored,hostile,True,choice,1,1,2
discovery_v3,ucc,discovery,jev_anchored,hostile,True,choice,1,__missing__,0
discovery_v3,ucc,discovery,jev_anchored,antagonize,True,choice,0,0,109
discovery_v3,ucc,discovery,jev_anchored,antagonize,True,choice,0,1,94
discovery_v3,ucc,discovery,jev_anchored,antagonize,True,choice,0,__missing__,0
discovery_v3,ucc,discovery,jev_anchored,antagonize,True,choice,1,0,1
discovery_v3,ucc,discovery,jev_anchored,antagonize,True,choice,1,1,6
discovery_v3,ucc,discovery,jev_anchored,antagonize,True,choice,1,__missing__,0
discovery_v3,ucc,discovery,jev_anchored,condescending,True,choice,0,0,141
discovery_v3,ucc,discovery,jev_anchored,condescending,True,choice,0,1,65
discovery_v3,ucc,discovery,jev_anchored,condescending,True,choice,0,__missing__,0
discovery_v3,ucc,discovery,jev_anchored,condescending,True,choice,1,0,1
discovery_v3,ucc,discovery,jev_anchored,condescending,True,choice,1,1,3
discovery_v3,ucc,discovery,jev_anchored,condescending,True,choice,1,__missing__,0
discovery_v3,ucc,discovery,jev_anchored,dismissive,True,choice,0,0,124
discovery_v3,ucc,discovery,jev_anchored,dismissive,True,choice,0,1,83
discovery_v3,ucc,discovery,jev_anchored,dismissive,True,choice,0,__missing__,0
discovery_v3,ucc,discovery,jev_anchored,dismissive,True,choice,1,0,0
discovery_v3,ucc,discovery,jev_anchored,dismissive,True,choice,1,1,3
discovery_v3,ucc,discovery,jev_anchored,dismissive,True,choice,1,__missing__,0
discovery_v3,ucc,discovery,jev_compact,healthy,True,choice,0,0,12
discovery_v3,ucc,discovery,jev_compact,healthy,True,choice,0,1,6
discovery_v3,ucc,discovery,jev_compact,healthy,True,choice,0,__missing__,0
discovery_v3,ucc,discovery,jev_compact,healthy,True,choice,1,0,109
discovery_v3,ucc,discovery,jev_compact,healthy,True,choice,1,1,83
discovery_v3,ucc,discovery,jev_compact,healthy,True,choice,1,__missing__,0
discovery_v3,ucc,discovery,jev_compact,sarcastic,True,choice,0,0,141
discovery_v3,ucc,discovery,jev_compact,sarcastic,True,choice,0,1,64
discovery_v3,ucc,discovery,jev_compact,sarcastic,True,choice,0,__missing__,0
discovery_v3,ucc,discovery,jev_compact,sarcastic,True,choice,1,0,1
discovery_v3,ucc,discovery,jev_compact,sarcastic,True,choice,1,1,4
discovery_v3,ucc,discovery,jev_compact,sarcastic,True,choice,1,__missing__,0
discovery_v3,ucc,discovery,jev_compact,generalisation,False,choice,0,0,173
discovery_v3,ucc,discovery,jev_compact,generalisation,False,choice,0,1,34
discovery_v3,ucc,discovery,jev_compact,generalisation,False,choice,0,__missing__,0
discovery_v3,ucc,discovery,jev_compact,generalisation,False,choice,1,0,1
discovery_v3,ucc,discovery,jev_compact,generalisation,False,choice,1,1,2
discovery_v3,ucc,discovery,jev_compact,generalisation,False,choice,1,__missing__,0
discovery_v3,ucc,discovery,jev_compact,generalisation_unfair,True,choice,0,0,170
discovery_v3,ucc,discovery,jev_compact,generalisation_unfair,True,choice,0,1,37
discovery_v3,ucc,discovery,jev_compact,generalisation_unfair,True,choice,0,__missing__,0
discovery_v3,ucc,discovery,jev_compact,generalisation_unfair,True,choice,1,0,2
discovery_v3,ucc,discovery,jev_compact,generalisation_unfair,True,choice,1,1,1
discovery_v3,ucc,discovery,jev_compact,generalisation_unfair,True,choice,1,__missing__,0
discovery_v3,ucc,discovery,jev_compact,hostile,True,choice,0,0,147
discovery_v3,ucc,discovery,jev_compact,hostile,True,choice,0,1,61
discovery_v3,ucc,discovery,jev_compact,hostile,True,choice,0,__missing__,0
discovery_v3,ucc,discovery,jev_compact,hostile,True,choice,1,0,0
discovery_v3,ucc,discovery,jev_compact,hostile,True,choice,1,1,2
discovery_v3,ucc,discovery,jev_compact,hostile,True,choice,1,__missing__,0
discovery_v3,ucc,discovery,jev_compact,antagonize,True,choice,0,0,108
discovery_v3,ucc,discovery,jev_compact,antagonize,True,choice,0,1,95
discovery_v3,ucc,discovery,jev_compact,antagonize,True,choice,0,__missing__,0
discovery_v3,ucc,discovery,jev_compact,antagonize,True,choice,1,0,1
discovery_v3,ucc,discovery,jev_compact,antagonize,True,choice,1,1,6
discovery_v3,ucc,discovery,jev_compact,antagonize,True,choice,1,__missing__,0
discovery_v3,ucc,discovery,jev_compact,condescending,True,choice,0,0,141
discovery_v3,ucc,discovery,jev_compact,condescending,True,choice,0,1,65
discovery_v3,ucc,discovery,jev_compact,condescending,True,choice,0,__missing__,0
discovery_v3,ucc,discovery,jev_compact,condescending,True,choice,1,0,0
discovery_v3,ucc,discovery,jev_compact,condescending,True,choice,1,1,4
discovery_v3,ucc,discovery,jev_compact,condescending,True,choice,1,__missing__,0
discovery_v3,ucc,discovery,jev_compact,dismissive,True,choice,0,0,124
discovery_v3,ucc,discovery,jev_compact,dismissive,True,choice,0,1,83
discovery_v3,ucc,discovery,jev_compact,dismissive,True,choice,0,__missing__,0
discovery_v3,ucc,discovery,jev_compact,dismissive,True,choice,1,0,0
discovery_v3,ucc,discovery,jev_compact,dismissive,True,choice,1,1,3
discovery_v3,ucc,discovery,jev_compact,dismissive,True,choice,1,__missing__,0
discovery_v3,ucc,discovery,jev_verbose,healthy,True,choice,0,0,13
discovery_v3,ucc,discovery,jev_verbose,healthy,True,choice,0,1,5
discovery_v3,ucc,discovery,jev_verbose,healthy,True,choice,0,__missing__,0
discovery_v3,ucc,discovery,jev_verbose,healthy,True,choice,1,0,93
discovery_v3,ucc,discovery,jev_verbose,healthy,True,choice,1,1,99
discovery_v3,ucc,discovery,jev_verbose,healthy,True,choice,1,__missing__,0
discovery_v3,ucc,discovery,jev_verbose,sarcastic,True,choice,0,0,127
discovery_v3,ucc,discovery,jev_verbose,sarcastic,True,choice,0,1,78
discovery_v3,ucc,discovery,jev_verbose,sarcastic,True,choice,0,__missing__,0
discovery_v3,ucc,discovery,jev_verbose,sarcastic,True,choice,1,0,2
discovery_v3,ucc,discovery,jev_verbose,sarcastic,True,choice,1,1,3
discovery_v3,ucc,discovery,jev_verbose,sarcastic,True,choice,1,__missing__,0
discovery_v3,ucc,discovery,jev_verbose,generalisation,False,choice,0,0,181
discovery_v3,ucc,discovery,jev_verbose,generalisation,False,choice,0,1,26
discovery_v3,ucc,discovery,jev_verbose,generalisation,False,choice,0,__missing__,0
discovery_v3,ucc,discovery,jev_verbose,generalisation,False,choice,1,0,0
discovery_v3,ucc,discovery,jev_verbose,generalisation,False,choice,1,1,3
discovery_v3,ucc,discovery,jev_verbose,generalisation,False,choice,1,__missing__,0
discovery_v3,ucc,discovery,jev_verbose,generalisation_unfair,True,choice,0,0,185
discovery_v3,ucc,discovery,jev_verbose,generalisation_unfair,True,choice,0,1,22
discovery_v3,ucc,discovery,jev_verbose,generalisation_unfair,True,choice,0,__missing__,0
discovery_v3,ucc,discovery,jev_verbose,generalisation_unfair,True,choice,1,0,0
discovery_v3,ucc,discovery,jev_verbose,generalisation_unfair,True,choice,1,1,3
discovery_v3,ucc,discovery,jev_verbose,generalisation_unfair,True,choice,1,__missing__,0
discovery_v3,ucc,discovery,jev_verbose,hostile,True,choice,0,0,146
discovery_v3,ucc,discovery,jev_verbose,hostile,True,choice,0,1,62
discovery_v3,ucc,discovery,jev_verbose,hostile,True,choice,0,__missing__,0
discovery_v3,ucc,discovery,jev_verbose,hostile,True,choice,1,0,1
discovery_v3,ucc,discovery,jev_verbose,hostile,True,choice,1,1,1
discovery_v3,ucc,discovery,jev_verbose,hostile,True,choice,1,__missing__,0
discovery_v3,ucc,discovery,jev_verbose,antagonize,True,choice,0,0,113
discovery_v3,ucc,discovery,jev_verbose,antagonize,True,choice,0,1,90
discovery_v3,ucc,discovery,jev_verbose,antagonize,True,choice,0,__missing__,0
discovery_v3,ucc,discovery,jev_verbose,antagonize,True,choice,1,0,2
discovery_v3,ucc,discovery,jev_verbose,antagonize,True,choice,1,1,5
discovery_v3,ucc,discovery,jev_verbose,antagonize,True,choice,1,__missing__,0
discovery_v3,ucc,discovery,jev_verbose,condescending,True,choice,0,0,124
discovery_v3,ucc,discovery,jev_verbose,condescending,True,choice,0,1,82
discovery_v3,ucc,discovery,jev_verbose,condescending,True,choice,0,__missing__,0
discovery_v3,ucc,discovery,jev_verbose,condescending,True,choice,1,0,1
discovery_v3,ucc,discovery,jev_verbose,condescending,True,choice,1,1,3
discovery_v3,ucc,discovery,jev_verbose,condescending,True,choice,1,__missing__,0
discovery_v3,ucc,discovery,jev_verbose,dismissive,True,choice,0,0,118
discovery_v3,ucc,discovery,jev_verbose,dismissive,True,choice,0,1,89
discovery_v3,ucc,discovery,jev_verbose,dismissive,True,choice,0,__missing__,0
discovery_v3,ucc,discovery,jev_verbose,dismissive,True,choice,1,0,1
discovery_v3,ucc,discovery,jev_verbose,dismissive,True,choice,1,1,2
discovery_v3,ucc,discovery,jev_verbose,dismissive,True,choice,1,__missing__,0
discovery_v3,ucc,discovery,llm_direct,healthy,True,choice,0,0,12
discovery_v3,ucc,discovery,llm_direct,healthy,True,choice,0,1,6
discovery_v3,ucc,discovery,llm_direct,healthy,True,choice,0,__missing__,0
discovery_v3,ucc,discovery,llm_direct,healthy,True,choice,1,0,63
discovery_v3,ucc,discovery,llm_direct,healthy,True,choice,1,1,129
discovery_v3,ucc,discovery,llm_direct,healthy,True,choice,1,__missing__,0
discovery_v3,ucc,discovery,llm_direct,sarcastic,True,choice,0,0,161
discovery_v3,ucc,discovery,llm_direct,sarcastic,True,choice,0,1,44
discovery_v3,ucc,discovery,llm_direct,sarcastic,True,choice,0,__missing__,0
discovery_v3,ucc,discovery,llm_direct,sarcastic,True,choice,1,0,3
discovery_v3,ucc,discovery,llm_direct,sarcastic,True,choice,1,1,2
discovery_v3,ucc,discovery,llm_direct,sarcastic,True,choice,1,__missing__,0
discovery_v3,ucc,discovery,llm_direct,generalisation,False,choice,0,0,182
discovery_v3,ucc,discovery,llm_direct,generalisation,False,choice,0,1,25
discovery_v3,ucc,discovery,llm_direct,generalisation,False,choice,0,__missing__,0
discovery_v3,ucc,discovery,llm_direct,generalisation,False,choice,1,0,1
discovery_v3,ucc,discovery,llm_direct,generalisation,False,choice,1,1,2
discovery_v3,ucc,discovery,llm_direct,generalisation,False,choice,1,__missing__,0
discovery_v3,ucc,discovery,llm_direct,generalisation_unfair,True,choice,0,0,183
discovery_v3,ucc,discovery,llm_direct,generalisation_unfair,True,choice,0,1,24
discovery_v3,ucc,discovery,llm_direct,generalisation_unfair,True,choice,0,__missing__,0
discovery_v3,ucc,discovery,llm_direct,generalisation_unfair,True,choice,1,0,1
discovery_v3,ucc,discovery,llm_direct,generalisation_unfair,True,choice,1,1,2
discovery_v3,ucc,discovery,llm_direct,generalisation_unfair,True,choice,1,__missing__,0
discovery_v3,ucc,discovery,llm_direct,hostile,True,choice,0,0,148
discovery_v3,ucc,discovery,llm_direct,hostile,True,choice,0,1,60
discovery_v3,ucc,discovery,llm_direct,hostile,True,choice,0,__missing__,0
discovery_v3,ucc,discovery,llm_direct,hostile,True,choice,1,0,1
discovery_v3,ucc,discovery,llm_direct,hostile,True,choice,1,1,1
discovery_v3,ucc,discovery,llm_direct,hostile,True,choice,1,__missing__,0
discovery_v3,ucc,discovery,llm_direct,antagonize,True,choice,0,0,157
discovery_v3,ucc,discovery,llm_direct,antagonize,True,choice,0,1,46
discovery_v3,ucc,discovery,llm_direct,antagonize,True,choice,0,__missing__,0
discovery_v3,ucc,discovery,llm_direct,antagonize,True,choice,1,0,1
discovery_v3,ucc,discovery,llm_direct,antagonize,True,choice,1,1,6
discovery_v3,ucc,discovery,llm_direct,antagonize,True,choice,1,__missing__,0
discovery_v3,ucc,discovery,llm_direct,condescending,True,choice,0,0,156
discovery_v3,ucc,discovery,llm_direct,condescending,True,choice,0,1,50
discovery_v3,ucc,discovery,llm_direct,condescending,True,choice,0,__missing__,0
discovery_v3,ucc,discovery,llm_direct,condescending,True,choice,1,0,0
discovery_v3,ucc,discovery,llm_direct,condescending,True,choice,1,1,4
discovery_v3,ucc,discovery,llm_direct,condescending,True,choice,1,__missing__,0
discovery_v3,ucc,discovery,llm_direct,dismissive,True,choice,0,0,155
discovery_v3,ucc,discovery,llm_direct,dismissive,True,choice,0,1,52
discovery_v3,ucc,discovery,llm_direct,dismissive,True,choice,0,__missing__,0
discovery_v3,ucc,discovery,llm_direct,dismissive,True,choice,1,0,2
discovery_v3,ucc,discovery,llm_direct,dismissive,True,choice,1,1,1
discovery_v3,ucc,discovery,llm_direct,dismissive,True,choice,1,__missing__,0
explanation_discovery_v2,babe,discovery,jev_explanation,label_bias,True,choice,Non-biased,Non-biased,77
explanation_discovery_v2,babe,discovery,jev_explanation,label_bias,True,choice,Non-biased,Biased,8
explanation_discovery_v2,babe,discovery,jev_explanation,label_bias,True,choice,Non-biased,__missing__,12
explanation_discovery_v2,babe,discovery,jev_explanation,label_bias,True,choice,Biased,Non-biased,32
explanation_discovery_v2,babe,discovery,jev_explanation,label_bias,True,choice,Biased,Biased,51
explanation_discovery_v2,babe,discovery,jev_explanation,label_bias,True,choice,Biased,__missing__,20
explanation_discovery_v2,babe,discovery,jev_grounded,label_bias,True,choice,Non-biased,Non-biased,71
explanation_discovery_v2,babe,discovery,jev_grounded,label_bias,True,choice,Non-biased,Biased,26
explanation_discovery_v2,babe,discovery,jev_grounded,label_bias,True,choice,Non-biased,__missing__,0
explanation_discovery_v2,babe,discovery,jev_grounded,label_bias,True,choice,Biased,Non-biased,20
explanation_discovery_v2,babe,discovery,jev_grounded,label_bias,True,choice,Biased,Biased,83
explanation_discovery_v2,babe,discovery,jev_grounded,label_bias,True,choice,Biased,__missing__,0
explanation_discovery_v2,conflict,discovery,jev_explanation,rating_directness_content,True,choice,Yes - Direct Content,Yes - Direct Content,71
explanation_discovery_v2,conflict,discovery,jev_explanation,rating_directness_content,True,choice,Yes - Direct Content,Neutral - Content contains no opinion,1
explanation_discovery_v2,conflict,discovery,jev_explanation,rating_directness_content,True,choice,Yes - Direct Content,No - Indirect Content,4
explanation_discovery_v2,conflict,discovery,jev_explanation,rating_directness_content,True,choice,Yes - Direct Content,__missing__,16
explanation_discovery_v2,conflict,discovery,jev_explanation,rating_directness_content,True,choice,Neutral - Content contains no opinion,Yes - Direct Content,0
explanation_discovery_v2,conflict,discovery,jev_explanation,rating_directness_content,True,choice,Neutral - Content contains no opinion,Neutral - Content contains no opinion,0
explanation_discovery_v2,conflict,discovery,jev_explanation,rating_directness_content,True,choice,Neutral - Content contains no opinion,No - Indirect Content,0
explanation_discovery_v2,conflict,discovery,jev_explanation,rating_directness_content,True,choice,Neutral - Content contains no opinion,__missing__,0
explanation_discovery_v2,conflict,discovery,jev_explanation,rating_directness_content,True,choice,No - Indirect Content,Yes - Direct Content,0
explanation_discovery_v2,conflict,discovery,jev_explanation,rating_directness_content,True,choice,No - Indirect Content,Neutral - Content contains no opinion,0
explanation_discovery_v2,conflict,discovery,jev_explanation,rating_directness_content,True,choice,No - Indirect Content,No - Indirect Content,0
explanation_discovery_v2,conflict,discovery,jev_explanation,rating_directness_content,True,choice,No - Indirect Content,__missing__,0
explanation_discovery_v2,conflict,discovery,jev_explanation,rating_directness_expression,True,choice,Yes - Direct Expression,Yes - Direct Expression,74
explanation_discovery_v2,conflict,discovery,jev_explanation,rating_directness_expression,True,choice,Yes - Direct Expression,No - Indirect Expression,0
explanation_discovery_v2,conflict,discovery,jev_explanation,rating_directness_expression,True,choice,Yes - Direct Expression,__missing__,13
explanation_discovery_v2,conflict,discovery,jev_explanation,rating_directness_expression,True,choice,No - Indirect Expression,Yes - Direct Expression,2
explanation_discovery_v2,conflict,discovery,jev_explanation,rating_directness_expression,True,choice,No - Indirect Expression,No - Indirect Expression,0
explanation_discovery_v2,conflict,discovery,jev_explanation,rating_directness_expression,True,choice,No - Indirect Expression,__missing__,3
explanation_discovery_v2,conflict,discovery,jev_explanation,rating_OI_content,True,choice,Yes - Content opposes someone else,Yes - Content opposes someone else,73
explanation_discovery_v2,conflict,discovery,jev_explanation,rating_OI_content,True,choice,Yes - Content opposes someone else,No - Content does not oppose anyone,2
explanation_discovery_v2,conflict,discovery,jev_explanation,rating_OI_content,True,choice,Yes - Content opposes someone else,__missing__,15
explanation_discovery_v2,conflict,discovery,jev_explanation,rating_OI_content,True,choice,No - Content does not oppose anyone,Yes - Content opposes someone else,1
explanation_discovery_v2,conflict,discovery,jev_explanation,rating_OI_content,True,choice,No - Content does not oppose anyone,No - Content does not oppose anyone,0
explanation_discovery_v2,conflict,discovery,jev_explanation,rating_OI_content,True,choice,No - Content does not oppose anyone,__missing__,1
explanation_discovery_v2,conflict,discovery,jev_explanation,rating_OI_expression,True,choice,Yes - Expression is emotional/forceful,Yes - Expression is emotional/forceful,4
explanation_discovery_v2,conflict,discovery,jev_explanation,rating_OI_expression,True,choice,Yes - Expression is emotional/forceful,No - Expression is not emotional/forceful,8
explanation_discovery_v2,conflict,discovery,jev_explanation,rating_OI_expression,True,choice,Yes - Expression is emotional/forceful,__missing__,4
explanation_discovery_v2,conflict,discovery,jev_explanation,rating_OI_expression,True,choice,No - Expression is not emotional/forceful,Yes - Expression is emotional/forceful,2
explanation_discovery_v2,conflict,discovery,jev_explanation,rating_OI_expression,True,choice,No - Expression is not emotional/forceful,No - Expression is not emotional/forceful,62
explanation_discovery_v2,conflict,discovery,jev_explanation,rating_OI_expression,True,choice,No - Expression is not emotional/forceful,__missing__,12
explanation_discovery_v2,conflict,discovery,jev_grounded,rating_directness_content,True,choice,Yes - Direct Content,Yes - Direct Content,83
explanation_discovery_v2,conflict,discovery,jev_grounded,rating_directness_content,True,choice,Yes - Direct Content,Neutral - Content contains no opinion,2
explanation_discovery_v2,conflict,discovery,jev_grounded,rating_directness_content,True,choice,Yes - Direct Content,No - Indirect Content,7
explanation_discovery_v2,conflict,discovery,jev_grounded,rating_directness_content,True,choice,Yes - Direct Content,__missing__,0
explanation_discovery_v2,conflict,discovery,jev_grounded,rating_directness_content,True,choice,Neutral - Content contains no opinion,Yes - Direct Content,0
explanation_discovery_v2,conflict,discovery,jev_grounded,rating_directness_content,True,choice,Neutral - Content contains no opinion,Neutral - Content contains no opinion,0
explanation_discovery_v2,conflict,discovery,jev_grounded,rating_directness_content,True,choice,Neutral - Content contains no opinion,No - Indirect Content,0
explanation_discovery_v2,conflict,discovery,jev_grounded,rating_directness_content,True,choice,Neutral - Content contains no opinion,__missing__,0
explanation_discovery_v2,conflict,discovery,jev_grounded,rating_directness_content,True,choice,No - Indirect Content,Yes - Direct Content,0
explanation_discovery_v2,conflict,discovery,jev_grounded,rating_directness_content,True,choice,No - Indirect Content,Neutral - Content contains no opinion,0
explanation_discovery_v2,conflict,discovery,jev_grounded,rating_directness_content,True,choice,No - Indirect Content,No - Indirect Content,0
explanation_discovery_v2,conflict,discovery,jev_grounded,rating_directness_content,True,choice,No - Indirect Content,__missing__,0
explanation_discovery_v2,conflict,discovery,jev_grounded,rating_directness_expression,True,choice,Yes - Direct Expression,Yes - Direct Expression,75
explanation_discovery_v2,conflict,discovery,jev_grounded,rating_directness_expression,True,choice,Yes - Direct Expression,No - Indirect Expression,12
explanation_discovery_v2,conflict,discovery,jev_grounded,rating_directness_expression,True,choice,Yes - Direct Expression,__missing__,0
explanation_discovery_v2,conflict,discovery,jev_grounded,rating_directness_expression,True,choice,No - Indirect Expression,Yes - Direct Expression,3
explanation_discovery_v2,conflict,discovery,jev_grounded,rating_directness_expression,True,choice,No - Indirect Expression,No - Indirect Expression,2
explanation_discovery_v2,conflict,discovery,jev_grounded,rating_directness_expression,True,choice,No - Indirect Expression,__missing__,0
explanation_discovery_v2,conflict,discovery,jev_grounded,rating_OI_content,True,choice,Yes - Content opposes someone else,Yes - Content opposes someone else,75
explanation_discovery_v2,conflict,discovery,jev_grounded,rating_OI_content,True,choice,Yes - Content opposes someone else,No - Content does not oppose anyone,15
explanation_discovery_v2,conflict,discovery,jev_grounded,rating_OI_content,True,choice,Yes - Content opposes someone else,__missing__,0
explanation_discovery_v2,conflict,discovery,jev_grounded,rating_OI_content,True,choice,No - Content does not oppose anyone,Yes - Content opposes someone else,1
explanation_discovery_v2,conflict,discovery,jev_grounded,rating_OI_content,True,choice,No - Content does not oppose anyone,No - Content does not oppose anyone,1
explanation_discovery_v2,conflict,discovery,jev_grounded,rating_OI_content,True,choice,No - Content does not oppose anyone,__missing__,0
explanation_discovery_v2,conflict,discovery,jev_grounded,rating_OI_expression,True,choice,Yes - Expression is emotional/forceful,Yes - Expression is emotional/forceful,9
explanation_discovery_v2,conflict,discovery,jev_grounded,rating_OI_expression,True,choice,Yes - Expression is emotional/forceful,No - Expression is not emotional/forceful,7
explanation_discovery_v2,conflict,discovery,jev_grounded,rating_OI_expression,True,choice,Yes - Expression is emotional/forceful,__missing__,0
explanation_discovery_v2,conflict,discovery,jev_grounded,rating_OI_expression,True,choice,No - Expression is not emotional/forceful,Yes - Expression is emotional/forceful,16
explanation_discovery_v2,conflict,discovery,jev_grounded,rating_OI_expression,True,choice,No - Expression is not emotional/forceful,No - Expression is not emotional/forceful,60
explanation_discovery_v2,conflict,discovery,jev_grounded,rating_OI_expression,True,choice,No - Expression is not emotional/forceful,__missing__,0
explanation_discovery_v2,mbd,discovery,jev_explanation,type,True,choice,fact,fact,89
explanation_discovery_v2,mbd,discovery,jev_explanation,type,True,choice,fact,opinion,3
explanation_discovery_v2,mbd,discovery,jev_explanation,type,True,choice,fact,borderline,4
explanation_discovery_v2,mbd,discovery,jev_explanation,type,True,choice,fact,quote,4
explanation_discovery_v2,mbd,discovery,jev_explanation,type,True,choice,fact,other,6
explanation_discovery_v2,mbd,discovery,jev_explanation,type,True,choice,fact,__missing__,0
explanation_discovery_v2,mbd,discovery,jev_explanation,type,True,choice,opinion,fact,0
explanation_discovery_v2,mbd,discovery,jev_explanation,type,True,choice,opinion,opinion,2
explanation_discovery_v2,mbd,discovery,jev_explanation,type,True,choice,opinion,borderline,0
explanation_discovery_v2,mbd,discovery,jev_explanation,type,True,choice,opinion,quote,2
explanation_discovery_v2,mbd,discovery,jev_explanation,type,True,choice,opinion,other,0
explanation_discovery_v2,mbd,discovery,jev_explanation,type,True,choice,opinion,__missing__,0
explanation_discovery_v2,mbd,discovery,jev_explanation,type,True,choice,borderline,fact,1
explanation_discovery_v2,mbd,discovery,jev_explanation,type,True,choice,borderline,opinion,0
explanation_discovery_v2,mbd,discovery,jev_explanation,type,True,choice,borderline,borderline,0
explanation_discovery_v2,mbd,discovery,jev_explanation,type,True,choice,borderline,quote,0
explanation_discovery_v2,mbd,discovery,jev_explanation,type,True,choice,borderline,other,0
explanation_discovery_v2,mbd,discovery,jev_explanation,type,True,choice,borderline,__missing__,0
explanation_discovery_v2,mbd,discovery,jev_explanation,type,True,choice,quote,fact,3
explanation_discovery_v2,mbd,discovery,jev_explanation,type,True,choice,quote,opinion,2
explanation_discovery_v2,mbd,discovery,jev_explanation,type,True,choice,quote,borderline,1
explanation_discovery_v2,mbd,discovery,jev_explanation,type,True,choice,quote,quote,67
explanation_discovery_v2,mbd,discovery,jev_explanation,type,True,choice,quote,other,0
explanation_discovery_v2,mbd,discovery,jev_explanation,type,True,choice,quote,__missing__,0
explanation_discovery_v2,mbd,discovery,jev_explanation,type,True,choice,other,fact,5
explanation_discovery_v2,mbd,discovery,jev_explanation,type,True,choice,other,opinion,0
explanation_discovery_v2,mbd,discovery,jev_explanation,type,True,choice,other,borderline,0
explanation_discovery_v2,mbd,discovery,jev_explanation,type,True,choice,other,quote,0
explanation_discovery_v2,mbd,discovery,jev_explanation,type,True,choice,other,other,20
explanation_discovery_v2,mbd,discovery,jev_explanation,type,True,choice,other,__missing__,0
explanation_discovery_v2,mbd,discovery,jev_explanation,tone,True,choice,positive,positive,9
explanation_discovery_v2,mbd,discovery,jev_explanation,tone,True,choice,positive,negative,0
explanation_discovery_v2,mbd,discovery,jev_explanation,tone,True,choice,positive,neutral,3
explanation_discovery_v2,mbd,discovery,jev_explanation,tone,True,choice,positive,__missing__,0
explanation_discovery_v2,mbd,discovery,jev_explanation,tone,True,choice,negative,positive,0
explanation_discovery_v2,mbd,discovery,jev_explanation,tone,True,choice,negative,negative,27
explanation_discovery_v2,mbd,discovery,jev_explanation,tone,True,choice,negative,neutral,8
explanation_discovery_v2,mbd,discovery,jev_explanation,tone,True,choice,negative,__missing__,0
explanation_discovery_v2,mbd,discovery,jev_explanation,tone,True,choice,neutral,positive,11
explanation_discovery_v2,mbd,discovery,jev_explanation,tone,True,choice,neutral,negative,7
explanation_discovery_v2,mbd,discovery,jev_explanation,tone,True,choice,neutral,neutral,145
explanation_discovery_v2,mbd,discovery,jev_explanation,tone,True,choice,neutral,__missing__,0
explanation_discovery_v2,mbd,discovery,jev_explanation,focus,True,choice,democrat,democrat,12
explanation_discovery_v2,mbd,discovery,jev_explanation,focus,True,choice,democrat,republican,0
explanation_discovery_v2,mbd,discovery,jev_explanation,focus,True,choice,democrat,both,1
explanation_discovery_v2,mbd,discovery,jev_explanation,focus,True,choice,democrat,neither,2
explanation_discovery_v2,mbd,discovery,jev_explanation,focus,True,choice,democrat,__missing__,0
explanation_discovery_v2,mbd,discovery,jev_explanation,focus,True,choice,republican,democrat,0
explanation_discovery_v2,mbd,discovery,jev_explanation,focus,True,choice,republican,republican,23
explanation_discovery_v2,mbd,discovery,jev_explanation,focus,True,choice,republican,both,3
explanation_discovery_v2,mbd,discovery,jev_explanation,focus,True,choice,republican,neither,8
explanation_discovery_v2,mbd,discovery,jev_explanation,focus,True,choice,republican,__missing__,0
explanation_discovery_v2,mbd,discovery,jev_explanation,focus,True,choice,both,democrat,2
explanation_discovery_v2,mbd,discovery,jev_explanation,focus,True,choice,both,republican,0
explanation_discovery_v2,mbd,discovery,jev_explanation,focus,True,choice,both,both,8
explanation_discovery_v2,mbd,discovery,jev_explanation,focus,True,choice,both,neither,1
explanation_discovery_v2,mbd,discovery,jev_explanation,focus,True,choice,both,__missing__,0
explanation_discovery_v2,mbd,discovery,jev_explanation,focus,True,choice,neither,democrat,0
explanation_discovery_v2,mbd,discovery,jev_explanation,focus,True,choice,neither,republican,0
explanation_discovery_v2,mbd,discovery,jev_explanation,focus,True,choice,neither,both,1
explanation_discovery_v2,mbd,discovery,jev_explanation,focus,True,choice,neither,neither,143
explanation_discovery_v2,mbd,discovery,jev_explanation,focus,True,choice,neither,__missing__,0
explanation_discovery_v2,mbd,discovery,jev_grounded,type,True,choice,fact,fact,90
explanation_discovery_v2,mbd,discovery,jev_grounded,type,True,choice,fact,opinion,3
explanation_discovery_v2,mbd,discovery,jev_grounded,type,True,choice,fact,borderline,3
explanation_discovery_v2,mbd,discovery,jev_grounded,type,True,choice,fact,quote,4
explanation_discovery_v2,mbd,discovery,jev_grounded,type,True,choice,fact,other,6
explanation_discovery_v2,mbd,discovery,jev_grounded,type,True,choice,fact,__missing__,0
explanation_discovery_v2,mbd,discovery,jev_grounded,type,True,choice,opinion,fact,0
explanation_discovery_v2,mbd,discovery,jev_grounded,type,True,choice,opinion,opinion,2
explanation_discovery_v2,mbd,discovery,jev_grounded,type,True,choice,opinion,borderline,0
explanation_discovery_v2,mbd,discovery,jev_grounded,type,True,choice,opinion,quote,2
explanation_discovery_v2,mbd,discovery,jev_grounded,type,True,choice,opinion,other,0
explanation_discovery_v2,mbd,discovery,jev_grounded,type,True,choice,opinion,__missing__,0
explanation_discovery_v2,mbd,discovery,jev_grounded,type,True,choice,borderline,fact,1
explanation_discovery_v2,mbd,discovery,jev_grounded,type,True,choice,borderline,opinion,0
explanation_discovery_v2,mbd,discovery,jev_grounded,type,True,choice,borderline,borderline,0
explanation_discovery_v2,mbd,discovery,jev_grounded,type,True,choice,borderline,quote,0
explanation_discovery_v2,mbd,discovery,jev_grounded,type,True,choice,borderline,other,0
explanation_discovery_v2,mbd,discovery,jev_grounded,type,True,choice,borderline,__missing__,0
explanation_discovery_v2,mbd,discovery,jev_grounded,type,True,choice,quote,fact,3
explanation_discovery_v2,mbd,discovery,jev_grounded,type,True,choice,quote,opinion,3
explanation_discovery_v2,mbd,discovery,jev_grounded,type,True,choice,quote,borderline,0
explanation_discovery_v2,mbd,discovery,jev_grounded,type,True,choice,quote,quote,67
explanation_discovery_v2,mbd,discovery,jev_grounded,type,True,choice,quote,other,0
explanation_discovery_v2,mbd,discovery,jev_grounded,type,True,choice,quote,__missing__,0
explanation_discovery_v2,mbd,discovery,jev_grounded,type,True,choice,other,fact,6
explanation_discovery_v2,mbd,discovery,jev_grounded,type,True,choice,other,opinion,0
explanation_discovery_v2,mbd,discovery,jev_grounded,type,True,choice,other,borderline,0
explanation_discovery_v2,mbd,discovery,jev_grounded,type,True,choice,other,quote,0
explanation_discovery_v2,mbd,discovery,jev_grounded,type,True,choice,other,other,19
explanation_discovery_v2,mbd,discovery,jev_grounded,type,True,choice,other,__missing__,0
explanation_discovery_v2,mbd,discovery,jev_grounded,tone,True,choice,positive,positive,12
explanation_discovery_v2,mbd,discovery,jev_grounded,tone,True,choice,positive,negative,0
explanation_discovery_v2,mbd,discovery,jev_grounded,tone,True,choice,positive,neutral,0
explanation_discovery_v2,mbd,discovery,jev_grounded,tone,True,choice,positive,__missing__,0
explanation_discovery_v2,mbd,discovery,jev_grounded,tone,True,choice,negative,positive,0
explanation_discovery_v2,mbd,discovery,jev_grounded,tone,True,choice,negative,negative,31
explanation_discovery_v2,mbd,discovery,jev_grounded,tone,True,choice,negative,neutral,4
explanation_discovery_v2,mbd,discovery,jev_grounded,tone,True,choice,negative,__missing__,0
explanation_discovery_v2,mbd,discovery,jev_grounded,tone,True,choice,neutral,positive,17
explanation_discovery_v2,mbd,discovery,jev_grounded,tone,True,choice,neutral,negative,14
explanation_discovery_v2,mbd,discovery,jev_grounded,tone,True,choice,neutral,neutral,132
explanation_discovery_v2,mbd,discovery,jev_grounded,tone,True,choice,neutral,__missing__,0
explanation_discovery_v2,mbd,discovery,jev_grounded,focus,True,choice,democrat,democrat,12
explanation_discovery_v2,mbd,discovery,jev_grounded,focus,True,choice,democrat,republican,0
explanation_discovery_v2,mbd,discovery,jev_grounded,focus,True,choice,democrat,both,1
explanation_discovery_v2,mbd,discovery,jev_grounded,focus,True,choice,democrat,neither,2
explanation_discovery_v2,mbd,discovery,jev_grounded,focus,True,choice,democrat,__missing__,0
explanation_discovery_v2,mbd,discovery,jev_grounded,focus,True,choice,republican,democrat,0
explanation_discovery_v2,mbd,discovery,jev_grounded,focus,True,choice,republican,republican,23
explanation_discovery_v2,mbd,discovery,jev_grounded,focus,True,choice,republican,both,3
explanation_discovery_v2,mbd,discovery,jev_grounded,focus,True,choice,republican,neither,8
explanation_discovery_v2,mbd,discovery,jev_grounded,focus,True,choice,republican,__missing__,0
explanation_discovery_v2,mbd,discovery,jev_grounded,focus,True,choice,both,democrat,2
explanation_discovery_v2,mbd,discovery,jev_grounded,focus,True,choice,both,republican,0
explanation_discovery_v2,mbd,discovery,jev_grounded,focus,True,choice,both,both,8
explanation_discovery_v2,mbd,discovery,jev_grounded,focus,True,choice,both,neither,1
explanation_discovery_v2,mbd,discovery,jev_grounded,focus,True,choice,both,__missing__,0
explanation_discovery_v2,mbd,discovery,jev_grounded,focus,True,choice,neither,democrat,1
explanation_discovery_v2,mbd,discovery,jev_grounded,focus,True,choice,neither,republican,0
explanation_discovery_v2,mbd,discovery,jev_grounded,focus,True,choice,neither,both,1
explanation_discovery_v2,mbd,discovery,jev_grounded,focus,True,choice,neither,neither,142
explanation_discovery_v2,mbd,discovery,jev_grounded,focus,True,choice,neither,__missing__,0
explanation_discovery_v2,ucc,discovery,jev_explanation,healthy,True,choice,0,0,6
explanation_discovery_v2,ucc,discovery,jev_explanation,healthy,True,choice,0,1,12
explanation_discovery_v2,ucc,discovery,jev_explanation,healthy,True,choice,0,__missing__,0
explanation_discovery_v2,ucc,discovery,jev_explanation,healthy,True,choice,1,0,22
explanation_discovery_v2,ucc,discovery,jev_explanation,healthy,True,choice,1,1,170
explanation_discovery_v2,ucc,discovery,jev_explanation,healthy,True,choice,1,__missing__,0
explanation_discovery_v2,ucc,discovery,jev_explanation,sarcastic,True,choice,0,0,180
explanation_discovery_v2,ucc,discovery,jev_explanation,sarcastic,True,choice,0,1,25
explanation_discovery_v2,ucc,discovery,jev_explanation,sarcastic,True,choice,0,__missing__,0
explanation_discovery_v2,ucc,discovery,jev_explanation,sarcastic,True,choice,1,0,4
explanation_discovery_v2,ucc,discovery,jev_explanation,sarcastic,True,choice,1,1,1
explanation_discovery_v2,ucc,discovery,jev_explanation,sarcastic,True,choice,1,__missing__,0
explanation_discovery_v2,ucc,discovery,jev_explanation,generalisation,False,choice,0,0,192
explanation_discovery_v2,ucc,discovery,jev_explanation,generalisation,False,choice,0,1,15
explanation_discovery_v2,ucc,discovery,jev_explanation,generalisation,False,choice,0,__missing__,0
explanation_discovery_v2,ucc,discovery,jev_explanation,generalisation,False,choice,1,0,3
explanation_discovery_v2,ucc,discovery,jev_explanation,generalisation,False,choice,1,1,0
explanation_discovery_v2,ucc,discovery,jev_explanation,generalisation,False,choice,1,__missing__,0
explanation_discovery_v2,ucc,discovery,jev_explanation,generalisation_unfair,True,choice,0,0,195
explanation_discovery_v2,ucc,discovery,jev_explanation,generalisation_unfair,True,choice,0,1,12
explanation_discovery_v2,ucc,discovery,jev_explanation,generalisation_unfair,True,choice,0,__missing__,0
explanation_discovery_v2,ucc,discovery,jev_explanation,generalisation_unfair,True,choice,1,0,3
explanation_discovery_v2,ucc,discovery,jev_explanation,generalisation_unfair,True,choice,1,1,0
explanation_discovery_v2,ucc,discovery,jev_explanation,generalisation_unfair,True,choice,1,__missing__,0
explanation_discovery_v2,ucc,discovery,jev_explanation,hostile,True,choice,0,0,192
explanation_discovery_v2,ucc,discovery,jev_explanation,hostile,True,choice,0,1,16
explanation_discovery_v2,ucc,discovery,jev_explanation,hostile,True,choice,0,__missing__,0
explanation_discovery_v2,ucc,discovery,jev_explanation,hostile,True,choice,1,0,1
explanation_discovery_v2,ucc,discovery,jev_explanation,hostile,True,choice,1,1,1
explanation_discovery_v2,ucc,discovery,jev_explanation,hostile,True,choice,1,__missing__,0
explanation_discovery_v2,ucc,discovery,jev_explanation,antagonize,True,choice,0,0,186
explanation_discovery_v2,ucc,discovery,jev_explanation,antagonize,True,choice,0,1,17
explanation_discovery_v2,ucc,discovery,jev_explanation,antagonize,True,choice,0,__missing__,0
explanation_discovery_v2,ucc,discovery,jev_explanation,antagonize,True,choice,1,0,3
explanation_discovery_v2,ucc,discovery,jev_explanation,antagonize,True,choice,1,1,4
explanation_discovery_v2,ucc,discovery,jev_explanation,antagonize,True,choice,1,__missing__,0
explanation_discovery_v2,ucc,discovery,jev_explanation,condescending,True,choice,0,0,179
explanation_discovery_v2,ucc,discovery,jev_explanation,condescending,True,choice,0,1,27
explanation_discovery_v2,ucc,discovery,jev_explanation,condescending,True,choice,0,__missing__,0
explanation_discovery_v2,ucc,discovery,jev_explanation,condescending,True,choice,1,0,2
explanation_discovery_v2,ucc,discovery,jev_explanation,condescending,True,choice,1,1,2
explanation_discovery_v2,ucc,discovery,jev_explanation,condescending,True,choice,1,__missing__,0
explanation_discovery_v2,ucc,discovery,jev_explanation,dismissive,True,choice,0,0,175
explanation_discovery_v2,ucc,discovery,jev_explanation,dismissive,True,choice,0,1,32
explanation_discovery_v2,ucc,discovery,jev_explanation,dismissive,True,choice,0,__missing__,0
explanation_discovery_v2,ucc,discovery,jev_explanation,dismissive,True,choice,1,0,2
explanation_discovery_v2,ucc,discovery,jev_explanation,dismissive,True,choice,1,1,1
explanation_discovery_v2,ucc,discovery,jev_explanation,dismissive,True,choice,1,__missing__,0
explanation_discovery_v2,ucc,discovery,jev_grounded,healthy,True,choice,0,0,12
explanation_discovery_v2,ucc,discovery,jev_grounded,healthy,True,choice,0,1,6
explanation_discovery_v2,ucc,discovery,jev_grounded,healthy,True,choice,0,__missing__,0
explanation_discovery_v2,ucc,discovery,jev_grounded,healthy,True,choice,1,0,103
explanation_discovery_v2,ucc,discovery,jev_grounded,healthy,True,choice,1,1,89
explanation_discovery_v2,ucc,discovery,jev_grounded,healthy,True,choice,1,__missing__,0
explanation_discovery_v2,ucc,discovery,jev_grounded,sarcastic,True,choice,0,0,122
explanation_discovery_v2,ucc,discovery,jev_grounded,sarcastic,True,choice,0,1,83
explanation_discovery_v2,ucc,discovery,jev_grounded,sarcastic,True,choice,0,__missing__,0
explanation_discovery_v2,ucc,discovery,jev_grounded,sarcastic,True,choice,1,0,1
explanation_discovery_v2,ucc,discovery,jev_grounded,sarcastic,True,choice,1,1,4
explanation_discovery_v2,ucc,discovery,jev_grounded,sarcastic,True,choice,1,__missing__,0
explanation_discovery_v2,ucc,discovery,jev_grounded,generalisation,False,choice,0,0,166
explanation_discovery_v2,ucc,discovery,jev_grounded,generalisation,False,choice,0,1,41
explanation_discovery_v2,ucc,discovery,jev_grounded,generalisation,False,choice,0,__missing__,0
explanation_discovery_v2,ucc,discovery,jev_grounded,generalisation,False,choice,1,0,1
explanation_discovery_v2,ucc,discovery,jev_grounded,generalisation,False,choice,1,1,2
explanation_discovery_v2,ucc,discovery,jev_grounded,generalisation,False,choice,1,__missing__,0
explanation_discovery_v2,ucc,discovery,jev_grounded,generalisation_unfair,True,choice,0,0,180
explanation_discovery_v2,ucc,discovery,jev_grounded,generalisation_unfair,True,choice,0,1,27
explanation_discovery_v2,ucc,discovery,jev_grounded,generalisation_unfair,True,choice,0,__missing__,0
explanation_discovery_v2,ucc,discovery,jev_grounded,generalisation_unfair,True,choice,1,0,2
explanation_discovery_v2,ucc,discovery,jev_grounded,generalisation_unfair,True,choice,1,1,1
explanation_discovery_v2,ucc,discovery,jev_grounded,generalisation_unfair,True,choice,1,__missing__,0
explanation_discovery_v2,ucc,discovery,jev_grounded,hostile,True,choice,0,0,135
explanation_discovery_v2,ucc,discovery,jev_grounded,hostile,True,choice,0,1,73
explanation_discovery_v2,ucc,discovery,jev_grounded,hostile,True,choice,0,__missing__,0
explanation_discovery_v2,ucc,discovery,jev_grounded,hostile,True,choice,1,0,0
explanation_discovery_v2,ucc,discovery,jev_grounded,hostile,True,choice,1,1,2
explanation_discovery_v2,ucc,discovery,jev_grounded,hostile,True,choice,1,__missing__,0
explanation_discovery_v2,ucc,discovery,jev_grounded,antagonize,True,choice,0,0,99
explanation_discovery_v2,ucc,discovery,jev_grounded,antagonize,True,choice,0,1,104
explanation_discovery_v2,ucc,discovery,jev_grounded,antagonize,True,choice,0,__missing__,0
explanation_discovery_v2,ucc,discovery,jev_grounded,antagonize,True,choice,1,0,1
explanation_discovery_v2,ucc,discovery,jev_grounded,antagonize,True,choice,1,1,6
explanation_discovery_v2,ucc,discovery,jev_grounded,antagonize,True,choice,1,__missing__,0
explanation_discovery_v2,ucc,discovery,jev_grounded,condescending,True,choice,0,0,128
explanation_discovery_v2,ucc,discovery,jev_grounded,condescending,True,choice,0,1,78
explanation_discovery_v2,ucc,discovery,jev_grounded,condescending,True,choice,0,__missing__,0
explanation_discovery_v2,ucc,discovery,jev_grounded,condescending,True,choice,1,0,0
explanation_discovery_v2,ucc,discovery,jev_grounded,condescending,True,choice,1,1,4
explanation_discovery_v2,ucc,discovery,jev_grounded,condescending,True,choice,1,__missing__,0
explanation_discovery_v2,ucc,discovery,jev_grounded,dismissive,True,choice,0,0,127
explanation_discovery_v2,ucc,discovery,jev_grounded,dismissive,True,choice,0,1,80
explanation_discovery_v2,ucc,discovery,jev_grounded,dismissive,True,choice,0,__missing__,0
explanation_discovery_v2,ucc,discovery,jev_grounded,dismissive,True,choice,1,0,0
explanation_discovery_v2,ucc,discovery,jev_grounded,dismissive,True,choice,1,1,3
explanation_discovery_v2,ucc,discovery,jev_grounded,dismissive,True,choice,1,__missing__,0
explanation_fallback_discovery_v3,babe,discovery,jev_explanation_fallback,label_bias,True,choice,Non-biased,Non-biased,85
explanation_fallback_discovery_v3,babe,discovery,jev_explanation_fallback,label_bias,True,choice,Non-biased,Biased,12
explanation_fallback_discovery_v3,babe,discovery,jev_explanation_fallback,label_bias,True,choice,Non-biased,__missing__,0
explanation_fallback_discovery_v3,babe,discovery,jev_explanation_fallback,label_bias,True,choice,Biased,Non-biased,27
explanation_fallback_discovery_v3,babe,discovery,jev_explanation_fallback,label_bias,True,choice,Biased,Biased,76
explanation_fallback_discovery_v3,babe,discovery,jev_explanation_fallback,label_bias,True,choice,Biased,__missing__,0
explanation_fallback_discovery_v3,babe,discovery,jev_verbose,label_bias,True,choice,Non-biased,Non-biased,74
explanation_fallback_discovery_v3,babe,discovery,jev_verbose,label_bias,True,choice,Non-biased,Biased,23
explanation_fallback_discovery_v3,babe,discovery,jev_verbose,label_bias,True,choice,Non-biased,__missing__,0
explanation_fallback_discovery_v3,babe,discovery,jev_verbose,label_bias,True,choice,Biased,Non-biased,18
explanation_fallback_discovery_v3,babe,discovery,jev_verbose,label_bias,True,choice,Biased,Biased,85
explanation_fallback_discovery_v3,babe,discovery,jev_verbose,label_bias,True,choice,Biased,__missing__,0
explanation_fallback_discovery_v3,conflict,discovery,jev_explanation_fallback,rating_directness_content,True,choice,Yes - Direct Content,Yes - Direct Content,84
explanation_fallback_discovery_v3,conflict,discovery,jev_explanation_fallback,rating_directness_content,True,choice,Yes - Direct Content,Neutral - Content contains no opinion,1
explanation_fallback_discovery_v3,conflict,discovery,jev_explanation_fallback,rating_directness_content,True,choice,Yes - Direct Content,No - Indirect Content,7
explanation_fallback_discovery_v3,conflict,discovery,jev_explanation_fallback,rating_directness_content,True,choice,Yes - Direct Content,__missing__,0
explanation_fallback_discovery_v3,conflict,discovery,jev_explanation_fallback,rating_directness_content,True,choice,Neutral - Content contains no opinion,Yes - Direct Content,0
explanation_fallback_discovery_v3,conflict,discovery,jev_explanation_fallback,rating_directness_content,True,choice,Neutral - Content contains no opinion,Neutral - Content contains no opinion,0
explanation_fallback_discovery_v3,conflict,discovery,jev_explanation_fallback,rating_directness_content,True,choice,Neutral - Content contains no opinion,No - Indirect Content,0
explanation_fallback_discovery_v3,conflict,discovery,jev_explanation_fallback,rating_directness_content,True,choice,Neutral - Content contains no opinion,__missing__,0
explanation_fallback_discovery_v3,conflict,discovery,jev_explanation_fallback,rating_directness_content,True,choice,No - Indirect Content,Yes - Direct Content,0
explanation_fallback_discovery_v3,conflict,discovery,jev_explanation_fallback,rating_directness_content,True,choice,No - Indirect Content,Neutral - Content contains no opinion,0
explanation_fallback_discovery_v3,conflict,discovery,jev_explanation_fallback,rating_directness_content,True,choice,No - Indirect Content,No - Indirect Content,0
explanation_fallback_discovery_v3,conflict,discovery,jev_explanation_fallback,rating_directness_content,True,choice,No - Indirect Content,__missing__,0
explanation_fallback_discovery_v3,conflict,discovery,jev_explanation_fallback,rating_directness_expression,True,choice,Yes - Direct Expression,Yes - Direct Expression,81
explanation_fallback_discovery_v3,conflict,discovery,jev_explanation_fallback,rating_directness_expression,True,choice,Yes - Direct Expression,No - Indirect Expression,6
explanation_fallback_discovery_v3,conflict,discovery,jev_explanation_fallback,rating_directness_expression,True,choice,Yes - Direct Expression,__missing__,0
explanation_fallback_discovery_v3,conflict,discovery,jev_explanation_fallback,rating_directness_expression,True,choice,No - Indirect Expression,Yes - Direct Expression,3
explanation_fallback_discovery_v3,conflict,discovery,jev_explanation_fallback,rating_directness_expression,True,choice,No - Indirect Expression,No - Indirect Expression,2
explanation_fallback_discovery_v3,conflict,discovery,jev_explanation_fallback,rating_directness_expression,True,choice,No - Indirect Expression,__missing__,0
explanation_fallback_discovery_v3,conflict,discovery,jev_explanation_fallback,rating_OI_content,True,choice,Yes - Content opposes someone else,Yes - Content opposes someone else,85
explanation_fallback_discovery_v3,conflict,discovery,jev_explanation_fallback,rating_OI_content,True,choice,Yes - Content opposes someone else,No - Content does not oppose anyone,5
explanation_fallback_discovery_v3,conflict,discovery,jev_explanation_fallback,rating_OI_content,True,choice,Yes - Content opposes someone else,__missing__,0
explanation_fallback_discovery_v3,conflict,discovery,jev_explanation_fallback,rating_OI_content,True,choice,No - Content does not oppose anyone,Yes - Content opposes someone else,1
explanation_fallback_discovery_v3,conflict,discovery,jev_explanation_fallback,rating_OI_content,True,choice,No - Content does not oppose anyone,No - Content does not oppose anyone,1
explanation_fallback_discovery_v3,conflict,discovery,jev_explanation_fallback,rating_OI_content,True,choice,No - Content does not oppose anyone,__missing__,0
explanation_fallback_discovery_v3,conflict,discovery,jev_explanation_fallback,rating_OI_expression,True,choice,Yes - Expression is emotional/forceful,Yes - Expression is emotional/forceful,6
explanation_fallback_discovery_v3,conflict,discovery,jev_explanation_fallback,rating_OI_expression,True,choice,Yes - Expression is emotional/forceful,No - Expression is not emotional/forceful,10
explanation_fallback_discovery_v3,conflict,discovery,jev_explanation_fallback,rating_OI_expression,True,choice,Yes - Expression is emotional/forceful,__missing__,0
explanation_fallback_discovery_v3,conflict,discovery,jev_explanation_fallback,rating_OI_expression,True,choice,No - Expression is not emotional/forceful,Yes - Expression is emotional/forceful,4
explanation_fallback_discovery_v3,conflict,discovery,jev_explanation_fallback,rating_OI_expression,True,choice,No - Expression is not emotional/forceful,No - Expression is not emotional/forceful,72
explanation_fallback_discovery_v3,conflict,discovery,jev_explanation_fallback,rating_OI_expression,True,choice,No - Expression is not emotional/forceful,__missing__,0
explanation_fallback_discovery_v3,conflict,discovery,jev_verbose,rating_directness_content,True,choice,Yes - Direct Content,Yes - Direct Content,83
explanation_fallback_discovery_v3,conflict,discovery,jev_verbose,rating_directness_content,True,choice,Yes - Direct Content,Neutral - Content contains no opinion,3
explanation_fallback_discovery_v3,conflict,discovery,jev_verbose,rating_directness_content,True,choice,Yes - Direct Content,No - Indirect Content,6
explanation_fallback_discovery_v3,conflict,discovery,jev_verbose,rating_directness_content,True,choice,Yes - Direct Content,__missing__,0
explanation_fallback_discovery_v3,conflict,discovery,jev_verbose,rating_directness_content,True,choice,Neutral - Content contains no opinion,Yes - Direct Content,0
explanation_fallback_discovery_v3,conflict,discovery,jev_verbose,rating_directness_content,True,choice,Neutral - Content contains no opinion,Neutral - Content contains no opinion,0
explanation_fallback_discovery_v3,conflict,discovery,jev_verbose,rating_directness_content,True,choice,Neutral - Content contains no opinion,No - Indirect Content,0
explanation_fallback_discovery_v3,conflict,discovery,jev_verbose,rating_directness_content,True,choice,Neutral - Content contains no opinion,__missing__,0
explanation_fallback_discovery_v3,conflict,discovery,jev_verbose,rating_directness_content,True,choice,No - Indirect Content,Yes - Direct Content,0
explanation_fallback_discovery_v3,conflict,discovery,jev_verbose,rating_directness_content,True,choice,No - Indirect Content,Neutral - Content contains no opinion,0
explanation_fallback_discovery_v3,conflict,discovery,jev_verbose,rating_directness_content,True,choice,No - Indirect Content,No - Indirect Content,0
explanation_fallback_discovery_v3,conflict,discovery,jev_verbose,rating_directness_content,True,choice,No - Indirect Content,__missing__,0
explanation_fallback_discovery_v3,conflict,discovery,jev_verbose,rating_directness_expression,True,choice,Yes - Direct Expression,Yes - Direct Expression,80
explanation_fallback_discovery_v3,conflict,discovery,jev_verbose,rating_directness_expression,True,choice,Yes - Direct Expression,No - Indirect Expression,7
explanation_fallback_discovery_v3,conflict,discovery,jev_verbose,rating_directness_expression,True,choice,Yes - Direct Expression,__missing__,0
explanation_fallback_discovery_v3,conflict,discovery,jev_verbose,rating_directness_expression,True,choice,No - Indirect Expression,Yes - Direct Expression,2
explanation_fallback_discovery_v3,conflict,discovery,jev_verbose,rating_directness_expression,True,choice,No - Indirect Expression,No - Indirect Expression,3
explanation_fallback_discovery_v3,conflict,discovery,jev_verbose,rating_directness_expression,True,choice,No - Indirect Expression,__missing__,0
explanation_fallback_discovery_v3,conflict,discovery,jev_verbose,rating_OI_content,True,choice,Yes - Content opposes someone else,Yes - Content opposes someone else,77
explanation_fallback_discovery_v3,conflict,discovery,jev_verbose,rating_OI_content,True,choice,Yes - Content opposes someone else,No - Content does not oppose anyone,13
explanation_fallback_discovery_v3,conflict,discovery,jev_verbose,rating_OI_content,True,choice,Yes - Content opposes someone else,__missing__,0
explanation_fallback_discovery_v3,conflict,discovery,jev_verbose,rating_OI_content,True,choice,No - Content does not oppose anyone,Yes - Content opposes someone else,0
explanation_fallback_discovery_v3,conflict,discovery,jev_verbose,rating_OI_content,True,choice,No - Content does not oppose anyone,No - Content does not oppose anyone,2
explanation_fallback_discovery_v3,conflict,discovery,jev_verbose,rating_OI_content,True,choice,No - Content does not oppose anyone,__missing__,0
explanation_fallback_discovery_v3,conflict,discovery,jev_verbose,rating_OI_expression,True,choice,Yes - Expression is emotional/forceful,Yes - Expression is emotional/forceful,9
explanation_fallback_discovery_v3,conflict,discovery,jev_verbose,rating_OI_expression,True,choice,Yes - Expression is emotional/forceful,No - Expression is not emotional/forceful,7
explanation_fallback_discovery_v3,conflict,discovery,jev_verbose,rating_OI_expression,True,choice,Yes - Expression is emotional/forceful,__missing__,0
explanation_fallback_discovery_v3,conflict,discovery,jev_verbose,rating_OI_expression,True,choice,No - Expression is not emotional/forceful,Yes - Expression is emotional/forceful,18
explanation_fallback_discovery_v3,conflict,discovery,jev_verbose,rating_OI_expression,True,choice,No - Expression is not emotional/forceful,No - Expression is not emotional/forceful,58
explanation_fallback_discovery_v3,conflict,discovery,jev_verbose,rating_OI_expression,True,choice,No - Expression is not emotional/forceful,__missing__,0
explanation_fallback_discovery_v3,mbd,discovery,jev_explanation_fallback,type,True,choice,fact,fact,87
explanation_fallback_discovery_v3,mbd,discovery,jev_explanation_fallback,type,True,choice,fact,opinion,3
explanation_fallback_discovery_v3,mbd,discovery,jev_explanation_fallback,type,True,choice,fact,borderline,7
explanation_fallback_discovery_v3,mbd,discovery,jev_explanation_fallback,type,True,choice,fact,quote,4
explanation_fallback_discovery_v3,mbd,discovery,jev_explanation_fallback,type,True,choice,fact,other,5
explanation_fallback_discovery_v3,mbd,discovery,jev_explanation_fallback,type,True,choice,fact,__missing__,0
explanation_fallback_discovery_v3,mbd,discovery,jev_explanation_fallback,type,True,choice,opinion,fact,0
explanation_fallback_discovery_v3,mbd,discovery,jev_explanation_fallback,type,True,choice,opinion,opinion,2
explanation_fallback_discovery_v3,mbd,discovery,jev_explanation_fallback,type,True,choice,opinion,borderline,0
explanation_fallback_discovery_v3,mbd,discovery,jev_explanation_fallback,type,True,choice,opinion,quote,2
explanation_fallback_discovery_v3,mbd,discovery,jev_explanation_fallback,type,True,choice,opinion,other,0
explanation_fallback_discovery_v3,mbd,discovery,jev_explanation_fallback,type,True,choice,opinion,__missing__,0
explanation_fallback_discovery_v3,mbd,discovery,jev_explanation_fallback,type,True,choice,borderline,fact,0
explanation_fallback_discovery_v3,mbd,discovery,jev_explanation_fallback,type,True,choice,borderline,opinion,0
explanation_fallback_discovery_v3,mbd,discovery,jev_explanation_fallback,type,True,choice,borderline,borderline,1
explanation_fallback_discovery_v3,mbd,discovery,jev_explanation_fallback,type,True,choice,borderline,quote,0
explanation_fallback_discovery_v3,mbd,discovery,jev_explanation_fallback,type,True,choice,borderline,other,0
explanation_fallback_discovery_v3,mbd,discovery,jev_explanation_fallback,type,True,choice,borderline,__missing__,0
explanation_fallback_discovery_v3,mbd,discovery,jev_explanation_fallback,type,True,choice,quote,fact,3
explanation_fallback_discovery_v3,mbd,discovery,jev_explanation_fallback,type,True,choice,quote,opinion,2
explanation_fallback_discovery_v3,mbd,discovery,jev_explanation_fallback,type,True,choice,quote,borderline,3
explanation_fallback_discovery_v3,mbd,discovery,jev_explanation_fallback,type,True,choice,quote,quote,65
explanation_fallback_discovery_v3,mbd,discovery,jev_explanation_fallback,type,True,choice,quote,other,0
explanation_fallback_discovery_v3,mbd,discovery,jev_explanation_fallback,type,True,choice,quote,__missing__,0
explanation_fallback_discovery_v3,mbd,discovery,jev_explanation_fallback,type,True,choice,other,fact,5
explanation_fallback_discovery_v3,mbd,discovery,jev_explanation_fallback,type,True,choice,other,opinion,0
explanation_fallback_discovery_v3,mbd,discovery,jev_explanation_fallback,type,True,choice,other,borderline,0
explanation_fallback_discovery_v3,mbd,discovery,jev_explanation_fallback,type,True,choice,other,quote,0
explanation_fallback_discovery_v3,mbd,discovery,jev_explanation_fallback,type,True,choice,other,other,20
explanation_fallback_discovery_v3,mbd,discovery,jev_explanation_fallback,type,True,choice,other,__missing__,0
explanation_fallback_discovery_v3,mbd,discovery,jev_explanation_fallback,tone,True,choice,positive,positive,9
explanation_fallback_discovery_v3,mbd,discovery,jev_explanation_fallback,tone,True,choice,positive,negative,0
explanation_fallback_discovery_v3,mbd,discovery,jev_explanation_fallback,tone,True,choice,positive,neutral,3
explanation_fallback_discovery_v3,mbd,discovery,jev_explanation_fallback,tone,True,choice,positive,__missing__,0
explanation_fallback_discovery_v3,mbd,discovery,jev_explanation_fallback,tone,True,choice,negative,positive,0
explanation_fallback_discovery_v3,mbd,discovery,jev_explanation_fallback,tone,True,choice,negative,negative,23
explanation_fallback_discovery_v3,mbd,discovery,jev_explanation_fallback,tone,True,choice,negative,neutral,12
explanation_fallback_discovery_v3,mbd,discovery,jev_explanation_fallback,tone,True,choice,negative,__missing__,0
explanation_fallback_discovery_v3,mbd,discovery,jev_explanation_fallback,tone,True,choice,neutral,positive,10
explanation_fallback_discovery_v3,mbd,discovery,jev_explanation_fallback,tone,True,choice,neutral,negative,6
explanation_fallback_discovery_v3,mbd,discovery,jev_explanation_fallback,tone,True,choice,neutral,neutral,147
explanation_fallback_discovery_v3,mbd,discovery,jev_explanation_fallback,tone,True,choice,neutral,__missing__,0
explanation_fallback_discovery_v3,mbd,discovery,jev_explanation_fallback,focus,True,choice,democrat,democrat,11
explanation_fallback_discovery_v3,mbd,discovery,jev_explanation_fallback,focus,True,choice,democrat,republican,0
explanation_fallback_discovery_v3,mbd,discovery,jev_explanation_fallback,focus,True,choice,democrat,both,1
explanation_fallback_discovery_v3,mbd,discovery,jev_explanation_fallback,focus,True,choice,democrat,neither,3
explanation_fallback_discovery_v3,mbd,discovery,jev_explanation_fallback,focus,True,choice,democrat,__missing__,0
explanation_fallback_discovery_v3,mbd,discovery,jev_explanation_fallback,focus,True,choice,republican,democrat,0
explanation_fallback_discovery_v3,mbd,discovery,jev_explanation_fallback,focus,True,choice,republican,republican,26
explanation_fallback_discovery_v3,mbd,discovery,jev_explanation_fallback,focus,True,choice,republican,both,1
explanation_fallback_discovery_v3,mbd,discovery,jev_explanation_fallback,focus,True,choice,republican,neither,7
explanation_fallback_discovery_v3,mbd,discovery,jev_explanation_fallback,focus,True,choice,republican,__missing__,0
explanation_fallback_discovery_v3,mbd,discovery,jev_explanation_fallback,focus,True,choice,both,democrat,3
explanation_fallback_discovery_v3,mbd,discovery,jev_explanation_fallback,focus,True,choice,both,republican,0
explanation_fallback_discovery_v3,mbd,discovery,jev_explanation_fallback,focus,True,choice,both,both,7
explanation_fallback_discovery_v3,mbd,discovery,jev_explanation_fallback,focus,True,choice,both,neither,1
explanation_fallback_discovery_v3,mbd,discovery,jev_explanation_fallback,focus,True,choice,both,__missing__,0
explanation_fallback_discovery_v3,mbd,discovery,jev_explanation_fallback,focus,True,choice,neither,democrat,1
explanation_fallback_discovery_v3,mbd,discovery,jev_explanation_fallback,focus,True,choice,neither,republican,0
explanation_fallback_discovery_v3,mbd,discovery,jev_explanation_fallback,focus,True,choice,neither,both,2
explanation_fallback_discovery_v3,mbd,discovery,jev_explanation_fallback,focus,True,choice,neither,neither,141
explanation_fallback_discovery_v3,mbd,discovery,jev_explanation_fallback,focus,True,choice,neither,__missing__,0
explanation_fallback_discovery_v3,mbd,discovery,jev_verbose,type,True,choice,fact,fact,87
explanation_fallback_discovery_v3,mbd,discovery,jev_verbose,type,True,choice,fact,opinion,3
explanation_fallback_discovery_v3,mbd,discovery,jev_verbose,type,True,choice,fact,borderline,7
explanation_fallback_discovery_v3,mbd,discovery,jev_verbose,type,True,choice,fact,quote,4
explanation_fallback_discovery_v3,mbd,discovery,jev_verbose,type,True,choice,fact,other,5
explanation_fallback_discovery_v3,mbd,discovery,jev_verbose,type,True,choice,fact,__missing__,0
explanation_fallback_discovery_v3,mbd,discovery,jev_verbose,type,True,choice,opinion,fact,0
explanation_fallback_discovery_v3,mbd,discovery,jev_verbose,type,True,choice,opinion,opinion,2
explanation_fallback_discovery_v3,mbd,discovery,jev_verbose,type,True,choice,opinion,borderline,0
explanation_fallback_discovery_v3,mbd,discovery,jev_verbose,type,True,choice,opinion,quote,2
explanation_fallback_discovery_v3,mbd,discovery,jev_verbose,type,True,choice,opinion,other,0
explanation_fallback_discovery_v3,mbd,discovery,jev_verbose,type,True,choice,opinion,__missing__,0
explanation_fallback_discovery_v3,mbd,discovery,jev_verbose,type,True,choice,borderline,fact,0
explanation_fallback_discovery_v3,mbd,discovery,jev_verbose,type,True,choice,borderline,opinion,0
explanation_fallback_discovery_v3,mbd,discovery,jev_verbose,type,True,choice,borderline,borderline,1
explanation_fallback_discovery_v3,mbd,discovery,jev_verbose,type,True,choice,borderline,quote,0
explanation_fallback_discovery_v3,mbd,discovery,jev_verbose,type,True,choice,borderline,other,0
explanation_fallback_discovery_v3,mbd,discovery,jev_verbose,type,True,choice,borderline,__missing__,0
explanation_fallback_discovery_v3,mbd,discovery,jev_verbose,type,True,choice,quote,fact,3
explanation_fallback_discovery_v3,mbd,discovery,jev_verbose,type,True,choice,quote,opinion,2
explanation_fallback_discovery_v3,mbd,discovery,jev_verbose,type,True,choice,quote,borderline,1
explanation_fallback_discovery_v3,mbd,discovery,jev_verbose,type,True,choice,quote,quote,67
explanation_fallback_discovery_v3,mbd,discovery,jev_verbose,type,True,choice,quote,other,0
explanation_fallback_discovery_v3,mbd,discovery,jev_verbose,type,True,choice,quote,__missing__,0
explanation_fallback_discovery_v3,mbd,discovery,jev_verbose,type,True,choice,other,fact,7
explanation_fallback_discovery_v3,mbd,discovery,jev_verbose,type,True,choice,other,opinion,0
explanation_fallback_discovery_v3,mbd,discovery,jev_verbose,type,True,choice,other,borderline,0
explanation_fallback_discovery_v3,mbd,discovery,jev_verbose,type,True,choice,other,quote,0
explanation_fallback_discovery_v3,mbd,discovery,jev_verbose,type,True,choice,other,other,18
explanation_fallback_discovery_v3,mbd,discovery,jev_verbose,type,True,choice,other,__missing__,0
explanation_fallback_discovery_v3,mbd,discovery,jev_verbose,tone,True,choice,positive,positive,12
explanation_fallback_discovery_v3,mbd,discovery,jev_verbose,tone,True,choice,positive,negative,0
explanation_fallback_discovery_v3,mbd,discovery,jev_verbose,tone,True,choice,positive,neutral,0
explanation_fallback_discovery_v3,mbd,discovery,jev_verbose,tone,True,choice,positive,__missing__,0
explanation_fallback_discovery_v3,mbd,discovery,jev_verbose,tone,True,choice,negative,positive,0
explanation_fallback_discovery_v3,mbd,discovery,jev_verbose,tone,True,choice,negative,negative,34
explanation_fallback_discovery_v3,mbd,discovery,jev_verbose,tone,True,choice,negative,neutral,1
explanation_fallback_discovery_v3,mbd,discovery,jev_verbose,tone,True,choice,negative,__missing__,0
explanation_fallback_discovery_v3,mbd,discovery,jev_verbose,tone,True,choice,neutral,positive,24
explanation_fallback_discovery_v3,mbd,discovery,jev_verbose,tone,True,choice,neutral,negative,17
explanation_fallback_discovery_v3,mbd,discovery,jev_verbose,tone,True,choice,neutral,neutral,122
explanation_fallback_discovery_v3,mbd,discovery,jev_verbose,tone,True,choice,neutral,__missing__,0
explanation_fallback_discovery_v3,mbd,discovery,jev_verbose,focus,True,choice,democrat,democrat,11
explanation_fallback_discovery_v3,mbd,discovery,jev_verbose,focus,True,choice,democrat,republican,0
explanation_fallback_discovery_v3,mbd,discovery,jev_verbose,focus,True,choice,democrat,both,1
explanation_fallback_discovery_v3,mbd,discovery,jev_verbose,focus,True,choice,democrat,neither,3
explanation_fallback_discovery_v3,mbd,discovery,jev_verbose,focus,True,choice,democrat,__missing__,0
explanation_fallback_discovery_v3,mbd,discovery,jev_verbose,focus,True,choice,republican,democrat,0
explanation_fallback_discovery_v3,mbd,discovery,jev_verbose,focus,True,choice,republican,republican,24
explanation_fallback_discovery_v3,mbd,discovery,jev_verbose,focus,True,choice,republican,both,1
explanation_fallback_discovery_v3,mbd,discovery,jev_verbose,focus,True,choice,republican,neither,9
explanation_fallback_discovery_v3,mbd,discovery,jev_verbose,focus,True,choice,republican,__missing__,0
explanation_fallback_discovery_v3,mbd,discovery,jev_verbose,focus,True,choice,both,democrat,3
explanation_fallback_discovery_v3,mbd,discovery,jev_verbose,focus,True,choice,both,republican,0
explanation_fallback_discovery_v3,mbd,discovery,jev_verbose,focus,True,choice,both,both,7
explanation_fallback_discovery_v3,mbd,discovery,jev_verbose,focus,True,choice,both,neither,1
explanation_fallback_discovery_v3,mbd,discovery,jev_verbose,focus,True,choice,both,__missing__,0
explanation_fallback_discovery_v3,mbd,discovery,jev_verbose,focus,True,choice,neither,democrat,1
explanation_fallback_discovery_v3,mbd,discovery,jev_verbose,focus,True,choice,neither,republican,0
explanation_fallback_discovery_v3,mbd,discovery,jev_verbose,focus,True,choice,neither,both,1
explanation_fallback_discovery_v3,mbd,discovery,jev_verbose,focus,True,choice,neither,neither,142
explanation_fallback_discovery_v3,mbd,discovery,jev_verbose,focus,True,choice,neither,__missing__,0
explanation_fallback_discovery_v3,ucc,discovery,jev_explanation_fallback,healthy,True,choice,0,0,1
explanation_fallback_discovery_v3,ucc,discovery,jev_explanation_fallback,healthy,True,choice,0,1,17
explanation_fallback_discovery_v3,ucc,discovery,jev_explanation_fallback,healthy,True,choice,0,__missing__,0
explanation_fallback_discovery_v3,ucc,discovery,jev_explanation_fallback,healthy,True,choice,1,0,8
explanation_fallback_discovery_v3,ucc,discovery,jev_explanation_fallback,healthy,True,choice,1,1,184
explanation_fallback_discovery_v3,ucc,discovery,jev_explanation_fallback,healthy,True,choice,1,__missing__,0
explanation_fallback_discovery_v3,ucc,discovery,jev_explanation_fallback,sarcastic,True,choice,0,0,186
explanation_fallback_discovery_v3,ucc,discovery,jev_explanation_fallback,sarcastic,True,choice,0,1,19
explanation_fallback_discovery_v3,ucc,discovery,jev_explanation_fallback,sarcastic,True,choice,0,__missing__,0
explanation_fallback_discovery_v3,ucc,discovery,jev_explanation_fallback,sarcastic,True,choice,1,0,5
explanation_fallback_discovery_v3,ucc,discovery,jev_explanation_fallback,sarcastic,True,choice,1,1,0
explanation_fallback_discovery_v3,ucc,discovery,jev_explanation_fallback,sarcastic,True,choice,1,__missing__,0
explanation_fallback_discovery_v3,ucc,discovery,jev_explanation_fallback,generalisation,False,choice,0,0,200
explanation_fallback_discovery_v3,ucc,discovery,jev_explanation_fallback,generalisation,False,choice,0,1,7
explanation_fallback_discovery_v3,ucc,discovery,jev_explanation_fallback,generalisation,False,choice,0,__missing__,0
explanation_fallback_discovery_v3,ucc,discovery,jev_explanation_fallback,generalisation,False,choice,1,0,2
explanation_fallback_discovery_v3,ucc,discovery,jev_explanation_fallback,generalisation,False,choice,1,1,1
explanation_fallback_discovery_v3,ucc,discovery,jev_explanation_fallback,generalisation,False,choice,1,__missing__,0
explanation_fallback_discovery_v3,ucc,discovery,jev_explanation_fallback,generalisation_unfair,True,choice,0,0,202
explanation_fallback_discovery_v3,ucc,discovery,jev_explanation_fallback,generalisation_unfair,True,choice,0,1,5
explanation_fallback_discovery_v3,ucc,discovery,jev_explanation_fallback,generalisation_unfair,True,choice,0,__missing__,0
explanation_fallback_discovery_v3,ucc,discovery,jev_explanation_fallback,generalisation_unfair,True,choice,1,0,3
explanation_fallback_discovery_v3,ucc,discovery,jev_explanation_fallback,generalisation_unfair,True,choice,1,1,0
explanation_fallback_discovery_v3,ucc,discovery,jev_explanation_fallback,generalisation_unfair,True,choice,1,__missing__,0
explanation_fallback_discovery_v3,ucc,discovery,jev_explanation_fallback,hostile,True,choice,0,0,206
explanation_fallback_discovery_v3,ucc,discovery,jev_explanation_fallback,hostile,True,choice,0,1,2
explanation_fallback_discovery_v3,ucc,discovery,jev_explanation_fallback,hostile,True,choice,0,__missing__,0
explanation_fallback_discovery_v3,ucc,discovery,jev_explanation_fallback,hostile,True,choice,1,0,2
explanation_fallback_discovery_v3,ucc,discovery,jev_explanation_fallback,hostile,True,choice,1,1,0
explanation_fallback_discovery_v3,ucc,discovery,jev_explanation_fallback,hostile,True,choice,1,__missing__,0
explanation_fallback_discovery_v3,ucc,discovery,jev_explanation_fallback,antagonize,True,choice,0,0,196
explanation_fallback_discovery_v3,ucc,discovery,jev_explanation_fallback,antagonize,True,choice,0,1,7
explanation_fallback_discovery_v3,ucc,discovery,jev_explanation_fallback,antagonize,True,choice,0,__missing__,0
explanation_fallback_discovery_v3,ucc,discovery,jev_explanation_fallback,antagonize,True,choice,1,0,6
explanation_fallback_discovery_v3,ucc,discovery,jev_explanation_fallback,antagonize,True,choice,1,1,1
explanation_fallback_discovery_v3,ucc,discovery,jev_explanation_fallback,antagonize,True,choice,1,__missing__,0
explanation_fallback_discovery_v3,ucc,discovery,jev_explanation_fallback,condescending,True,choice,0,0,194
explanation_fallback_discovery_v3,ucc,discovery,jev_explanation_fallback,condescending,True,choice,0,1,12
explanation_fallback_discovery_v3,ucc,discovery,jev_explanation_fallback,condescending,True,choice,0,__missing__,0
explanation_fallback_discovery_v3,ucc,discovery,jev_explanation_fallback,condescending,True,choice,1,0,4
explanation_fallback_discovery_v3,ucc,discovery,jev_explanation_fallback,condescending,True,choice,1,1,0
explanation_fallback_discovery_v3,ucc,discovery,jev_explanation_fallback,condescending,True,choice,1,__missing__,0
explanation_fallback_discovery_v3,ucc,discovery,jev_explanation_fallback,dismissive,True,choice,0,0,198
explanation_fallback_discovery_v3,ucc,discovery,jev_explanation_fallback,dismissive,True,choice,0,1,9
explanation_fallback_discovery_v3,ucc,discovery,jev_explanation_fallback,dismissive,True,choice,0,__missing__,0
explanation_fallback_discovery_v3,ucc,discovery,jev_explanation_fallback,dismissive,True,choice,1,0,3
explanation_fallback_discovery_v3,ucc,discovery,jev_explanation_fallback,dismissive,True,choice,1,1,0
explanation_fallback_discovery_v3,ucc,discovery,jev_explanation_fallback,dismissive,True,choice,1,__missing__,0
explanation_fallback_discovery_v3,ucc,discovery,jev_verbose,healthy,True,choice,0,0,13
explanation_fallback_discovery_v3,ucc,discovery,jev_verbose,healthy,True,choice,0,1,5
explanation_fallback_discovery_v3,ucc,discovery,jev_verbose,healthy,True,choice,0,__missing__,0
explanation_fallback_discovery_v3,ucc,discovery,jev_verbose,healthy,True,choice,1,0,95
explanation_fallback_discovery_v3,ucc,discovery,jev_verbose,healthy,True,choice,1,1,97
explanation_fallback_discovery_v3,ucc,discovery,jev_verbose,healthy,True,choice,1,__missing__,0
explanation_fallback_discovery_v3,ucc,discovery,jev_verbose,sarcastic,True,choice,0,0,126
explanation_fallback_discovery_v3,ucc,discovery,jev_verbose,sarcastic,True,choice,0,1,79
explanation_fallback_discovery_v3,ucc,discovery,jev_verbose,sarcastic,True,choice,0,__missing__,0
explanation_fallback_discovery_v3,ucc,discovery,jev_verbose,sarcastic,True,choice,1,0,2
explanation_fallback_discovery_v3,ucc,discovery,jev_verbose,sarcastic,True,choice,1,1,3
explanation_fallback_discovery_v3,ucc,discovery,jev_verbose,sarcastic,True,choice,1,__missing__,0
explanation_fallback_discovery_v3,ucc,discovery,jev_verbose,generalisation,False,choice,0,0,183
explanation_fallback_discovery_v3,ucc,discovery,jev_verbose,generalisation,False,choice,0,1,24
explanation_fallback_discovery_v3,ucc,discovery,jev_verbose,generalisation,False,choice,0,__missing__,0
explanation_fallback_discovery_v3,ucc,discovery,jev_verbose,generalisation,False,choice,1,0,0
explanation_fallback_discovery_v3,ucc,discovery,jev_verbose,generalisation,False,choice,1,1,3
explanation_fallback_discovery_v3,ucc,discovery,jev_verbose,generalisation,False,choice,1,__missing__,0
explanation_fallback_discovery_v3,ucc,discovery,jev_verbose,generalisation_unfair,True,choice,0,0,188
explanation_fallback_discovery_v3,ucc,discovery,jev_verbose,generalisation_unfair,True,choice,0,1,19
explanation_fallback_discovery_v3,ucc,discovery,jev_verbose,generalisation_unfair,True,choice,0,__missing__,0
explanation_fallback_discovery_v3,ucc,discovery,jev_verbose,generalisation_unfair,True,choice,1,0,0
explanation_fallback_discovery_v3,ucc,discovery,jev_verbose,generalisation_unfair,True,choice,1,1,3
explanation_fallback_discovery_v3,ucc,discovery,jev_verbose,generalisation_unfair,True,choice,1,__missing__,0
explanation_fallback_discovery_v3,ucc,discovery,jev_verbose,hostile,True,choice,0,0,150
explanation_fallback_discovery_v3,ucc,discovery,jev_verbose,hostile,True,choice,0,1,58
explanation_fallback_discovery_v3,ucc,discovery,jev_verbose,hostile,True,choice,0,__missing__,0
explanation_fallback_discovery_v3,ucc,discovery,jev_verbose,hostile,True,choice,1,0,1
explanation_fallback_discovery_v3,ucc,discovery,jev_verbose,hostile,True,choice,1,1,1
explanation_fallback_discovery_v3,ucc,discovery,jev_verbose,hostile,True,choice,1,__missing__,0
explanation_fallback_discovery_v3,ucc,discovery,jev_verbose,antagonize,True,choice,0,0,116
explanation_fallback_discovery_v3,ucc,discovery,jev_verbose,antagonize,True,choice,0,1,87
explanation_fallback_discovery_v3,ucc,discovery,jev_verbose,antagonize,True,choice,0,__missing__,0
explanation_fallback_discovery_v3,ucc,discovery,jev_verbose,antagonize,True,choice,1,0,1
explanation_fallback_discovery_v3,ucc,discovery,jev_verbose,antagonize,True,choice,1,1,6
explanation_fallback_discovery_v3,ucc,discovery,jev_verbose,antagonize,True,choice,1,__missing__,0
explanation_fallback_discovery_v3,ucc,discovery,jev_verbose,condescending,True,choice,0,0,126
explanation_fallback_discovery_v3,ucc,discovery,jev_verbose,condescending,True,choice,0,1,80
explanation_fallback_discovery_v3,ucc,discovery,jev_verbose,condescending,True,choice,0,__missing__,0
explanation_fallback_discovery_v3,ucc,discovery,jev_verbose,condescending,True,choice,1,0,1
explanation_fallback_discovery_v3,ucc,discovery,jev_verbose,condescending,True,choice,1,1,3
explanation_fallback_discovery_v3,ucc,discovery,jev_verbose,condescending,True,choice,1,__missing__,0
explanation_fallback_discovery_v3,ucc,discovery,jev_verbose,dismissive,True,choice,0,0,117
explanation_fallback_discovery_v3,ucc,discovery,jev_verbose,dismissive,True,choice,0,1,90
explanation_fallback_discovery_v3,ucc,discovery,jev_verbose,dismissive,True,choice,0,__missing__,0
explanation_fallback_discovery_v3,ucc,discovery,jev_verbose,dismissive,True,choice,1,0,1
explanation_fallback_discovery_v3,ucc,discovery,jev_verbose,dismissive,True,choice,1,1,2
explanation_fallback_discovery_v3,ucc,discovery,jev_verbose,dismissive,True,choice,1,__missing__,0
grounded_calibration_v1,babe,calibration,jev_grounded,label_bias,True,choice,Non-biased,Non-biased,81
grounded_calibration_v1,babe,calibration,jev_grounded,label_bias,True,choice,Non-biased,Biased,32
grounded_calibration_v1,babe,calibration,jev_grounded,label_bias,True,choice,Non-biased,__missing__,0
grounded_calibration_v1,babe,calibration,jev_grounded,label_bias,True,choice,Biased,Non-biased,19
grounded_calibration_v1,babe,calibration,jev_grounded,label_bias,True,choice,Biased,Biased,69
grounded_calibration_v1,babe,calibration,jev_grounded,label_bias,True,choice,Biased,__missing__,0
grounded_calibration_v1,babe,calibration,llm_grounded,label_bias,True,choice,Non-biased,Non-biased,92
grounded_calibration_v1,babe,calibration,llm_grounded,label_bias,True,choice,Non-biased,Biased,21
grounded_calibration_v1,babe,calibration,llm_grounded,label_bias,True,choice,Non-biased,__missing__,0
grounded_calibration_v1,babe,calibration,llm_grounded,label_bias,True,choice,Biased,Non-biased,13
grounded_calibration_v1,babe,calibration,llm_grounded,label_bias,True,choice,Biased,Biased,75
grounded_calibration_v1,babe,calibration,llm_grounded,label_bias,True,choice,Biased,__missing__,0
grounded_calibration_v1,conflict,calibration,jev_grounded,rating_directness_content,True,choice,Yes - Direct Content,Yes - Direct Content,93
grounded_calibration_v1,conflict,calibration,jev_grounded,rating_directness_content,True,choice,Yes - Direct Content,Neutral - Content contains no opinion,2
grounded_calibration_v1,conflict,calibration,jev_grounded,rating_directness_content,True,choice,Yes - Direct Content,No - Indirect Content,3
grounded_calibration_v1,conflict,calibration,jev_grounded,rating_directness_content,True,choice,Yes - Direct Content,__missing__,0
grounded_calibration_v1,conflict,calibration,jev_grounded,rating_directness_content,True,choice,Neutral - Content contains no opinion,Yes - Direct Content,0
grounded_calibration_v1,conflict,calibration,jev_grounded,rating_directness_content,True,choice,Neutral - Content contains no opinion,Neutral - Content contains no opinion,0
grounded_calibration_v1,conflict,calibration,jev_grounded,rating_directness_content,True,choice,Neutral - Content contains no opinion,No - Indirect Content,0
grounded_calibration_v1,conflict,calibration,jev_grounded,rating_directness_content,True,choice,Neutral - Content contains no opinion,__missing__,0
grounded_calibration_v1,conflict,calibration,jev_grounded,rating_directness_content,True,choice,No - Indirect Content,Yes - Direct Content,0
grounded_calibration_v1,conflict,calibration,jev_grounded,rating_directness_content,True,choice,No - Indirect Content,Neutral - Content contains no opinion,0
grounded_calibration_v1,conflict,calibration,jev_grounded,rating_directness_content,True,choice,No - Indirect Content,No - Indirect Content,0
grounded_calibration_v1,conflict,calibration,jev_grounded,rating_directness_content,True,choice,No - Indirect Content,__missing__,0
grounded_calibration_v1,conflict,calibration,jev_grounded,rating_directness_expression,True,choice,Yes - Direct Expression,Yes - Direct Expression,80
grounded_calibration_v1,conflict,calibration,jev_grounded,rating_directness_expression,True,choice,Yes - Direct Expression,No - Indirect Expression,14
grounded_calibration_v1,conflict,calibration,jev_grounded,rating_directness_expression,True,choice,Yes - Direct Expression,__missing__,0
grounded_calibration_v1,conflict,calibration,jev_grounded,rating_directness_expression,True,choice,No - Indirect Expression,Yes - Direct Expression,1
grounded_calibration_v1,conflict,calibration,jev_grounded,rating_directness_expression,True,choice,No - Indirect Expression,No - Indirect Expression,3
grounded_calibration_v1,conflict,calibration,jev_grounded,rating_directness_expression,True,choice,No - Indirect Expression,__missing__,0
grounded_calibration_v1,conflict,calibration,jev_grounded,rating_OI_content,True,choice,Yes - Content opposes someone else,Yes - Content opposes someone else,67
grounded_calibration_v1,conflict,calibration,jev_grounded,rating_OI_content,True,choice,Yes - Content opposes someone else,No - Content does not oppose anyone,29
grounded_calibration_v1,conflict,calibration,jev_grounded,rating_OI_content,True,choice,Yes - Content opposes someone else,__missing__,0
grounded_calibration_v1,conflict,calibration,jev_grounded,rating_OI_content,True,choice,No - Content does not oppose anyone,Yes - Content opposes someone else,0
grounded_calibration_v1,conflict,calibration,jev_grounded,rating_OI_content,True,choice,No - Content does not oppose anyone,No - Content does not oppose anyone,2
grounded_calibration_v1,conflict,calibration,jev_grounded,rating_OI_content,True,choice,No - Content does not oppose anyone,__missing__,0
grounded_calibration_v1,conflict,calibration,jev_grounded,rating_OI_expression,True,choice,Yes - Expression is emotional/forceful,Yes - Expression is emotional/forceful,8
grounded_calibration_v1,conflict,calibration,jev_grounded,rating_OI_expression,True,choice,Yes - Expression is emotional/forceful,No - Expression is not emotional/forceful,3
grounded_calibration_v1,conflict,calibration,jev_grounded,rating_OI_expression,True,choice,Yes - Expression is emotional/forceful,__missing__,0
grounded_calibration_v1,conflict,calibration,jev_grounded,rating_OI_expression,True,choice,No - Expression is not emotional/forceful,Yes - Expression is emotional/forceful,17
grounded_calibration_v1,conflict,calibration,jev_grounded,rating_OI_expression,True,choice,No - Expression is not emotional/forceful,No - Expression is not emotional/forceful,70
grounded_calibration_v1,conflict,calibration,jev_grounded,rating_OI_expression,True,choice,No - Expression is not emotional/forceful,__missing__,0
grounded_calibration_v1,conflict,calibration,llm_grounded,rating_directness_content,True,choice,Yes - Direct Content,Yes - Direct Content,96
grounded_calibration_v1,conflict,calibration,llm_grounded,rating_directness_content,True,choice,Yes - Direct Content,Neutral - Content contains no opinion,2
grounded_calibration_v1,conflict,calibration,llm_grounded,rating_directness_content,True,choice,Yes - Direct Content,No - Indirect Content,0
grounded_calibration_v1,conflict,calibration,llm_grounded,rating_directness_content,True,choice,Yes - Direct Content,__missing__,0
grounded_calibration_v1,conflict,calibration,llm_grounded,rating_directness_content,True,choice,Neutral - Content contains no opinion,Yes - Direct Content,0
grounded_calibration_v1,conflict,calibration,llm_grounded,rating_directness_content,True,choice,Neutral - Content contains no opinion,Neutral - Content contains no opinion,0
grounded_calibration_v1,conflict,calibration,llm_grounded,rating_directness_content,True,choice,Neutral - Content contains no opinion,No - Indirect Content,0
grounded_calibration_v1,conflict,calibration,llm_grounded,rating_directness_content,True,choice,Neutral - Content contains no opinion,__missing__,0
grounded_calibration_v1,conflict,calibration,llm_grounded,rating_directness_content,True,choice,No - Indirect Content,Yes - Direct Content,0
grounded_calibration_v1,conflict,calibration,llm_grounded,rating_directness_content,True,choice,No - Indirect Content,Neutral - Content contains no opinion,0
grounded_calibration_v1,conflict,calibration,llm_grounded,rating_directness_content,True,choice,No - Indirect Content,No - Indirect Content,0
grounded_calibration_v1,conflict,calibration,llm_grounded,rating_directness_content,True,choice,No - Indirect Content,__missing__,0
grounded_calibration_v1,conflict,calibration,llm_grounded,rating_directness_expression,True,choice,Yes - Direct Expression,Yes - Direct Expression,81
grounded_calibration_v1,conflict,calibration,llm_grounded,rating_directness_expression,True,choice,Yes - Direct Expression,No - Indirect Expression,13
grounded_calibration_v1,conflict,calibration,llm_grounded,rating_directness_expression,True,choice,Yes - Direct Expression,__missing__,0
grounded_calibration_v1,conflict,calibration,llm_grounded,rating_directness_expression,True,choice,No - Indirect Expression,Yes - Direct Expression,1
grounded_calibration_v1,conflict,calibration,llm_grounded,rating_directness_expression,True,choice,No - Indirect Expression,No - Indirect Expression,3
grounded_calibration_v1,conflict,calibration,llm_grounded,rating_directness_expression,True,choice,No - Indirect Expression,__missing__,0
grounded_calibration_v1,conflict,calibration,llm_grounded,rating_OI_content,True,choice,Yes - Content opposes someone else,Yes - Content opposes someone else,70
grounded_calibration_v1,conflict,calibration,llm_grounded,rating_OI_content,True,choice,Yes - Content opposes someone else,No - Content does not oppose anyone,26
grounded_calibration_v1,conflict,calibration,llm_grounded,rating_OI_content,True,choice,Yes - Content opposes someone else,__missing__,0
grounded_calibration_v1,conflict,calibration,llm_grounded,rating_OI_content,True,choice,No - Content does not oppose anyone,Yes - Content opposes someone else,0
grounded_calibration_v1,conflict,calibration,llm_grounded,rating_OI_content,True,choice,No - Content does not oppose anyone,No - Content does not oppose anyone,2
grounded_calibration_v1,conflict,calibration,llm_grounded,rating_OI_content,True,choice,No - Content does not oppose anyone,__missing__,0
grounded_calibration_v1,conflict,calibration,llm_grounded,rating_OI_expression,True,choice,Yes - Expression is emotional/forceful,Yes - Expression is emotional/forceful,9
grounded_calibration_v1,conflict,calibration,llm_grounded,rating_OI_expression,True,choice,Yes - Expression is emotional/forceful,No - Expression is not emotional/forceful,2
grounded_calibration_v1,conflict,calibration,llm_grounded,rating_OI_expression,True,choice,Yes - Expression is emotional/forceful,__missing__,0
grounded_calibration_v1,conflict,calibration,llm_grounded,rating_OI_expression,True,choice,No - Expression is not emotional/forceful,Yes - Expression is emotional/forceful,15
grounded_calibration_v1,conflict,calibration,llm_grounded,rating_OI_expression,True,choice,No - Expression is not emotional/forceful,No - Expression is not emotional/forceful,72
grounded_calibration_v1,conflict,calibration,llm_grounded,rating_OI_expression,True,choice,No - Expression is not emotional/forceful,__missing__,0
grounded_calibration_v1,mbd,calibration,jev_grounded,type,True,choice,fact,fact,103
grounded_calibration_v1,mbd,calibration,jev_grounded,type,True,choice,fact,opinion,11
grounded_calibration_v1,mbd,calibration,jev_grounded,type,True,choice,fact,borderline,8
grounded_calibration_v1,mbd,calibration,jev_grounded,type,True,choice,fact,quote,0
grounded_calibration_v1,mbd,calibration,jev_grounded,type,True,choice,fact,other,5
grounded_calibration_v1,mbd,calibration,jev_grounded,type,True,choice,fact,__missing__,0
grounded_calibration_v1,mbd,calibration,jev_grounded,type,True,choice,opinion,fact,1
grounded_calibration_v1,mbd,calibration,jev_grounded,type,True,choice,opinion,opinion,19
grounded_calibration_v1,mbd,calibration,jev_grounded,type,True,choice,opinion,borderline,1
grounded_calibration_v1,mbd,calibration,jev_grounded,type,True,choice,opinion,quote,0
grounded_calibration_v1,mbd,calibration,jev_grounded,type,True,choice,opinion,other,0
grounded_calibration_v1,mbd,calibration,jev_grounded,type,True,choice,opinion,__missing__,0
grounded_calibration_v1,mbd,calibration,jev_grounded,type,True,choice,borderline,fact,3
grounded_calibration_v1,mbd,calibration,jev_grounded,type,True,choice,borderline,opinion,7
grounded_calibration_v1,mbd,calibration,jev_grounded,type,True,choice,borderline,borderline,1
grounded_calibration_v1,mbd,calibration,jev_grounded,type,True,choice,borderline,quote,0
grounded_calibration_v1,mbd,calibration,jev_grounded,type,True,choice,borderline,other,0
grounded_calibration_v1,mbd,calibration,jev_grounded,type,True,choice,borderline,__missing__,0
grounded_calibration_v1,mbd,calibration,jev_grounded,type,True,choice,quote,fact,6
grounded_calibration_v1,mbd,calibration,jev_grounded,type,True,choice,quote,opinion,0
grounded_calibration_v1,mbd,calibration,jev_grounded,type,True,choice,quote,borderline,0
grounded_calibration_v1,mbd,calibration,jev_grounded,type,True,choice,quote,quote,49
grounded_calibration_v1,mbd,calibration,jev_grounded,type,True,choice,quote,other,0
grounded_calibration_v1,mbd,calibration,jev_grounded,type,True,choice,quote,__missing__,0
grounded_calibration_v1,mbd,calibration,jev_grounded,type,True,choice,other,fact,0
grounded_calibration_v1,mbd,calibration,jev_grounded,type,True,choice,other,opinion,0
grounded_calibration_v1,mbd,calibration,jev_grounded,type,True,choice,other,borderline,1
grounded_calibration_v1,mbd,calibration,jev_grounded,type,True,choice,other,quote,0
grounded_calibration_v1,mbd,calibration,jev_grounded,type,True,choice,other,other,19
grounded_calibration_v1,mbd,calibration,jev_grounded,type,True,choice,other,__missing__,0
grounded_calibration_v1,mbd,calibration,jev_grounded,tone,True,choice,positive,positive,1
grounded_calibration_v1,mbd,calibration,jev_grounded,tone,True,choice,positive,negative,0
grounded_calibration_v1,mbd,calibration,jev_grounded,tone,True,choice,positive,neutral,5
grounded_calibration_v1,mbd,calibration,jev_grounded,tone,True,choice,positive,__missing__,0
grounded_calibration_v1,mbd,calibration,jev_grounded,tone,True,choice,negative,positive,0
grounded_calibration_v1,mbd,calibration,jev_grounded,tone,True,choice,negative,negative,29
grounded_calibration_v1,mbd,calibration,jev_grounded,tone,True,choice,negative,neutral,2
grounded_calibration_v1,mbd,calibration,jev_grounded,tone,True,choice,negative,__missing__,0
grounded_calibration_v1,mbd,calibration,jev_grounded,tone,True,choice,neutral,positive,4
grounded_calibration_v1,mbd,calibration,jev_grounded,tone,True,choice,neutral,negative,32
grounded_calibration_v1,mbd,calibration,jev_grounded,tone,True,choice,neutral,neutral,168
grounded_calibration_v1,mbd,calibration,jev_grounded,tone,True,choice,neutral,__missing__,0
grounded_calibration_v1,mbd,calibration,jev_grounded,focus,True,choice,democrat,democrat,20
grounded_calibration_v1,mbd,calibration,jev_grounded,focus,True,choice,democrat,republican,1
grounded_calibration_v1,mbd,calibration,jev_grounded,focus,True,choice,democrat,both,3
grounded_calibration_v1,mbd,calibration,jev_grounded,focus,True,choice,democrat,neither,9
grounded_calibration_v1,mbd,calibration,jev_grounded,focus,True,choice,democrat,__missing__,0
grounded_calibration_v1,mbd,calibration,jev_grounded,focus,True,choice,republican,democrat,0
grounded_calibration_v1,mbd,calibration,jev_grounded,focus,True,choice,republican,republican,39
grounded_calibration_v1,mbd,calibration,jev_grounded,focus,True,choice,republican,both,0
grounded_calibration_v1,mbd,calibration,jev_grounded,focus,True,choice,republican,neither,11
grounded_calibration_v1,mbd,calibration,jev_grounded,focus,True,choice,republican,__missing__,0
grounded_calibration_v1,mbd,calibration,jev_grounded,focus,True,choice,both,democrat,0
grounded_calibration_v1,mbd,calibration,jev_grounded,focus,True,choice,both,republican,0
grounded_calibration_v1,mbd,calibration,jev_grounded,focus,True,choice,both,both,10
grounded_calibration_v1,mbd,calibration,jev_grounded,focus,True,choice,both,neither,3
grounded_calibration_v1,mbd,calibration,jev_grounded,focus,True,choice,both,__missing__,0
grounded_calibration_v1,mbd,calibration,jev_grounded,focus,True,choice,neither,democrat,0
grounded_calibration_v1,mbd,calibration,jev_grounded,focus,True,choice,neither,republican,0
grounded_calibration_v1,mbd,calibration,jev_grounded,focus,True,choice,neither,both,0
grounded_calibration_v1,mbd,calibration,jev_grounded,focus,True,choice,neither,neither,143
grounded_calibration_v1,mbd,calibration,jev_grounded,focus,True,choice,neither,__missing__,0
grounded_calibration_v1,mbd,calibration,llm_grounded,type,True,choice,fact,fact,103
grounded_calibration_v1,mbd,calibration,llm_grounded,type,True,choice,fact,opinion,9
grounded_calibration_v1,mbd,calibration,llm_grounded,type,True,choice,fact,borderline,4
grounded_calibration_v1,mbd,calibration,llm_grounded,type,True,choice,fact,quote,2
grounded_calibration_v1,mbd,calibration,llm_grounded,type,True,choice,fact,other,9
grounded_calibration_v1,mbd,calibration,llm_grounded,type,True,choice,fact,__missing__,0
grounded_calibration_v1,mbd,calibration,llm_grounded,type,True,choice,opinion,fact,1
grounded_calibration_v1,mbd,calibration,llm_grounded,type,True,choice,opinion,opinion,19
grounded_calibration_v1,mbd,calibration,llm_grounded,type,True,choice,opinion,borderline,1
grounded_calibration_v1,mbd,calibration,llm_grounded,type,True,choice,opinion,quote,0
grounded_calibration_v1,mbd,calibration,llm_grounded,type,True,choice,opinion,other,0
grounded_calibration_v1,mbd,calibration,llm_grounded,type,True,choice,opinion,__missing__,0
grounded_calibration_v1,mbd,calibration,llm_grounded,type,True,choice,borderline,fact,4
grounded_calibration_v1,mbd,calibration,llm_grounded,type,True,choice,borderline,opinion,4
grounded_calibration_v1,mbd,calibration,llm_grounded,type,True,choice,borderline,borderline,3
grounded_calibration_v1,mbd,calibration,llm_grounded,type,True,choice,borderline,quote,0
grounded_calibration_v1,mbd,calibration,llm_grounded,type,True,choice,borderline,other,0
grounded_calibration_v1,mbd,calibration,llm_grounded,type,True,choice,borderline,__missing__,0
grounded_calibration_v1,mbd,calibration,llm_grounded,type,True,choice,quote,fact,4
grounded_calibration_v1,mbd,calibration,llm_grounded,type,True,choice,quote,opinion,0
grounded_calibration_v1,mbd,calibration,llm_grounded,type,True,choice,quote,borderline,0
grounded_calibration_v1,mbd,calibration,llm_grounded,type,True,choice,quote,quote,50
grounded_calibration_v1,mbd,calibration,llm_grounded,type,True,choice,quote,other,1
grounded_calibration_v1,mbd,calibration,llm_grounded,type,True,choice,quote,__missing__,0
grounded_calibration_v1,mbd,calibration,llm_grounded,type,True,choice,other,fact,0
grounded_calibration_v1,mbd,calibration,llm_grounded,type,True,choice,other,opinion,0
grounded_calibration_v1,mbd,calibration,llm_grounded,type,True,choice,other,borderline,0
grounded_calibration_v1,mbd,calibration,llm_grounded,type,True,choice,other,quote,0
grounded_calibration_v1,mbd,calibration,llm_grounded,type,True,choice,other,other,20
grounded_calibration_v1,mbd,calibration,llm_grounded,type,True,choice,other,__missing__,0
grounded_calibration_v1,mbd,calibration,llm_grounded,tone,True,choice,positive,positive,2
grounded_calibration_v1,mbd,calibration,llm_grounded,tone,True,choice,positive,negative,0
grounded_calibration_v1,mbd,calibration,llm_grounded,tone,True,choice,positive,neutral,4
grounded_calibration_v1,mbd,calibration,llm_grounded,tone,True,choice,positive,__missing__,0
grounded_calibration_v1,mbd,calibration,llm_grounded,tone,True,choice,negative,positive,0
grounded_calibration_v1,mbd,calibration,llm_grounded,tone,True,choice,negative,negative,27
grounded_calibration_v1,mbd,calibration,llm_grounded,tone,True,choice,negative,neutral,4
grounded_calibration_v1,mbd,calibration,llm_grounded,tone,True,choice,negative,__missing__,0
grounded_calibration_v1,mbd,calibration,llm_grounded,tone,True,choice,neutral,positive,2
grounded_calibration_v1,mbd,calibration,llm_grounded,tone,True,choice,neutral,negative,20
grounded_calibration_v1,mbd,calibration,llm_grounded,tone,True,choice,neutral,neutral,182
grounded_calibration_v1,mbd,calibration,llm_grounded,tone,True,choice,neutral,__missing__,0
grounded_calibration_v1,mbd,calibration,llm_grounded,focus,True,choice,democrat,democrat,14
grounded_calibration_v1,mbd,calibration,llm_grounded,focus,True,choice,democrat,republican,3
grounded_calibration_v1,mbd,calibration,llm_grounded,focus,True,choice,democrat,both,0
grounded_calibration_v1,mbd,calibration,llm_grounded,focus,True,choice,democrat,neither,16
grounded_calibration_v1,mbd,calibration,llm_grounded,focus,True,choice,democrat,__missing__,0
grounded_calibration_v1,mbd,calibration,llm_grounded,focus,True,choice,republican,democrat,0
grounded_calibration_v1,mbd,calibration,llm_grounded,focus,True,choice,republican,republican,31
grounded_calibration_v1,mbd,calibration,llm_grounded,focus,True,choice,republican,both,1
grounded_calibration_v1,mbd,calibration,llm_grounded,focus,True,choice,republican,neither,18
grounded_calibration_v1,mbd,calibration,llm_grounded,focus,True,choice,republican,__missing__,0
grounded_calibration_v1,mbd,calibration,llm_grounded,focus,True,choice,both,democrat,1
grounded_calibration_v1,mbd,calibration,llm_grounded,focus,True,choice,both,republican,0
grounded_calibration_v1,mbd,calibration,llm_grounded,focus,True,choice,both,both,9
grounded_calibration_v1,mbd,calibration,llm_grounded,focus,True,choice,both,neither,3
grounded_calibration_v1,mbd,calibration,llm_grounded,focus,True,choice,both,__missing__,0
grounded_calibration_v1,mbd,calibration,llm_grounded,focus,True,choice,neither,democrat,0
grounded_calibration_v1,mbd,calibration,llm_grounded,focus,True,choice,neither,republican,1
grounded_calibration_v1,mbd,calibration,llm_grounded,focus,True,choice,neither,both,0
grounded_calibration_v1,mbd,calibration,llm_grounded,focus,True,choice,neither,neither,142
grounded_calibration_v1,mbd,calibration,llm_grounded,focus,True,choice,neither,__missing__,0
grounded_calibration_v1,ucc,calibration,jev_grounded,healthy,True,choice,0,0,8
grounded_calibration_v1,ucc,calibration,jev_grounded,healthy,True,choice,0,1,1
grounded_calibration_v1,ucc,calibration,jev_grounded,healthy,True,choice,0,__missing__,0
grounded_calibration_v1,ucc,calibration,jev_grounded,healthy,True,choice,1,0,93
grounded_calibration_v1,ucc,calibration,jev_grounded,healthy,True,choice,1,1,103
grounded_calibration_v1,ucc,calibration,jev_grounded,healthy,True,choice,1,__missing__,0
grounded_calibration_v1,ucc,calibration,jev_grounded,sarcastic,True,choice,0,0,135
grounded_calibration_v1,ucc,calibration,jev_grounded,sarcastic,True,choice,0,1,60
grounded_calibration_v1,ucc,calibration,jev_grounded,sarcastic,True,choice,0,__missing__,0
grounded_calibration_v1,ucc,calibration,jev_grounded,sarcastic,True,choice,1,0,2
grounded_calibration_v1,ucc,calibration,jev_grounded,sarcastic,True,choice,1,1,8
grounded_calibration_v1,ucc,calibration,jev_grounded,sarcastic,True,choice,1,__missing__,0
grounded_calibration_v1,ucc,calibration,jev_grounded,generalisation,False,choice,0,0,171
grounded_calibration_v1,ucc,calibration,jev_grounded,generalisation,False,choice,0,1,32
grounded_calibration_v1,ucc,calibration,jev_grounded,generalisation,False,choice,0,__missing__,0
grounded_calibration_v1,ucc,calibration,jev_grounded,generalisation,False,choice,1,0,1
grounded_calibration_v1,ucc,calibration,jev_grounded,generalisation,False,choice,1,1,1
grounded_calibration_v1,ucc,calibration,jev_grounded,generalisation,False,choice,1,__missing__,0
grounded_calibration_v1,ucc,calibration,jev_grounded,generalisation_unfair,True,choice,0,0,176
grounded_calibration_v1,ucc,calibration,jev_grounded,generalisation_unfair,True,choice,0,1,27
grounded_calibration_v1,ucc,calibration,jev_grounded,generalisation_unfair,True,choice,0,__missing__,0
grounded_calibration_v1,ucc,calibration,jev_grounded,generalisation_unfair,True,choice,1,0,1
grounded_calibration_v1,ucc,calibration,jev_grounded,generalisation_unfair,True,choice,1,1,1
grounded_calibration_v1,ucc,calibration,jev_grounded,generalisation_unfair,True,choice,1,__missing__,0
grounded_calibration_v1,ucc,calibration,jev_grounded,hostile,True,choice,0,0,153
grounded_calibration_v1,ucc,calibration,jev_grounded,hostile,True,choice,0,1,49
grounded_calibration_v1,ucc,calibration,jev_grounded,hostile,True,choice,0,__missing__,0
grounded_calibration_v1,ucc,calibration,jev_grounded,hostile,True,choice,1,0,0
grounded_calibration_v1,ucc,calibration,jev_grounded,hostile,True,choice,1,1,3
grounded_calibration_v1,ucc,calibration,jev_grounded,hostile,True,choice,1,__missing__,0
grounded_calibration_v1,ucc,calibration,jev_grounded,antagonize,True,choice,0,0,124
grounded_calibration_v1,ucc,calibration,jev_grounded,antagonize,True,choice,0,1,75
grounded_calibration_v1,ucc,calibration,jev_grounded,antagonize,True,choice,0,__missing__,0
grounded_calibration_v1,ucc,calibration,jev_grounded,antagonize,True,choice,1,0,1
grounded_calibration_v1,ucc,calibration,jev_grounded,antagonize,True,choice,1,1,5
grounded_calibration_v1,ucc,calibration,jev_grounded,antagonize,True,choice,1,__missing__,0
grounded_calibration_v1,ucc,calibration,jev_grounded,condescending,True,choice,0,0,133
grounded_calibration_v1,ucc,calibration,jev_grounded,condescending,True,choice,0,1,66
grounded_calibration_v1,ucc,calibration,jev_grounded,condescending,True,choice,0,__missing__,0
grounded_calibration_v1,ucc,calibration,jev_grounded,condescending,True,choice,1,0,2
grounded_calibration_v1,ucc,calibration,jev_grounded,condescending,True,choice,1,1,4
grounded_calibration_v1,ucc,calibration,jev_grounded,condescending,True,choice,1,__missing__,0
grounded_calibration_v1,ucc,calibration,jev_grounded,dismissive,True,choice,0,0,138
grounded_calibration_v1,ucc,calibration,jev_grounded,dismissive,True,choice,0,1,58
grounded_calibration_v1,ucc,calibration,jev_grounded,dismissive,True,choice,0,__missing__,0
grounded_calibration_v1,ucc,calibration,jev_grounded,dismissive,True,choice,1,0,2
grounded_calibration_v1,ucc,calibration,jev_grounded,dismissive,True,choice,1,1,7
grounded_calibration_v1,ucc,calibration,jev_grounded,dismissive,True,choice,1,__missing__,0
grounded_calibration_v1,ucc,calibration,llm_grounded,healthy,True,choice,0,0,8
grounded_calibration_v1,ucc,calibration,llm_grounded,healthy,True,choice,0,1,1
grounded_calibration_v1,ucc,calibration,llm_grounded,healthy,True,choice,0,__missing__,0
grounded_calibration_v1,ucc,calibration,llm_grounded,healthy,True,choice,1,0,71
grounded_calibration_v1,ucc,calibration,llm_grounded,healthy,True,choice,1,1,125
grounded_calibration_v1,ucc,calibration,llm_grounded,healthy,True,choice,1,__missing__,0
grounded_calibration_v1,ucc,calibration,llm_grounded,sarcastic,True,choice,0,0,164
grounded_calibration_v1,ucc,calibration,llm_grounded,sarcastic,True,choice,0,1,31
grounded_calibration_v1,ucc,calibration,llm_grounded,sarcastic,True,choice,0,__missing__,0
grounded_calibration_v1,ucc,calibration,llm_grounded,sarcastic,True,choice,1,0,5
grounded_calibration_v1,ucc,calibration,llm_grounded,sarcastic,True,choice,1,1,5
grounded_calibration_v1,ucc,calibration,llm_grounded,sarcastic,True,choice,1,__missing__,0
grounded_calibration_v1,ucc,calibration,llm_grounded,generalisation,False,choice,0,0,164
grounded_calibration_v1,ucc,calibration,llm_grounded,generalisation,False,choice,0,1,39
grounded_calibration_v1,ucc,calibration,llm_grounded,generalisation,False,choice,0,__missing__,0
grounded_calibration_v1,ucc,calibration,llm_grounded,generalisation,False,choice,1,0,1
grounded_calibration_v1,ucc,calibration,llm_grounded,generalisation,False,choice,1,1,1
grounded_calibration_v1,ucc,calibration,llm_grounded,generalisation,False,choice,1,__missing__,0
grounded_calibration_v1,ucc,calibration,llm_grounded,generalisation_unfair,True,choice,0,0,169
grounded_calibration_v1,ucc,calibration,llm_grounded,generalisation_unfair,True,choice,0,1,34
grounded_calibration_v1,ucc,calibration,llm_grounded,generalisation_unfair,True,choice,0,__missing__,0
grounded_calibration_v1,ucc,calibration,llm_grounded,generalisation_unfair,True,choice,1,0,1
grounded_calibration_v1,ucc,calibration,llm_grounded,generalisation_unfair,True,choice,1,1,1
grounded_calibration_v1,ucc,calibration,llm_grounded,generalisation_unfair,True,choice,1,__missing__,0
grounded_calibration_v1,ucc,calibration,llm_grounded,hostile,True,choice,0,0,144
grounded_calibration_v1,ucc,calibration,llm_grounded,hostile,True,choice,0,1,58
grounded_calibration_v1,ucc,calibration,llm_grounded,hostile,True,choice,0,__missing__,0
grounded_calibration_v1,ucc,calibration,llm_grounded,hostile,True,choice,1,0,0
grounded_calibration_v1,ucc,calibration,llm_grounded,hostile,True,choice,1,1,3
grounded_calibration_v1,ucc,calibration,llm_grounded,hostile,True,choice,1,__missing__,0
grounded_calibration_v1,ucc,calibration,llm_grounded,antagonize,True,choice,0,0,149
grounded_calibration_v1,ucc,calibration,llm_grounded,antagonize,True,choice,0,1,50
grounded_calibration_v1,ucc,calibration,llm_grounded,antagonize,True,choice,0,__missing__,0
grounded_calibration_v1,ucc,calibration,llm_grounded,antagonize,True,choice,1,0,1
grounded_calibration_v1,ucc,calibration,llm_grounded,antagonize,True,choice,1,1,5
grounded_calibration_v1,ucc,calibration,llm_grounded,antagonize,True,choice,1,__missing__,0
grounded_calibration_v1,ucc,calibration,llm_grounded,condescending,True,choice,0,0,139
grounded_calibration_v1,ucc,calibration,llm_grounded,condescending,True,choice,0,1,60
grounded_calibration_v1,ucc,calibration,llm_grounded,condescending,True,choice,0,__missing__,0
grounded_calibration_v1,ucc,calibration,llm_grounded,condescending,True,choice,1,0,4
grounded_calibration_v1,ucc,calibration,llm_grounded,condescending,True,choice,1,1,2
grounded_calibration_v1,ucc,calibration,llm_grounded,condescending,True,choice,1,__missing__,0
grounded_calibration_v1,ucc,calibration,llm_grounded,dismissive,True,choice,0,0,137
grounded_calibration_v1,ucc,calibration,llm_grounded,dismissive,True,choice,0,1,59
grounded_calibration_v1,ucc,calibration,llm_grounded,dismissive,True,choice,0,__missing__,0
grounded_calibration_v1,ucc,calibration,llm_grounded,dismissive,True,choice,1,0,2
grounded_calibration_v1,ucc,calibration,llm_grounded,dismissive,True,choice,1,1,7
grounded_calibration_v1,ucc,calibration,llm_grounded,dismissive,True,choice,1,__missing__,0
grounded_discovery_v1,babe,discovery,jev_grounded,label_bias,True,choice,Non-biased,Non-biased,74
grounded_discovery_v1,babe,discovery,jev_grounded,label_bias,True,choice,Non-biased,Biased,23
grounded_discovery_v1,babe,discovery,jev_grounded,label_bias,True,choice,Non-biased,__missing__,0
grounded_discovery_v1,babe,discovery,jev_grounded,label_bias,True,choice,Biased,Non-biased,21
grounded_discovery_v1,babe,discovery,jev_grounded,label_bias,True,choice,Biased,Biased,82
grounded_discovery_v1,babe,discovery,jev_grounded,label_bias,True,choice,Biased,__missing__,0
grounded_discovery_v1,babe,discovery,llm_grounded,label_bias,True,choice,Non-biased,Non-biased,74
grounded_discovery_v1,babe,discovery,llm_grounded,label_bias,True,choice,Non-biased,Biased,23
grounded_discovery_v1,babe,discovery,llm_grounded,label_bias,True,choice,Non-biased,__missing__,0
grounded_discovery_v1,babe,discovery,llm_grounded,label_bias,True,choice,Biased,Non-biased,12
grounded_discovery_v1,babe,discovery,llm_grounded,label_bias,True,choice,Biased,Biased,91
grounded_discovery_v1,babe,discovery,llm_grounded,label_bias,True,choice,Biased,__missing__,0
grounded_discovery_v1,conflict,discovery,jev_grounded,rating_directness_content,True,choice,Yes - Direct Content,Yes - Direct Content,84
grounded_discovery_v1,conflict,discovery,jev_grounded,rating_directness_content,True,choice,Yes - Direct Content,Neutral - Content contains no opinion,2
grounded_discovery_v1,conflict,discovery,jev_grounded,rating_directness_content,True,choice,Yes - Direct Content,No - Indirect Content,6
grounded_discovery_v1,conflict,discovery,jev_grounded,rating_directness_content,True,choice,Yes - Direct Content,__missing__,0
grounded_discovery_v1,conflict,discovery,jev_grounded,rating_directness_content,True,choice,Neutral - Content contains no opinion,Yes - Direct Content,0
grounded_discovery_v1,conflict,discovery,jev_grounded,rating_directness_content,True,choice,Neutral - Content contains no opinion,Neutral - Content contains no opinion,0
grounded_discovery_v1,conflict,discovery,jev_grounded,rating_directness_content,True,choice,Neutral - Content contains no opinion,No - Indirect Content,0
grounded_discovery_v1,conflict,discovery,jev_grounded,rating_directness_content,True,choice,Neutral - Content contains no opinion,__missing__,0
grounded_discovery_v1,conflict,discovery,jev_grounded,rating_directness_content,True,choice,No - Indirect Content,Yes - Direct Content,0
grounded_discovery_v1,conflict,discovery,jev_grounded,rating_directness_content,True,choice,No - Indirect Content,Neutral - Content contains no opinion,0
grounded_discovery_v1,conflict,discovery,jev_grounded,rating_directness_content,True,choice,No - Indirect Content,No - Indirect Content,0
grounded_discovery_v1,conflict,discovery,jev_grounded,rating_directness_content,True,choice,No - Indirect Content,__missing__,0
grounded_discovery_v1,conflict,discovery,jev_grounded,rating_directness_expression,True,choice,Yes - Direct Expression,Yes - Direct Expression,73
grounded_discovery_v1,conflict,discovery,jev_grounded,rating_directness_expression,True,choice,Yes - Direct Expression,No - Indirect Expression,14
grounded_discovery_v1,conflict,discovery,jev_grounded,rating_directness_expression,True,choice,Yes - Direct Expression,__missing__,0
grounded_discovery_v1,conflict,discovery,jev_grounded,rating_directness_expression,True,choice,No - Indirect Expression,Yes - Direct Expression,3
grounded_discovery_v1,conflict,discovery,jev_grounded,rating_directness_expression,True,choice,No - Indirect Expression,No - Indirect Expression,2
grounded_discovery_v1,conflict,discovery,jev_grounded,rating_directness_expression,True,choice,No - Indirect Expression,__missing__,0
grounded_discovery_v1,conflict,discovery,jev_grounded,rating_OI_content,True,choice,Yes - Content opposes someone else,Yes - Content opposes someone else,73
grounded_discovery_v1,conflict,discovery,jev_grounded,rating_OI_content,True,choice,Yes - Content opposes someone else,No - Content does not oppose anyone,17
grounded_discovery_v1,conflict,discovery,jev_grounded,rating_OI_content,True,choice,Yes - Content opposes someone else,__missing__,0
grounded_discovery_v1,conflict,discovery,jev_grounded,rating_OI_content,True,choice,No - Content does not oppose anyone,Yes - Content opposes someone else,1
grounded_discovery_v1,conflict,discovery,jev_grounded,rating_OI_content,True,choice,No - Content does not oppose anyone,No - Content does not oppose anyone,1
grounded_discovery_v1,conflict,discovery,jev_grounded,rating_OI_content,True,choice,No - Content does not oppose anyone,__missing__,0
grounded_discovery_v1,conflict,discovery,jev_grounded,rating_OI_expression,True,choice,Yes - Expression is emotional/forceful,Yes - Expression is emotional/forceful,8
grounded_discovery_v1,conflict,discovery,jev_grounded,rating_OI_expression,True,choice,Yes - Expression is emotional/forceful,No - Expression is not emotional/forceful,8
grounded_discovery_v1,conflict,discovery,jev_grounded,rating_OI_expression,True,choice,Yes - Expression is emotional/forceful,__missing__,0
grounded_discovery_v1,conflict,discovery,jev_grounded,rating_OI_expression,True,choice,No - Expression is not emotional/forceful,Yes - Expression is emotional/forceful,15
grounded_discovery_v1,conflict,discovery,jev_grounded,rating_OI_expression,True,choice,No - Expression is not emotional/forceful,No - Expression is not emotional/forceful,61
grounded_discovery_v1,conflict,discovery,jev_grounded,rating_OI_expression,True,choice,No - Expression is not emotional/forceful,__missing__,0
grounded_discovery_v1,conflict,discovery,llm_grounded,rating_directness_content,True,choice,Yes - Direct Content,Yes - Direct Content,89
grounded_discovery_v1,conflict,discovery,llm_grounded,rating_directness_content,True,choice,Yes - Direct Content,Neutral - Content contains no opinion,2
grounded_discovery_v1,conflict,discovery,llm_grounded,rating_directness_content,True,choice,Yes - Direct Content,No - Indirect Content,1
grounded_discovery_v1,conflict,discovery,llm_grounded,rating_directness_content,True,choice,Yes - Direct Content,__missing__,0
grounded_discovery_v1,conflict,discovery,llm_grounded,rating_directness_content,True,choice,Neutral - Content contains no opinion,Yes - Direct Content,0
grounded_discovery_v1,conflict,discovery,llm_grounded,rating_directness_content,True,choice,Neutral - Content contains no opinion,Neutral - Content contains no opinion,0
grounded_discovery_v1,conflict,discovery,llm_grounded,rating_directness_content,True,choice,Neutral - Content contains no opinion,No - Indirect Content,0
grounded_discovery_v1,conflict,discovery,llm_grounded,rating_directness_content,True,choice,Neutral - Content contains no opinion,__missing__,0
grounded_discovery_v1,conflict,discovery,llm_grounded,rating_directness_content,True,choice,No - Indirect Content,Yes - Direct Content,0
grounded_discovery_v1,conflict,discovery,llm_grounded,rating_directness_content,True,choice,No - Indirect Content,Neutral - Content contains no opinion,0
grounded_discovery_v1,conflict,discovery,llm_grounded,rating_directness_content,True,choice,No - Indirect Content,No - Indirect Content,0
grounded_discovery_v1,conflict,discovery,llm_grounded,rating_directness_content,True,choice,No - Indirect Content,__missing__,0
grounded_discovery_v1,conflict,discovery,llm_grounded,rating_directness_expression,True,choice,Yes - Direct Expression,Yes - Direct Expression,83
grounded_discovery_v1,conflict,discovery,llm_grounded,rating_directness_expression,True,choice,Yes - Direct Expression,No - Indirect Expression,4
grounded_discovery_v1,conflict,discovery,llm_grounded,rating_directness_expression,True,choice,Yes - Direct Expression,__missing__,0
grounded_discovery_v1,conflict,discovery,llm_grounded,rating_directness_expression,True,choice,No - Indirect Expression,Yes - Direct Expression,4
grounded_discovery_v1,conflict,discovery,llm_grounded,rating_directness_expression,True,choice,No - Indirect Expression,No - Indirect Expression,1
grounded_discovery_v1,conflict,discovery,llm_grounded,rating_directness_expression,True,choice,No - Indirect Expression,__missing__,0
grounded_discovery_v1,conflict,discovery,llm_grounded,rating_OI_content,True,choice,Yes - Content opposes someone else,Yes - Content opposes someone else,69
grounded_discovery_v1,conflict,discovery,llm_grounded,rating_OI_content,True,choice,Yes - Content opposes someone else,No - Content does not oppose anyone,21
grounded_discovery_v1,conflict,discovery,llm_grounded,rating_OI_content,True,choice,Yes - Content opposes someone else,__missing__,0
grounded_discovery_v1,conflict,discovery,llm_grounded,rating_OI_content,True,choice,No - Content does not oppose anyone,Yes - Content opposes someone else,0
grounded_discovery_v1,conflict,discovery,llm_grounded,rating_OI_content,True,choice,No - Content does not oppose anyone,No - Content does not oppose anyone,2
grounded_discovery_v1,conflict,discovery,llm_grounded,rating_OI_content,True,choice,No - Content does not oppose anyone,__missing__,0
grounded_discovery_v1,conflict,discovery,llm_grounded,rating_OI_expression,True,choice,Yes - Expression is emotional/forceful,Yes - Expression is emotional/forceful,7
grounded_discovery_v1,conflict,discovery,llm_grounded,rating_OI_expression,True,choice,Yes - Expression is emotional/forceful,No - Expression is not emotional/forceful,9
grounded_discovery_v1,conflict,discovery,llm_grounded,rating_OI_expression,True,choice,Yes - Expression is emotional/forceful,__missing__,0
grounded_discovery_v1,conflict,discovery,llm_grounded,rating_OI_expression,True,choice,No - Expression is not emotional/forceful,Yes - Expression is emotional/forceful,9
grounded_discovery_v1,conflict,discovery,llm_grounded,rating_OI_expression,True,choice,No - Expression is not emotional/forceful,No - Expression is not emotional/forceful,67
grounded_discovery_v1,conflict,discovery,llm_grounded,rating_OI_expression,True,choice,No - Expression is not emotional/forceful,__missing__,0
grounded_discovery_v1,mbd,discovery,jev_grounded,type,True,choice,fact,fact,91
grounded_discovery_v1,mbd,discovery,jev_grounded,type,True,choice,fact,opinion,3
grounded_discovery_v1,mbd,discovery,jev_grounded,type,True,choice,fact,borderline,3
grounded_discovery_v1,mbd,discovery,jev_grounded,type,True,choice,fact,quote,3
grounded_discovery_v1,mbd,discovery,jev_grounded,type,True,choice,fact,other,6
grounded_discovery_v1,mbd,discovery,jev_grounded,type,True,choice,fact,__missing__,0
grounded_discovery_v1,mbd,discovery,jev_grounded,type,True,choice,opinion,fact,1
grounded_discovery_v1,mbd,discovery,jev_grounded,type,True,choice,opinion,opinion,1
grounded_discovery_v1,mbd,discovery,jev_grounded,type,True,choice,opinion,borderline,0
grounded_discovery_v1,mbd,discovery,jev_grounded,type,True,choice,opinion,quote,2
grounded_discovery_v1,mbd,discovery,jev_grounded,type,True,choice,opinion,other,0
grounded_discovery_v1,mbd,discovery,jev_grounded,type,True,choice,opinion,__missing__,0
grounded_discovery_v1,mbd,discovery,jev_grounded,type,True,choice,borderline,fact,1
grounded_discovery_v1,mbd,discovery,jev_grounded,type,True,choice,borderline,opinion,0
grounded_discovery_v1,mbd,discovery,jev_grounded,type,True,choice,borderline,borderline,0
grounded_discovery_v1,mbd,discovery,jev_grounded,type,True,choice,borderline,quote,0
grounded_discovery_v1,mbd,discovery,jev_grounded,type,True,choice,borderline,other,0
grounded_discovery_v1,mbd,discovery,jev_grounded,type,True,choice,borderline,__missing__,0
grounded_discovery_v1,mbd,discovery,jev_grounded,type,True,choice,quote,fact,3
grounded_discovery_v1,mbd,discovery,jev_grounded,type,True,choice,quote,opinion,3
grounded_discovery_v1,mbd,discovery,jev_grounded,type,True,choice,quote,borderline,1
grounded_discovery_v1,mbd,discovery,jev_grounded,type,True,choice,quote,quote,66
grounded_discovery_v1,mbd,discovery,jev_grounded,type,True,choice,quote,other,0
grounded_discovery_v1,mbd,discovery,jev_grounded,type,True,choice,quote,__missing__,0
grounded_discovery_v1,mbd,discovery,jev_grounded,type,True,choice,other,fact,6
grounded_discovery_v1,mbd,discovery,jev_grounded,type,True,choice,other,opinion,0
grounded_discovery_v1,mbd,discovery,jev_grounded,type,True,choice,other,borderline,0
grounded_discovery_v1,mbd,discovery,jev_grounded,type,True,choice,other,quote,0
grounded_discovery_v1,mbd,discovery,jev_grounded,type,True,choice,other,other,19
grounded_discovery_v1,mbd,discovery,jev_grounded,type,True,choice,other,__missing__,0
grounded_discovery_v1,mbd,discovery,jev_grounded,tone,True,choice,positive,positive,12
grounded_discovery_v1,mbd,discovery,jev_grounded,tone,True,choice,positive,negative,0
grounded_discovery_v1,mbd,discovery,jev_grounded,tone,True,choice,positive,neutral,0
grounded_discovery_v1,mbd,discovery,jev_grounded,tone,True,choice,positive,__missing__,0
grounded_discovery_v1,mbd,discovery,jev_grounded,tone,True,choice,negative,positive,0
grounded_discovery_v1,mbd,discovery,jev_grounded,tone,True,choice,negative,negative,31
grounded_discovery_v1,mbd,discovery,jev_grounded,tone,True,choice,negative,neutral,4
grounded_discovery_v1,mbd,discovery,jev_grounded,tone,True,choice,negative,__missing__,0
grounded_discovery_v1,mbd,discovery,jev_grounded,tone,True,choice,neutral,positive,16
grounded_discovery_v1,mbd,discovery,jev_grounded,tone,True,choice,neutral,negative,13
grounded_discovery_v1,mbd,discovery,jev_grounded,tone,True,choice,neutral,neutral,134
grounded_discovery_v1,mbd,discovery,jev_grounded,tone,True,choice,neutral,__missing__,0
grounded_discovery_v1,mbd,discovery,jev_grounded,focus,True,choice,democrat,democrat,12
grounded_discovery_v1,mbd,discovery,jev_grounded,focus,True,choice,democrat,republican,0
grounded_discovery_v1,mbd,discovery,jev_grounded,focus,True,choice,democrat,both,1
grounded_discovery_v1,mbd,discovery,jev_grounded,focus,True,choice,democrat,neither,2
grounded_discovery_v1,mbd,discovery,jev_grounded,focus,True,choice,democrat,__missing__,0
grounded_discovery_v1,mbd,discovery,jev_grounded,focus,True,choice,republican,democrat,1
grounded_discovery_v1,mbd,discovery,jev_grounded,focus,True,choice,republican,republican,21
grounded_discovery_v1,mbd,discovery,jev_grounded,focus,True,choice,republican,both,4
grounded_discovery_v1,mbd,discovery,jev_grounded,focus,True,choice,republican,neither,8
grounded_discovery_v1,mbd,discovery,jev_grounded,focus,True,choice,republican,__missing__,0
grounded_discovery_v1,mbd,discovery,jev_grounded,focus,True,choice,both,democrat,2
grounded_discovery_v1,mbd,discovery,jev_grounded,focus,True,choice,both,republican,0
grounded_discovery_v1,mbd,discovery,jev_grounded,focus,True,choice,both,both,8
grounded_discovery_v1,mbd,discovery,jev_grounded,focus,True,choice,both,neither,1
grounded_discovery_v1,mbd,discovery,jev_grounded,focus,True,choice,both,__missing__,0
grounded_discovery_v1,mbd,discovery,jev_grounded,focus,True,choice,neither,democrat,1
grounded_discovery_v1,mbd,discovery,jev_grounded,focus,True,choice,neither,republican,0
grounded_discovery_v1,mbd,discovery,jev_grounded,focus,True,choice,neither,both,1
grounded_discovery_v1,mbd,discovery,jev_grounded,focus,True,choice,neither,neither,142
grounded_discovery_v1,mbd,discovery,jev_grounded,focus,True,choice,neither,__missing__,0
grounded_discovery_v1,mbd,discovery,llm_grounded,type,True,choice,fact,fact,85
grounded_discovery_v1,mbd,discovery,llm_grounded,type,True,choice,fact,opinion,4
grounded_discovery_v1,mbd,discovery,llm_grounded,type,True,choice,fact,borderline,1
grounded_discovery_v1,mbd,discovery,llm_grounded,type,True,choice,fact,quote,5
grounded_discovery_v1,mbd,discovery,llm_grounded,type,True,choice,fact,other,11
grounded_discovery_v1,mbd,discovery,llm_grounded,type,True,choice,fact,__missing__,0
grounded_discovery_v1,mbd,discovery,llm_grounded,type,True,choice,opinion,fact,0
grounded_discovery_v1,mbd,discovery,llm_grounded,type,True,choice,opinion,opinion,2
grounded_discovery_v1,mbd,discovery,llm_grounded,type,True,choice,opinion,borderline,0
grounded_discovery_v1,mbd,discovery,llm_grounded,type,True,choice,opinion,quote,2
grounded_discovery_v1,mbd,discovery,llm_grounded,type,True,choice,opinion,other,0
grounded_discovery_v1,mbd,discovery,llm_grounded,type,True,choice,opinion,__missing__,0
grounded_discovery_v1,mbd,discovery,llm_grounded,type,True,choice,borderline,fact,1
grounded_discovery_v1,mbd,discovery,llm_grounded,type,True,choice,borderline,opinion,0
grounded_discovery_v1,mbd,discovery,llm_grounded,type,True,choice,borderline,borderline,0
grounded_discovery_v1,mbd,discovery,llm_grounded,type,True,choice,borderline,quote,0
grounded_discovery_v1,mbd,discovery,llm_grounded,type,True,choice,borderline,other,0
grounded_discovery_v1,mbd,discovery,llm_grounded,type,True,choice,borderline,__missing__,0
grounded_discovery_v1,mbd,discovery,llm_grounded,type,True,choice,quote,fact,4
grounded_discovery_v1,mbd,discovery,llm_grounded,type,True,choice,quote,opinion,0
grounded_discovery_v1,mbd,discovery,llm_grounded,type,True,choice,quote,borderline,0
grounded_discovery_v1,mbd,discovery,llm_grounded,type,True,choice,quote,quote,69
grounded_discovery_v1,mbd,discovery,llm_grounded,type,True,choice,quote,other,0
grounded_discovery_v1,mbd,discovery,llm_grounded,type,True,choice,quote,__missing__,0
grounded_discovery_v1,mbd,discovery,llm_grounded,type,True,choice,other,fact,2
grounded_discovery_v1,mbd,discovery,llm_grounded,type,True,choice,other,opinion,0
grounded_discovery_v1,mbd,discovery,llm_grounded,type,True,choice,other,borderline,0
grounded_discovery_v1,mbd,discovery,llm_grounded,type,True,choice,other,quote,0
grounded_discovery_v1,mbd,discovery,llm_grounded,type,True,choice,other,other,23
grounded_discovery_v1,mbd,discovery,llm_grounded,type,True,choice,other,__missing__,0
grounded_discovery_v1,mbd,discovery,llm_grounded,tone,True,choice,positive,positive,11
grounded_discovery_v1,mbd,discovery,llm_grounded,tone,True,choice,positive,negative,0
grounded_discovery_v1,mbd,discovery,llm_grounded,tone,True,choice,positive,neutral,1
grounded_discovery_v1,mbd,discovery,llm_grounded,tone,True,choice,positive,__missing__,0
grounded_discovery_v1,mbd,discovery,llm_grounded,tone,True,choice,negative,positive,0
grounded_discovery_v1,mbd,discovery,llm_grounded,tone,True,choice,negative,negative,29
grounded_discovery_v1,mbd,discovery,llm_grounded,tone,True,choice,negative,neutral,6
grounded_discovery_v1,mbd,discovery,llm_grounded,tone,True,choice,negative,__missing__,0
grounded_discovery_v1,mbd,discovery,llm_grounded,tone,True,choice,neutral,positive,12
grounded_discovery_v1,mbd,discovery,llm_grounded,tone,True,choice,neutral,negative,9
grounded_discovery_v1,mbd,discovery,llm_grounded,tone,True,choice,neutral,neutral,142
grounded_discovery_v1,mbd,discovery,llm_grounded,tone,True,choice,neutral,__missing__,0
grounded_discovery_v1,mbd,discovery,llm_grounded,focus,True,choice,democrat,democrat,9
grounded_discovery_v1,mbd,discovery,llm_grounded,focus,True,choice,democrat,republican,0
grounded_discovery_v1,mbd,discovery,llm_grounded,focus,True,choice,democrat,both,2
grounded_discovery_v1,mbd,discovery,llm_grounded,focus,True,choice,democrat,neither,4
grounded_discovery_v1,mbd,discovery,llm_grounded,focus,True,choice,democrat,__missing__,0
grounded_discovery_v1,mbd,discovery,llm_grounded,focus,True,choice,republican,democrat,0
grounded_discovery_v1,mbd,discovery,llm_grounded,focus,True,choice,republican,republican,23
grounded_discovery_v1,mbd,discovery,llm_grounded,focus,True,choice,republican,both,4
grounded_discovery_v1,mbd,discovery,llm_grounded,focus,True,choice,republican,neither,7
grounded_discovery_v1,mbd,discovery,llm_grounded,focus,True,choice,republican,__missing__,0
grounded_discovery_v1,mbd,discovery,llm_grounded,focus,True,choice,both,democrat,0
grounded_discovery_v1,mbd,discovery,llm_grounded,focus,True,choice,both,republican,0
grounded_discovery_v1,mbd,discovery,llm_grounded,focus,True,choice,both,both,10
grounded_discovery_v1,mbd,discovery,llm_grounded,focus,True,choice,both,neither,1
grounded_discovery_v1,mbd,discovery,llm_grounded,focus,True,choice,both,__missing__,0
grounded_discovery_v1,mbd,discovery,llm_grounded,focus,True,choice,neither,democrat,0
grounded_discovery_v1,mbd,discovery,llm_grounded,focus,True,choice,neither,republican,0
grounded_discovery_v1,mbd,discovery,llm_grounded,focus,True,choice,neither,both,0
grounded_discovery_v1,mbd,discovery,llm_grounded,focus,True,choice,neither,neither,144
grounded_discovery_v1,mbd,discovery,llm_grounded,focus,True,choice,neither,__missing__,0
grounded_discovery_v1,ucc,discovery,jev_grounded,healthy,True,choice,0,0,13
grounded_discovery_v1,ucc,discovery,jev_grounded,healthy,True,choice,0,1,5
grounded_discovery_v1,ucc,discovery,jev_grounded,healthy,True,choice,0,__missing__,0
grounded_discovery_v1,ucc,discovery,jev_grounded,healthy,True,choice,1,0,108
grounded_discovery_v1,ucc,discovery,jev_grounded,healthy,True,choice,1,1,84
grounded_discovery_v1,ucc,discovery,jev_grounded,healthy,True,choice,1,__missing__,0
grounded_discovery_v1,ucc,discovery,jev_grounded,sarcastic,True,choice,0,0,126
grounded_discovery_v1,ucc,discovery,jev_grounded,sarcastic,True,choice,0,1,79
grounded_discovery_v1,ucc,discovery,jev_grounded,sarcastic,True,choice,0,__missing__,0
grounded_discovery_v1,ucc,discovery,jev_grounded,sarcastic,True,choice,1,0,1
grounded_discovery_v1,ucc,discovery,jev_grounded,sarcastic,True,choice,1,1,4
grounded_discovery_v1,ucc,discovery,jev_grounded,sarcastic,True,choice,1,__missing__,0
grounded_discovery_v1,ucc,discovery,jev_grounded,generalisation,False,choice,0,0,168
grounded_discovery_v1,ucc,discovery,jev_grounded,generalisation,False,choice,0,1,39
grounded_discovery_v1,ucc,discovery,jev_grounded,generalisation,False,choice,0,__missing__,0
grounded_discovery_v1,ucc,discovery,jev_grounded,generalisation,False,choice,1,0,1
grounded_discovery_v1,ucc,discovery,jev_grounded,generalisation,False,choice,1,1,2
grounded_discovery_v1,ucc,discovery,jev_grounded,generalisation,False,choice,1,__missing__,0
grounded_discovery_v1,ucc,discovery,jev_grounded,generalisation_unfair,True,choice,0,0,177
grounded_discovery_v1,ucc,discovery,jev_grounded,generalisation_unfair,True,choice,0,1,30
grounded_discovery_v1,ucc,discovery,jev_grounded,generalisation_unfair,True,choice,0,__missing__,0
grounded_discovery_v1,ucc,discovery,jev_grounded,generalisation_unfair,True,choice,1,0,1
grounded_discovery_v1,ucc,discovery,jev_grounded,generalisation_unfair,True,choice,1,1,2
grounded_discovery_v1,ucc,discovery,jev_grounded,generalisation_unfair,True,choice,1,__missing__,0
grounded_discovery_v1,ucc,discovery,jev_grounded,hostile,True,choice,0,0,135
grounded_discovery_v1,ucc,discovery,jev_grounded,hostile,True,choice,0,1,73
grounded_discovery_v1,ucc,discovery,jev_grounded,hostile,True,choice,0,__missing__,0
grounded_discovery_v1,ucc,discovery,jev_grounded,hostile,True,choice,1,0,0
grounded_discovery_v1,ucc,discovery,jev_grounded,hostile,True,choice,1,1,2
grounded_discovery_v1,ucc,discovery,jev_grounded,hostile,True,choice,1,__missing__,0
grounded_discovery_v1,ucc,discovery,jev_grounded,antagonize,True,choice,0,0,100
grounded_discovery_v1,ucc,discovery,jev_grounded,antagonize,True,choice,0,1,103
grounded_discovery_v1,ucc,discovery,jev_grounded,antagonize,True,choice,0,__missing__,0
grounded_discovery_v1,ucc,discovery,jev_grounded,antagonize,True,choice,1,0,1
grounded_discovery_v1,ucc,discovery,jev_grounded,antagonize,True,choice,1,1,6
grounded_discovery_v1,ucc,discovery,jev_grounded,antagonize,True,choice,1,__missing__,0
grounded_discovery_v1,ucc,discovery,jev_grounded,condescending,True,choice,0,0,129
grounded_discovery_v1,ucc,discovery,jev_grounded,condescending,True,choice,0,1,77
grounded_discovery_v1,ucc,discovery,jev_grounded,condescending,True,choice,0,__missing__,0
grounded_discovery_v1,ucc,discovery,jev_grounded,condescending,True,choice,1,0,0
grounded_discovery_v1,ucc,discovery,jev_grounded,condescending,True,choice,1,1,4
grounded_discovery_v1,ucc,discovery,jev_grounded,condescending,True,choice,1,__missing__,0
grounded_discovery_v1,ucc,discovery,jev_grounded,dismissive,True,choice,0,0,127
grounded_discovery_v1,ucc,discovery,jev_grounded,dismissive,True,choice,0,1,80
grounded_discovery_v1,ucc,discovery,jev_grounded,dismissive,True,choice,0,__missing__,0
grounded_discovery_v1,ucc,discovery,jev_grounded,dismissive,True,choice,1,0,0
grounded_discovery_v1,ucc,discovery,jev_grounded,dismissive,True,choice,1,1,3
grounded_discovery_v1,ucc,discovery,jev_grounded,dismissive,True,choice,1,__missing__,0
grounded_discovery_v1,ucc,discovery,llm_grounded,healthy,True,choice,0,0,13
grounded_discovery_v1,ucc,discovery,llm_grounded,healthy,True,choice,0,1,5
grounded_discovery_v1,ucc,discovery,llm_grounded,healthy,True,choice,0,__missing__,0
grounded_discovery_v1,ucc,discovery,llm_grounded,healthy,True,choice,1,0,77
grounded_discovery_v1,ucc,discovery,llm_grounded,healthy,True,choice,1,1,115
grounded_discovery_v1,ucc,discovery,llm_grounded,healthy,True,choice,1,__missing__,0
grounded_discovery_v1,ucc,discovery,llm_grounded,sarcastic,True,choice,0,0,162
grounded_discovery_v1,ucc,discovery,llm_grounded,sarcastic,True,choice,0,1,43
grounded_discovery_v1,ucc,discovery,llm_grounded,sarcastic,True,choice,0,__missing__,0
grounded_discovery_v1,ucc,discovery,llm_grounded,sarcastic,True,choice,1,0,2
grounded_discovery_v1,ucc,discovery,llm_grounded,sarcastic,True,choice,1,1,3
grounded_discovery_v1,ucc,discovery,llm_grounded,sarcastic,True,choice,1,__missing__,0
grounded_discovery_v1,ucc,discovery,llm_grounded,generalisation,False,choice,0,0,179
grounded_discovery_v1,ucc,discovery,llm_grounded,generalisation,False,choice,0,1,28
grounded_discovery_v1,ucc,discovery,llm_grounded,generalisation,False,choice,0,__missing__,0
grounded_discovery_v1,ucc,discovery,llm_grounded,generalisation,False,choice,1,0,1
grounded_discovery_v1,ucc,discovery,llm_grounded,generalisation,False,choice,1,1,2
grounded_discovery_v1,ucc,discovery,llm_grounded,generalisation,False,choice,1,__missing__,0
grounded_discovery_v1,ucc,discovery,llm_grounded,generalisation_unfair,True,choice,0,0,180
grounded_discovery_v1,ucc,discovery,llm_grounded,generalisation_unfair,True,choice,0,1,27
grounded_discovery_v1,ucc,discovery,llm_grounded,generalisation_unfair,True,choice,0,__missing__,0
grounded_discovery_v1,ucc,discovery,llm_grounded,generalisation_unfair,True,choice,1,0,1
grounded_discovery_v1,ucc,discovery,llm_grounded,generalisation_unfair,True,choice,1,1,2
grounded_discovery_v1,ucc,discovery,llm_grounded,generalisation_unfair,True,choice,1,__missing__,0
grounded_discovery_v1,ucc,discovery,llm_grounded,hostile,True,choice,0,0,145
grounded_discovery_v1,ucc,discovery,llm_grounded,hostile,True,choice,0,1,63
grounded_discovery_v1,ucc,discovery,llm_grounded,hostile,True,choice,0,__missing__,0
grounded_discovery_v1,ucc,discovery,llm_grounded,hostile,True,choice,1,0,0
grounded_discovery_v1,ucc,discovery,llm_grounded,hostile,True,choice,1,1,2
grounded_discovery_v1,ucc,discovery,llm_grounded,hostile,True,choice,1,__missing__,0
grounded_discovery_v1,ucc,discovery,llm_grounded,antagonize,True,choice,0,0,151
grounded_discovery_v1,ucc,discovery,llm_grounded,antagonize,True,choice,0,1,52
grounded_discovery_v1,ucc,discovery,llm_grounded,antagonize,True,choice,0,__missing__,0
grounded_discovery_v1,ucc,discovery,llm_grounded,antagonize,True,choice,1,0,1
grounded_discovery_v1,ucc,discovery,llm_grounded,antagonize,True,choice,1,1,6
grounded_discovery_v1,ucc,discovery,llm_grounded,antagonize,True,choice,1,__missing__,0
grounded_discovery_v1,ucc,discovery,llm_grounded,condescending,True,choice,0,0,152
grounded_discovery_v1,ucc,discovery,llm_grounded,condescending,True,choice,0,1,54
grounded_discovery_v1,ucc,discovery,llm_grounded,condescending,True,choice,0,__missing__,0
grounded_discovery_v1,ucc,discovery,llm_grounded,condescending,True,choice,1,0,0
grounded_discovery_v1,ucc,discovery,llm_grounded,condescending,True,choice,1,1,4
grounded_discovery_v1,ucc,discovery,llm_grounded,condescending,True,choice,1,__missing__,0
grounded_discovery_v1,ucc,discovery,llm_grounded,dismissive,True,choice,0,0,145
grounded_discovery_v1,ucc,discovery,llm_grounded,dismissive,True,choice,0,1,62
grounded_discovery_v1,ucc,discovery,llm_grounded,dismissive,True,choice,0,__missing__,0
grounded_discovery_v1,ucc,discovery,llm_grounded,dismissive,True,choice,1,0,1
grounded_discovery_v1,ucc,discovery,llm_grounded,dismissive,True,choice,1,1,2
grounded_discovery_v1,ucc,discovery,llm_grounded,dismissive,True,choice,1,__missing__,0
native_calibration_v1,babe,calibration,jev_native,label_bias,True,choice,Non-biased,Non-biased,90
native_calibration_v1,babe,calibration,jev_native,label_bias,True,choice,Non-biased,Biased,23
native_calibration_v1,babe,calibration,jev_native,label_bias,True,choice,Non-biased,__missing__,0
native_calibration_v1,babe,calibration,jev_native,label_bias,True,choice,Biased,Non-biased,13
native_calibration_v1,babe,calibration,jev_native,label_bias,True,choice,Biased,Biased,75
native_calibration_v1,babe,calibration,jev_native,label_bias,True,choice,Biased,__missing__,0
native_calibration_v1,babe,calibration,llm_native,label_bias,True,choice,Non-biased,Non-biased,89
native_calibration_v1,babe,calibration,llm_native,label_bias,True,choice,Non-biased,Biased,24
native_calibration_v1,babe,calibration,llm_native,label_bias,True,choice,Non-biased,__missing__,0
native_calibration_v1,babe,calibration,llm_native,label_bias,True,choice,Biased,Non-biased,13
native_calibration_v1,babe,calibration,llm_native,label_bias,True,choice,Biased,Biased,75
native_calibration_v1,babe,calibration,llm_native,label_bias,True,choice,Biased,__missing__,0
native_calibration_v1,conflict,calibration,jev_native,rating_directness_content,True,choice,Yes - Direct Content,Yes - Direct Content,92
native_calibration_v1,conflict,calibration,jev_native,rating_directness_content,True,choice,Yes - Direct Content,Neutral - Content contains no opinion,1
native_calibration_v1,conflict,calibration,jev_native,rating_directness_content,True,choice,Yes - Direct Content,No - Indirect Content,5
native_calibration_v1,conflict,calibration,jev_native,rating_directness_content,True,choice,Yes - Direct Content,__missing__,0
native_calibration_v1,conflict,calibration,jev_native,rating_directness_content,True,choice,Neutral - Content contains no opinion,Yes - Direct Content,0
native_calibration_v1,conflict,calibration,jev_native,rating_directness_content,True,choice,Neutral - Content contains no opinion,Neutral - Content contains no opinion,0
native_calibration_v1,conflict,calibration,jev_native,rating_directness_content,True,choice,Neutral - Content contains no opinion,No - Indirect Content,0
native_calibration_v1,conflict,calibration,jev_native,rating_directness_content,True,choice,Neutral - Content contains no opinion,__missing__,0
native_calibration_v1,conflict,calibration,jev_native,rating_directness_content,True,choice,No - Indirect Content,Yes - Direct Content,0
native_calibration_v1,conflict,calibration,jev_native,rating_directness_content,True,choice,No - Indirect Content,Neutral - Content contains no opinion,0
native_calibration_v1,conflict,calibration,jev_native,rating_directness_content,True,choice,No - Indirect Content,No - Indirect Content,0
native_calibration_v1,conflict,calibration,jev_native,rating_directness_content,True,choice,No - Indirect Content,__missing__,0
native_calibration_v1,conflict,calibration,jev_native,rating_directness_expression,True,choice,Yes - Direct Expression,Yes - Direct Expression,84
native_calibration_v1,conflict,calibration,jev_native,rating_directness_expression,True,choice,Yes - Direct Expression,No - Indirect Expression,10
native_calibration_v1,conflict,calibration,jev_native,rating_directness_expression,True,choice,Yes - Direct Expression,__missing__,0
native_calibration_v1,conflict,calibration,jev_native,rating_directness_expression,True,choice,No - Indirect Expression,Yes - Direct Expression,1
native_calibration_v1,conflict,calibration,jev_native,rating_directness_expression,True,choice,No - Indirect Expression,No - Indirect Expression,3
native_calibration_v1,conflict,calibration,jev_native,rating_directness_expression,True,choice,No - Indirect Expression,__missing__,0
native_calibration_v1,conflict,calibration,jev_native,rating_OI_content,True,choice,Yes - Content opposes someone else,Yes - Content opposes someone else,70
native_calibration_v1,conflict,calibration,jev_native,rating_OI_content,True,choice,Yes - Content opposes someone else,No - Content does not oppose anyone,26
native_calibration_v1,conflict,calibration,jev_native,rating_OI_content,True,choice,Yes - Content opposes someone else,__missing__,0
native_calibration_v1,conflict,calibration,jev_native,rating_OI_content,True,choice,No - Content does not oppose anyone,Yes - Content opposes someone else,1
native_calibration_v1,conflict,calibration,jev_native,rating_OI_content,True,choice,No - Content does not oppose anyone,No - Content does not oppose anyone,1
native_calibration_v1,conflict,calibration,jev_native,rating_OI_content,True,choice,No - Content does not oppose anyone,__missing__,0
native_calibration_v1,conflict,calibration,jev_native,rating_OI_expression,True,choice,Yes - Expression is emotional/forceful,Yes - Expression is emotional/forceful,8
native_calibration_v1,conflict,calibration,jev_native,rating_OI_expression,True,choice,Yes - Expression is emotional/forceful,No - Expression is not emotional/forceful,3
native_calibration_v1,conflict,calibration,jev_native,rating_OI_expression,True,choice,Yes - Expression is emotional/forceful,__missing__,0
native_calibration_v1,conflict,calibration,jev_native,rating_OI_expression,True,choice,No - Expression is not emotional/forceful,Yes - Expression is emotional/forceful,14
native_calibration_v1,conflict,calibration,jev_native,rating_OI_expression,True,choice,No - Expression is not emotional/forceful,No - Expression is not emotional/forceful,73
native_calibration_v1,conflict,calibration,jev_native,rating_OI_expression,True,choice,No - Expression is not emotional/forceful,__missing__,0
native_calibration_v1,conflict,calibration,llm_native,rating_directness_content,True,choice,Yes - Direct Content,Yes - Direct Content,98
native_calibration_v1,conflict,calibration,llm_native,rating_directness_content,True,choice,Yes - Direct Content,Neutral - Content contains no opinion,0
native_calibration_v1,conflict,calibration,llm_native,rating_directness_content,True,choice,Yes - Direct Content,No - Indirect Content,0
native_calibration_v1,conflict,calibration,llm_native,rating_directness_content,True,choice,Yes - Direct Content,__missing__,0
native_calibration_v1,conflict,calibration,llm_native,rating_directness_content,True,choice,Neutral - Content contains no opinion,Yes - Direct Content,0
native_calibration_v1,conflict,calibration,llm_native,rating_directness_content,True,choice,Neutral - Content contains no opinion,Neutral - Content contains no opinion,0
native_calibration_v1,conflict,calibration,llm_native,rating_directness_content,True,choice,Neutral - Content contains no opinion,No - Indirect Content,0
native_calibration_v1,conflict,calibration,llm_native,rating_directness_content,True,choice,Neutral - Content contains no opinion,__missing__,0
native_calibration_v1,conflict,calibration,llm_native,rating_directness_content,True,choice,No - Indirect Content,Yes - Direct Content,0
native_calibration_v1,conflict,calibration,llm_native,rating_directness_content,True,choice,No - Indirect Content,Neutral - Content contains no opinion,0
native_calibration_v1,conflict,calibration,llm_native,rating_directness_content,True,choice,No - Indirect Content,No - Indirect Content,0
native_calibration_v1,conflict,calibration,llm_native,rating_directness_content,True,choice,No - Indirect Content,__missing__,0
native_calibration_v1,conflict,calibration,llm_native,rating_directness_expression,True,choice,Yes - Direct Expression,Yes - Direct Expression,84
native_calibration_v1,conflict,calibration,llm_native,rating_directness_expression,True,choice,Yes - Direct Expression,No - Indirect Expression,10
native_calibration_v1,conflict,calibration,llm_native,rating_directness_expression,True,choice,Yes - Direct Expression,__missing__,0
native_calibration_v1,conflict,calibration,llm_native,rating_directness_expression,True,choice,No - Indirect Expression,Yes - Direct Expression,1
native_calibration_v1,conflict,calibration,llm_native,rating_directness_expression,True,choice,No - Indirect Expression,No - Indirect Expression,3
native_calibration_v1,conflict,calibration,llm_native,rating_directness_expression,True,choice,No - Indirect Expression,__missing__,0
native_calibration_v1,conflict,calibration,llm_native,rating_OI_content,True,choice,Yes - Content opposes someone else,Yes - Content opposes someone else,67
native_calibration_v1,conflict,calibration,llm_native,rating_OI_content,True,choice,Yes - Content opposes someone else,No - Content does not oppose anyone,29
native_calibration_v1,conflict,calibration,llm_native,rating_OI_content,True,choice,Yes - Content opposes someone else,__missing__,0
native_calibration_v1,conflict,calibration,llm_native,rating_OI_content,True,choice,No - Content does not oppose anyone,Yes - Content opposes someone else,0
native_calibration_v1,conflict,calibration,llm_native,rating_OI_content,True,choice,No - Content does not oppose anyone,No - Content does not oppose anyone,2
native_calibration_v1,conflict,calibration,llm_native,rating_OI_content,True,choice,No - Content does not oppose anyone,__missing__,0
native_calibration_v1,conflict,calibration,llm_native,rating_OI_expression,True,choice,Yes - Expression is emotional/forceful,Yes - Expression is emotional/forceful,9
native_calibration_v1,conflict,calibration,llm_native,rating_OI_expression,True,choice,Yes - Expression is emotional/forceful,No - Expression is not emotional/forceful,2
native_calibration_v1,conflict,calibration,llm_native,rating_OI_expression,True,choice,Yes - Expression is emotional/forceful,__missing__,0
native_calibration_v1,conflict,calibration,llm_native,rating_OI_expression,True,choice,No - Expression is not emotional/forceful,Yes - Expression is emotional/forceful,10
native_calibration_v1,conflict,calibration,llm_native,rating_OI_expression,True,choice,No - Expression is not emotional/forceful,No - Expression is not emotional/forceful,77
native_calibration_v1,conflict,calibration,llm_native,rating_OI_expression,True,choice,No - Expression is not emotional/forceful,__missing__,0
native_calibration_v1,mbd,calibration,jev_native,type,True,choice,fact,fact,94
native_calibration_v1,mbd,calibration,jev_native,type,True,choice,fact,opinion,12
native_calibration_v1,mbd,calibration,jev_native,type,True,choice,fact,borderline,17
native_calibration_v1,mbd,calibration,jev_native,type,True,choice,fact,quote,0
native_calibration_v1,mbd,calibration,jev_native,type,True,choice,fact,other,4
native_calibration_v1,mbd,calibration,jev_native,type,True,choice,fact,__missing__,0
native_calibration_v1,mbd,calibration,jev_native,type,True,choice,opinion,fact,0
native_calibration_v1,mbd,calibration,jev_native,type,True,choice,opinion,opinion,20
native_calibration_v1,mbd,calibration,jev_native,type,True,choice,opinion,borderline,1
native_calibration_v1,mbd,calibration,jev_native,type,True,choice,opinion,quote,0
native_calibration_v1,mbd,calibration,jev_native,type,True,choice,opinion,other,0
native_calibration_v1,mbd,calibration,jev_native,type,True,choice,opinion,__missing__,0
native_calibration_v1,mbd,calibration,jev_native,type,True,choice,borderline,fact,2
native_calibration_v1,mbd,calibration,jev_native,type,True,choice,borderline,opinion,4
native_calibration_v1,mbd,calibration,jev_native,type,True,choice,borderline,borderline,5
native_calibration_v1,mbd,calibration,jev_native,type,True,choice,borderline,quote,0
native_calibration_v1,mbd,calibration,jev_native,type,True,choice,borderline,other,0
native_calibration_v1,mbd,calibration,jev_native,type,True,choice,borderline,__missing__,0
native_calibration_v1,mbd,calibration,jev_native,type,True,choice,quote,fact,6
native_calibration_v1,mbd,calibration,jev_native,type,True,choice,quote,opinion,0
native_calibration_v1,mbd,calibration,jev_native,type,True,choice,quote,borderline,0
native_calibration_v1,mbd,calibration,jev_native,type,True,choice,quote,quote,49
native_calibration_v1,mbd,calibration,jev_native,type,True,choice,quote,other,0
native_calibration_v1,mbd,calibration,jev_native,type,True,choice,quote,__missing__,0
native_calibration_v1,mbd,calibration,jev_native,type,True,choice,other,fact,0
native_calibration_v1,mbd,calibration,jev_native,type,True,choice,other,opinion,0
native_calibration_v1,mbd,calibration,jev_native,type,True,choice,other,borderline,1
native_calibration_v1,mbd,calibration,jev_native,type,True,choice,other,quote,0
native_calibration_v1,mbd,calibration,jev_native,type,True,choice,other,other,19
native_calibration_v1,mbd,calibration,jev_native,type,True,choice,other,__missing__,0
native_calibration_v1,mbd,calibration,jev_native,tone,True,choice,positive,positive,3
native_calibration_v1,mbd,calibration,jev_native,tone,True,choice,positive,negative,0
native_calibration_v1,mbd,calibration,jev_native,tone,True,choice,positive,neutral,3
native_calibration_v1,mbd,calibration,jev_native,tone,True,choice,positive,__missing__,0
native_calibration_v1,mbd,calibration,jev_native,tone,True,choice,negative,positive,0
native_calibration_v1,mbd,calibration,jev_native,tone,True,choice,negative,negative,30
native_calibration_v1,mbd,calibration,jev_native,tone,True,choice,negative,neutral,1
native_calibration_v1,mbd,calibration,jev_native,tone,True,choice,negative,__missing__,0
native_calibration_v1,mbd,calibration,jev_native,tone,True,choice,neutral,positive,9
native_calibration_v1,mbd,calibration,jev_native,tone,True,choice,neutral,negative,44
native_calibration_v1,mbd,calibration,jev_native,tone,True,choice,neutral,neutral,151
native_calibration_v1,mbd,calibration,jev_native,tone,True,choice,neutral,__missing__,0
native_calibration_v1,mbd,calibration,jev_native,focus,True,choice,democrat,democrat,18
native_calibration_v1,mbd,calibration,jev_native,focus,True,choice,democrat,republican,0
native_calibration_v1,mbd,calibration,jev_native,focus,True,choice,democrat,both,4
native_calibration_v1,mbd,calibration,jev_native,focus,True,choice,democrat,neither,11
native_calibration_v1,mbd,calibration,jev_native,focus,True,choice,democrat,__missing__,0
native_calibration_v1,mbd,calibration,jev_native,focus,True,choice,republican,democrat,0
native_calibration_v1,mbd,calibration,jev_native,focus,True,choice,republican,republican,35
native_calibration_v1,mbd,calibration,jev_native,focus,True,choice,republican,both,0
native_calibration_v1,mbd,calibration,jev_native,focus,True,choice,republican,neither,15
native_calibration_v1,mbd,calibration,jev_native,focus,True,choice,republican,__missing__,0
native_calibration_v1,mbd,calibration,jev_native,focus,True,choice,both,democrat,1
native_calibration_v1,mbd,calibration,jev_native,focus,True,choice,both,republican,0
native_calibration_v1,mbd,calibration,jev_native,focus,True,choice,both,both,9
native_calibration_v1,mbd,calibration,jev_native,focus,True,choice,both,neither,3
native_calibration_v1,mbd,calibration,jev_native,focus,True,choice,both,__missing__,0
native_calibration_v1,mbd,calibration,jev_native,focus,True,choice,neither,democrat,0
native_calibration_v1,mbd,calibration,jev_native,focus,True,choice,neither,republican,1
native_calibration_v1,mbd,calibration,jev_native,focus,True,choice,neither,both,1
native_calibration_v1,mbd,calibration,jev_native,focus,True,choice,neither,neither,141
native_calibration_v1,mbd,calibration,jev_native,focus,True,choice,neither,__missing__,0
native_calibration_v1,mbd,calibration,llm_native,type,True,choice,fact,fact,91
native_calibration_v1,mbd,calibration,llm_native,type,True,choice,fact,opinion,11
native_calibration_v1,mbd,calibration,llm_native,type,True,choice,fact,borderline,13
native_calibration_v1,mbd,calibration,llm_native,type,True,choice,fact,quote,1
native_calibration_v1,mbd,calibration,llm_native,type,True,choice,fact,other,11
native_calibration_v1,mbd,calibration,llm_native,type,True,choice,fact,__missing__,0
native_calibration_v1,mbd,calibration,llm_native,type,True,choice,opinion,fact,0
native_calibration_v1,mbd,calibration,llm_native,type,True,choice,opinion,opinion,19
native_calibration_v1,mbd,calibration,llm_native,type,True,choice,opinion,borderline,2
native_calibration_v1,mbd,calibration,llm_native,type,True,choice,opinion,quote,0
native_calibration_v1,mbd,calibration,llm_native,type,True,choice,opinion,other,0
native_calibration_v1,mbd,calibration,llm_native,type,True,choice,opinion,__missing__,0
native_calibration_v1,mbd,calibration,llm_native,type,True,choice,borderline,fact,0
native_calibration_v1,mbd,calibration,llm_native,type,True,choice,borderline,opinion,2
native_calibration_v1,mbd,calibration,llm_native,type,True,choice,borderline,borderline,9
native_calibration_v1,mbd,calibration,llm_native,type,True,choice,borderline,quote,0
native_calibration_v1,mbd,calibration,llm_native,type,True,choice,borderline,other,0
native_calibration_v1,mbd,calibration,llm_native,type,True,choice,borderline,__missing__,0
native_calibration_v1,mbd,calibration,llm_native,type,True,choice,quote,fact,5
native_calibration_v1,mbd,calibration,llm_native,type,True,choice,quote,opinion,0
native_calibration_v1,mbd,calibration,llm_native,type,True,choice,quote,borderline,2
native_calibration_v1,mbd,calibration,llm_native,type,True,choice,quote,quote,47
native_calibration_v1,mbd,calibration,llm_native,type,True,choice,quote,other,1
native_calibration_v1,mbd,calibration,llm_native,type,True,choice,quote,__missing__,0
native_calibration_v1,mbd,calibration,llm_native,type,True,choice,other,fact,0
native_calibration_v1,mbd,calibration,llm_native,type,True,choice,other,opinion,0
native_calibration_v1,mbd,calibration,llm_native,type,True,choice,other,borderline,0
native_calibration_v1,mbd,calibration,llm_native,type,True,choice,other,quote,0
native_calibration_v1,mbd,calibration,llm_native,type,True,choice,other,other,20
native_calibration_v1,mbd,calibration,llm_native,type,True,choice,other,__missing__,0
native_calibration_v1,mbd,calibration,llm_native,tone,True,choice,positive,positive,2
native_calibration_v1,mbd,calibration,llm_native,tone,True,choice,positive,negative,0
native_calibration_v1,mbd,calibration,llm_native,tone,True,choice,positive,neutral,4
native_calibration_v1,mbd,calibration,llm_native,tone,True,choice,positive,__missing__,0
native_calibration_v1,mbd,calibration,llm_native,tone,True,choice,negative,positive,0
native_calibration_v1,mbd,calibration,llm_native,tone,True,choice,negative,negative,26
native_calibration_v1,mbd,calibration,llm_native,tone,True,choice,negative,neutral,5
native_calibration_v1,mbd,calibration,llm_native,tone,True,choice,negative,__missing__,0
native_calibration_v1,mbd,calibration,llm_native,tone,True,choice,neutral,positive,3
native_calibration_v1,mbd,calibration,llm_native,tone,True,choice,neutral,negative,27
native_calibration_v1,mbd,calibration,llm_native,tone,True,choice,neutral,neutral,174
native_calibration_v1,mbd,calibration,llm_native,tone,True,choice,neutral,__missing__,0
native_calibration_v1,mbd,calibration,llm_native,focus,True,choice,democrat,democrat,14
native_calibration_v1,mbd,calibration,llm_native,focus,True,choice,democrat,republican,1
native_calibration_v1,mbd,calibration,llm_native,focus,True,choice,democrat,both,2
native_calibration_v1,mbd,calibration,llm_native,focus,True,choice,democrat,neither,16
native_calibration_v1,mbd,calibration,llm_native,focus,True,choice,democrat,__missing__,0
native_calibration_v1,mbd,calibration,llm_native,focus,True,choice,republican,democrat,0
native_calibration_v1,mbd,calibration,llm_native,focus,True,choice,republican,republican,35
native_calibration_v1,mbd,calibration,llm_native,focus,True,choice,republican,both,0
native_calibration_v1,mbd,calibration,llm_native,focus,True,choice,republican,neither,15
native_calibration_v1,mbd,calibration,llm_native,focus,True,choice,republican,__missing__,0
native_calibration_v1,mbd,calibration,llm_native,focus,True,choice,both,democrat,0
native_calibration_v1,mbd,calibration,llm_native,focus,True,choice,both,republican,0
native_calibration_v1,mbd,calibration,llm_native,focus,True,choice,both,both,10
native_calibration_v1,mbd,calibration,llm_native,focus,True,choice,both,neither,3
native_calibration_v1,mbd,calibration,llm_native,focus,True,choice,both,__missing__,0
native_calibration_v1,mbd,calibration,llm_native,focus,True,choice,neither,democrat,0
native_calibration_v1,mbd,calibration,llm_native,focus,True,choice,neither,republican,0
native_calibration_v1,mbd,calibration,llm_native,focus,True,choice,neither,both,0
native_calibration_v1,mbd,calibration,llm_native,focus,True,choice,neither,neither,143
native_calibration_v1,mbd,calibration,llm_native,focus,True,choice,neither,__missing__,0
native_calibration_v1,ucc,calibration,jev_native,healthy,True,choice,0,0,9
native_calibration_v1,ucc,calibration,jev_native,healthy,True,choice,0,1,0
native_calibration_v1,ucc,calibration,jev_native,healthy,True,choice,0,__missing__,0
native_calibration_v1,ucc,calibration,jev_native,healthy,True,choice,1,0,72
native_calibration_v1,ucc,calibration,jev_native,healthy,True,choice,1,1,124
native_calibration_v1,ucc,calibration,jev_native,healthy,True,choice,1,__missing__,0
native_calibration_v1,ucc,calibration,jev_native,sarcastic,True,choice,0,0,116
native_calibration_v1,ucc,calibration,jev_native,sarcastic,True,choice,0,1,79
native_calibration_v1,ucc,calibration,jev_native,sarcastic,True,choice,0,__missing__,0
native_calibration_v1,ucc,calibration,jev_native,sarcastic,True,choice,1,0,3
native_calibration_v1,ucc,calibration,jev_native,sarcastic,True,choice,1,1,7
native_calibration_v1,ucc,calibration,jev_native,sarcastic,True,choice,1,__missing__,0
native_calibration_v1,ucc,calibration,jev_native,generalisation,False,choice,0,0,163
native_calibration_v1,ucc,calibration,jev_native,generalisation,False,choice,0,1,40
native_calibration_v1,ucc,calibration,jev_native,generalisation,False,choice,0,__missing__,0
native_calibration_v1,ucc,calibration,jev_native,generalisation,False,choice,1,0,1
native_calibration_v1,ucc,calibration,jev_native,generalisation,False,choice,1,1,1
native_calibration_v1,ucc,calibration,jev_native,generalisation,False,choice,1,__missing__,0
native_calibration_v1,ucc,calibration,jev_native,generalisation_unfair,True,choice,0,0,169
native_calibration_v1,ucc,calibration,jev_native,generalisation_unfair,True,choice,0,1,34
native_calibration_v1,ucc,calibration,jev_native,generalisation_unfair,True,choice,0,__missing__,0
native_calibration_v1,ucc,calibration,jev_native,generalisation_unfair,True,choice,1,0,1
native_calibration_v1,ucc,calibration,jev_native,generalisation_unfair,True,choice,1,1,1
native_calibration_v1,ucc,calibration,jev_native,generalisation_unfair,True,choice,1,__missing__,0
native_calibration_v1,ucc,calibration,jev_native,hostile,True,choice,0,0,143
native_calibration_v1,ucc,calibration,jev_native,hostile,True,choice,0,1,59
native_calibration_v1,ucc,calibration,jev_native,hostile,True,choice,0,__missing__,0
native_calibration_v1,ucc,calibration,jev_native,hostile,True,choice,1,0,0
native_calibration_v1,ucc,calibration,jev_native,hostile,True,choice,1,1,3
native_calibration_v1,ucc,calibration,jev_native,hostile,True,choice,1,__missing__,0
native_calibration_v1,ucc,calibration,jev_native,antagonize,True,choice,0,0,127
native_calibration_v1,ucc,calibration,jev_native,antagonize,True,choice,0,1,72
native_calibration_v1,ucc,calibration,jev_native,antagonize,True,choice,0,__missing__,0
native_calibration_v1,ucc,calibration,jev_native,antagonize,True,choice,1,0,1
native_calibration_v1,ucc,calibration,jev_native,antagonize,True,choice,1,1,5
native_calibration_v1,ucc,calibration,jev_native,antagonize,True,choice,1,__missing__,0
native_calibration_v1,ucc,calibration,jev_native,condescending,True,choice,0,0,124
native_calibration_v1,ucc,calibration,jev_native,condescending,True,choice,0,1,75
native_calibration_v1,ucc,calibration,jev_native,condescending,True,choice,0,__missing__,0
native_calibration_v1,ucc,calibration,jev_native,condescending,True,choice,1,0,0
native_calibration_v1,ucc,calibration,jev_native,condescending,True,choice,1,1,6
native_calibration_v1,ucc,calibration,jev_native,condescending,True,choice,1,__missing__,0
native_calibration_v1,ucc,calibration,jev_native,dismissive,True,choice,0,0,132
native_calibration_v1,ucc,calibration,jev_native,dismissive,True,choice,0,1,64
native_calibration_v1,ucc,calibration,jev_native,dismissive,True,choice,0,__missing__,0
native_calibration_v1,ucc,calibration,jev_native,dismissive,True,choice,1,0,0
native_calibration_v1,ucc,calibration,jev_native,dismissive,True,choice,1,1,9
native_calibration_v1,ucc,calibration,jev_native,dismissive,True,choice,1,__missing__,0
native_calibration_v1,ucc,calibration,llm_native,healthy,True,choice,0,0,8
native_calibration_v1,ucc,calibration,llm_native,healthy,True,choice,0,1,1
native_calibration_v1,ucc,calibration,llm_native,healthy,True,choice,0,__missing__,0
native_calibration_v1,ucc,calibration,llm_native,healthy,True,choice,1,0,63
native_calibration_v1,ucc,calibration,llm_native,healthy,True,choice,1,1,133
native_calibration_v1,ucc,calibration,llm_native,healthy,True,choice,1,__missing__,0
native_calibration_v1,ucc,calibration,llm_native,sarcastic,True,choice,0,0,162
native_calibration_v1,ucc,calibration,llm_native,sarcastic,True,choice,0,1,33
native_calibration_v1,ucc,calibration,llm_native,sarcastic,True,choice,0,__missing__,0
native_calibration_v1,ucc,calibration,llm_native,sarcastic,True,choice,1,0,5
native_calibration_v1,ucc,calibration,llm_native,sarcastic,True,choice,1,1,5
native_calibration_v1,ucc,calibration,llm_native,sarcastic,True,choice,1,__missing__,0
native_calibration_v1,ucc,calibration,llm_native,generalisation,False,choice,0,0,164
native_calibration_v1,ucc,calibration,llm_native,generalisation,False,choice,0,1,39
native_calibration_v1,ucc,calibration,llm_native,generalisation,False,choice,0,__missing__,0
native_calibration_v1,ucc,calibration,llm_native,generalisation,False,choice,1,0,1
native_calibration_v1,ucc,calibration,llm_native,generalisation,False,choice,1,1,1
native_calibration_v1,ucc,calibration,llm_native,generalisation,False,choice,1,__missing__,0
native_calibration_v1,ucc,calibration,llm_native,generalisation_unfair,True,choice,0,0,166
native_calibration_v1,ucc,calibration,llm_native,generalisation_unfair,True,choice,0,1,37
native_calibration_v1,ucc,calibration,llm_native,generalisation_unfair,True,choice,0,__missing__,0
native_calibration_v1,ucc,calibration,llm_native,generalisation_unfair,True,choice,1,0,1
native_calibration_v1,ucc,calibration,llm_native,generalisation_unfair,True,choice,1,1,1
native_calibration_v1,ucc,calibration,llm_native,generalisation_unfair,True,choice,1,__missing__,0
native_calibration_v1,ucc,calibration,llm_native,hostile,True,choice,0,0,147
native_calibration_v1,ucc,calibration,llm_native,hostile,True,choice,0,1,55
native_calibration_v1,ucc,calibration,llm_native,hostile,True,choice,0,__missing__,0
native_calibration_v1,ucc,calibration,llm_native,hostile,True,choice,1,0,0
native_calibration_v1,ucc,calibration,llm_native,hostile,True,choice,1,1,3
native_calibration_v1,ucc,calibration,llm_native,hostile,True,choice,1,__missing__,0
native_calibration_v1,ucc,calibration,llm_native,antagonize,True,choice,0,0,150
native_calibration_v1,ucc,calibration,llm_native,antagonize,True,choice,0,1,49
native_calibration_v1,ucc,calibration,llm_native,antagonize,True,choice,0,__missing__,0
native_calibration_v1,ucc,calibration,llm_native,antagonize,True,choice,1,0,1
native_calibration_v1,ucc,calibration,llm_native,antagonize,True,choice,1,1,5
native_calibration_v1,ucc,calibration,llm_native,antagonize,True,choice,1,__missing__,0
native_calibration_v1,ucc,calibration,llm_native,condescending,True,choice,0,0,154
native_calibration_v1,ucc,calibration,llm_native,condescending,True,choice,0,1,45
native_calibration_v1,ucc,calibration,llm_native,condescending,True,choice,0,__missing__,0
native_calibration_v1,ucc,calibration,llm_native,condescending,True,choice,1,0,4
native_calibration_v1,ucc,calibration,llm_native,condescending,True,choice,1,1,2
native_calibration_v1,ucc,calibration,llm_native,condescending,True,choice,1,__missing__,0
native_calibration_v1,ucc,calibration,llm_native,dismissive,True,choice,0,0,151
native_calibration_v1,ucc,calibration,llm_native,dismissive,True,choice,0,1,45
native_calibration_v1,ucc,calibration,llm_native,dismissive,True,choice,0,__missing__,0
native_calibration_v1,ucc,calibration,llm_native,dismissive,True,choice,1,0,2
native_calibration_v1,ucc,calibration,llm_native,dismissive,True,choice,1,1,7
native_calibration_v1,ucc,calibration,llm_native,dismissive,True,choice,1,__missing__,0
native_diagnostic_v1,babe,diagnostic,jev_native,label_bias,True,choice,Non-biased,Non-biased,388
native_diagnostic_v1,babe,diagnostic,jev_native,label_bias,True,choice,Non-biased,Biased,123
native_diagnostic_v1,babe,diagnostic,jev_native,label_bias,True,choice,Non-biased,__missing__,0
native_diagnostic_v1,babe,diagnostic,jev_native,label_bias,True,choice,Biased,Non-biased,69
native_diagnostic_v1,babe,diagnostic,jev_native,label_bias,True,choice,Biased,Biased,420
native_diagnostic_v1,babe,diagnostic,jev_native,label_bias,True,choice,Biased,__missing__,0
native_diagnostic_v1,babe,diagnostic,jev_threshold_calibrated,label_bias,True,choice,Non-biased,Non-biased,403
native_diagnostic_v1,babe,diagnostic,jev_threshold_calibrated,label_bias,True,choice,Non-biased,Biased,108
native_diagnostic_v1,babe,diagnostic,jev_threshold_calibrated,label_bias,True,choice,Non-biased,__missing__,0
native_diagnostic_v1,babe,diagnostic,jev_threshold_calibrated,label_bias,True,choice,Biased,Non-biased,91
native_diagnostic_v1,babe,diagnostic,jev_threshold_calibrated,label_bias,True,choice,Biased,Biased,398
native_diagnostic_v1,babe,diagnostic,jev_threshold_calibrated,label_bias,True,choice,Biased,__missing__,0
native_diagnostic_v1,babe,diagnostic,llm_native,label_bias,True,choice,Non-biased,Non-biased,360
native_diagnostic_v1,babe,diagnostic,llm_native,label_bias,True,choice,Non-biased,Biased,151
native_diagnostic_v1,babe,diagnostic,llm_native,label_bias,True,choice,Non-biased,__missing__,0
native_diagnostic_v1,babe,diagnostic,llm_native,label_bias,True,choice,Biased,Non-biased,57
native_diagnostic_v1,babe,diagnostic,llm_native,label_bias,True,choice,Biased,Biased,432
native_diagnostic_v1,babe,diagnostic,llm_native,label_bias,True,choice,Biased,__missing__,0
native_diagnostic_v1,conflict,diagnostic,jev_native,rating_directness_content,True,choice,Yes - Direct Content,Yes - Direct Content,694
native_diagnostic_v1,conflict,diagnostic,jev_native,rating_directness_content,True,choice,Yes - Direct Content,Neutral - Content contains no opinion,36
native_diagnostic_v1,conflict,diagnostic,jev_native,rating_directness_content,True,choice,Yes - Direct Content,No - Indirect Content,61
native_diagnostic_v1,conflict,diagnostic,jev_native,rating_directness_content,True,choice,Yes - Direct Content,__missing__,0
native_diagnostic_v1,conflict,diagnostic,jev_native,rating_directness_content,True,choice,Neutral - Content contains no opinion,Yes - Direct Content,2
native_diagnostic_v1,conflict,diagnostic,jev_native,rating_directness_content,True,choice,Neutral - Content contains no opinion,Neutral - Content contains no opinion,3
native_diagnostic_v1,conflict,diagnostic,jev_native,rating_directness_content,True,choice,Neutral - Content contains no opinion,No - Indirect Content,1
native_diagnostic_v1,conflict,diagnostic,jev_native,rating_directness_content,True,choice,Neutral - Content contains no opinion,__missing__,0
native_diagnostic_v1,conflict,diagnostic,jev_native,rating_directness_content,True,choice,No - Indirect Content,Yes - Direct Content,0
native_diagnostic_v1,conflict,diagnostic,jev_native,rating_directness_content,True,choice,No - Indirect Content,Neutral - Content contains no opinion,0
native_diagnostic_v1,conflict,diagnostic,jev_native,rating_directness_content,True,choice,No - Indirect Content,No - Indirect Content,0
native_diagnostic_v1,conflict,diagnostic,jev_native,rating_directness_content,True,choice,No - Indirect Content,__missing__,0
native_diagnostic_v1,conflict,diagnostic,jev_native,rating_directness_expression,True,choice,Yes - Direct Expression,Yes - Direct Expression,601
native_diagnostic_v1,conflict,diagnostic,jev_native,rating_directness_expression,True,choice,Yes - Direct Expression,No - Indirect Expression,147
native_diagnostic_v1,conflict,diagnostic,jev_native,rating_directness_expression,True,choice,Yes - Direct Expression,__missing__,0
native_diagnostic_v1,conflict,diagnostic,jev_native,rating_directness_expression,True,choice,No - Indirect Expression,Yes - Direct Expression,26
native_diagnostic_v1,conflict,diagnostic,jev_native,rating_directness_expression,True,choice,No - Indirect Expression,No - Indirect Expression,28
native_diagnostic_v1,conflict,diagnostic,jev_native,rating_directness_expression,True,choice,No - Indirect Expression,__missing__,0
native_diagnostic_v1,conflict,diagnostic,jev_native,rating_OI_content,True,choice,Yes - Content opposes someone else,Yes - Content opposes someone else,492
native_diagnostic_v1,conflict,diagnostic,jev_native,rating_OI_content,True,choice,Yes - Content opposes someone else,No - Content does not oppose anyone,248
native_diagnostic_v1,conflict,diagnostic,jev_native,rating_OI_content,True,choice,Yes - Content opposes someone else,__missing__,0
native_diagnostic_v1,conflict,diagnostic,jev_native,rating_OI_content,True,choice,No - Content does not oppose anyone,Yes - Content opposes someone else,9
native_diagnostic_v1,conflict,diagnostic,jev_native,rating_OI_content,True,choice,No - Content does not oppose anyone,No - Content does not oppose anyone,53
native_diagnostic_v1,conflict,diagnostic,jev_native,rating_OI_content,True,choice,No - Content does not oppose anyone,__missing__,0
native_diagnostic_v1,conflict,diagnostic,jev_native,rating_OI_expression,True,choice,Yes - Expression is emotional/forceful,Yes - Expression is emotional/forceful,52
native_diagnostic_v1,conflict,diagnostic,jev_native,rating_OI_expression,True,choice,Yes - Expression is emotional/forceful,No - Expression is not emotional/forceful,21
native_diagnostic_v1,conflict,diagnostic,jev_native,rating_OI_expression,True,choice,Yes - Expression is emotional/forceful,__missing__,0
native_diagnostic_v1,conflict,diagnostic,jev_native,rating_OI_expression,True,choice,No - Expression is not emotional/forceful,Yes - Expression is emotional/forceful,118
native_diagnostic_v1,conflict,diagnostic,jev_native,rating_OI_expression,True,choice,No - Expression is not emotional/forceful,No - Expression is not emotional/forceful,611
native_diagnostic_v1,conflict,diagnostic,jev_native,rating_OI_expression,True,choice,No - Expression is not emotional/forceful,__missing__,0
native_diagnostic_v1,conflict,diagnostic,jev_threshold_calibrated,rating_directness_content,True,choice,Yes - Direct Content,Yes - Direct Content,694
native_diagnostic_v1,conflict,diagnostic,jev_threshold_calibrated,rating_directness_content,True,choice,Yes - Direct Content,Neutral - Content contains no opinion,36
native_diagnostic_v1,conflict,diagnostic,jev_threshold_calibrated,rating_directness_content,True,choice,Yes - Direct Content,No - Indirect Content,61
native_diagnostic_v1,conflict,diagnostic,jev_threshold_calibrated,rating_directness_content,True,choice,Yes - Direct Content,__missing__,0
native_diagnostic_v1,conflict,diagnostic,jev_threshold_calibrated,rating_directness_content,True,choice,Neutral - Content contains no opinion,Yes - Direct Content,2
native_diagnostic_v1,conflict,diagnostic,jev_threshold_calibrated,rating_directness_content,True,choice,Neutral - Content contains no opinion,Neutral - Content contains no opinion,3
native_diagnostic_v1,conflict,diagnostic,jev_threshold_calibrated,rating_directness_content,True,choice,Neutral - Content contains no opinion,No - Indirect Content,1
native_diagnostic_v1,conflict,diagnostic,jev_threshold_calibrated,rating_directness_content,True,choice,Neutral - Content contains no opinion,__missing__,0
native_diagnostic_v1,conflict,diagnostic,jev_threshold_calibrated,rating_directness_content,True,choice,No - Indirect Content,Yes - Direct Content,0
native_diagnostic_v1,conflict,diagnostic,jev_threshold_calibrated,rating_directness_content,True,choice,No - Indirect Content,Neutral - Content contains no opinion,0
native_diagnostic_v1,conflict,diagnostic,jev_threshold_calibrated,rating_directness_content,True,choice,No - Indirect Content,No - Indirect Content,0
native_diagnostic_v1,conflict,diagnostic,jev_threshold_calibrated,rating_directness_content,True,choice,No - Indirect Content,__missing__,0
native_diagnostic_v1,conflict,diagnostic,jev_threshold_calibrated,rating_directness_expression,True,choice,Yes - Direct Expression,Yes - Direct Expression,633
native_diagnostic_v1,conflict,diagnostic,jev_threshold_calibrated,rating_directness_expression,True,choice,Yes - Direct Expression,No - Indirect Expression,115
native_diagnostic_v1,conflict,diagnostic,jev_threshold_calibrated,rating_directness_expression,True,choice,Yes - Direct Expression,__missing__,0
native_diagnostic_v1,conflict,diagnostic,jev_threshold_calibrated,rating_directness_expression,True,choice,No - Indirect Expression,Yes - Direct Expression,35
native_diagnostic_v1,conflict,diagnostic,jev_threshold_calibrated,rating_directness_expression,True,choice,No - Indirect Expression,No - Indirect Expression,19
native_diagnostic_v1,conflict,diagnostic,jev_threshold_calibrated,rating_directness_expression,True,choice,No - Indirect Expression,__missing__,0
native_diagnostic_v1,conflict,diagnostic,jev_threshold_calibrated,rating_OI_content,True,choice,Yes - Content opposes someone else,Yes - Content opposes someone else,662
native_diagnostic_v1,conflict,diagnostic,jev_threshold_calibrated,rating_OI_content,True,choice,Yes - Content opposes someone else,No - Content does not oppose anyone,78
native_diagnostic_v1,conflict,diagnostic,jev_threshold_calibrated,rating_OI_content,True,choice,Yes - Content opposes someone else,__missing__,0
native_diagnostic_v1,conflict,diagnostic,jev_threshold_calibrated,rating_OI_content,True,choice,No - Content does not oppose anyone,Yes - Content opposes someone else,28
native_diagnostic_v1,conflict,diagnostic,jev_threshold_calibrated,rating_OI_content,True,choice,No - Content does not oppose anyone,No - Content does not oppose anyone,34
native_diagnostic_v1,conflict,diagnostic,jev_threshold_calibrated,rating_OI_content,True,choice,No - Content does not oppose anyone,__missing__,0
native_diagnostic_v1,conflict,diagnostic,jev_threshold_calibrated,rating_OI_expression,True,choice,Yes - Expression is emotional/forceful,Yes - Expression is emotional/forceful,46
native_diagnostic_v1,conflict,diagnostic,jev_threshold_calibrated,rating_OI_expression,True,choice,Yes - Expression is emotional/forceful,No - Expression is not emotional/forceful,27
native_diagnostic_v1,conflict,diagnostic,jev_threshold_calibrated,rating_OI_expression,True,choice,Yes - Expression is emotional/forceful,__missing__,0
native_diagnostic_v1,conflict,diagnostic,jev_threshold_calibrated,rating_OI_expression,True,choice,No - Expression is not emotional/forceful,Yes - Expression is emotional/forceful,90
native_diagnostic_v1,conflict,diagnostic,jev_threshold_calibrated,rating_OI_expression,True,choice,No - Expression is not emotional/forceful,No - Expression is not emotional/forceful,639
native_diagnostic_v1,conflict,diagnostic,jev_threshold_calibrated,rating_OI_expression,True,choice,No - Expression is not emotional/forceful,__missing__,0
native_diagnostic_v1,conflict,diagnostic,llm_native,rating_directness_content,True,choice,Yes - Direct Content,Yes - Direct Content,767
native_diagnostic_v1,conflict,diagnostic,llm_native,rating_directness_content,True,choice,Yes - Direct Content,Neutral - Content contains no opinion,24
native_diagnostic_v1,conflict,diagnostic,llm_native,rating_directness_content,True,choice,Yes - Direct Content,No - Indirect Content,0
native_diagnostic_v1,conflict,diagnostic,llm_native,rating_directness_content,True,choice,Yes - Direct Content,__missing__,0
native_diagnostic_v1,conflict,diagnostic,llm_native,rating_directness_content,True,choice,Neutral - Content contains no opinion,Yes - Direct Content,2
native_diagnostic_v1,conflict,diagnostic,llm_native,rating_directness_content,True,choice,Neutral - Content contains no opinion,Neutral - Content contains no opinion,4
native_diagnostic_v1,conflict,diagnostic,llm_native,rating_directness_content,True,choice,Neutral - Content contains no opinion,No - Indirect Content,0
native_diagnostic_v1,conflict,diagnostic,llm_native,rating_directness_content,True,choice,Neutral - Content contains no opinion,__missing__,0
native_diagnostic_v1,conflict,diagnostic,llm_native,rating_directness_content,True,choice,No - Indirect Content,Yes - Direct Content,0
native_diagnostic_v1,conflict,diagnostic,llm_native,rating_directness_content,True,choice,No - Indirect Content,Neutral - Content contains no opinion,0
native_diagnostic_v1,conflict,diagnostic,llm_native,rating_directness_content,True,choice,No - Indirect Content,No - Indirect Content,0
native_diagnostic_v1,conflict,diagnostic,llm_native,rating_directness_content,True,choice,No - Indirect Content,__missing__,0
native_diagnostic_v1,conflict,diagnostic,llm_native,rating_directness_expression,True,choice,Yes - Direct Expression,Yes - Direct Expression,614
native_diagnostic_v1,conflict,diagnostic,llm_native,rating_directness_expression,True,choice,Yes - Direct Expression,No - Indirect Expression,134
native_diagnostic_v1,conflict,diagnostic,llm_native,rating_directness_expression,True,choice,Yes - Direct Expression,__missing__,0
native_diagnostic_v1,conflict,diagnostic,llm_native,rating_directness_expression,True,choice,No - Indirect Expression,Yes - Direct Expression,35
native_diagnostic_v1,conflict,diagnostic,llm_native,rating_directness_expression,True,choice,No - Indirect Expression,No - Indirect Expression,19
native_diagnostic_v1,conflict,diagnostic,llm_native,rating_directness_expression,True,choice,No - Indirect Expression,__missing__,0
native_diagnostic_v1,conflict,diagnostic,llm_native,rating_OI_content,True,choice,Yes - Content opposes someone else,Yes - Content opposes someone else,456
native_diagnostic_v1,conflict,diagnostic,llm_native,rating_OI_content,True,choice,Yes - Content opposes someone else,No - Content does not oppose anyone,284
native_diagnostic_v1,conflict,diagnostic,llm_native,rating_OI_content,True,choice,Yes - Content opposes someone else,__missing__,0
native_diagnostic_v1,conflict,diagnostic,llm_native,rating_OI_content,True,choice,No - Content does not oppose anyone,Yes - Content opposes someone else,9
native_diagnostic_v1,conflict,diagnostic,llm_native,rating_OI_content,True,choice,No - Content does not oppose anyone,No - Content does not oppose anyone,53
native_diagnostic_v1,conflict,diagnostic,llm_native,rating_OI_content,True,choice,No - Content does not oppose anyone,__missing__,0
native_diagnostic_v1,conflict,diagnostic,llm_native,rating_OI_expression,True,choice,Yes - Expression is emotional/forceful,Yes - Expression is emotional/forceful,43
native_diagnostic_v1,conflict,diagnostic,llm_native,rating_OI_expression,True,choice,Yes - Expression is emotional/forceful,No - Expression is not emotional/forceful,30
native_diagnostic_v1,conflict,diagnostic,llm_native,rating_OI_expression,True,choice,Yes - Expression is emotional/forceful,__missing__,0
native_diagnostic_v1,conflict,diagnostic,llm_native,rating_OI_expression,True,choice,No - Expression is not emotional/forceful,Yes - Expression is emotional/forceful,91
native_diagnostic_v1,conflict,diagnostic,llm_native,rating_OI_expression,True,choice,No - Expression is not emotional/forceful,No - Expression is not emotional/forceful,638
native_diagnostic_v1,conflict,diagnostic,llm_native,rating_OI_expression,True,choice,No - Expression is not emotional/forceful,__missing__,0
native_diagnostic_v1,mbd,diagnostic,jev_native,tone,True,choice,positive,positive,39
native_diagnostic_v1,mbd,diagnostic,jev_native,tone,True,choice,positive,negative,1
native_diagnostic_v1,mbd,diagnostic,jev_native,tone,True,choice,positive,neutral,11
native_diagnostic_v1,mbd,diagnostic,jev_native,tone,True,choice,positive,__missing__,0
native_diagnostic_v1,mbd,diagnostic,jev_native,tone,True,choice,negative,positive,3
native_diagnostic_v1,mbd,diagnostic,jev_native,tone,True,choice,negative,negative,102
native_diagnostic_v1,mbd,diagnostic,jev_native,tone,True,choice,negative,neutral,9
native_diagnostic_v1,mbd,diagnostic,jev_native,tone,True,choice,negative,__missing__,0
native_diagnostic_v1,mbd,diagnostic,jev_native,tone,True,choice,neutral,positive,33
native_diagnostic_v1,mbd,diagnostic,jev_native,tone,True,choice,neutral,negative,102
native_diagnostic_v1,mbd,diagnostic,jev_native,tone,True,choice,neutral,neutral,244
native_diagnostic_v1,mbd,diagnostic,jev_native,tone,True,choice,neutral,__missing__,0
native_diagnostic_v1,mbd,diagnostic,jev_native,focus,True,choice,democrat,democrat,75
native_diagnostic_v1,mbd,diagnostic,jev_native,focus,True,choice,democrat,republican,0
native_diagnostic_v1,mbd,diagnostic,jev_native,focus,True,choice,democrat,both,3
native_diagnostic_v1,mbd,diagnostic,jev_native,focus,True,choice,democrat,neither,11
native_diagnostic_v1,mbd,diagnostic,jev_native,focus,True,choice,democrat,__missing__,0
native_diagnostic_v1,mbd,diagnostic,jev_native,focus,True,choice,republican,democrat,0
native_diagnostic_v1,mbd,diagnostic,jev_native,focus,True,choice,republican,republican,85
native_diagnostic_v1,mbd,diagnostic,jev_native,focus,True,choice,republican,both,1
native_diagnostic_v1,mbd,diagnostic,jev_native,focus,True,choice,republican,neither,52
native_diagnostic_v1,mbd,diagnostic,jev_native,focus,True,choice,republican,__missing__,0
native_diagnostic_v1,mbd,diagnostic,jev_native,focus,True,choice,both,democrat,3
native_diagnostic_v1,mbd,diagnostic,jev_native,focus,True,choice,both,republican,0
native_diagnostic_v1,mbd,diagnostic,jev_native,focus,True,choice,both,both,22
native_diagnostic_v1,mbd,diagnostic,jev_native,focus,True,choice,both,neither,2
native_diagnostic_v1,mbd,diagnostic,jev_native,focus,True,choice,both,__missing__,0
native_diagnostic_v1,mbd,diagnostic,jev_native,focus,True,choice,neither,democrat,5
native_diagnostic_v1,mbd,diagnostic,jev_native,focus,True,choice,neither,republican,0
native_diagnostic_v1,mbd,diagnostic,jev_native,focus,True,choice,neither,both,0
native_diagnostic_v1,mbd,diagnostic,jev_native,focus,True,choice,neither,neither,287
native_diagnostic_v1,mbd,diagnostic,jev_native,focus,True,choice,neither,__missing__,0
native_diagnostic_v1,mbd,diagnostic,jev_native,type,True,choice,fact,fact,187
native_diagnostic_v1,mbd,diagnostic,jev_native,type,True,choice,fact,opinion,12
native_diagnostic_v1,mbd,diagnostic,jev_native,type,True,choice,fact,borderline,32
native_diagnostic_v1,mbd,diagnostic,jev_native,type,True,choice,fact,quote,7
native_diagnostic_v1,mbd,diagnostic,jev_native,type,True,choice,fact,other,1
native_diagnostic_v1,mbd,diagnostic,jev_native,type,True,choice,fact,__missing__,0
native_diagnostic_v1,mbd,diagnostic,jev_native,type,True,choice,opinion,fact,2
native_diagnostic_v1,mbd,diagnostic,jev_native,type,True,choice,opinion,opinion,61
native_diagnostic_v1,mbd,diagnostic,jev_native,type,True,choice,opinion,borderline,8
native_diagnostic_v1,mbd,diagnostic,jev_native,type,True,choice,opinion,quote,2
native_diagnostic_v1,mbd,diagnostic,jev_native,type,True,choice,opinion,other,0
native_diagnostic_v1,mbd,diagnostic,jev_native,type,True,choice,opinion,__missing__,0
native_diagnostic_v1,mbd,diagnostic,jev_native,type,True,choice,borderline,fact,9
native_diagnostic_v1,mbd,diagnostic,jev_native,type,True,choice,borderline,opinion,7
native_diagnostic_v1,mbd,diagnostic,jev_native,type,True,choice,borderline,borderline,8
native_diagnostic_v1,mbd,diagnostic,jev_native,type,True,choice,borderline,quote,0
native_diagnostic_v1,mbd,diagnostic,jev_native,type,True,choice,borderline,other,0
native_diagnostic_v1,mbd,diagnostic,jev_native,type,True,choice,borderline,__missing__,0
native_diagnostic_v1,mbd,diagnostic,jev_native,type,True,choice,quote,fact,3
native_diagnostic_v1,mbd,diagnostic,jev_native,type,True,choice,quote,opinion,2
native_diagnostic_v1,mbd,diagnostic,jev_native,type,True,choice,quote,borderline,0
native_diagnostic_v1,mbd,diagnostic,jev_native,type,True,choice,quote,quote,116
native_diagnostic_v1,mbd,diagnostic,jev_native,type,True,choice,quote,other,0
native_diagnostic_v1,mbd,diagnostic,jev_native,type,True,choice,quote,__missing__,0
native_diagnostic_v1,mbd,diagnostic,jev_native,type,True,choice,other,fact,11
native_diagnostic_v1,mbd,diagnostic,jev_native,type,True,choice,other,opinion,10
native_diagnostic_v1,mbd,diagnostic,jev_native,type,True,choice,other,borderline,1
native_diagnostic_v1,mbd,diagnostic,jev_native,type,True,choice,other,quote,2
native_diagnostic_v1,mbd,diagnostic,jev_native,type,True,choice,other,other,27
native_diagnostic_v1,mbd,diagnostic,jev_native,type,True,choice,other,__missing__,0
native_diagnostic_v1,mbd,diagnostic,jev_threshold_calibrated,tone,True,choice,positive,positive,23
native_diagnostic_v1,mbd,diagnostic,jev_threshold_calibrated,tone,True,choice,positive,negative,0
native_diagnostic_v1,mbd,diagnostic,jev_threshold_calibrated,tone,True,choice,positive,neutral,28
native_diagnostic_v1,mbd,diagnostic,jev_threshold_calibrated,tone,True,choice,positive,__missing__,0
native_diagnostic_v1,mbd,diagnostic,jev_threshold_calibrated,tone,True,choice,negative,positive,0
native_diagnostic_v1,mbd,diagnostic,jev_threshold_calibrated,tone,True,choice,negative,negative,57
native_diagnostic_v1,mbd,diagnostic,jev_threshold_calibrated,tone,True,choice,negative,neutral,57
native_diagnostic_v1,mbd,diagnostic,jev_threshold_calibrated,tone,True,choice,negative,__missing__,0
native_diagnostic_v1,mbd,diagnostic,jev_threshold_calibrated,tone,True,choice,neutral,positive,9
native_diagnostic_v1,mbd,diagnostic,jev_threshold_calibrated,tone,True,choice,neutral,negative,16
native_diagnostic_v1,mbd,diagnostic,jev_threshold_calibrated,tone,True,choice,neutral,neutral,354
native_diagnostic_v1,mbd,diagnostic,jev_threshold_calibrated,tone,True,choice,neutral,__missing__,0
native_diagnostic_v1,mbd,diagnostic,jev_threshold_calibrated,focus,True,choice,democrat,democrat,78
native_diagnostic_v1,mbd,diagnostic,jev_threshold_calibrated,focus,True,choice,democrat,republican,0
native_diagnostic_v1,mbd,diagnostic,jev_threshold_calibrated,focus,True,choice,democrat,both,3
native_diagnostic_v1,mbd,diagnostic,jev_threshold_calibrated,focus,True,choice,democrat,neither,8
native_diagnostic_v1,mbd,diagnostic,jev_threshold_calibrated,focus,True,choice,democrat,__missing__,0
native_diagnostic_v1,mbd,diagnostic,jev_threshold_calibrated,focus,True,choice,republican,democrat,0
native_diagnostic_v1,mbd,diagnostic,jev_threshold_calibrated,focus,True,choice,republican,republican,86
native_diagnostic_v1,mbd,diagnostic,jev_threshold_calibrated,focus,True,choice,republican,both,1
native_diagnostic_v1,mbd,diagnostic,jev_threshold_calibrated,focus,True,choice,republican,neither,51
native_diagnostic_v1,mbd,diagnostic,jev_threshold_calibrated,focus,True,choice,republican,__missing__,0
native_diagnostic_v1,mbd,diagnostic,jev_threshold_calibrated,focus,True,choice,both,democrat,3
native_diagnostic_v1,mbd,diagnostic,jev_threshold_calibrated,focus,True,choice,both,republican,0
native_diagnostic_v1,mbd,diagnostic,jev_threshold_calibrated,focus,True,choice,both,both,22
native_diagnostic_v1,mbd,diagnostic,jev_threshold_calibrated,focus,True,choice,both,neither,2
native_diagnostic_v1,mbd,diagnostic,jev_threshold_calibrated,focus,True,choice,both,__missing__,0
native_diagnostic_v1,mbd,diagnostic,jev_threshold_calibrated,focus,True,choice,neither,democrat,7
native_diagnostic_v1,mbd,diagnostic,jev_threshold_calibrated,focus,True,choice,neither,republican,0
native_diagnostic_v1,mbd,diagnostic,jev_threshold_calibrated,focus,True,choice,neither,both,0
native_diagnostic_v1,mbd,diagnostic,jev_threshold_calibrated,focus,True,choice,neither,neither,285
native_diagnostic_v1,mbd,diagnostic,jev_threshold_calibrated,focus,True,choice,neither,__missing__,0
native_diagnostic_v1,mbd,diagnostic,jev_threshold_calibrated,type,True,choice,fact,fact,187
native_diagnostic_v1,mbd,diagnostic,jev_threshold_calibrated,type,True,choice,fact,opinion,12
native_diagnostic_v1,mbd,diagnostic,jev_threshold_calibrated,type,True,choice,fact,borderline,32
native_diagnostic_v1,mbd,diagnostic,jev_threshold_calibrated,type,True,choice,fact,quote,7
native_diagnostic_v1,mbd,diagnostic,jev_threshold_calibrated,type,True,choice,fact,other,1
native_diagnostic_v1,mbd,diagnostic,jev_threshold_calibrated,type,True,choice,fact,__missing__,0
native_diagnostic_v1,mbd,diagnostic,jev_threshold_calibrated,type,True,choice,opinion,fact,2
native_diagnostic_v1,mbd,diagnostic,jev_threshold_calibrated,type,True,choice,opinion,opinion,61
native_diagnostic_v1,mbd,diagnostic,jev_threshold_calibrated,type,True,choice,opinion,borderline,8
native_diagnostic_v1,mbd,diagnostic,jev_threshold_calibrated,type,True,choice,opinion,quote,2
native_diagnostic_v1,mbd,diagnostic,jev_threshold_calibrated,type,True,choice,opinion,other,0
native_diagnostic_v1,mbd,diagnostic,jev_threshold_calibrated,type,True,choice,opinion,__missing__,0
native_diagnostic_v1,mbd,diagnostic,jev_threshold_calibrated,type,True,choice,borderline,fact,9
native_diagnostic_v1,mbd,diagnostic,jev_threshold_calibrated,type,True,choice,borderline,opinion,7
native_diagnostic_v1,mbd,diagnostic,jev_threshold_calibrated,type,True,choice,borderline,borderline,8
native_diagnostic_v1,mbd,diagnostic,jev_threshold_calibrated,type,True,choice,borderline,quote,0
native_diagnostic_v1,mbd,diagnostic,jev_threshold_calibrated,type,True,choice,borderline,other,0
native_diagnostic_v1,mbd,diagnostic,jev_threshold_calibrated,type,True,choice,borderline,__missing__,0
native_diagnostic_v1,mbd,diagnostic,jev_threshold_calibrated,type,True,choice,quote,fact,3
native_diagnostic_v1,mbd,diagnostic,jev_threshold_calibrated,type,True,choice,quote,opinion,2
native_diagnostic_v1,mbd,diagnostic,jev_threshold_calibrated,type,True,choice,quote,borderline,0
native_diagnostic_v1,mbd,diagnostic,jev_threshold_calibrated,type,True,choice,quote,quote,116
native_diagnostic_v1,mbd,diagnostic,jev_threshold_calibrated,type,True,choice,quote,other,0
native_diagnostic_v1,mbd,diagnostic,jev_threshold_calibrated,type,True,choice,quote,__missing__,0
native_diagnostic_v1,mbd,diagnostic,jev_threshold_calibrated,type,True,choice,other,fact,11
native_diagnostic_v1,mbd,diagnostic,jev_threshold_calibrated,type,True,choice,other,opinion,10
native_diagnostic_v1,mbd,diagnostic,jev_threshold_calibrated,type,True,choice,other,borderline,1
native_diagnostic_v1,mbd,diagnostic,jev_threshold_calibrated,type,True,choice,other,quote,2
native_diagnostic_v1,mbd,diagnostic,jev_threshold_calibrated,type,True,choice,other,other,27
native_diagnostic_v1,mbd,diagnostic,jev_threshold_calibrated,type,True,choice,other,__missing__,0
native_diagnostic_v1,mbd,diagnostic,llm_native,tone,True,choice,positive,positive,38
native_diagnostic_v1,mbd,diagnostic,llm_native,tone,True,choice,positive,negative,0
native_diagnostic_v1,mbd,diagnostic,llm_native,tone,True,choice,positive,neutral,13
native_diagnostic_v1,mbd,diagnostic,llm_native,tone,True,choice,positive,__missing__,0
native_diagnostic_v1,mbd,diagnostic,llm_native,tone,True,choice,negative,positive,0
native_diagnostic_v1,mbd,diagnostic,llm_native,tone,True,choice,negative,negative,99
native_diagnostic_v1,mbd,diagnostic,llm_native,tone,True,choice,negative,neutral,15
native_diagnostic_v1,mbd,diagnostic,llm_native,tone,True,choice,negative,__missing__,0
native_diagnostic_v1,mbd,diagnostic,llm_native,tone,True,choice,neutral,positive,21
native_diagnostic_v1,mbd,diagnostic,llm_native,tone,True,choice,neutral,negative,68
native_diagnostic_v1,mbd,diagnostic,llm_native,tone,True,choice,neutral,neutral,290
native_diagnostic_v1,mbd,diagnostic,llm_native,tone,True,choice,neutral,__missing__,0
native_diagnostic_v1,mbd,diagnostic,llm_native,focus,True,choice,democrat,democrat,66
native_diagnostic_v1,mbd,diagnostic,llm_native,focus,True,choice,democrat,republican,0
native_diagnostic_v1,mbd,diagnostic,llm_native,focus,True,choice,democrat,both,3
native_diagnostic_v1,mbd,diagnostic,llm_native,focus,True,choice,democrat,neither,20
native_diagnostic_v1,mbd,diagnostic,llm_native,focus,True,choice,democrat,__missing__,0
native_diagnostic_v1,mbd,diagnostic,llm_native,focus,True,choice,republican,democrat,0
native_diagnostic_v1,mbd,diagnostic,llm_native,focus,True,choice,republican,republican,55
native_diagnostic_v1,mbd,diagnostic,llm_native,focus,True,choice,republican,both,1
native_diagnostic_v1,mbd,diagnostic,llm_native,focus,True,choice,republican,neither,82
native_diagnostic_v1,mbd,diagnostic,llm_native,focus,True,choice,republican,__missing__,0
native_diagnostic_v1,mbd,diagnostic,llm_native,focus,True,choice,both,democrat,5
native_diagnostic_v1,mbd,diagnostic,llm_native,focus,True,choice,both,republican,0
native_diagnostic_v1,mbd,diagnostic,llm_native,focus,True,choice,both,both,18
native_diagnostic_v1,mbd,diagnostic,llm_native,focus,True,choice,both,neither,4
native_diagnostic_v1,mbd,diagnostic,llm_native,focus,True,choice,both,__missing__,0
native_diagnostic_v1,mbd,diagnostic,llm_native,focus,True,choice,neither,democrat,1
native_diagnostic_v1,mbd,diagnostic,llm_native,focus,True,choice,neither,republican,0
native_diagnostic_v1,mbd,diagnostic,llm_native,focus,True,choice,neither,both,1
native_diagnostic_v1,mbd,diagnostic,llm_native,focus,True,choice,neither,neither,290
native_diagnostic_v1,mbd,diagnostic,llm_native,focus,True,choice,neither,__missing__,0
native_diagnostic_v1,mbd,diagnostic,llm_native,type,True,choice,fact,fact,186
native_diagnostic_v1,mbd,diagnostic,llm_native,type,True,choice,fact,opinion,11
native_diagnostic_v1,mbd,diagnostic,llm_native,type,True,choice,fact,borderline,32
native_diagnostic_v1,mbd,diagnostic,llm_native,type,True,choice,fact,quote,10
native_diagnostic_v1,mbd,diagnostic,llm_native,type,True,choice,fact,other,0
native_diagnostic_v1,mbd,diagnostic,llm_native,type,True,choice,fact,__missing__,0
native_diagnostic_v1,mbd,diagnostic,llm_native,type,True,choice,opinion,fact,1
native_diagnostic_v1,mbd,diagnostic,llm_native,type,True,choice,opinion,opinion,67
native_diagnostic_v1,mbd,diagnostic,llm_native,type,True,choice,opinion,borderline,5
native_diagnostic_v1,mbd,diagnostic,llm_native,type,True,choice,opinion,quote,0
native_diagnostic_v1,mbd,diagnostic,llm_native,type,True,choice,opinion,other,0
native_diagnostic_v1,mbd,diagnostic,llm_native,type,True,choice,opinion,__missing__,0
native_diagnostic_v1,mbd,diagnostic,llm_native,type,True,choice,borderline,fact,5
native_diagnostic_v1,mbd,diagnostic,llm_native,type,True,choice,borderline,opinion,7
native_diagnostic_v1,mbd,diagnostic,llm_native,type,True,choice,borderline,borderline,12
native_diagnostic_v1,mbd,diagnostic,llm_native,type,True,choice,borderline,quote,0
native_diagnostic_v1,mbd,diagnostic,llm_native,type,True,choice,borderline,other,0
native_diagnostic_v1,mbd,diagnostic,llm_native,type,True,choice,borderline,__missing__,0
native_diagnostic_v1,mbd,diagnostic,llm_native,type,True,choice,quote,fact,6
native_diagnostic_v1,mbd,diagnostic,llm_native,type,True,choice,quote,opinion,1
native_diagnostic_v1,mbd,diagnostic,llm_native,type,True,choice,quote,borderline,1
native_diagnostic_v1,mbd,diagnostic,llm_native,type,True,choice,quote,quote,113
native_diagnostic_v1,mbd,diagnostic,llm_native,type,True,choice,quote,other,0
native_diagnostic_v1,mbd,diagnostic,llm_native,type,True,choice,quote,__missing__,0
native_diagnostic_v1,mbd,diagnostic,llm_native,type,True,choice,other,fact,4
native_diagnostic_v1,mbd,diagnostic,llm_native,type,True,choice,other,opinion,4
native_diagnostic_v1,mbd,diagnostic,llm_native,type,True,choice,other,borderline,0
native_diagnostic_v1,mbd,diagnostic,llm_native,type,True,choice,other,quote,0
native_diagnostic_v1,mbd,diagnostic,llm_native,type,True,choice,other,other,43
native_diagnostic_v1,mbd,diagnostic,llm_native,type,True,choice,other,__missing__,0
native_diagnostic_v1,ucc,diagnostic,jev_native,healthy,True,choice,0,0,55
native_diagnostic_v1,ucc,diagnostic,jev_native,healthy,True,choice,0,1,10
native_diagnostic_v1,ucc,diagnostic,jev_native,healthy,True,choice,0,__missing__,0
native_diagnostic_v1,ucc,diagnostic,jev_native,healthy,True,choice,1,0,418
native_diagnostic_v1,ucc,diagnostic,jev_native,healthy,True,choice,1,1,519
native_diagnostic_v1,ucc,diagnostic,jev_native,healthy,True,choice,1,__missing__,0
native_diagnostic_v1,ucc,diagnostic,jev_native,sarcastic,True,choice,0,0,527
native_diagnostic_v1,ucc,diagnostic,jev_native,sarcastic,True,choice,0,1,427
native_diagnostic_v1,ucc,diagnostic,jev_native,sarcastic,True,choice,0,__missing__,0
native_diagnostic_v1,ucc,diagnostic,jev_native,sarcastic,True,choice,1,0,6
native_diagnostic_v1,ucc,diagnostic,jev_native,sarcastic,True,choice,1,1,42
native_diagnostic_v1,ucc,diagnostic,jev_native,sarcastic,True,choice,1,__missing__,0
native_diagnostic_v1,ucc,diagnostic,jev_native,generalisation,False,choice,0,0,813
native_diagnostic_v1,ucc,diagnostic,jev_native,generalisation,False,choice,0,1,174
native_diagnostic_v1,ucc,diagnostic,jev_native,generalisation,False,choice,0,__missing__,0
native_diagnostic_v1,ucc,diagnostic,jev_native,generalisation,False,choice,1,0,1
native_diagnostic_v1,ucc,diagnostic,jev_native,generalisation,False,choice,1,1,14
native_diagnostic_v1,ucc,diagnostic,jev_native,generalisation,False,choice,1,__missing__,0
native_diagnostic_v1,ucc,diagnostic,jev_native,generalisation_unfair,True,choice,0,0,844
native_diagnostic_v1,ucc,diagnostic,jev_native,generalisation_unfair,True,choice,0,1,144
native_diagnostic_v1,ucc,diagnostic,jev_native,generalisation_unfair,True,choice,0,__missing__,0
native_diagnostic_v1,ucc,diagnostic,jev_native,generalisation_unfair,True,choice,1,0,1
native_diagnostic_v1,ucc,diagnostic,jev_native,generalisation_unfair,True,choice,1,1,13
native_diagnostic_v1,ucc,diagnostic,jev_native,generalisation_unfair,True,choice,1,__missing__,0
native_diagnostic_v1,ucc,diagnostic,jev_native,hostile,True,choice,0,0,653
native_diagnostic_v1,ucc,diagnostic,jev_native,hostile,True,choice,0,1,328
native_diagnostic_v1,ucc,diagnostic,jev_native,hostile,True,choice,0,__missing__,0
native_diagnostic_v1,ucc,diagnostic,jev_native,hostile,True,choice,1,0,3
native_diagnostic_v1,ucc,diagnostic,jev_native,hostile,True,choice,1,1,18
native_diagnostic_v1,ucc,diagnostic,jev_native,hostile,True,choice,1,__missing__,0
native_diagnostic_v1,ucc,diagnostic,jev_native,antagonize,True,choice,0,0,538
native_diagnostic_v1,ucc,diagnostic,jev_native,antagonize,True,choice,0,1,413
native_diagnostic_v1,ucc,diagnostic,jev_native,antagonize,True,choice,0,__missing__,0
native_diagnostic_v1,ucc,diagnostic,jev_native,antagonize,True,choice,1,0,3
native_diagnostic_v1,ucc,diagnostic,jev_native,antagonize,True,choice,1,1,48
native_diagnostic_v1,ucc,diagnostic,jev_native,antagonize,True,choice,1,__missing__,0
native_diagnostic_v1,ucc,diagnostic,jev_native,condescending,True,choice,0,0,541
native_diagnostic_v1,ucc,diagnostic,jev_native,condescending,True,choice,0,1,414
native_diagnostic_v1,ucc,diagnostic,jev_native,condescending,True,choice,0,__missing__,0
native_diagnostic_v1,ucc,diagnostic,jev_native,condescending,True,choice,1,0,4
native_diagnostic_v1,ucc,diagnostic,jev_native,condescending,True,choice,1,1,43
native_diagnostic_v1,ucc,diagnostic,jev_native,condescending,True,choice,1,__missing__,0
native_diagnostic_v1,ucc,diagnostic,jev_native,dismissive,True,choice,0,0,582
native_diagnostic_v1,ucc,diagnostic,jev_native,dismissive,True,choice,0,1,396
native_diagnostic_v1,ucc,diagnostic,jev_native,dismissive,True,choice,0,__missing__,0
native_diagnostic_v1,ucc,diagnostic,jev_native,dismissive,True,choice,1,0,7
native_diagnostic_v1,ucc,diagnostic,jev_native,dismissive,True,choice,1,1,17
native_diagnostic_v1,ucc,diagnostic,jev_native,dismissive,True,choice,1,__missing__,0
native_diagnostic_v1,ucc,diagnostic,jev_threshold_calibrated,healthy,True,choice,0,0,0
native_diagnostic_v1,ucc,diagnostic,jev_threshold_calibrated,healthy,True,choice,0,1,65
native_diagnostic_v1,ucc,diagnostic,jev_threshold_calibrated,healthy,True,choice,0,__missing__,0
native_diagnostic_v1,ucc,diagnostic,jev_threshold_calibrated,healthy,True,choice,1,0,0
native_diagnostic_v1,ucc,diagnostic,jev_threshold_calibrated,healthy,True,choice,1,1,937
native_diagnostic_v1,ucc,diagnostic,jev_threshold_calibrated,healthy,True,choice,1,__missing__,0
native_diagnostic_v1,ucc,diagnostic,jev_threshold_calibrated,sarcastic,True,choice,0,0,702
native_diagnostic_v1,ucc,diagnostic,jev_threshold_calibrated,sarcastic,True,choice,0,1,252
native_diagnostic_v1,ucc,diagnostic,jev_threshold_calibrated,sarcastic,True,choice,0,__missing__,0
native_diagnostic_v1,ucc,diagnostic,jev_threshold_calibrated,sarcastic,True,choice,1,0,12
native_diagnostic_v1,ucc,diagnostic,jev_threshold_calibrated,sarcastic,True,choice,1,1,36
native_diagnostic_v1,ucc,diagnostic,jev_threshold_calibrated,sarcastic,True,choice,1,__missing__,0
native_diagnostic_v1,ucc,diagnostic,jev_threshold_calibrated,generalisation,False,choice,0,0,983
native_diagnostic_v1,ucc,diagnostic,jev_threshold_calibrated,generalisation,False,choice,0,1,4
native_diagnostic_v1,ucc,diagnostic,jev_threshold_calibrated,generalisation,False,choice,0,__missing__,0
native_diagnostic_v1,ucc,diagnostic,jev_threshold_calibrated,generalisation,False,choice,1,0,12
native_diagnostic_v1,ucc,diagnostic,jev_threshold_calibrated,generalisation,False,choice,1,1,3
native_diagnostic_v1,ucc,diagnostic,jev_threshold_calibrated,generalisation,False,choice,1,__missing__,0
native_diagnostic_v1,ucc,diagnostic,jev_threshold_calibrated,generalisation_unfair,True,choice,0,0,984
native_diagnostic_v1,ucc,diagnostic,jev_threshold_calibrated,generalisation_unfair,True,choice,0,1,4
native_diagnostic_v1,ucc,diagnostic,jev_threshold_calibrated,generalisation_unfair,True,choice,0,__missing__,0
native_diagnostic_v1,ucc,diagnostic,jev_threshold_calibrated,generalisation_unfair,True,choice,1,0,14
native_diagnostic_v1,ucc,diagnostic,jev_threshold_calibrated,generalisation_unfair,True,choice,1,1,0
native_diagnostic_v1,ucc,diagnostic,jev_threshold_calibrated,generalisation_unfair,True,choice,1,__missing__,0
native_diagnostic_v1,ucc,diagnostic,jev_threshold_calibrated,hostile,True,choice,0,0,979
native_diagnostic_v1,ucc,diagnostic,jev_threshold_calibrated,hostile,True,choice,0,1,2
native_diagnostic_v1,ucc,diagnostic,jev_threshold_calibrated,hostile,True,choice,0,__missing__,0
native_diagnostic_v1,ucc,diagnostic,jev_threshold_calibrated,hostile,True,choice,1,0,21
native_diagnostic_v1,ucc,diagnostic,jev_threshold_calibrated,hostile,True,choice,1,1,0
native_diagnostic_v1,ucc,diagnostic,jev_threshold_calibrated,hostile,True,choice,1,__missing__,0
native_diagnostic_v1,ucc,diagnostic,jev_threshold_calibrated,antagonize,True,choice,0,0,885
native_diagnostic_v1,ucc,diagnostic,jev_threshold_calibrated,antagonize,True,choice,0,1,66
native_diagnostic_v1,ucc,diagnostic,jev_threshold_calibrated,antagonize,True,choice,0,__missing__,0
native_diagnostic_v1,ucc,diagnostic,jev_threshold_calibrated,antagonize,True,choice,1,0,31
native_diagnostic_v1,ucc,diagnostic,jev_threshold_calibrated,antagonize,True,choice,1,1,20
native_diagnostic_v1,ucc,diagnostic,jev_threshold_calibrated,antagonize,True,choice,1,__missing__,0
native_diagnostic_v1,ucc,diagnostic,jev_threshold_calibrated,condescending,True,choice,0,0,954
native_diagnostic_v1,ucc,diagnostic,jev_threshold_calibrated,condescending,True,choice,0,1,1
native_diagnostic_v1,ucc,diagnostic,jev_threshold_calibrated,condescending,True,choice,0,__missing__,0
native_diagnostic_v1,ucc,diagnostic,jev_threshold_calibrated,condescending,True,choice,1,0,47
native_diagnostic_v1,ucc,diagnostic,jev_threshold_calibrated,condescending,True,choice,1,1,0
native_diagnostic_v1,ucc,diagnostic,jev_threshold_calibrated,condescending,True,choice,1,__missing__,0
native_diagnostic_v1,ucc,diagnostic,jev_threshold_calibrated,dismissive,True,choice,0,0,950
native_diagnostic_v1,ucc,diagnostic,jev_threshold_calibrated,dismissive,True,choice,0,1,28
native_diagnostic_v1,ucc,diagnostic,jev_threshold_calibrated,dismissive,True,choice,0,__missing__,0
native_diagnostic_v1,ucc,diagnostic,jev_threshold_calibrated,dismissive,True,choice,1,0,19
native_diagnostic_v1,ucc,diagnostic,jev_threshold_calibrated,dismissive,True,choice,1,1,5
native_diagnostic_v1,ucc,diagnostic,jev_threshold_calibrated,dismissive,True,choice,1,__missing__,0
native_diagnostic_v1,ucc,diagnostic,llm_native,healthy,True,choice,0,0,51
native_diagnostic_v1,ucc,diagnostic,llm_native,healthy,True,choice,0,1,14
native_diagnostic_v1,ucc,diagnostic,llm_native,healthy,True,choice,0,__missing__,0
native_diagnostic_v1,ucc,diagnostic,llm_native,healthy,True,choice,1,0,323
native_diagnostic_v1,ucc,diagnostic,llm_native,healthy,True,choice,1,1,614
native_diagnostic_v1,ucc,diagnostic,llm_native,healthy,True,choice,1,__missing__,0
native_diagnostic_v1,ucc,diagnostic,llm_native,sarcastic,True,choice,0,0,746
native_diagnostic_v1,ucc,diagnostic,llm_native,sarcastic,True,choice,0,1,208
native_diagnostic_v1,ucc,diagnostic,llm_native,sarcastic,True,choice,0,__missing__,0
native_diagnostic_v1,ucc,diagnostic,llm_native,sarcastic,True,choice,1,0,16
native_diagnostic_v1,ucc,diagnostic,llm_native,sarcastic,True,choice,1,1,32
native_diagnostic_v1,ucc,diagnostic,llm_native,sarcastic,True,choice,1,__missing__,0
native_diagnostic_v1,ucc,diagnostic,llm_native,generalisation,False,choice,0,0,839
native_diagnostic_v1,ucc,diagnostic,llm_native,generalisation,False,choice,0,1,148
native_diagnostic_v1,ucc,diagnostic,llm_native,generalisation,False,choice,0,__missing__,0
native_diagnostic_v1,ucc,diagnostic,llm_native,generalisation,False,choice,1,0,1
native_diagnostic_v1,ucc,diagnostic,llm_native,generalisation,False,choice,1,1,14
native_diagnostic_v1,ucc,diagnostic,llm_native,generalisation,False,choice,1,__missing__,0
native_diagnostic_v1,ucc,diagnostic,llm_native,generalisation_unfair,True,choice,0,0,856
native_diagnostic_v1,ucc,diagnostic,llm_native,generalisation_unfair,True,choice,0,1,132
native_diagnostic_v1,ucc,diagnostic,llm_native,generalisation_unfair,True,choice,0,__missing__,0
native_diagnostic_v1,ucc,diagnostic,llm_native,generalisation_unfair,True,choice,1,0,1
native_diagnostic_v1,ucc,diagnostic,llm_native,generalisation_unfair,True,choice,1,1,13
native_diagnostic_v1,ucc,diagnostic,llm_native,generalisation_unfair,True,choice,1,__missing__,0
native_diagnostic_v1,ucc,diagnostic,llm_native,hostile,True,choice,0,0,713
native_diagnostic_v1,ucc,diagnostic,llm_native,hostile,True,choice,0,1,268
native_diagnostic_v1,ucc,diagnostic,llm_native,hostile,True,choice,0,__missing__,0
native_diagnostic_v1,ucc,diagnostic,llm_native,hostile,True,choice,1,0,3
native_diagnostic_v1,ucc,diagnostic,llm_native,hostile,True,choice,1,1,18
native_diagnostic_v1,ucc,diagnostic,llm_native,hostile,True,choice,1,__missing__,0
native_diagnostic_v1,ucc,diagnostic,llm_native,antagonize,True,choice,0,0,716
native_diagnostic_v1,ucc,diagnostic,llm_native,antagonize,True,choice,0,1,235
native_diagnostic_v1,ucc,diagnostic,llm_native,antagonize,True,choice,0,__missing__,0
native_diagnostic_v1,ucc,diagnostic,llm_native,antagonize,True,choice,1,0,13
native_diagnostic_v1,ucc,diagnostic,llm_native,antagonize,True,choice,1,1,38
native_diagnostic_v1,ucc,diagnostic,llm_native,antagonize,True,choice,1,__missing__,0
native_diagnostic_v1,ucc,diagnostic,llm_native,condescending,True,choice,0,0,701
native_diagnostic_v1,ucc,diagnostic,llm_native,condescending,True,choice,0,1,254
native_diagnostic_v1,ucc,diagnostic,llm_native,condescending,True,choice,0,__missing__,0
native_diagnostic_v1,ucc,diagnostic,llm_native,condescending,True,choice,1,0,18
native_diagnostic_v1,ucc,diagnostic,llm_native,condescending,True,choice,1,1,29
native_diagnostic_v1,ucc,diagnostic,llm_native,condescending,True,choice,1,__missing__,0
native_diagnostic_v1,ucc,diagnostic,llm_native,dismissive,True,choice,0,0,721
native_diagnostic_v1,ucc,diagnostic,llm_native,dismissive,True,choice,0,1,257
native_diagnostic_v1,ucc,diagnostic,llm_native,dismissive,True,choice,0,__missing__,0
native_diagnostic_v1,ucc,diagnostic,llm_native,dismissive,True,choice,1,0,10
native_diagnostic_v1,ucc,diagnostic,llm_native,dismissive,True,choice,1,1,14
native_diagnostic_v1,ucc,diagnostic,llm_native,dismissive,True,choice,1,__missing__,0
native_discovery_v1,babe,discovery,jev_native,label_bias,True,choice,Non-biased,Non-biased,74
native_discovery_v1,babe,discovery,jev_native,label_bias,True,choice,Non-biased,Biased,23
native_discovery_v1,babe,discovery,jev_native,label_bias,True,choice,Non-biased,__missing__,0
native_discovery_v1,babe,discovery,jev_native,label_bias,True,choice,Biased,Non-biased,14
native_discovery_v1,babe,discovery,jev_native,label_bias,True,choice,Biased,Biased,89
native_discovery_v1,babe,discovery,jev_native,label_bias,True,choice,Biased,__missing__,0
native_discovery_v1,babe,discovery,llm_native,label_bias,True,choice,Non-biased,Non-biased,69
native_discovery_v1,babe,discovery,llm_native,label_bias,True,choice,Non-biased,Biased,28
native_discovery_v1,babe,discovery,llm_native,label_bias,True,choice,Non-biased,__missing__,0
native_discovery_v1,babe,discovery,llm_native,label_bias,True,choice,Biased,Non-biased,12
native_discovery_v1,babe,discovery,llm_native,label_bias,True,choice,Biased,Biased,91
native_discovery_v1,babe,discovery,llm_native,label_bias,True,choice,Biased,__missing__,0
native_discovery_v1,conflict,discovery,jev_native,rating_directness_content,True,choice,Yes - Direct Content,Yes - Direct Content,83
native_discovery_v1,conflict,discovery,jev_native,rating_directness_content,True,choice,Yes - Direct Content,Neutral - Content contains no opinion,3
native_discovery_v1,conflict,discovery,jev_native,rating_directness_content,True,choice,Yes - Direct Content,No - Indirect Content,6
native_discovery_v1,conflict,discovery,jev_native,rating_directness_content,True,choice,Yes - Direct Content,__missing__,0
native_discovery_v1,conflict,discovery,jev_native,rating_directness_content,True,choice,Neutral - Content contains no opinion,Yes - Direct Content,0
native_discovery_v1,conflict,discovery,jev_native,rating_directness_content,True,choice,Neutral - Content contains no opinion,Neutral - Content contains no opinion,0
native_discovery_v1,conflict,discovery,jev_native,rating_directness_content,True,choice,Neutral - Content contains no opinion,No - Indirect Content,0
native_discovery_v1,conflict,discovery,jev_native,rating_directness_content,True,choice,Neutral - Content contains no opinion,__missing__,0
native_discovery_v1,conflict,discovery,jev_native,rating_directness_content,True,choice,No - Indirect Content,Yes - Direct Content,0
native_discovery_v1,conflict,discovery,jev_native,rating_directness_content,True,choice,No - Indirect Content,Neutral - Content contains no opinion,0
native_discovery_v1,conflict,discovery,jev_native,rating_directness_content,True,choice,No - Indirect Content,No - Indirect Content,0
native_discovery_v1,conflict,discovery,jev_native,rating_directness_content,True,choice,No - Indirect Content,__missing__,0
native_discovery_v1,conflict,discovery,jev_native,rating_directness_expression,True,choice,Yes - Direct Expression,Yes - Direct Expression,80
native_discovery_v1,conflict,discovery,jev_native,rating_directness_expression,True,choice,Yes - Direct Expression,No - Indirect Expression,7
native_discovery_v1,conflict,discovery,jev_native,rating_directness_expression,True,choice,Yes - Direct Expression,__missing__,0
native_discovery_v1,conflict,discovery,jev_native,rating_directness_expression,True,choice,No - Indirect Expression,Yes - Direct Expression,2
native_discovery_v1,conflict,discovery,jev_native,rating_directness_expression,True,choice,No - Indirect Expression,No - Indirect Expression,3
native_discovery_v1,conflict,discovery,jev_native,rating_directness_expression,True,choice,No - Indirect Expression,__missing__,0
native_discovery_v1,conflict,discovery,jev_native,rating_OI_content,True,choice,Yes - Content opposes someone else,Yes - Content opposes someone else,76
native_discovery_v1,conflict,discovery,jev_native,rating_OI_content,True,choice,Yes - Content opposes someone else,No - Content does not oppose anyone,14
native_discovery_v1,conflict,discovery,jev_native,rating_OI_content,True,choice,Yes - Content opposes someone else,__missing__,0
native_discovery_v1,conflict,discovery,jev_native,rating_OI_content,True,choice,No - Content does not oppose anyone,Yes - Content opposes someone else,0
native_discovery_v1,conflict,discovery,jev_native,rating_OI_content,True,choice,No - Content does not oppose anyone,No - Content does not oppose anyone,2
native_discovery_v1,conflict,discovery,jev_native,rating_OI_content,True,choice,No - Content does not oppose anyone,__missing__,0
native_discovery_v1,conflict,discovery,jev_native,rating_OI_expression,True,choice,Yes - Expression is emotional/forceful,Yes - Expression is emotional/forceful,9
native_discovery_v1,conflict,discovery,jev_native,rating_OI_expression,True,choice,Yes - Expression is emotional/forceful,No - Expression is not emotional/forceful,7
native_discovery_v1,conflict,discovery,jev_native,rating_OI_expression,True,choice,Yes - Expression is emotional/forceful,__missing__,0
native_discovery_v1,conflict,discovery,jev_native,rating_OI_expression,True,choice,No - Expression is not emotional/forceful,Yes - Expression is emotional/forceful,19
native_discovery_v1,conflict,discovery,jev_native,rating_OI_expression,True,choice,No - Expression is not emotional/forceful,No - Expression is not emotional/forceful,57
native_discovery_v1,conflict,discovery,jev_native,rating_OI_expression,True,choice,No - Expression is not emotional/forceful,__missing__,0
native_discovery_v1,conflict,discovery,llm_native,rating_directness_content,True,choice,Yes - Direct Content,Yes - Direct Content,91
native_discovery_v1,conflict,discovery,llm_native,rating_directness_content,True,choice,Yes - Direct Content,Neutral - Content contains no opinion,0
native_discovery_v1,conflict,discovery,llm_native,rating_directness_content,True,choice,Yes - Direct Content,No - Indirect Content,1
native_discovery_v1,conflict,discovery,llm_native,rating_directness_content,True,choice,Yes - Direct Content,__missing__,0
native_discovery_v1,conflict,discovery,llm_native,rating_directness_content,True,choice,Neutral - Content contains no opinion,Yes - Direct Content,0
native_discovery_v1,conflict,discovery,llm_native,rating_directness_content,True,choice,Neutral - Content contains no opinion,Neutral - Content contains no opinion,0
native_discovery_v1,conflict,discovery,llm_native,rating_directness_content,True,choice,Neutral - Content contains no opinion,No - Indirect Content,0
native_discovery_v1,conflict,discovery,llm_native,rating_directness_content,True,choice,Neutral - Content contains no opinion,__missing__,0
native_discovery_v1,conflict,discovery,llm_native,rating_directness_content,True,choice,No - Indirect Content,Yes - Direct Content,0
native_discovery_v1,conflict,discovery,llm_native,rating_directness_content,True,choice,No - Indirect Content,Neutral - Content contains no opinion,0
native_discovery_v1,conflict,discovery,llm_native,rating_directness_content,True,choice,No - Indirect Content,No - Indirect Content,0
native_discovery_v1,conflict,discovery,llm_native,rating_directness_content,True,choice,No - Indirect Content,__missing__,0
native_discovery_v1,conflict,discovery,llm_native,rating_directness_expression,True,choice,Yes - Direct Expression,Yes - Direct Expression,86
native_discovery_v1,conflict,discovery,llm_native,rating_directness_expression,True,choice,Yes - Direct Expression,No - Indirect Expression,1
native_discovery_v1,conflict,discovery,llm_native,rating_directness_expression,True,choice,Yes - Direct Expression,__missing__,0
native_discovery_v1,conflict,discovery,llm_native,rating_directness_expression,True,choice,No - Indirect Expression,Yes - Direct Expression,3
native_discovery_v1,conflict,discovery,llm_native,rating_directness_expression,True,choice,No - Indirect Expression,No - Indirect Expression,2
native_discovery_v1,conflict,discovery,llm_native,rating_directness_expression,True,choice,No - Indirect Expression,__missing__,0
native_discovery_v1,conflict,discovery,llm_native,rating_OI_content,True,choice,Yes - Content opposes someone else,Yes - Content opposes someone else,69
native_discovery_v1,conflict,discovery,llm_native,rating_OI_content,True,choice,Yes - Content opposes someone else,No - Content does not oppose anyone,21
native_discovery_v1,conflict,discovery,llm_native,rating_OI_content,True,choice,Yes - Content opposes someone else,__missing__,0
native_discovery_v1,conflict,discovery,llm_native,rating_OI_content,True,choice,No - Content does not oppose anyone,Yes - Content opposes someone else,0
native_discovery_v1,conflict,discovery,llm_native,rating_OI_content,True,choice,No - Content does not oppose anyone,No - Content does not oppose anyone,2
native_discovery_v1,conflict,discovery,llm_native,rating_OI_content,True,choice,No - Content does not oppose anyone,__missing__,0
native_discovery_v1,conflict,discovery,llm_native,rating_OI_expression,True,choice,Yes - Expression is emotional/forceful,Yes - Expression is emotional/forceful,6
native_discovery_v1,conflict,discovery,llm_native,rating_OI_expression,True,choice,Yes - Expression is emotional/forceful,No - Expression is not emotional/forceful,10
native_discovery_v1,conflict,discovery,llm_native,rating_OI_expression,True,choice,Yes - Expression is emotional/forceful,__missing__,0
native_discovery_v1,conflict,discovery,llm_native,rating_OI_expression,True,choice,No - Expression is not emotional/forceful,Yes - Expression is emotional/forceful,10
native_discovery_v1,conflict,discovery,llm_native,rating_OI_expression,True,choice,No - Expression is not emotional/forceful,No - Expression is not emotional/forceful,66
native_discovery_v1,conflict,discovery,llm_native,rating_OI_expression,True,choice,No - Expression is not emotional/forceful,__missing__,0
native_discovery_v1,mbd,discovery,jev_native,type,True,choice,fact,fact,88
native_discovery_v1,mbd,discovery,jev_native,type,True,choice,fact,opinion,3
native_discovery_v1,mbd,discovery,jev_native,type,True,choice,fact,borderline,6
native_discovery_v1,mbd,discovery,jev_native,type,True,choice,fact,quote,4
native_discovery_v1,mbd,discovery,jev_native,type,True,choice,fact,other,5
native_discovery_v1,mbd,discovery,jev_native,type,True,choice,fact,__missing__,0
native_discovery_v1,mbd,discovery,jev_native,type,True,choice,opinion,fact,0
native_discovery_v1,mbd,discovery,jev_native,type,True,choice,opinion,opinion,2
native_discovery_v1,mbd,discovery,jev_native,type,True,choice,opinion,borderline,0
native_discovery_v1,mbd,discovery,jev_native,type,True,choice,opinion,quote,2
native_discovery_v1,mbd,discovery,jev_native,type,True,choice,opinion,other,0
native_discovery_v1,mbd,discovery,jev_native,type,True,choice,opinion,__missing__,0
native_discovery_v1,mbd,discovery,jev_native,type,True,choice,borderline,fact,0
native_discovery_v1,mbd,discovery,jev_native,type,True,choice,borderline,opinion,0
native_discovery_v1,mbd,discovery,jev_native,type,True,choice,borderline,borderline,1
native_discovery_v1,mbd,discovery,jev_native,type,True,choice,borderline,quote,0
native_discovery_v1,mbd,discovery,jev_native,type,True,choice,borderline,other,0
native_discovery_v1,mbd,discovery,jev_native,type,True,choice,borderline,__missing__,0
native_discovery_v1,mbd,discovery,jev_native,type,True,choice,quote,fact,3
native_discovery_v1,mbd,discovery,jev_native,type,True,choice,quote,opinion,2
native_discovery_v1,mbd,discovery,jev_native,type,True,choice,quote,borderline,1
native_discovery_v1,mbd,discovery,jev_native,type,True,choice,quote,quote,67
native_discovery_v1,mbd,discovery,jev_native,type,True,choice,quote,other,0
native_discovery_v1,mbd,discovery,jev_native,type,True,choice,quote,__missing__,0
native_discovery_v1,mbd,discovery,jev_native,type,True,choice,other,fact,7
native_discovery_v1,mbd,discovery,jev_native,type,True,choice,other,opinion,0
native_discovery_v1,mbd,discovery,jev_native,type,True,choice,other,borderline,0
native_discovery_v1,mbd,discovery,jev_native,type,True,choice,other,quote,0
native_discovery_v1,mbd,discovery,jev_native,type,True,choice,other,other,18
native_discovery_v1,mbd,discovery,jev_native,type,True,choice,other,__missing__,0
native_discovery_v1,mbd,discovery,jev_native,tone,True,choice,positive,positive,12
native_discovery_v1,mbd,discovery,jev_native,tone,True,choice,positive,negative,0
native_discovery_v1,mbd,discovery,jev_native,tone,True,choice,positive,neutral,0
native_discovery_v1,mbd,discovery,jev_native,tone,True,choice,positive,__missing__,0
native_discovery_v1,mbd,discovery,jev_native,tone,True,choice,negative,positive,0
native_discovery_v1,mbd,discovery,jev_native,tone,True,choice,negative,negative,33
native_discovery_v1,mbd,discovery,jev_native,tone,True,choice,negative,neutral,2
native_discovery_v1,mbd,discovery,jev_native,tone,True,choice,negative,__missing__,0
native_discovery_v1,mbd,discovery,jev_native,tone,True,choice,neutral,positive,24
native_discovery_v1,mbd,discovery,jev_native,tone,True,choice,neutral,negative,15
native_discovery_v1,mbd,discovery,jev_native,tone,True,choice,neutral,neutral,124
native_discovery_v1,mbd,discovery,jev_native,tone,True,choice,neutral,__missing__,0
native_discovery_v1,mbd,discovery,jev_native,focus,True,choice,democrat,democrat,11
native_discovery_v1,mbd,discovery,jev_native,focus,True,choice,democrat,republican,0
native_discovery_v1,mbd,discovery,jev_native,focus,True,choice,democrat,both,1
native_discovery_v1,mbd,discovery,jev_native,focus,True,choice,democrat,neither,3
native_discovery_v1,mbd,discovery,jev_native,focus,True,choice,democrat,__missing__,0
native_discovery_v1,mbd,discovery,jev_native,focus,True,choice,republican,democrat,0
native_discovery_v1,mbd,discovery,jev_native,focus,True,choice,republican,republican,24
native_discovery_v1,mbd,discovery,jev_native,focus,True,choice,republican,both,1
native_discovery_v1,mbd,discovery,jev_native,focus,True,choice,republican,neither,9
native_discovery_v1,mbd,discovery,jev_native,focus,True,choice,republican,__missing__,0
native_discovery_v1,mbd,discovery,jev_native,focus,True,choice,both,democrat,3
native_discovery_v1,mbd,discovery,jev_native,focus,True,choice,both,republican,0
native_discovery_v1,mbd,discovery,jev_native,focus,True,choice,both,both,7
native_discovery_v1,mbd,discovery,jev_native,focus,True,choice,both,neither,1
native_discovery_v1,mbd,discovery,jev_native,focus,True,choice,both,__missing__,0
native_discovery_v1,mbd,discovery,jev_native,focus,True,choice,neither,democrat,1
native_discovery_v1,mbd,discovery,jev_native,focus,True,choice,neither,republican,0
native_discovery_v1,mbd,discovery,jev_native,focus,True,choice,neither,both,1
native_discovery_v1,mbd,discovery,jev_native,focus,True,choice,neither,neither,142
native_discovery_v1,mbd,discovery,jev_native,focus,True,choice,neither,__missing__,0
native_discovery_v1,mbd,discovery,llm_native,type,True,choice,fact,fact,86
native_discovery_v1,mbd,discovery,llm_native,type,True,choice,fact,opinion,4
native_discovery_v1,mbd,discovery,llm_native,type,True,choice,fact,borderline,3
native_discovery_v1,mbd,discovery,llm_native,type,True,choice,fact,quote,3
native_discovery_v1,mbd,discovery,llm_native,type,True,choice,fact,other,10
native_discovery_v1,mbd,discovery,llm_native,type,True,choice,fact,__missing__,0
native_discovery_v1,mbd,discovery,llm_native,type,True,choice,opinion,fact,0
native_discovery_v1,mbd,discovery,llm_native,type,True,choice,opinion,opinion,2
native_discovery_v1,mbd,discovery,llm_native,type,True,choice,opinion,borderline,0
native_discovery_v1,mbd,discovery,llm_native,type,True,choice,opinion,quote,2
native_discovery_v1,mbd,discovery,llm_native,type,True,choice,opinion,other,0
native_discovery_v1,mbd,discovery,llm_native,type,True,choice,opinion,__missing__,0
native_discovery_v1,mbd,discovery,llm_native,type,True,choice,borderline,fact,1
native_discovery_v1,mbd,discovery,llm_native,type,True,choice,borderline,opinion,0
native_discovery_v1,mbd,discovery,llm_native,type,True,choice,borderline,borderline,0
native_discovery_v1,mbd,discovery,llm_native,type,True,choice,borderline,quote,0
native_discovery_v1,mbd,discovery,llm_native,type,True,choice,borderline,other,0
native_discovery_v1,mbd,discovery,llm_native,type,True,choice,borderline,__missing__,0
native_discovery_v1,mbd,discovery,llm_native,type,True,choice,quote,fact,3
native_discovery_v1,mbd,discovery,llm_native,type,True,choice,quote,opinion,0
native_discovery_v1,mbd,discovery,llm_native,type,True,choice,quote,borderline,1
native_discovery_v1,mbd,discovery,llm_native,type,True,choice,quote,quote,69
native_discovery_v1,mbd,discovery,llm_native,type,True,choice,quote,other,0
native_discovery_v1,mbd,discovery,llm_native,type,True,choice,quote,__missing__,0
native_discovery_v1,mbd,discovery,llm_native,type,True,choice,other,fact,2
native_discovery_v1,mbd,discovery,llm_native,type,True,choice,other,opinion,0
native_discovery_v1,mbd,discovery,llm_native,type,True,choice,other,borderline,0
native_discovery_v1,mbd,discovery,llm_native,type,True,choice,other,quote,0
native_discovery_v1,mbd,discovery,llm_native,type,True,choice,other,other,23
native_discovery_v1,mbd,discovery,llm_native,type,True,choice,other,__missing__,0
native_discovery_v1,mbd,discovery,llm_native,tone,True,choice,positive,positive,11
native_discovery_v1,mbd,discovery,llm_native,tone,True,choice,positive,negative,0
native_discovery_v1,mbd,discovery,llm_native,tone,True,choice,positive,neutral,1
native_discovery_v1,mbd,discovery,llm_native,tone,True,choice,positive,__missing__,0
native_discovery_v1,mbd,discovery,llm_native,tone,True,choice,negative,positive,0
native_discovery_v1,mbd,discovery,llm_native,tone,True,choice,negative,negative,30
native_discovery_v1,mbd,discovery,llm_native,tone,True,choice,negative,neutral,5
native_discovery_v1,mbd,discovery,llm_native,tone,True,choice,negative,__missing__,0
native_discovery_v1,mbd,discovery,llm_native,tone,True,choice,neutral,positive,11
native_discovery_v1,mbd,discovery,llm_native,tone,True,choice,neutral,negative,11
native_discovery_v1,mbd,discovery,llm_native,tone,True,choice,neutral,neutral,141
native_discovery_v1,mbd,discovery,llm_native,tone,True,choice,neutral,__missing__,0
native_discovery_v1,mbd,discovery,llm_native,focus,True,choice,democrat,democrat,9
native_discovery_v1,mbd,discovery,llm_native,focus,True,choice,democrat,republican,0
native_discovery_v1,mbd,discovery,llm_native,focus,True,choice,democrat,both,2
native_discovery_v1,mbd,discovery,llm_native,focus,True,choice,democrat,neither,4
native_discovery_v1,mbd,discovery,llm_native,focus,True,choice,democrat,__missing__,0
native_discovery_v1,mbd,discovery,llm_native,focus,True,choice,republican,democrat,0
native_discovery_v1,mbd,discovery,llm_native,focus,True,choice,republican,republican,22
native_discovery_v1,mbd,discovery,llm_native,focus,True,choice,republican,both,2
native_discovery_v1,mbd,discovery,llm_native,focus,True,choice,republican,neither,10
native_discovery_v1,mbd,discovery,llm_native,focus,True,choice,republican,__missing__,0
native_discovery_v1,mbd,discovery,llm_native,focus,True,choice,both,democrat,2
native_discovery_v1,mbd,discovery,llm_native,focus,True,choice,both,republican,0
native_discovery_v1,mbd,discovery,llm_native,focus,True,choice,both,both,8
native_discovery_v1,mbd,discovery,llm_native,focus,True,choice,both,neither,1
native_discovery_v1,mbd,discovery,llm_native,focus,True,choice,both,__missing__,0
native_discovery_v1,mbd,discovery,llm_native,focus,True,choice,neither,democrat,0
native_discovery_v1,mbd,discovery,llm_native,focus,True,choice,neither,republican,0
native_discovery_v1,mbd,discovery,llm_native,focus,True,choice,neither,both,0
native_discovery_v1,mbd,discovery,llm_native,focus,True,choice,neither,neither,144
native_discovery_v1,mbd,discovery,llm_native,focus,True,choice,neither,__missing__,0
native_discovery_v1,ucc,discovery,jev_native,healthy,True,choice,0,0,12
native_discovery_v1,ucc,discovery,jev_native,healthy,True,choice,0,1,6
native_discovery_v1,ucc,discovery,jev_native,healthy,True,choice,0,__missing__,0
native_discovery_v1,ucc,discovery,jev_native,healthy,True,choice,1,0,89
native_discovery_v1,ucc,discovery,jev_native,healthy,True,choice,1,1,103
native_discovery_v1,ucc,discovery,jev_native,healthy,True,choice,1,__missing__,0
native_discovery_v1,ucc,discovery,jev_native,sarcastic,True,choice,0,0,113
native_discovery_v1,ucc,discovery,jev_native,sarcastic,True,choice,0,1,92
native_discovery_v1,ucc,discovery,jev_native,sarcastic,True,choice,0,__missing__,0
native_discovery_v1,ucc,discovery,jev_native,sarcastic,True,choice,1,0,1
native_discovery_v1,ucc,discovery,jev_native,sarcastic,True,choice,1,1,4
native_discovery_v1,ucc,discovery,jev_native,sarcastic,True,choice,1,__missing__,0
native_discovery_v1,ucc,discovery,jev_native,generalisation,False,choice,0,0,171
native_discovery_v1,ucc,discovery,jev_native,generalisation,False,choice,0,1,36
native_discovery_v1,ucc,discovery,jev_native,generalisation,False,choice,0,__missing__,0
native_discovery_v1,ucc,discovery,jev_native,generalisation,False,choice,1,0,0
native_discovery_v1,ucc,discovery,jev_native,generalisation,False,choice,1,1,3
native_discovery_v1,ucc,discovery,jev_native,generalisation,False,choice,1,__missing__,0
native_discovery_v1,ucc,discovery,jev_native,generalisation_unfair,True,choice,0,0,181
native_discovery_v1,ucc,discovery,jev_native,generalisation_unfair,True,choice,0,1,26
native_discovery_v1,ucc,discovery,jev_native,generalisation_unfair,True,choice,0,__missing__,0
native_discovery_v1,ucc,discovery,jev_native,generalisation_unfair,True,choice,1,0,0
native_discovery_v1,ucc,discovery,jev_native,generalisation_unfair,True,choice,1,1,3
native_discovery_v1,ucc,discovery,jev_native,generalisation_unfair,True,choice,1,__missing__,0
native_discovery_v1,ucc,discovery,jev_native,hostile,True,choice,0,0,133
native_discovery_v1,ucc,discovery,jev_native,hostile,True,choice,0,1,75
native_discovery_v1,ucc,discovery,jev_native,hostile,True,choice,0,__missing__,0
native_discovery_v1,ucc,discovery,jev_native,hostile,True,choice,1,0,0
native_discovery_v1,ucc,discovery,jev_native,hostile,True,choice,1,1,2
native_discovery_v1,ucc,discovery,jev_native,hostile,True,choice,1,__missing__,0
native_discovery_v1,ucc,discovery,jev_native,antagonize,True,choice,0,0,107
native_discovery_v1,ucc,discovery,jev_native,antagonize,True,choice,0,1,96
native_discovery_v1,ucc,discovery,jev_native,antagonize,True,choice,0,__missing__,0
native_discovery_v1,ucc,discovery,jev_native,antagonize,True,choice,1,0,0
native_discovery_v1,ucc,discovery,jev_native,antagonize,True,choice,1,1,7
native_discovery_v1,ucc,discovery,jev_native,antagonize,True,choice,1,__missing__,0
native_discovery_v1,ucc,discovery,jev_native,condescending,True,choice,0,0,119
native_discovery_v1,ucc,discovery,jev_native,condescending,True,choice,0,1,87
native_discovery_v1,ucc,discovery,jev_native,condescending,True,choice,0,__missing__,0
native_discovery_v1,ucc,discovery,jev_native,condescending,True,choice,1,0,1
native_discovery_v1,ucc,discovery,jev_native,condescending,True,choice,1,1,3
native_discovery_v1,ucc,discovery,jev_native,condescending,True,choice,1,__missing__,0
native_discovery_v1,ucc,discovery,jev_native,dismissive,True,choice,0,0,120
native_discovery_v1,ucc,discovery,jev_native,dismissive,True,choice,0,1,87
native_discovery_v1,ucc,discovery,jev_native,dismissive,True,choice,0,__missing__,0
native_discovery_v1,ucc,discovery,jev_native,dismissive,True,choice,1,0,1
native_discovery_v1,ucc,discovery,jev_native,dismissive,True,choice,1,1,2
native_discovery_v1,ucc,discovery,jev_native,dismissive,True,choice,1,__missing__,0
native_discovery_v1,ucc,discovery,llm_native,healthy,True,choice,0,0,12
native_discovery_v1,ucc,discovery,llm_native,healthy,True,choice,0,1,6
native_discovery_v1,ucc,discovery,llm_native,healthy,True,choice,0,__missing__,0
native_discovery_v1,ucc,discovery,llm_native,healthy,True,choice,1,0,71
native_discovery_v1,ucc,discovery,llm_native,healthy,True,choice,1,1,121
native_discovery_v1,ucc,discovery,llm_native,healthy,True,choice,1,__missing__,0
native_discovery_v1,ucc,discovery,llm_native,sarcastic,True,choice,0,0,154
native_discovery_v1,ucc,discovery,llm_native,sarcastic,True,choice,0,1,51
native_discovery_v1,ucc,discovery,llm_native,sarcastic,True,choice,0,__missing__,0
native_discovery_v1,ucc,discovery,llm_native,sarcastic,True,choice,1,0,3
native_discovery_v1,ucc,discovery,llm_native,sarcastic,True,choice,1,1,2
native_discovery_v1,ucc,discovery,llm_native,sarcastic,True,choice,1,__missing__,0
native_discovery_v1,ucc,discovery,llm_native,generalisation,False,choice,0,0,173
native_discovery_v1,ucc,discovery,llm_native,generalisation,False,choice,0,1,34
native_discovery_v1,ucc,discovery,llm_native,generalisation,False,choice,0,__missing__,0
native_discovery_v1,ucc,discovery,llm_native,generalisation,False,choice,1,0,1
native_discovery_v1,ucc,discovery,llm_native,generalisation,False,choice,1,1,2
native_discovery_v1,ucc,discovery,llm_native,generalisation,False,choice,1,__missing__,0
native_discovery_v1,ucc,discovery,llm_native,generalisation_unfair,True,choice,0,0,177
native_discovery_v1,ucc,discovery,llm_native,generalisation_unfair,True,choice,0,1,30
native_discovery_v1,ucc,discovery,llm_native,generalisation_unfair,True,choice,0,__missing__,0
native_discovery_v1,ucc,discovery,llm_native,generalisation_unfair,True,choice,1,0,1
native_discovery_v1,ucc,discovery,llm_native,generalisation_unfair,True,choice,1,1,2
native_discovery_v1,ucc,discovery,llm_native,generalisation_unfair,True,choice,1,__missing__,0
native_discovery_v1,ucc,discovery,llm_native,hostile,True,choice,0,0,143
native_discovery_v1,ucc,discovery,llm_native,hostile,True,choice,0,1,65
native_discovery_v1,ucc,discovery,llm_native,hostile,True,choice,0,__missing__,0
native_discovery_v1,ucc,discovery,llm_native,hostile,True,choice,1,0,1
native_discovery_v1,ucc,discovery,llm_native,hostile,True,choice,1,1,1
native_discovery_v1,ucc,discovery,llm_native,hostile,True,choice,1,__missing__,0
native_discovery_v1,ucc,discovery,llm_native,antagonize,True,choice,0,0,146
native_discovery_v1,ucc,discovery,llm_native,antagonize,True,choice,0,1,57
native_discovery_v1,ucc,discovery,llm_native,antagonize,True,choice,0,__missing__,0
native_discovery_v1,ucc,discovery,llm_native,antagonize,True,choice,1,0,1
native_discovery_v1,ucc,discovery,llm_native,antagonize,True,choice,1,1,6
native_discovery_v1,ucc,discovery,llm_native,antagonize,True,choice,1,__missing__,0
native_discovery_v1,ucc,discovery,llm_native,condescending,True,choice,0,0,153
native_discovery_v1,ucc,discovery,llm_native,condescending,True,choice,0,1,53
native_discovery_v1,ucc,discovery,llm_native,condescending,True,choice,0,__missing__,0
native_discovery_v1,ucc,discovery,llm_native,condescending,True,choice,1,0,0
native_discovery_v1,ucc,discovery,llm_native,condescending,True,choice,1,1,4
native_discovery_v1,ucc,discovery,llm_native,condescending,True,choice,1,__missing__,0
native_discovery_v1,ucc,discovery,llm_native,dismissive,True,choice,0,0,148
native_discovery_v1,ucc,discovery,llm_native,dismissive,True,choice,0,1,59
native_discovery_v1,ucc,discovery,llm_native,dismissive,True,choice,0,__missing__,0
native_discovery_v1,ucc,discovery,llm_native,dismissive,True,choice,1,0,1
native_discovery_v1,ucc,discovery,llm_native,dismissive,True,choice,1,1,2
native_discovery_v1,ucc,discovery,llm_native,dismissive,True,choice,1,__missing__,0
routing_diagnostic_v1_b025,babe,diagnostic,jev_grounded,label_bias,True,choice,Non-biased,Non-biased,383
routing_diagnostic_v1_b025,babe,diagnostic,jev_grounded,label_bias,True,choice,Non-biased,Biased,128
routing_diagnostic_v1_b025,babe,diagnostic,jev_grounded,label_bias,True,choice,Non-biased,__missing__,0
routing_diagnostic_v1_b025,babe,diagnostic,jev_grounded,label_bias,True,choice,Biased,Non-biased,90
routing_diagnostic_v1_b025,babe,diagnostic,jev_grounded,label_bias,True,choice,Biased,Biased,399
routing_diagnostic_v1_b025,babe,diagnostic,jev_grounded,label_bias,True,choice,Biased,__missing__,0
routing_diagnostic_v1_b025,babe,diagnostic,jev_targeted_llm,label_bias,True,choice,Non-biased,Non-biased,451
routing_diagnostic_v1_b025,babe,diagnostic,jev_targeted_llm,label_bias,True,choice,Non-biased,Biased,60
routing_diagnostic_v1_b025,babe,diagnostic,jev_targeted_llm,label_bias,True,choice,Non-biased,__missing__,0
routing_diagnostic_v1_b025,babe,diagnostic,jev_targeted_llm,label_bias,True,choice,Biased,Non-biased,161
routing_diagnostic_v1_b025,babe,diagnostic,jev_targeted_llm,label_bias,True,choice,Biased,Biased,328
routing_diagnostic_v1_b025,babe,diagnostic,jev_targeted_llm,label_bias,True,choice,Biased,__missing__,0
routing_diagnostic_v1_b025,conflict,diagnostic,jev_grounded,rating_directness_content,True,choice,Yes - Direct Content,Yes - Direct Content,689
routing_diagnostic_v1_b025,conflict,diagnostic,jev_grounded,rating_directness_content,True,choice,Yes - Direct Content,Neutral - Content contains no opinion,59
routing_diagnostic_v1_b025,conflict,diagnostic,jev_grounded,rating_directness_content,True,choice,Yes - Direct Content,No - Indirect Content,43
routing_diagnostic_v1_b025,conflict,diagnostic,jev_grounded,rating_directness_content,True,choice,Yes - Direct Content,__missing__,0
routing_diagnostic_v1_b025,conflict,diagnostic,jev_grounded,rating_directness_content,True,choice,Neutral - Content contains no opinion,Yes - Direct Content,1
routing_diagnostic_v1_b025,conflict,diagnostic,jev_grounded,rating_directness_content,True,choice,Neutral - Content contains no opinion,Neutral - Content contains no opinion,5
routing_diagnostic_v1_b025,conflict,diagnostic,jev_grounded,rating_directness_content,True,choice,Neutral - Content contains no opinion,No - Indirect Content,0
routing_diagnostic_v1_b025,conflict,diagnostic,jev_grounded,rating_directness_content,True,choice,Neutral - Content contains no opinion,__missing__,0
routing_diagnostic_v1_b025,conflict,diagnostic,jev_grounded,rating_directness_content,True,choice,No - Indirect Content,Yes - Direct Content,0
routing_diagnostic_v1_b025,conflict,diagnostic,jev_grounded,rating_directness_content,True,choice,No - Indirect Content,Neutral - Content contains no opinion,0
routing_diagnostic_v1_b025,conflict,diagnostic,jev_grounded,rating_directness_content,True,choice,No - Indirect Content,No - Indirect Content,0
routing_diagnostic_v1_b025,conflict,diagnostic,jev_grounded,rating_directness_content,True,choice,No - Indirect Content,__missing__,0
routing_diagnostic_v1_b025,conflict,diagnostic,jev_grounded,rating_directness_expression,True,choice,Yes - Direct Expression,Yes - Direct Expression,557
routing_diagnostic_v1_b025,conflict,diagnostic,jev_grounded,rating_directness_expression,True,choice,Yes - Direct Expression,No - Indirect Expression,191
routing_diagnostic_v1_b025,conflict,diagnostic,jev_grounded,rating_directness_expression,True,choice,Yes - Direct Expression,__missing__,0
routing_diagnostic_v1_b025,conflict,diagnostic,jev_grounded,rating_directness_expression,True,choice,No - Indirect Expression,Yes - Direct Expression,23
routing_diagnostic_v1_b025,conflict,diagnostic,jev_grounded,rating_directness_expression,True,choice,No - Indirect Expression,No - Indirect Expression,31
routing_diagnostic_v1_b025,conflict,diagnostic,jev_grounded,rating_directness_expression,True,choice,No - Indirect Expression,__missing__,0
routing_diagnostic_v1_b025,conflict,diagnostic,jev_grounded,rating_OI_content,True,choice,Yes - Content opposes someone else,Yes - Content opposes someone else,457
routing_diagnostic_v1_b025,conflict,diagnostic,jev_grounded,rating_OI_content,True,choice,Yes - Content opposes someone else,No - Content does not oppose anyone,283
routing_diagnostic_v1_b025,conflict,diagnostic,jev_grounded,rating_OI_content,True,choice,Yes - Content opposes someone else,__missing__,0
routing_diagnostic_v1_b025,conflict,diagnostic,jev_grounded,rating_OI_content,True,choice,No - Content does not oppose anyone,Yes - Content opposes someone else,20
routing_diagnostic_v1_b025,conflict,diagnostic,jev_grounded,rating_OI_content,True,choice,No - Content does not oppose anyone,No - Content does not oppose anyone,42
routing_diagnostic_v1_b025,conflict,diagnostic,jev_grounded,rating_OI_content,True,choice,No - Content does not oppose anyone,__missing__,0
routing_diagnostic_v1_b025,conflict,diagnostic,jev_grounded,rating_OI_expression,True,choice,Yes - Expression is emotional/forceful,Yes - Expression is emotional/forceful,41
routing_diagnostic_v1_b025,conflict,diagnostic,jev_grounded,rating_OI_expression,True,choice,Yes - Expression is emotional/forceful,No - Expression is not emotional/forceful,32
routing_diagnostic_v1_b025,conflict,diagnostic,jev_grounded,rating_OI_expression,True,choice,Yes - Expression is emotional/forceful,__missing__,0
routing_diagnostic_v1_b025,conflict,diagnostic,jev_grounded,rating_OI_expression,True,choice,No - Expression is not emotional/forceful,Yes - Expression is emotional/forceful,114
routing_diagnostic_v1_b025,conflict,diagnostic,jev_grounded,rating_OI_expression,True,choice,No - Expression is not emotional/forceful,No - Expression is not emotional/forceful,615
routing_diagnostic_v1_b025,conflict,diagnostic,jev_grounded,rating_OI_expression,True,choice,No - Expression is not emotional/forceful,__missing__,0
routing_diagnostic_v1_b025,conflict,diagnostic,jev_targeted_llm,rating_directness_content,True,choice,Yes - Direct Content,Yes - Direct Content,699
routing_diagnostic_v1_b025,conflict,diagnostic,jev_targeted_llm,rating_directness_content,True,choice,Yes - Direct Content,Neutral - Content contains no opinion,58
routing_diagnostic_v1_b025,conflict,diagnostic,jev_targeted_llm,rating_directness_content,True,choice,Yes - Direct Content,No - Indirect Content,34
routing_diagnostic_v1_b025,conflict,diagnostic,jev_targeted_llm,rating_directness_content,True,choice,Yes - Direct Content,__missing__,0
routing_diagnostic_v1_b025,conflict,diagnostic,jev_targeted_llm,rating_directness_content,True,choice,Neutral - Content contains no opinion,Yes - Direct Content,2
routing_diagnostic_v1_b025,conflict,diagnostic,jev_targeted_llm,rating_directness_content,True,choice,Neutral - Content contains no opinion,Neutral - Content contains no opinion,4
routing_diagnostic_v1_b025,conflict,diagnostic,jev_targeted_llm,rating_directness_content,True,choice,Neutral - Content contains no opinion,No - Indirect Content,0
routing_diagnostic_v1_b025,conflict,diagnostic,jev_targeted_llm,rating_directness_content,True,choice,Neutral - Content contains no opinion,__missing__,0
routing_diagnostic_v1_b025,conflict,diagnostic,jev_targeted_llm,rating_directness_content,True,choice,No - Indirect Content,Yes - Direct Content,0
routing_diagnostic_v1_b025,conflict,diagnostic,jev_targeted_llm,rating_directness_content,True,choice,No - Indirect Content,Neutral - Content contains no opinion,0
routing_diagnostic_v1_b025,conflict,diagnostic,jev_targeted_llm,rating_directness_content,True,choice,No - Indirect Content,No - Indirect Content,0
routing_diagnostic_v1_b025,conflict,diagnostic,jev_targeted_llm,rating_directness_content,True,choice,No - Indirect Content,__missing__,0
routing_diagnostic_v1_b025,conflict,diagnostic,jev_targeted_llm,rating_directness_expression,True,choice,Yes - Direct Expression,Yes - Direct Expression,684
routing_diagnostic_v1_b025,conflict,diagnostic,jev_targeted_llm,rating_directness_expression,True,choice,Yes - Direct Expression,No - Indirect Expression,64
routing_diagnostic_v1_b025,conflict,diagnostic,jev_targeted_llm,rating_directness_expression,True,choice,Yes - Direct Expression,__missing__,0
routing_diagnostic_v1_b025,conflict,diagnostic,jev_targeted_llm,rating_directness_expression,True,choice,No - Indirect Expression,Yes - Direct Expression,43
routing_diagnostic_v1_b025,conflict,diagnostic,jev_targeted_llm,rating_directness_expression,True,choice,No - Indirect Expression,No - Indirect Expression,11
routing_diagnostic_v1_b025,conflict,diagnostic,jev_targeted_llm,rating_directness_expression,True,choice,No - Indirect Expression,__missing__,0
routing_diagnostic_v1_b025,conflict,diagnostic,jev_targeted_llm,rating_OI_content,True,choice,Yes - Content opposes someone else,Yes - Content opposes someone else,583
routing_diagnostic_v1_b025,conflict,diagnostic,jev_targeted_llm,rating_OI_content,True,choice,Yes - Content opposes someone else,No - Content does not oppose anyone,157
routing_diagnostic_v1_b025,conflict,diagnostic,jev_targeted_llm,rating_OI_content,True,choice,Yes - Content opposes someone else,__missing__,0
routing_diagnostic_v1_b025,conflict,diagnostic,jev_targeted_llm,rating_OI_content,True,choice,No - Content does not oppose anyone,Yes - Content opposes someone else,33
routing_diagnostic_v1_b025,conflict,diagnostic,jev_targeted_llm,rating_OI_content,True,choice,No - Content does not oppose anyone,No - Content does not oppose anyone,29
routing_diagnostic_v1_b025,conflict,diagnostic,jev_targeted_llm,rating_OI_content,True,choice,No - Content does not oppose anyone,__missing__,0
routing_diagnostic_v1_b025,conflict,diagnostic,jev_targeted_llm,rating_OI_expression,True,choice,Yes - Expression is emotional/forceful,Yes - Expression is emotional/forceful,32
routing_diagnostic_v1_b025,conflict,diagnostic,jev_targeted_llm,rating_OI_expression,True,choice,Yes - Expression is emotional/forceful,No - Expression is not emotional/forceful,41
routing_diagnostic_v1_b025,conflict,diagnostic,jev_targeted_llm,rating_OI_expression,True,choice,Yes - Expression is emotional/forceful,__missing__,0
routing_diagnostic_v1_b025,conflict,diagnostic,jev_targeted_llm,rating_OI_expression,True,choice,No - Expression is not emotional/forceful,Yes - Expression is emotional/forceful,49
routing_diagnostic_v1_b025,conflict,diagnostic,jev_targeted_llm,rating_OI_expression,True,choice,No - Expression is not emotional/forceful,No - Expression is not emotional/forceful,680
routing_diagnostic_v1_b025,conflict,diagnostic,jev_targeted_llm,rating_OI_expression,True,choice,No - Expression is not emotional/forceful,__missing__,0
routing_diagnostic_v1_b025,mbd,diagnostic,jev_grounded,tone,True,choice,positive,positive,34
routing_diagnostic_v1_b025,mbd,diagnostic,jev_grounded,tone,True,choice,positive,negative,0
routing_diagnostic_v1_b025,mbd,diagnostic,jev_grounded,tone,True,choice,positive,neutral,17
routing_diagnostic_v1_b025,mbd,diagnostic,jev_grounded,tone,True,choice,positive,__missing__,0
routing_diagnostic_v1_b025,mbd,diagnostic,jev_grounded,tone,True,choice,negative,positive,0
routing_diagnostic_v1_b025,mbd,diagnostic,jev_grounded,tone,True,choice,negative,negative,102
routing_diagnostic_v1_b025,mbd,diagnostic,jev_grounded,tone,True,choice,negative,neutral,12
routing_diagnostic_v1_b025,mbd,diagnostic,jev_grounded,tone,True,choice,negative,__missing__,0
routing_diagnostic_v1_b025,mbd,diagnostic,jev_grounded,tone,True,choice,neutral,positive,23
routing_diagnostic_v1_b025,mbd,diagnostic,jev_grounded,tone,True,choice,neutral,negative,79
routing_diagnostic_v1_b025,mbd,diagnostic,jev_grounded,tone,True,choice,neutral,neutral,277
routing_diagnostic_v1_b025,mbd,diagnostic,jev_grounded,tone,True,choice,neutral,__missing__,0
routing_diagnostic_v1_b025,mbd,diagnostic,jev_grounded,focus,True,choice,democrat,democrat,69
routing_diagnostic_v1_b025,mbd,diagnostic,jev_grounded,focus,True,choice,democrat,republican,0
routing_diagnostic_v1_b025,mbd,diagnostic,jev_grounded,focus,True,choice,democrat,both,4
routing_diagnostic_v1_b025,mbd,diagnostic,jev_grounded,focus,True,choice,democrat,neither,16
routing_diagnostic_v1_b025,mbd,diagnostic,jev_grounded,focus,True,choice,democrat,__missing__,0
routing_diagnostic_v1_b025,mbd,diagnostic,jev_grounded,focus,True,choice,republican,democrat,0
routing_diagnostic_v1_b025,mbd,diagnostic,jev_grounded,focus,True,choice,republican,republican,81
routing_diagnostic_v1_b025,mbd,diagnostic,jev_grounded,focus,True,choice,republican,both,2
routing_diagnostic_v1_b025,mbd,diagnostic,jev_grounded,focus,True,choice,republican,neither,55
routing_diagnostic_v1_b025,mbd,diagnostic,jev_grounded,focus,True,choice,republican,__missing__,0
routing_diagnostic_v1_b025,mbd,diagnostic,jev_grounded,focus,True,choice,both,democrat,6
routing_diagnostic_v1_b025,mbd,diagnostic,jev_grounded,focus,True,choice,both,republican,1
routing_diagnostic_v1_b025,mbd,diagnostic,jev_grounded,focus,True,choice,both,both,18
routing_diagnostic_v1_b025,mbd,diagnostic,jev_grounded,focus,True,choice,both,neither,2
routing_diagnostic_v1_b025,mbd,diagnostic,jev_grounded,focus,True,choice,both,__missing__,0
routing_diagnostic_v1_b025,mbd,diagnostic,jev_grounded,focus,True,choice,neither,democrat,4
routing_diagnostic_v1_b025,mbd,diagnostic,jev_grounded,focus,True,choice,neither,republican,1
routing_diagnostic_v1_b025,mbd,diagnostic,jev_grounded,focus,True,choice,neither,both,0
routing_diagnostic_v1_b025,mbd,diagnostic,jev_grounded,focus,True,choice,neither,neither,287
routing_diagnostic_v1_b025,mbd,diagnostic,jev_grounded,focus,True,choice,neither,__missing__,0
routing_diagnostic_v1_b025,mbd,diagnostic,jev_grounded,type,True,choice,fact,fact,195
routing_diagnostic_v1_b025,mbd,diagnostic,jev_grounded,type,True,choice,fact,opinion,17
routing_diagnostic_v1_b025,mbd,diagnostic,jev_grounded,type,True,choice,fact,borderline,15
routing_diagnostic_v1_b025,mbd,diagnostic,jev_grounded,type,True,choice,fact,quote,11
routing_diagnostic_v1_b025,mbd,diagnostic,jev_grounded,type,True,choice,fact,other,1
routing_diagnostic_v1_b025,mbd,diagnostic,jev_grounded,type,True,choice,fact,__missing__,0
routing_diagnostic_v1_b025,mbd,diagnostic,jev_grounded,type,True,choice,opinion,fact,3
routing_diagnostic_v1_b025,mbd,diagnostic,jev_grounded,type,True,choice,opinion,opinion,61
routing_diagnostic_v1_b025,mbd,diagnostic,jev_grounded,type,True,choice,opinion,borderline,6
routing_diagnostic_v1_b025,mbd,diagnostic,jev_grounded,type,True,choice,opinion,quote,3
routing_diagnostic_v1_b025,mbd,diagnostic,jev_grounded,type,True,choice,opinion,other,0
routing_diagnostic_v1_b025,mbd,diagnostic,jev_grounded,type,True,choice,opinion,__missing__,0
routing_diagnostic_v1_b025,mbd,diagnostic,jev_grounded,type,True,choice,borderline,fact,14
routing_diagnostic_v1_b025,mbd,diagnostic,jev_grounded,type,True,choice,borderline,opinion,7
routing_diagnostic_v1_b025,mbd,diagnostic,jev_grounded,type,True,choice,borderline,borderline,2
routing_diagnostic_v1_b025,mbd,diagnostic,jev_grounded,type,True,choice,borderline,quote,1
routing_diagnostic_v1_b025,mbd,diagnostic,jev_grounded,type,True,choice,borderline,other,0
routing_diagnostic_v1_b025,mbd,diagnostic,jev_grounded,type,True,choice,borderline,__missing__,0
routing_diagnostic_v1_b025,mbd,diagnostic,jev_grounded,type,True,choice,quote,fact,2
routing_diagnostic_v1_b025,mbd,diagnostic,jev_grounded,type,True,choice,quote,opinion,1
routing_diagnostic_v1_b025,mbd,diagnostic,jev_grounded,type,True,choice,quote,borderline,0
routing_diagnostic_v1_b025,mbd,diagnostic,jev_grounded,type,True,choice,quote,quote,118
routing_diagnostic_v1_b025,mbd,diagnostic,jev_grounded,type,True,choice,quote,other,0
routing_diagnostic_v1_b025,mbd,diagnostic,jev_grounded,type,True,choice,quote,__missing__,0
routing_diagnostic_v1_b025,mbd,diagnostic,jev_grounded,type,True,choice,other,fact,13
routing_diagnostic_v1_b025,mbd,diagnostic,jev_grounded,type,True,choice,other,opinion,7
routing_diagnostic_v1_b025,mbd,diagnostic,jev_grounded,type,True,choice,other,borderline,0
routing_diagnostic_v1_b025,mbd,diagnostic,jev_grounded,type,True,choice,other,quote,3
routing_diagnostic_v1_b025,mbd,diagnostic,jev_grounded,type,True,choice,other,other,28
routing_diagnostic_v1_b025,mbd,diagnostic,jev_grounded,type,True,choice,other,__missing__,0
routing_diagnostic_v1_b025,mbd,diagnostic,jev_targeted_llm,tone,True,choice,positive,positive,30
routing_diagnostic_v1_b025,mbd,diagnostic,jev_targeted_llm,tone,True,choice,positive,negative,0
routing_diagnostic_v1_b025,mbd,diagnostic,jev_targeted_llm,tone,True,choice,positive,neutral,21
routing_diagnostic_v1_b025,mbd,diagnostic,jev_targeted_llm,tone,True,choice,positive,__missing__,0
routing_diagnostic_v1_b025,mbd,diagnostic,jev_targeted_llm,tone,True,choice,negative,positive,0
routing_diagnostic_v1_b025,mbd,diagnostic,jev_targeted_llm,tone,True,choice,negative,negative,77
routing_diagnostic_v1_b025,mbd,diagnostic,jev_targeted_llm,tone,True,choice,negative,neutral,37
routing_diagnostic_v1_b025,mbd,diagnostic,jev_targeted_llm,tone,True,choice,negative,__missing__,0
routing_diagnostic_v1_b025,mbd,diagnostic,jev_targeted_llm,tone,True,choice,neutral,positive,14
routing_diagnostic_v1_b025,mbd,diagnostic,jev_targeted_llm,tone,True,choice,neutral,negative,51
routing_diagnostic_v1_b025,mbd,diagnostic,jev_targeted_llm,tone,True,choice,neutral,neutral,314
routing_diagnostic_v1_b025,mbd,diagnostic,jev_targeted_llm,tone,True,choice,neutral,__missing__,0
routing_diagnostic_v1_b025,mbd,diagnostic,jev_targeted_llm,focus,True,choice,democrat,democrat,64
routing_diagnostic_v1_b025,mbd,diagnostic,jev_targeted_llm,focus,True,choice,democrat,republican,0
routing_diagnostic_v1_b025,mbd,diagnostic,jev_targeted_llm,focus,True,choice,democrat,both,5
routing_diagnostic_v1_b025,mbd,diagnostic,jev_targeted_llm,focus,True,choice,democrat,neither,20
routing_diagnostic_v1_b025,mbd,diagnostic,jev_targeted_llm,focus,True,choice,democrat,__missing__,0
routing_diagnostic_v1_b025,mbd,diagnostic,jev_targeted_llm,focus,True,choice,republican,democrat,0
routing_diagnostic_v1_b025,mbd,diagnostic,jev_targeted_llm,focus,True,choice,republican,republican,69
routing_diagnostic_v1_b025,mbd,diagnostic,jev_targeted_llm,focus,True,choice,republican,both,2
routing_diagnostic_v1_b025,mbd,diagnostic,jev_targeted_llm,focus,True,choice,republican,neither,67
routing_diagnostic_v1_b025,mbd,diagnostic,jev_targeted_llm,focus,True,choice,republican,__missing__,0
routing_diagnostic_v1_b025,mbd,diagnostic,jev_targeted_llm,focus,True,choice,both,democrat,6
routing_diagnostic_v1_b025,mbd,diagnostic,jev_targeted_llm,focus,True,choice,both,republican,2
routing_diagnostic_v1_b025,mbd,diagnostic,jev_targeted_llm,focus,True,choice,both,both,16
routing_diagnostic_v1_b025,mbd,diagnostic,jev_targeted_llm,focus,True,choice,both,neither,3
routing_diagnostic_v1_b025,mbd,diagnostic,jev_targeted_llm,focus,True,choice,both,__missing__,0
routing_diagnostic_v1_b025,mbd,diagnostic,jev_targeted_llm,focus,True,choice,neither,democrat,3
routing_diagnostic_v1_b025,mbd,diagnostic,jev_targeted_llm,focus,True,choice,neither,republican,0
routing_diagnostic_v1_b025,mbd,diagnostic,jev_targeted_llm,focus,True,choice,neither,both,0
routing_diagnostic_v1_b025,mbd,diagnostic,jev_targeted_llm,focus,True,choice,neither,neither,289
routing_diagnostic_v1_b025,mbd,diagnostic,jev_targeted_llm,focus,True,choice,neither,__missing__,0
routing_diagnostic_v1_b025,mbd,diagnostic,jev_targeted_llm,type,True,choice,fact,fact,193
routing_diagnostic_v1_b025,mbd,diagnostic,jev_targeted_llm,type,True,choice,fact,opinion,14
routing_diagnostic_v1_b025,mbd,diagnostic,jev_targeted_llm,type,True,choice,fact,borderline,20
routing_diagnostic_v1_b025,mbd,diagnostic,jev_targeted_llm,type,True,choice,fact,quote,11
routing_diagnostic_v1_b025,mbd,diagnostic,jev_targeted_llm,type,True,choice,fact,other,1
routing_diagnostic_v1_b025,mbd,diagnostic,jev_targeted_llm,type,True,choice,fact,__missing__,0
routing_diagnostic_v1_b025,mbd,diagnostic,jev_targeted_llm,type,True,choice,opinion,fact,3
routing_diagnostic_v1_b025,mbd,diagnostic,jev_targeted_llm,type,True,choice,opinion,opinion,64
routing_diagnostic_v1_b025,mbd,diagnostic,jev_targeted_llm,type,True,choice,opinion,borderline,6
routing_diagnostic_v1_b025,mbd,diagnostic,jev_targeted_llm,type,True,choice,opinion,quote,0
routing_diagnostic_v1_b025,mbd,diagnostic,jev_targeted_llm,type,True,choice,opinion,other,0
routing_diagnostic_v1_b025,mbd,diagnostic,jev_targeted_llm,type,True,choice,opinion,__missing__,0
routing_diagnostic_v1_b025,mbd,diagnostic,jev_targeted_llm,type,True,choice,borderline,fact,13
routing_diagnostic_v1_b025,mbd,diagnostic,jev_targeted_llm,type,True,choice,borderline,opinion,7
routing_diagnostic_v1_b025,mbd,diagnostic,jev_targeted_llm,type,True,choice,borderline,borderline,4
routing_diagnostic_v1_b025,mbd,diagnostic,jev_targeted_llm,type,True,choice,borderline,quote,0
routing_diagnostic_v1_b025,mbd,diagnostic,jev_targeted_llm,type,True,choice,borderline,other,0
routing_diagnostic_v1_b025,mbd,diagnostic,jev_targeted_llm,type,True,choice,borderline,__missing__,0
routing_diagnostic_v1_b025,mbd,diagnostic,jev_targeted_llm,type,True,choice,quote,fact,3
routing_diagnostic_v1_b025,mbd,diagnostic,jev_targeted_llm,type,True,choice,quote,opinion,1
routing_diagnostic_v1_b025,mbd,diagnostic,jev_targeted_llm,type,True,choice,quote,borderline,0
routing_diagnostic_v1_b025,mbd,diagnostic,jev_targeted_llm,type,True,choice,quote,quote,117
routing_diagnostic_v1_b025,mbd,diagnostic,jev_targeted_llm,type,True,choice,quote,other,0
routing_diagnostic_v1_b025,mbd,diagnostic,jev_targeted_llm,type,True,choice,quote,__missing__,0
routing_diagnostic_v1_b025,mbd,diagnostic,jev_targeted_llm,type,True,choice,other,fact,12
routing_diagnostic_v1_b025,mbd,diagnostic,jev_targeted_llm,type,True,choice,other,opinion,5
routing_diagnostic_v1_b025,mbd,diagnostic,jev_targeted_llm,type,True,choice,other,borderline,0
routing_diagnostic_v1_b025,mbd,diagnostic,jev_targeted_llm,type,True,choice,other,quote,3
routing_diagnostic_v1_b025,mbd,diagnostic,jev_targeted_llm,type,True,choice,other,other,31
routing_diagnostic_v1_b025,mbd,diagnostic,jev_targeted_llm,type,True,choice,other,__missing__,0
routing_diagnostic_v1_b025,ucc,diagnostic,jev_grounded,healthy,True,choice,0,0,48
routing_diagnostic_v1_b025,ucc,diagnostic,jev_grounded,healthy,True,choice,0,1,17
routing_diagnostic_v1_b025,ucc,diagnostic,jev_grounded,healthy,True,choice,0,__missing__,0
routing_diagnostic_v1_b025,ucc,diagnostic,jev_grounded,healthy,True,choice,1,0,479
routing_diagnostic_v1_b025,ucc,diagnostic,jev_grounded,healthy,True,choice,1,1,458
routing_diagnostic_v1_b025,ucc,diagnostic,jev_grounded,healthy,True,choice,1,__missing__,0
routing_diagnostic_v1_b025,ucc,diagnostic,jev_grounded,sarcastic,True,choice,0,0,545
routing_diagnostic_v1_b025,ucc,diagnostic,jev_grounded,sarcastic,True,choice,0,1,409
routing_diagnostic_v1_b025,ucc,diagnostic,jev_grounded,sarcastic,True,choice,0,__missing__,0
routing_diagnostic_v1_b025,ucc,diagnostic,jev_grounded,sarcastic,True,choice,1,0,15
routing_diagnostic_v1_b025,ucc,diagnostic,jev_grounded,sarcastic,True,choice,1,1,33
routing_diagnostic_v1_b025,ucc,diagnostic,jev_grounded,sarcastic,True,choice,1,__missing__,0
routing_diagnostic_v1_b025,ucc,diagnostic,jev_grounded,generalisation,False,choice,0,0,785
routing_diagnostic_v1_b025,ucc,diagnostic,jev_grounded,generalisation,False,choice,0,1,202
routing_diagnostic_v1_b025,ucc,diagnostic,jev_grounded,generalisation,False,choice,0,__missing__,0
routing_diagnostic_v1_b025,ucc,diagnostic,jev_grounded,generalisation,False,choice,1,0,4
routing_diagnostic_v1_b025,ucc,diagnostic,jev_grounded,generalisation,False,choice,1,1,11
routing_diagnostic_v1_b025,ucc,diagnostic,jev_grounded,generalisation,False,choice,1,__missing__,0
routing_diagnostic_v1_b025,ucc,diagnostic,jev_grounded,generalisation_unfair,True,choice,0,0,852
routing_diagnostic_v1_b025,ucc,diagnostic,jev_grounded,generalisation_unfair,True,choice,0,1,136
routing_diagnostic_v1_b025,ucc,diagnostic,jev_grounded,generalisation_unfair,True,choice,0,__missing__,0
routing_diagnostic_v1_b025,ucc,diagnostic,jev_grounded,generalisation_unfair,True,choice,1,0,5
routing_diagnostic_v1_b025,ucc,diagnostic,jev_grounded,generalisation_unfair,True,choice,1,1,9
routing_diagnostic_v1_b025,ucc,diagnostic,jev_grounded,generalisation_unfair,True,choice,1,__missing__,0
routing_diagnostic_v1_b025,ucc,diagnostic,jev_grounded,hostile,True,choice,0,0,658
routing_diagnostic_v1_b025,ucc,diagnostic,jev_grounded,hostile,True,choice,0,1,323
routing_diagnostic_v1_b025,ucc,diagnostic,jev_grounded,hostile,True,choice,0,__missing__,0
routing_diagnostic_v1_b025,ucc,diagnostic,jev_grounded,hostile,True,choice,1,0,3
routing_diagnostic_v1_b025,ucc,diagnostic,jev_grounded,hostile,True,choice,1,1,18
routing_diagnostic_v1_b025,ucc,diagnostic,jev_grounded,hostile,True,choice,1,__missing__,0
routing_diagnostic_v1_b025,ucc,diagnostic,jev_grounded,antagonize,True,choice,0,0,503
routing_diagnostic_v1_b025,ucc,diagnostic,jev_grounded,antagonize,True,choice,0,1,448
routing_diagnostic_v1_b025,ucc,diagnostic,jev_grounded,antagonize,True,choice,0,__missing__,0
routing_diagnostic_v1_b025,ucc,diagnostic,jev_grounded,antagonize,True,choice,1,0,8
routing_diagnostic_v1_b025,ucc,diagnostic,jev_grounded,antagonize,True,choice,1,1,43
routing_diagnostic_v1_b025,ucc,diagnostic,jev_grounded,antagonize,True,choice,1,__missing__,0
routing_diagnostic_v1_b025,ucc,diagnostic,jev_grounded,condescending,True,choice,0,0,577
routing_diagnostic_v1_b025,ucc,diagnostic,jev_grounded,condescending,True,choice,0,1,378
routing_diagnostic_v1_b025,ucc,diagnostic,jev_grounded,condescending,True,choice,0,__missing__,0
routing_diagnostic_v1_b025,ucc,diagnostic,jev_grounded,condescending,True,choice,1,0,11
routing_diagnostic_v1_b025,ucc,diagnostic,jev_grounded,condescending,True,choice,1,1,36
routing_diagnostic_v1_b025,ucc,diagnostic,jev_grounded,condescending,True,choice,1,__missing__,0
routing_diagnostic_v1_b025,ucc,diagnostic,jev_grounded,dismissive,True,choice,0,0,605
routing_diagnostic_v1_b025,ucc,diagnostic,jev_grounded,dismissive,True,choice,0,1,373
routing_diagnostic_v1_b025,ucc,diagnostic,jev_grounded,dismissive,True,choice,0,__missing__,0
routing_diagnostic_v1_b025,ucc,diagnostic,jev_grounded,dismissive,True,choice,1,0,8
routing_diagnostic_v1_b025,ucc,diagnostic,jev_grounded,dismissive,True,choice,1,1,16
routing_diagnostic_v1_b025,ucc,diagnostic,jev_grounded,dismissive,True,choice,1,__missing__,0
routing_diagnostic_v1_b025,ucc,diagnostic,jev_targeted_llm,healthy,True,choice,0,0,17
routing_diagnostic_v1_b025,ucc,diagnostic,jev_targeted_llm,healthy,True,choice,0,1,48
routing_diagnostic_v1_b025,ucc,diagnostic,jev_targeted_llm,healthy,True,choice,0,__missing__,0
routing_diagnostic_v1_b025,ucc,diagnostic,jev_targeted_llm,healthy,True,choice,1,0,119
routing_diagnostic_v1_b025,ucc,diagnostic,jev_targeted_llm,healthy,True,choice,1,1,818
routing_diagnostic_v1_b025,ucc,diagnostic,jev_targeted_llm,healthy,True,choice,1,__missing__,0
routing_diagnostic_v1_b025,ucc,diagnostic,jev_targeted_llm,sarcastic,True,choice,0,0,853
routing_diagnostic_v1_b025,ucc,diagnostic,jev_targeted_llm,sarcastic,True,choice,0,1,101
routing_diagnostic_v1_b025,ucc,diagnostic,jev_targeted_llm,sarcastic,True,choice,0,__missing__,0
routing_diagnostic_v1_b025,ucc,diagnostic,jev_targeted_llm,sarcastic,True,choice,1,0,35
routing_diagnostic_v1_b025,ucc,diagnostic,jev_targeted_llm,sarcastic,True,choice,1,1,13
routing_diagnostic_v1_b025,ucc,diagnostic,jev_targeted_llm,sarcastic,True,choice,1,__missing__,0
routing_diagnostic_v1_b025,ucc,diagnostic,jev_targeted_llm,generalisation,False,choice,0,0,930
routing_diagnostic_v1_b025,ucc,diagnostic,jev_targeted_llm,generalisation,False,choice,0,1,57
routing_diagnostic_v1_b025,ucc,diagnostic,jev_targeted_llm,generalisation,False,choice,0,__missing__,0
routing_diagnostic_v1_b025,ucc,diagnostic,jev_targeted_llm,generalisation,False,choice,1,0,8
routing_diagnostic_v1_b025,ucc,diagnostic,jev_targeted_llm,generalisation,False,choice,1,1,7
routing_diagnostic_v1_b025,ucc,diagnostic,jev_targeted_llm,generalisation,False,choice,1,__missing__,0
routing_diagnostic_v1_b025,ucc,diagnostic,jev_targeted_llm,generalisation_unfair,True,choice,0,0,946
routing_diagnostic_v1_b025,ucc,diagnostic,jev_targeted_llm,generalisation_unfair,True,choice,0,1,42
routing_diagnostic_v1_b025,ucc,diagnostic,jev_targeted_llm,generalisation_unfair,True,choice,0,__missing__,0
routing_diagnostic_v1_b025,ucc,diagnostic,jev_targeted_llm,generalisation_unfair,True,choice,1,0,8
routing_diagnostic_v1_b025,ucc,diagnostic,jev_targeted_llm,generalisation_unfair,True,choice,1,1,6
routing_diagnostic_v1_b025,ucc,diagnostic,jev_targeted_llm,generalisation_unfair,True,choice,1,__missing__,0
routing_diagnostic_v1_b025,ucc,diagnostic,jev_targeted_llm,hostile,True,choice,0,0,919
routing_diagnostic_v1_b025,ucc,diagnostic,jev_targeted_llm,hostile,True,choice,0,1,62
routing_diagnostic_v1_b025,ucc,diagnostic,jev_targeted_llm,hostile,True,choice,0,__missing__,0
routing_diagnostic_v1_b025,ucc,diagnostic,jev_targeted_llm,hostile,True,choice,1,0,14
routing_diagnostic_v1_b025,ucc,diagnostic,jev_targeted_llm,hostile,True,choice,1,1,7
routing_diagnostic_v1_b025,ucc,diagnostic,jev_targeted_llm,hostile,True,choice,1,__missing__,0
routing_diagnostic_v1_b025,ucc,diagnostic,jev_targeted_llm,antagonize,True,choice,0,0,867
routing_diagnostic_v1_b025,ucc,diagnostic,jev_targeted_llm,antagonize,True,choice,0,1,84
routing_diagnostic_v1_b025,ucc,diagnostic,jev_targeted_llm,antagonize,True,choice,0,__missing__,0
routing_diagnostic_v1_b025,ucc,diagnostic,jev_targeted_llm,antagonize,True,choice,1,0,40
routing_diagnostic_v1_b025,ucc,diagnostic,jev_targeted_llm,antagonize,True,choice,1,1,11
routing_diagnostic_v1_b025,ucc,diagnostic,jev_targeted_llm,antagonize,True,choice,1,__missing__,0
routing_diagnostic_v1_b025,ucc,diagnostic,jev_targeted_llm,condescending,True,choice,0,0,841
routing_diagnostic_v1_b025,ucc,diagnostic,jev_targeted_llm,condescending,True,choice,0,1,114
routing_diagnostic_v1_b025,ucc,diagnostic,jev_targeted_llm,condescending,True,choice,0,__missing__,0
routing_diagnostic_v1_b025,ucc,diagnostic,jev_targeted_llm,condescending,True,choice,1,0,31
routing_diagnostic_v1_b025,ucc,diagnostic,jev_targeted_llm,condescending,True,choice,1,1,16
routing_diagnostic_v1_b025,ucc,diagnostic,jev_targeted_llm,condescending,True,choice,1,__missing__,0
routing_diagnostic_v1_b025,ucc,diagnostic,jev_targeted_llm,dismissive,True,choice,0,0,844
routing_diagnostic_v1_b025,ucc,diagnostic,jev_targeted_llm,dismissive,True,choice,0,1,134
routing_diagnostic_v1_b025,ucc,diagnostic,jev_targeted_llm,dismissive,True,choice,0,__missing__,0
routing_diagnostic_v1_b025,ucc,diagnostic,jev_targeted_llm,dismissive,True,choice,1,0,18
routing_diagnostic_v1_b025,ucc,diagnostic,jev_targeted_llm,dismissive,True,choice,1,1,6
routing_diagnostic_v1_b025,ucc,diagnostic,jev_targeted_llm,dismissive,True,choice,1,__missing__,0
routing_discovery_v1_b01,babe,discovery,jev_explanation,label_bias,True,choice,Non-biased,Non-biased,84
routing_discovery_v1_b01,babe,discovery,jev_explanation,label_bias,True,choice,Non-biased,Biased,7
routing_discovery_v1_b01,babe,discovery,jev_explanation,label_bias,True,choice,Non-biased,__missing__,6
routing_discovery_v1_b01,babe,discovery,jev_explanation,label_bias,True,choice,Biased,Non-biased,38
routing_discovery_v1_b01,babe,discovery,jev_explanation,label_bias,True,choice,Biased,Biased,55
routing_discovery_v1_b01,babe,discovery,jev_explanation,label_bias,True,choice,Biased,__missing__,10
routing_discovery_v1_b01,babe,discovery,jev_grounded,label_bias,True,choice,Non-biased,Non-biased,71
routing_discovery_v1_b01,babe,discovery,jev_grounded,label_bias,True,choice,Non-biased,Biased,26
routing_discovery_v1_b01,babe,discovery,jev_grounded,label_bias,True,choice,Non-biased,__missing__,0
routing_discovery_v1_b01,babe,discovery,jev_grounded,label_bias,True,choice,Biased,Non-biased,20
routing_discovery_v1_b01,babe,discovery,jev_grounded,label_bias,True,choice,Biased,Biased,83
routing_discovery_v1_b01,babe,discovery,jev_grounded,label_bias,True,choice,Biased,__missing__,0
routing_discovery_v1_b01,babe,discovery,jev_targeted_llm,label_bias,True,choice,Non-biased,Non-biased,86
routing_discovery_v1_b01,babe,discovery,jev_targeted_llm,label_bias,True,choice,Non-biased,Biased,11
routing_discovery_v1_b01,babe,discovery,jev_targeted_llm,label_bias,True,choice,Non-biased,__missing__,0
routing_discovery_v1_b01,babe,discovery,jev_targeted_llm,label_bias,True,choice,Biased,Non-biased,39
routing_discovery_v1_b01,babe,discovery,jev_targeted_llm,label_bias,True,choice,Biased,Biased,64
routing_discovery_v1_b01,babe,discovery,jev_targeted_llm,label_bias,True,choice,Biased,__missing__,0
routing_discovery_v1_b01,conflict,discovery,jev_explanation,rating_directness_content,True,choice,Yes - Direct Content,Yes - Direct Content,82
routing_discovery_v1_b01,conflict,discovery,jev_explanation,rating_directness_content,True,choice,Yes - Direct Content,Neutral - Content contains no opinion,3
routing_discovery_v1_b01,conflict,discovery,jev_explanation,rating_directness_content,True,choice,Yes - Direct Content,No - Indirect Content,7
routing_discovery_v1_b01,conflict,discovery,jev_explanation,rating_directness_content,True,choice,Yes - Direct Content,__missing__,0
routing_discovery_v1_b01,conflict,discovery,jev_explanation,rating_directness_content,True,choice,Neutral - Content contains no opinion,Yes - Direct Content,0
routing_discovery_v1_b01,conflict,discovery,jev_explanation,rating_directness_content,True,choice,Neutral - Content contains no opinion,Neutral - Content contains no opinion,0
routing_discovery_v1_b01,conflict,discovery,jev_explanation,rating_directness_content,True,choice,Neutral - Content contains no opinion,No - Indirect Content,0
routing_discovery_v1_b01,conflict,discovery,jev_explanation,rating_directness_content,True,choice,Neutral - Content contains no opinion,__missing__,0
routing_discovery_v1_b01,conflict,discovery,jev_explanation,rating_directness_content,True,choice,No - Indirect Content,Yes - Direct Content,0
routing_discovery_v1_b01,conflict,discovery,jev_explanation,rating_directness_content,True,choice,No - Indirect Content,Neutral - Content contains no opinion,0
routing_discovery_v1_b01,conflict,discovery,jev_explanation,rating_directness_content,True,choice,No - Indirect Content,No - Indirect Content,0
routing_discovery_v1_b01,conflict,discovery,jev_explanation,rating_directness_content,True,choice,No - Indirect Content,__missing__,0
routing_discovery_v1_b01,conflict,discovery,jev_explanation,rating_directness_expression,True,choice,Yes - Direct Expression,Yes - Direct Expression,87
routing_discovery_v1_b01,conflict,discovery,jev_explanation,rating_directness_expression,True,choice,Yes - Direct Expression,No - Indirect Expression,0
routing_discovery_v1_b01,conflict,discovery,jev_explanation,rating_directness_expression,True,choice,Yes - Direct Expression,__missing__,0
routing_discovery_v1_b01,conflict,discovery,jev_explanation,rating_directness_expression,True,choice,No - Indirect Expression,Yes - Direct Expression,5
routing_discovery_v1_b01,conflict,discovery,jev_explanation,rating_directness_expression,True,choice,No - Indirect Expression,No - Indirect Expression,0
routing_discovery_v1_b01,conflict,discovery,jev_explanation,rating_directness_expression,True,choice,No - Indirect Expression,__missing__,0
routing_discovery_v1_b01,conflict,discovery,jev_explanation,rating_OI_content,True,choice,Yes - Content opposes someone else,Yes - Content opposes someone else,83
routing_discovery_v1_b01,conflict,discovery,jev_explanation,rating_OI_content,True,choice,Yes - Content opposes someone else,No - Content does not oppose anyone,7
routing_discovery_v1_b01,conflict,discovery,jev_explanation,rating_OI_content,True,choice,Yes - Content opposes someone else,__missing__,0
routing_discovery_v1_b01,conflict,discovery,jev_explanation,rating_OI_content,True,choice,No - Content does not oppose anyone,Yes - Content opposes someone else,1
routing_discovery_v1_b01,conflict,discovery,jev_explanation,rating_OI_content,True,choice,No - Content does not oppose anyone,No - Content does not oppose anyone,1
routing_discovery_v1_b01,conflict,discovery,jev_explanation,rating_OI_content,True,choice,No - Content does not oppose anyone,__missing__,0
routing_discovery_v1_b01,conflict,discovery,jev_explanation,rating_OI_expression,True,choice,Yes - Expression is emotional/forceful,Yes - Expression is emotional/forceful,4
routing_discovery_v1_b01,conflict,discovery,jev_explanation,rating_OI_expression,True,choice,Yes - Expression is emotional/forceful,No - Expression is not emotional/forceful,12
routing_discovery_v1_b01,conflict,discovery,jev_explanation,rating_OI_expression,True,choice,Yes - Expression is emotional/forceful,__missing__,0
routing_discovery_v1_b01,conflict,discovery,jev_explanation,rating_OI_expression,True,choice,No - Expression is not emotional/forceful,Yes - Expression is emotional/forceful,4
routing_discovery_v1_b01,conflict,discovery,jev_explanation,rating_OI_expression,True,choice,No - Expression is not emotional/forceful,No - Expression is not emotional/forceful,72
routing_discovery_v1_b01,conflict,discovery,jev_explanation,rating_OI_expression,True,choice,No - Expression is not emotional/forceful,__missing__,0
routing_discovery_v1_b01,conflict,discovery,jev_grounded,rating_directness_content,True,choice,Yes - Direct Content,Yes - Direct Content,82
routing_discovery_v1_b01,conflict,discovery,jev_grounded,rating_directness_content,True,choice,Yes - Direct Content,Neutral - Content contains no opinion,3
routing_discovery_v1_b01,conflict,discovery,jev_grounded,rating_directness_content,True,choice,Yes - Direct Content,No - Indirect Content,7
routing_discovery_v1_b01,conflict,discovery,jev_grounded,rating_directness_content,True,choice,Yes - Direct Content,__missing__,0
routing_discovery_v1_b01,conflict,discovery,jev_grounded,rating_directness_content,True,choice,Neutral - Content contains no opinion,Yes - Direct Content,0
routing_discovery_v1_b01,conflict,discovery,jev_grounded,rating_directness_content,True,choice,Neutral - Content contains no opinion,Neutral - Content contains no opinion,0
routing_discovery_v1_b01,conflict,discovery,jev_grounded,rating_directness_content,True,choice,Neutral - Content contains no opinion,No - Indirect Content,0
routing_discovery_v1_b01,conflict,discovery,jev_grounded,rating_directness_content,True,choice,Neutral - Content contains no opinion,__missing__,0
routing_discovery_v1_b01,conflict,discovery,jev_grounded,rating_directness_content,True,choice,No - Indirect Content,Yes - Direct Content,0
routing_discovery_v1_b01,conflict,discovery,jev_grounded,rating_directness_content,True,choice,No - Indirect Content,Neutral - Content contains no opinion,0
routing_discovery_v1_b01,conflict,discovery,jev_grounded,rating_directness_content,True,choice,No - Indirect Content,No - Indirect Content,0
routing_discovery_v1_b01,conflict,discovery,jev_grounded,rating_directness_content,True,choice,No - Indirect Content,__missing__,0
routing_discovery_v1_b01,conflict,discovery,jev_grounded,rating_directness_expression,True,choice,Yes - Direct Expression,Yes - Direct Expression,73
routing_discovery_v1_b01,conflict,discovery,jev_grounded,rating_directness_expression,True,choice,Yes - Direct Expression,No - Indirect Expression,14
routing_discovery_v1_b01,conflict,discovery,jev_grounded,rating_directness_expression,True,choice,Yes - Direct Expression,__missing__,0
routing_discovery_v1_b01,conflict,discovery,jev_grounded,rating_directness_expression,True,choice,No - Indirect Expression,Yes - Direct Expression,3
routing_discovery_v1_b01,conflict,discovery,jev_grounded,rating_directness_expression,True,choice,No - Indirect Expression,No - Indirect Expression,2
routing_discovery_v1_b01,conflict,discovery,jev_grounded,rating_directness_expression,True,choice,No - Indirect Expression,__missing__,0
routing_discovery_v1_b01,conflict,discovery,jev_grounded,rating_OI_content,True,choice,Yes - Content opposes someone else,Yes - Content opposes someone else,75
routing_discovery_v1_b01,conflict,discovery,jev_grounded,rating_OI_content,True,choice,Yes - Content opposes someone else,No - Content does not oppose anyone,15
routing_discovery_v1_b01,conflict,discovery,jev_grounded,rating_OI_content,True,choice,Yes - Content opposes someone else,__missing__,0
routing_discovery_v1_b01,conflict,discovery,jev_grounded,rating_OI_content,True,choice,No - Content does not oppose anyone,Yes - Content opposes someone else,1
routing_discovery_v1_b01,conflict,discovery,jev_grounded,rating_OI_content,True,choice,No - Content does not oppose anyone,No - Content does not oppose anyone,1
routing_discovery_v1_b01,conflict,discovery,jev_grounded,rating_OI_content,True,choice,No - Content does not oppose anyone,__missing__,0
routing_discovery_v1_b01,conflict,discovery,jev_grounded,rating_OI_expression,True,choice,Yes - Expression is emotional/forceful,Yes - Expression is emotional/forceful,9
routing_discovery_v1_b01,conflict,discovery,jev_grounded,rating_OI_expression,True,choice,Yes - Expression is emotional/forceful,No - Expression is not emotional/forceful,7
routing_discovery_v1_b01,conflict,discovery,jev_grounded,rating_OI_expression,True,choice,Yes - Expression is emotional/forceful,__missing__,0
routing_discovery_v1_b01,conflict,discovery,jev_grounded,rating_OI_expression,True,choice,No - Expression is not emotional/forceful,Yes - Expression is emotional/forceful,14
routing_discovery_v1_b01,conflict,discovery,jev_grounded,rating_OI_expression,True,choice,No - Expression is not emotional/forceful,No - Expression is not emotional/forceful,62
routing_discovery_v1_b01,conflict,discovery,jev_grounded,rating_OI_expression,True,choice,No - Expression is not emotional/forceful,__missing__,0
routing_discovery_v1_b01,conflict,discovery,jev_targeted_llm,rating_directness_content,True,choice,Yes - Direct Content,Yes - Direct Content,82
routing_discovery_v1_b01,conflict,discovery,jev_targeted_llm,rating_directness_content,True,choice,Yes - Direct Content,Neutral - Content contains no opinion,3
routing_discovery_v1_b01,conflict,discovery,jev_targeted_llm,rating_directness_content,True,choice,Yes - Direct Content,No - Indirect Content,7
routing_discovery_v1_b01,conflict,discovery,jev_targeted_llm,rating_directness_content,True,choice,Yes - Direct Content,__missing__,0
routing_discovery_v1_b01,conflict,discovery,jev_targeted_llm,rating_directness_content,True,choice,Neutral - Content contains no opinion,Yes - Direct Content,0
routing_discovery_v1_b01,conflict,discovery,jev_targeted_llm,rating_directness_content,True,choice,Neutral - Content contains no opinion,Neutral - Content contains no opinion,0
routing_discovery_v1_b01,conflict,discovery,jev_targeted_llm,rating_directness_content,True,choice,Neutral - Content contains no opinion,No - Indirect Content,0
routing_discovery_v1_b01,conflict,discovery,jev_targeted_llm,rating_directness_content,True,choice,Neutral - Content contains no opinion,__missing__,0
routing_discovery_v1_b01,conflict,discovery,jev_targeted_llm,rating_directness_content,True,choice,No - Indirect Content,Yes - Direct Content,0
routing_discovery_v1_b01,conflict,discovery,jev_targeted_llm,rating_directness_content,True,choice,No - Indirect Content,Neutral - Content contains no opinion,0
routing_discovery_v1_b01,conflict,discovery,jev_targeted_llm,rating_directness_content,True,choice,No - Indirect Content,No - Indirect Content,0
routing_discovery_v1_b01,conflict,discovery,jev_targeted_llm,rating_directness_content,True,choice,No - Indirect Content,__missing__,0
routing_discovery_v1_b01,conflict,discovery,jev_targeted_llm,rating_directness_expression,True,choice,Yes - Direct Expression,Yes - Direct Expression,87
routing_discovery_v1_b01,conflict,discovery,jev_targeted_llm,rating_directness_expression,True,choice,Yes - Direct Expression,No - Indirect Expression,0
routing_discovery_v1_b01,conflict,discovery,jev_targeted_llm,rating_directness_expression,True,choice,Yes - Direct Expression,__missing__,0
routing_discovery_v1_b01,conflict,discovery,jev_targeted_llm,rating_directness_expression,True,choice,No - Indirect Expression,Yes - Direct Expression,5
routing_discovery_v1_b01,conflict,discovery,jev_targeted_llm,rating_directness_expression,True,choice,No - Indirect Expression,No - Indirect Expression,0
routing_discovery_v1_b01,conflict,discovery,jev_targeted_llm,rating_directness_expression,True,choice,No - Indirect Expression,__missing__,0
routing_discovery_v1_b01,conflict,discovery,jev_targeted_llm,rating_OI_content,True,choice,Yes - Content opposes someone else,Yes - Content opposes someone else,83
routing_discovery_v1_b01,conflict,discovery,jev_targeted_llm,rating_OI_content,True,choice,Yes - Content opposes someone else,No - Content does not oppose anyone,7
routing_discovery_v1_b01,conflict,discovery,jev_targeted_llm,rating_OI_content,True,choice,Yes - Content opposes someone else,__missing__,0
routing_discovery_v1_b01,conflict,discovery,jev_targeted_llm,rating_OI_content,True,choice,No - Content does not oppose anyone,Yes - Content opposes someone else,1
routing_discovery_v1_b01,conflict,discovery,jev_targeted_llm,rating_OI_content,True,choice,No - Content does not oppose anyone,No - Content does not oppose anyone,1
routing_discovery_v1_b01,conflict,discovery,jev_targeted_llm,rating_OI_content,True,choice,No - Content does not oppose anyone,__missing__,0
routing_discovery_v1_b01,conflict,discovery,jev_targeted_llm,rating_OI_expression,True,choice,Yes - Expression is emotional/forceful,Yes - Expression is emotional/forceful,4
routing_discovery_v1_b01,conflict,discovery,jev_targeted_llm,rating_OI_expression,True,choice,Yes - Expression is emotional/forceful,No - Expression is not emotional/forceful,12
routing_discovery_v1_b01,conflict,discovery,jev_targeted_llm,rating_OI_expression,True,choice,Yes - Expression is emotional/forceful,__missing__,0
routing_discovery_v1_b01,conflict,discovery,jev_targeted_llm,rating_OI_expression,True,choice,No - Expression is not emotional/forceful,Yes - Expression is emotional/forceful,4
routing_discovery_v1_b01,conflict,discovery,jev_targeted_llm,rating_OI_expression,True,choice,No - Expression is not emotional/forceful,No - Expression is not emotional/forceful,72
routing_discovery_v1_b01,conflict,discovery,jev_targeted_llm,rating_OI_expression,True,choice,No - Expression is not emotional/forceful,__missing__,0
routing_discovery_v1_b01,mbd,discovery,jev_explanation,type,True,choice,fact,fact,77
routing_discovery_v1_b01,mbd,discovery,jev_explanation,type,True,choice,fact,opinion,4
routing_discovery_v1_b01,mbd,discovery,jev_explanation,type,True,choice,fact,borderline,3
routing_discovery_v1_b01,mbd,discovery,jev_explanation,type,True,choice,fact,quote,3
routing_discovery_v1_b01,mbd,discovery,jev_explanation,type,True,choice,fact,other,5
routing_discovery_v1_b01,mbd,discovery,jev_explanation,type,True,choice,fact,__missing__,14
routing_discovery_v1_b01,mbd,discovery,jev_explanation,type,True,choice,opinion,fact,0
routing_discovery_v1_b01,mbd,discovery,jev_explanation,type,True,choice,opinion,opinion,2
routing_discovery_v1_b01,mbd,discovery,jev_explanation,type,True,choice,opinion,borderline,0
routing_discovery_v1_b01,mbd,discovery,jev_explanation,type,True,choice,opinion,quote,2
routing_discovery_v1_b01,mbd,discovery,jev_explanation,type,True,choice,opinion,other,0
routing_discovery_v1_b01,mbd,discovery,jev_explanation,type,True,choice,opinion,__missing__,0
routing_discovery_v1_b01,mbd,discovery,jev_explanation,type,True,choice,borderline,fact,0
routing_discovery_v1_b01,mbd,discovery,jev_explanation,type,True,choice,borderline,opinion,0
routing_discovery_v1_b01,mbd,discovery,jev_explanation,type,True,choice,borderline,borderline,0
routing_discovery_v1_b01,mbd,discovery,jev_explanation,type,True,choice,borderline,quote,0
routing_discovery_v1_b01,mbd,discovery,jev_explanation,type,True,choice,borderline,other,0
routing_discovery_v1_b01,mbd,discovery,jev_explanation,type,True,choice,borderline,__missing__,1
routing_discovery_v1_b01,mbd,discovery,jev_explanation,type,True,choice,quote,fact,3
routing_discovery_v1_b01,mbd,discovery,jev_explanation,type,True,choice,quote,opinion,3
routing_discovery_v1_b01,mbd,discovery,jev_explanation,type,True,choice,quote,borderline,1
routing_discovery_v1_b01,mbd,discovery,jev_explanation,type,True,choice,quote,quote,66
routing_discovery_v1_b01,mbd,discovery,jev_explanation,type,True,choice,quote,other,0
routing_discovery_v1_b01,mbd,discovery,jev_explanation,type,True,choice,quote,__missing__,0
routing_discovery_v1_b01,mbd,discovery,jev_explanation,type,True,choice,other,fact,6
routing_discovery_v1_b01,mbd,discovery,jev_explanation,type,True,choice,other,opinion,0
routing_discovery_v1_b01,mbd,discovery,jev_explanation,type,True,choice,other,borderline,0
routing_discovery_v1_b01,mbd,discovery,jev_explanation,type,True,choice,other,quote,0
routing_discovery_v1_b01,mbd,discovery,jev_explanation,type,True,choice,other,other,18
routing_discovery_v1_b01,mbd,discovery,jev_explanation,type,True,choice,other,__missing__,1
routing_discovery_v1_b01,mbd,discovery,jev_explanation,tone,True,choice,positive,positive,9
routing_discovery_v1_b01,mbd,discovery,jev_explanation,tone,True,choice,positive,negative,0
routing_discovery_v1_b01,mbd,discovery,jev_explanation,tone,True,choice,positive,neutral,3
routing_discovery_v1_b01,mbd,discovery,jev_explanation,tone,True,choice,positive,__missing__,0
routing_discovery_v1_b01,mbd,discovery,jev_explanation,tone,True,choice,negative,positive,0
routing_discovery_v1_b01,mbd,discovery,jev_explanation,tone,True,choice,negative,negative,24
routing_discovery_v1_b01,mbd,discovery,jev_explanation,tone,True,choice,negative,neutral,11
routing_discovery_v1_b01,mbd,discovery,jev_explanation,tone,True,choice,negative,__missing__,0
routing_discovery_v1_b01,mbd,discovery,jev_explanation,tone,True,choice,neutral,positive,10
routing_discovery_v1_b01,mbd,discovery,jev_explanation,tone,True,choice,neutral,negative,5
routing_discovery_v1_b01,mbd,discovery,jev_explanation,tone,True,choice,neutral,neutral,132
routing_discovery_v1_b01,mbd,discovery,jev_explanation,tone,True,choice,neutral,__missing__,16
routing_discovery_v1_b01,mbd,discovery,jev_explanation,focus,True,choice,democrat,democrat,12
routing_discovery_v1_b01,mbd,discovery,jev_explanation,focus,True,choice,democrat,republican,0
routing_discovery_v1_b01,mbd,discovery,jev_explanation,focus,True,choice,democrat,both,1
routing_discovery_v1_b01,mbd,discovery,jev_explanation,focus,True,choice,democrat,neither,2
routing_discovery_v1_b01,mbd,discovery,jev_explanation,focus,True,choice,democrat,__missing__,0
routing_discovery_v1_b01,mbd,discovery,jev_explanation,focus,True,choice,republican,democrat,1
routing_discovery_v1_b01,mbd,discovery,jev_explanation,focus,True,choice,republican,republican,22
routing_discovery_v1_b01,mbd,discovery,jev_explanation,focus,True,choice,republican,both,4
routing_discovery_v1_b01,mbd,discovery,jev_explanation,focus,True,choice,republican,neither,7
routing_discovery_v1_b01,mbd,discovery,jev_explanation,focus,True,choice,republican,__missing__,0
routing_discovery_v1_b01,mbd,discovery,jev_explanation,focus,True,choice,both,democrat,2
routing_discovery_v1_b01,mbd,discovery,jev_explanation,focus,True,choice,both,republican,0
routing_discovery_v1_b01,mbd,discovery,jev_explanation,focus,True,choice,both,both,8
routing_discovery_v1_b01,mbd,discovery,jev_explanation,focus,True,choice,both,neither,1
routing_discovery_v1_b01,mbd,discovery,jev_explanation,focus,True,choice,both,__missing__,0
routing_discovery_v1_b01,mbd,discovery,jev_explanation,focus,True,choice,neither,democrat,1
routing_discovery_v1_b01,mbd,discovery,jev_explanation,focus,True,choice,neither,republican,0
routing_discovery_v1_b01,mbd,discovery,jev_explanation,focus,True,choice,neither,both,1
routing_discovery_v1_b01,mbd,discovery,jev_explanation,focus,True,choice,neither,neither,126
routing_discovery_v1_b01,mbd,discovery,jev_explanation,focus,True,choice,neither,__missing__,16
routing_discovery_v1_b01,mbd,discovery,jev_grounded,type,True,choice,fact,fact,90
routing_discovery_v1_b01,mbd,discovery,jev_grounded,type,True,choice,fact,opinion,4
routing_discovery_v1_b01,mbd,discovery,jev_grounded,type,True,choice,fact,borderline,3
routing_discovery_v1_b01,mbd,discovery,jev_grounded,type,True,choice,fact,quote,3
routing_discovery_v1_b01,mbd,discovery,jev_grounded,type,True,choice,fact,other,6
routing_discovery_v1_b01,mbd,discovery,jev_grounded,type,True,choice,fact,__missing__,0
routing_discovery_v1_b01,mbd,discovery,jev_grounded,type,True,choice,opinion,fact,0
routing_discovery_v1_b01,mbd,discovery,jev_grounded,type,True,choice,opinion,opinion,2
routing_discovery_v1_b01,mbd,discovery,jev_grounded,type,True,choice,opinion,borderline,0
routing_discovery_v1_b01,mbd,discovery,jev_grounded,type,True,choice,opinion,quote,2
routing_discovery_v1_b01,mbd,discovery,jev_grounded,type,True,choice,opinion,other,0
routing_discovery_v1_b01,mbd,discovery,jev_grounded,type,True,choice,opinion,__missing__,0
routing_discovery_v1_b01,mbd,discovery,jev_grounded,type,True,choice,borderline,fact,1
routing_discovery_v1_b01,mbd,discovery,jev_grounded,type,True,choice,borderline,opinion,0
routing_discovery_v1_b01,mbd,discovery,jev_grounded,type,True,choice,borderline,borderline,0
routing_discovery_v1_b01,mbd,discovery,jev_grounded,type,True,choice,borderline,quote,0
routing_discovery_v1_b01,mbd,discovery,jev_grounded,type,True,choice,borderline,other,0
routing_discovery_v1_b01,mbd,discovery,jev_grounded,type,True,choice,borderline,__missing__,0
routing_discovery_v1_b01,mbd,discovery,jev_grounded,type,True,choice,quote,fact,3
routing_discovery_v1_b01,mbd,discovery,jev_grounded,type,True,choice,quote,opinion,3
routing_discovery_v1_b01,mbd,discovery,jev_grounded,type,True,choice,quote,borderline,1
routing_discovery_v1_b01,mbd,discovery,jev_grounded,type,True,choice,quote,quote,66
routing_discovery_v1_b01,mbd,discovery,jev_grounded,type,True,choice,quote,other,0
routing_discovery_v1_b01,mbd,discovery,jev_grounded,type,True,choice,quote,__missing__,0
routing_discovery_v1_b01,mbd,discovery,jev_grounded,type,True,choice,other,fact,6
routing_discovery_v1_b01,mbd,discovery,jev_grounded,type,True,choice,other,opinion,0
routing_discovery_v1_b01,mbd,discovery,jev_grounded,type,True,choice,other,borderline,0
routing_discovery_v1_b01,mbd,discovery,jev_grounded,type,True,choice,other,quote,0
routing_discovery_v1_b01,mbd,discovery,jev_grounded,type,True,choice,other,other,19
routing_discovery_v1_b01,mbd,discovery,jev_grounded,type,True,choice,other,__missing__,0
routing_discovery_v1_b01,mbd,discovery,jev_grounded,tone,True,choice,positive,positive,12
routing_discovery_v1_b01,mbd,discovery,jev_grounded,tone,True,choice,positive,negative,0
routing_discovery_v1_b01,mbd,discovery,jev_grounded,tone,True,choice,positive,neutral,0
routing_discovery_v1_b01,mbd,discovery,jev_grounded,tone,True,choice,positive,__missing__,0
routing_discovery_v1_b01,mbd,discovery,jev_grounded,tone,True,choice,negative,positive,0
routing_discovery_v1_b01,mbd,discovery,jev_grounded,tone,True,choice,negative,negative,31
routing_discovery_v1_b01,mbd,discovery,jev_grounded,tone,True,choice,negative,neutral,4
routing_discovery_v1_b01,mbd,discovery,jev_grounded,tone,True,choice,negative,__missing__,0
routing_discovery_v1_b01,mbd,discovery,jev_grounded,tone,True,choice,neutral,positive,18
routing_discovery_v1_b01,mbd,discovery,jev_grounded,tone,True,choice,neutral,negative,14
routing_discovery_v1_b01,mbd,discovery,jev_grounded,tone,True,choice,neutral,neutral,131
routing_discovery_v1_b01,mbd,discovery,jev_grounded,tone,True,choice,neutral,__missing__,0
routing_discovery_v1_b01,mbd,discovery,jev_grounded,focus,True,choice,democrat,democrat,12
routing_discovery_v1_b01,mbd,discovery,jev_grounded,focus,True,choice,democrat,republican,0
routing_discovery_v1_b01,mbd,discovery,jev_grounded,focus,True,choice,democrat,both,1
routing_discovery_v1_b01,mbd,discovery,jev_grounded,focus,True,choice,democrat,neither,2
routing_discovery_v1_b01,mbd,discovery,jev_grounded,focus,True,choice,democrat,__missing__,0
routing_discovery_v1_b01,mbd,discovery,jev_grounded,focus,True,choice,republican,democrat,1
routing_discovery_v1_b01,mbd,discovery,jev_grounded,focus,True,choice,republican,republican,22
routing_discovery_v1_b01,mbd,discovery,jev_grounded,focus,True,choice,republican,both,4
routing_discovery_v1_b01,mbd,discovery,jev_grounded,focus,True,choice,republican,neither,7
routing_discovery_v1_b01,mbd,discovery,jev_grounded,focus,True,choice,republican,__missing__,0
routing_discovery_v1_b01,mbd,discovery,jev_grounded,focus,True,choice,both,democrat,2
routing_discovery_v1_b01,mbd,discovery,jev_grounded,focus,True,choice,both,republican,0
routing_discovery_v1_b01,mbd,discovery,jev_grounded,focus,True,choice,both,both,8
routing_discovery_v1_b01,mbd,discovery,jev_grounded,focus,True,choice,both,neither,1
routing_discovery_v1_b01,mbd,discovery,jev_grounded,focus,True,choice,both,__missing__,0
routing_discovery_v1_b01,mbd,discovery,jev_grounded,focus,True,choice,neither,democrat,1
routing_discovery_v1_b01,mbd,discovery,jev_grounded,focus,True,choice,neither,republican,0
routing_discovery_v1_b01,mbd,discovery,jev_grounded,focus,True,choice,neither,both,1
routing_discovery_v1_b01,mbd,discovery,jev_grounded,focus,True,choice,neither,neither,142
routing_discovery_v1_b01,mbd,discovery,jev_grounded,focus,True,choice,neither,__missing__,0
routing_discovery_v1_b01,mbd,discovery,jev_targeted_llm,type,True,choice,fact,fact,90
routing_discovery_v1_b01,mbd,discovery,jev_targeted_llm,type,True,choice,fact,opinion,4
routing_discovery_v1_b01,mbd,discovery,jev_targeted_llm,type,True,choice,fact,borderline,3
routing_discovery_v1_b01,mbd,discovery,jev_targeted_llm,type,True,choice,fact,quote,3
routing_discovery_v1_b01,mbd,discovery,jev_targeted_llm,type,True,choice,fact,other,6
routing_discovery_v1_b01,mbd,discovery,jev_targeted_llm,type,True,choice,fact,__missing__,0
routing_discovery_v1_b01,mbd,discovery,jev_targeted_llm,type,True,choice,opinion,fact,0
routing_discovery_v1_b01,mbd,discovery,jev_targeted_llm,type,True,choice,opinion,opinion,2
routing_discovery_v1_b01,mbd,discovery,jev_targeted_llm,type,True,choice,opinion,borderline,0
routing_discovery_v1_b01,mbd,discovery,jev_targeted_llm,type,True,choice,opinion,quote,2
routing_discovery_v1_b01,mbd,discovery,jev_targeted_llm,type,True,choice,opinion,other,0
routing_discovery_v1_b01,mbd,discovery,jev_targeted_llm,type,True,choice,opinion,__missing__,0
routing_discovery_v1_b01,mbd,discovery,jev_targeted_llm,type,True,choice,borderline,fact,1
routing_discovery_v1_b01,mbd,discovery,jev_targeted_llm,type,True,choice,borderline,opinion,0
routing_discovery_v1_b01,mbd,discovery,jev_targeted_llm,type,True,choice,borderline,borderline,0
routing_discovery_v1_b01,mbd,discovery,jev_targeted_llm,type,True,choice,borderline,quote,0
routing_discovery_v1_b01,mbd,discovery,jev_targeted_llm,type,True,choice,borderline,other,0
routing_discovery_v1_b01,mbd,discovery,jev_targeted_llm,type,True,choice,borderline,__missing__,0
routing_discovery_v1_b01,mbd,discovery,jev_targeted_llm,type,True,choice,quote,fact,3
routing_discovery_v1_b01,mbd,discovery,jev_targeted_llm,type,True,choice,quote,opinion,3
routing_discovery_v1_b01,mbd,discovery,jev_targeted_llm,type,True,choice,quote,borderline,1
routing_discovery_v1_b01,mbd,discovery,jev_targeted_llm,type,True,choice,quote,quote,66
routing_discovery_v1_b01,mbd,discovery,jev_targeted_llm,type,True,choice,quote,other,0
routing_discovery_v1_b01,mbd,discovery,jev_targeted_llm,type,True,choice,quote,__missing__,0
routing_discovery_v1_b01,mbd,discovery,jev_targeted_llm,type,True,choice,other,fact,6
routing_discovery_v1_b01,mbd,discovery,jev_targeted_llm,type,True,choice,other,opinion,0
routing_discovery_v1_b01,mbd,discovery,jev_targeted_llm,type,True,choice,other,borderline,0
routing_discovery_v1_b01,mbd,discovery,jev_targeted_llm,type,True,choice,other,quote,0
routing_discovery_v1_b01,mbd,discovery,jev_targeted_llm,type,True,choice,other,other,19
routing_discovery_v1_b01,mbd,discovery,jev_targeted_llm,type,True,choice,other,__missing__,0
routing_discovery_v1_b01,mbd,discovery,jev_targeted_llm,tone,True,choice,positive,positive,9
routing_discovery_v1_b01,mbd,discovery,jev_targeted_llm,tone,True,choice,positive,negative,0
routing_discovery_v1_b01,mbd,discovery,jev_targeted_llm,tone,True,choice,positive,neutral,3
routing_discovery_v1_b01,mbd,discovery,jev_targeted_llm,tone,True,choice,positive,__missing__,0
routing_discovery_v1_b01,mbd,discovery,jev_targeted_llm,tone,True,choice,negative,positive,0
routing_discovery_v1_b01,mbd,discovery,jev_targeted_llm,tone,True,choice,negative,negative,24
routing_discovery_v1_b01,mbd,discovery,jev_targeted_llm,tone,True,choice,negative,neutral,11
routing_discovery_v1_b01,mbd,discovery,jev_targeted_llm,tone,True,choice,negative,__missing__,0
routing_discovery_v1_b01,mbd,discovery,jev_targeted_llm,tone,True,choice,neutral,positive,10
routing_discovery_v1_b01,mbd,discovery,jev_targeted_llm,tone,True,choice,neutral,negative,5
routing_discovery_v1_b01,mbd,discovery,jev_targeted_llm,tone,True,choice,neutral,neutral,148
routing_discovery_v1_b01,mbd,discovery,jev_targeted_llm,tone,True,choice,neutral,__missing__,0
routing_discovery_v1_b01,mbd,discovery,jev_targeted_llm,focus,True,choice,democrat,democrat,12
routing_discovery_v1_b01,mbd,discovery,jev_targeted_llm,focus,True,choice,democrat,republican,0
routing_discovery_v1_b01,mbd,discovery,jev_targeted_llm,focus,True,choice,democrat,both,1
routing_discovery_v1_b01,mbd,discovery,jev_targeted_llm,focus,True,choice,democrat,neither,2
routing_discovery_v1_b01,mbd,discovery,jev_targeted_llm,focus,True,choice,democrat,__missing__,0
routing_discovery_v1_b01,mbd,discovery,jev_targeted_llm,focus,True,choice,republican,democrat,1
routing_discovery_v1_b01,mbd,discovery,jev_targeted_llm,focus,True,choice,republican,republican,22
routing_discovery_v1_b01,mbd,discovery,jev_targeted_llm,focus,True,choice,republican,both,4
routing_discovery_v1_b01,mbd,discovery,jev_targeted_llm,focus,True,choice,republican,neither,7
routing_discovery_v1_b01,mbd,discovery,jev_targeted_llm,focus,True,choice,republican,__missing__,0
routing_discovery_v1_b01,mbd,discovery,jev_targeted_llm,focus,True,choice,both,democrat,2
routing_discovery_v1_b01,mbd,discovery,jev_targeted_llm,focus,True,choice,both,republican,0
routing_discovery_v1_b01,mbd,discovery,jev_targeted_llm,focus,True,choice,both,both,8
routing_discovery_v1_b01,mbd,discovery,jev_targeted_llm,focus,True,choice,both,neither,1
routing_discovery_v1_b01,mbd,discovery,jev_targeted_llm,focus,True,choice,both,__missing__,0
routing_discovery_v1_b01,mbd,discovery,jev_targeted_llm,focus,True,choice,neither,democrat,1
routing_discovery_v1_b01,mbd,discovery,jev_targeted_llm,focus,True,choice,neither,republican,0
routing_discovery_v1_b01,mbd,discovery,jev_targeted_llm,focus,True,choice,neither,both,1
routing_discovery_v1_b01,mbd,discovery,jev_targeted_llm,focus,True,choice,neither,neither,142
routing_discovery_v1_b01,mbd,discovery,jev_targeted_llm,focus,True,choice,neither,__missing__,0
routing_discovery_v1_b01,ucc,discovery,jev_explanation,healthy,True,choice,0,0,2
routing_discovery_v1_b01,ucc,discovery,jev_explanation,healthy,True,choice,0,1,15
routing_discovery_v1_b01,ucc,discovery,jev_explanation,healthy,True,choice,0,__missing__,1
routing_discovery_v1_b01,ucc,discovery,jev_explanation,healthy,True,choice,1,0,6
routing_discovery_v1_b01,ucc,discovery,jev_explanation,healthy,True,choice,1,1,171
routing_discovery_v1_b01,ucc,discovery,jev_explanation,healthy,True,choice,1,__missing__,15
routing_discovery_v1_b01,ucc,discovery,jev_explanation,sarcastic,True,choice,0,0,179
routing_discovery_v1_b01,ucc,discovery,jev_explanation,sarcastic,True,choice,0,1,10
routing_discovery_v1_b01,ucc,discovery,jev_explanation,sarcastic,True,choice,0,__missing__,16
routing_discovery_v1_b01,ucc,discovery,jev_explanation,sarcastic,True,choice,1,0,5
routing_discovery_v1_b01,ucc,discovery,jev_explanation,sarcastic,True,choice,1,1,0
routing_discovery_v1_b01,ucc,discovery,jev_explanation,sarcastic,True,choice,1,__missing__,0
routing_discovery_v1_b01,ucc,discovery,jev_explanation,generalisation,False,choice,0,0,186
routing_discovery_v1_b01,ucc,discovery,jev_explanation,generalisation,False,choice,0,1,5
routing_discovery_v1_b01,ucc,discovery,jev_explanation,generalisation,False,choice,0,__missing__,16
routing_discovery_v1_b01,ucc,discovery,jev_explanation,generalisation,False,choice,1,0,3
routing_discovery_v1_b01,ucc,discovery,jev_explanation,generalisation,False,choice,1,1,0
routing_discovery_v1_b01,ucc,discovery,jev_explanation,generalisation,False,choice,1,__missing__,0
routing_discovery_v1_b01,ucc,discovery,jev_explanation,generalisation_unfair,True,choice,0,0,190
routing_discovery_v1_b01,ucc,discovery,jev_explanation,generalisation_unfair,True,choice,0,1,1
routing_discovery_v1_b01,ucc,discovery,jev_explanation,generalisation_unfair,True,choice,0,__missing__,16
routing_discovery_v1_b01,ucc,discovery,jev_explanation,generalisation_unfair,True,choice,1,0,3
routing_discovery_v1_b01,ucc,discovery,jev_explanation,generalisation_unfair,True,choice,1,1,0
routing_discovery_v1_b01,ucc,discovery,jev_explanation,generalisation_unfair,True,choice,1,__missing__,0
routing_discovery_v1_b01,ucc,discovery,jev_explanation,hostile,True,choice,0,0,192
routing_discovery_v1_b01,ucc,discovery,jev_explanation,hostile,True,choice,0,1,0
routing_discovery_v1_b01,ucc,discovery,jev_explanation,hostile,True,choice,0,__missing__,16
routing_discovery_v1_b01,ucc,discovery,jev_explanation,hostile,True,choice,1,0,2
routing_discovery_v1_b01,ucc,discovery,jev_explanation,hostile,True,choice,1,1,0
routing_discovery_v1_b01,ucc,discovery,jev_explanation,hostile,True,choice,1,__missing__,0
routing_discovery_v1_b01,ucc,discovery,jev_explanation,antagonize,True,choice,0,0,186
routing_discovery_v1_b01,ucc,discovery,jev_explanation,antagonize,True,choice,0,1,1
routing_discovery_v1_b01,ucc,discovery,jev_explanation,antagonize,True,choice,0,__missing__,16
routing_discovery_v1_b01,ucc,discovery,jev_explanation,antagonize,True,choice,1,0,4
routing_discovery_v1_b01,ucc,discovery,jev_explanation,antagonize,True,choice,1,1,3
routing_discovery_v1_b01,ucc,discovery,jev_explanation,antagonize,True,choice,1,__missing__,0
routing_discovery_v1_b01,ucc,discovery,jev_explanation,condescending,True,choice,0,0,183
routing_discovery_v1_b01,ucc,discovery,jev_explanation,condescending,True,choice,0,1,7
routing_discovery_v1_b01,ucc,discovery,jev_explanation,condescending,True,choice,0,__missing__,16
routing_discovery_v1_b01,ucc,discovery,jev_explanation,condescending,True,choice,1,0,3
routing_discovery_v1_b01,ucc,discovery,jev_explanation,condescending,True,choice,1,1,1
routing_discovery_v1_b01,ucc,discovery,jev_explanation,condescending,True,choice,1,__missing__,0
routing_discovery_v1_b01,ucc,discovery,jev_explanation,dismissive,True,choice,0,0,177
routing_discovery_v1_b01,ucc,discovery,jev_explanation,dismissive,True,choice,0,1,14
routing_discovery_v1_b01,ucc,discovery,jev_explanation,dismissive,True,choice,0,__missing__,16
routing_discovery_v1_b01,ucc,discovery,jev_explanation,dismissive,True,choice,1,0,2
routing_discovery_v1_b01,ucc,discovery,jev_explanation,dismissive,True,choice,1,1,1
routing_discovery_v1_b01,ucc,discovery,jev_explanation,dismissive,True,choice,1,__missing__,0
routing_discovery_v1_b01,ucc,discovery,jev_grounded,healthy,True,choice,0,0,13
routing_discovery_v1_b01,ucc,discovery,jev_grounded,healthy,True,choice,0,1,5
routing_discovery_v1_b01,ucc,discovery,jev_grounded,healthy,True,choice,0,__missing__,0
routing_discovery_v1_b01,ucc,discovery,jev_grounded,healthy,True,choice,1,0,110
routing_discovery_v1_b01,ucc,discovery,jev_grounded,healthy,True,choice,1,1,82
routing_discovery_v1_b01,ucc,discovery,jev_grounded,healthy,True,choice,1,__missing__,0
routing_discovery_v1_b01,ucc,discovery,jev_grounded,sarcastic,True,choice,0,0,126
routing_discovery_v1_b01,ucc,discovery,jev_grounded,sarcastic,True,choice,0,1,79
routing_discovery_v1_b01,ucc,discovery,jev_grounded,sarcastic,True,choice,0,__missing__,0
routing_discovery_v1_b01,ucc,discovery,jev_grounded,sarcastic,True,choice,1,0,1
routing_discovery_v1_b01,ucc,discovery,jev_grounded,sarcastic,True,choice,1,1,4
routing_discovery_v1_b01,ucc,discovery,jev_grounded,sarcastic,True,choice,1,__missing__,0
routing_discovery_v1_b01,ucc,discovery,jev_grounded,generalisation,False,choice,0,0,161
routing_discovery_v1_b01,ucc,discovery,jev_grounded,generalisation,False,choice,0,1,46
routing_discovery_v1_b01,ucc,discovery,jev_grounded,generalisation,False,choice,0,__missing__,0
routing_discovery_v1_b01,ucc,discovery,jev_grounded,generalisation,False,choice,1,0,2
routing_discovery_v1_b01,ucc,discovery,jev_grounded,generalisation,False,choice,1,1,1
routing_discovery_v1_b01,ucc,discovery,jev_grounded,generalisation,False,choice,1,__missing__,0
routing_discovery_v1_b01,ucc,discovery,jev_grounded,generalisation_unfair,True,choice,0,0,175
routing_discovery_v1_b01,ucc,discovery,jev_grounded,generalisation_unfair,True,choice,0,1,32
routing_discovery_v1_b01,ucc,discovery,jev_grounded,generalisation_unfair,True,choice,0,__missing__,0
routing_discovery_v1_b01,ucc,discovery,jev_grounded,generalisation_unfair,True,choice,1,0,2
routing_discovery_v1_b01,ucc,discovery,jev_grounded,generalisation_unfair,True,choice,1,1,1
routing_discovery_v1_b01,ucc,discovery,jev_grounded,generalisation_unfair,True,choice,1,__missing__,0
routing_discovery_v1_b01,ucc,discovery,jev_grounded,hostile,True,choice,0,0,128
routing_discovery_v1_b01,ucc,discovery,jev_grounded,hostile,True,choice,0,1,80
routing_discovery_v1_b01,ucc,discovery,jev_grounded,hostile,True,choice,0,__missing__,0
routing_discovery_v1_b01,ucc,discovery,jev_grounded,hostile,True,choice,1,0,0
routing_discovery_v1_b01,ucc,discovery,jev_grounded,hostile,True,choice,1,1,2
routing_discovery_v1_b01,ucc,discovery,jev_grounded,hostile,True,choice,1,__missing__,0
routing_discovery_v1_b01,ucc,discovery,jev_grounded,antagonize,True,choice,0,0,95
routing_discovery_v1_b01,ucc,discovery,jev_grounded,antagonize,True,choice,0,1,108
routing_discovery_v1_b01,ucc,discovery,jev_grounded,antagonize,True,choice,0,__missing__,0
routing_discovery_v1_b01,ucc,discovery,jev_grounded,antagonize,True,choice,1,0,1
routing_discovery_v1_b01,ucc,discovery,jev_grounded,antagonize,True,choice,1,1,6
routing_discovery_v1_b01,ucc,discovery,jev_grounded,antagonize,True,choice,1,__missing__,0
routing_discovery_v1_b01,ucc,discovery,jev_grounded,condescending,True,choice,0,0,138
routing_discovery_v1_b01,ucc,discovery,jev_grounded,condescending,True,choice,0,1,68
routing_discovery_v1_b01,ucc,discovery,jev_grounded,condescending,True,choice,0,__missing__,0
routing_discovery_v1_b01,ucc,discovery,jev_grounded,condescending,True,choice,1,0,0
routing_discovery_v1_b01,ucc,discovery,jev_grounded,condescending,True,choice,1,1,4
routing_discovery_v1_b01,ucc,discovery,jev_grounded,condescending,True,choice,1,__missing__,0
routing_discovery_v1_b01,ucc,discovery,jev_grounded,dismissive,True,choice,0,0,129
routing_discovery_v1_b01,ucc,discovery,jev_grounded,dismissive,True,choice,0,1,78
routing_discovery_v1_b01,ucc,discovery,jev_grounded,dismissive,True,choice,0,__missing__,0
routing_discovery_v1_b01,ucc,discovery,jev_grounded,dismissive,True,choice,1,0,0
routing_discovery_v1_b01,ucc,discovery,jev_grounded,dismissive,True,choice,1,1,3
routing_discovery_v1_b01,ucc,discovery,jev_grounded,dismissive,True,choice,1,__missing__,0
routing_discovery_v1_b01,ucc,discovery,jev_targeted_llm,healthy,True,choice,0,0,3
routing_discovery_v1_b01,ucc,discovery,jev_targeted_llm,healthy,True,choice,0,1,15
routing_discovery_v1_b01,ucc,discovery,jev_targeted_llm,healthy,True,choice,0,__missing__,0
routing_discovery_v1_b01,ucc,discovery,jev_targeted_llm,healthy,True,choice,1,0,8
routing_discovery_v1_b01,ucc,discovery,jev_targeted_llm,healthy,True,choice,1,1,184
routing_discovery_v1_b01,ucc,discovery,jev_targeted_llm,healthy,True,choice,1,__missing__,0
routing_discovery_v1_b01,ucc,discovery,jev_targeted_llm,sarcastic,True,choice,0,0,191
routing_discovery_v1_b01,ucc,discovery,jev_targeted_llm,sarcastic,True,choice,0,1,14
routing_discovery_v1_b01,ucc,discovery,jev_targeted_llm,sarcastic,True,choice,0,__missing__,0
routing_discovery_v1_b01,ucc,discovery,jev_targeted_llm,sarcastic,True,choice,1,0,5
routing_discovery_v1_b01,ucc,discovery,jev_targeted_llm,sarcastic,True,choice,1,1,0
routing_discovery_v1_b01,ucc,discovery,jev_targeted_llm,sarcastic,True,choice,1,__missing__,0
routing_discovery_v1_b01,ucc,discovery,jev_targeted_llm,generalisation,False,choice,0,0,200
routing_discovery_v1_b01,ucc,discovery,jev_targeted_llm,generalisation,False,choice,0,1,7
routing_discovery_v1_b01,ucc,discovery,jev_targeted_llm,generalisation,False,choice,0,__missing__,0
routing_discovery_v1_b01,ucc,discovery,jev_targeted_llm,generalisation,False,choice,1,0,3
routing_discovery_v1_b01,ucc,discovery,jev_targeted_llm,generalisation,False,choice,1,1,0
routing_discovery_v1_b01,ucc,discovery,jev_targeted_llm,generalisation,False,choice,1,__missing__,0
routing_discovery_v1_b01,ucc,discovery,jev_targeted_llm,generalisation_unfair,True,choice,0,0,204
routing_discovery_v1_b01,ucc,discovery,jev_targeted_llm,generalisation_unfair,True,choice,0,1,3
routing_discovery_v1_b01,ucc,discovery,jev_targeted_llm,generalisation_unfair,True,choice,0,__missing__,0
routing_discovery_v1_b01,ucc,discovery,jev_targeted_llm,generalisation_unfair,True,choice,1,0,3
routing_discovery_v1_b01,ucc,discovery,jev_targeted_llm,generalisation_unfair,True,choice,1,1,0
routing_discovery_v1_b01,ucc,discovery,jev_targeted_llm,generalisation_unfair,True,choice,1,__missing__,0
routing_discovery_v1_b01,ucc,discovery,jev_targeted_llm,hostile,True,choice,0,0,206
routing_discovery_v1_b01,ucc,discovery,jev_targeted_llm,hostile,True,choice,0,1,2
routing_discovery_v1_b01,ucc,discovery,jev_targeted_llm,hostile,True,choice,0,__missing__,0
routing_discovery_v1_b01,ucc,discovery,jev_targeted_llm,hostile,True,choice,1,0,2
routing_discovery_v1_b01,ucc,discovery,jev_targeted_llm,hostile,True,choice,1,1,0
routing_discovery_v1_b01,ucc,discovery,jev_targeted_llm,hostile,True,choice,1,__missing__,0
routing_discovery_v1_b01,ucc,discovery,jev_targeted_llm,antagonize,True,choice,0,0,201
routing_discovery_v1_b01,ucc,discovery,jev_targeted_llm,antagonize,True,choice,0,1,2
routing_discovery_v1_b01,ucc,discovery,jev_targeted_llm,antagonize,True,choice,0,__missing__,0
routing_discovery_v1_b01,ucc,discovery,jev_targeted_llm,antagonize,True,choice,1,0,4
routing_discovery_v1_b01,ucc,discovery,jev_targeted_llm,antagonize,True,choice,1,1,3
routing_discovery_v1_b01,ucc,discovery,jev_targeted_llm,antagonize,True,choice,1,__missing__,0
routing_discovery_v1_b01,ucc,discovery,jev_targeted_llm,condescending,True,choice,0,0,196
routing_discovery_v1_b01,ucc,discovery,jev_targeted_llm,condescending,True,choice,0,1,10
routing_discovery_v1_b01,ucc,discovery,jev_targeted_llm,condescending,True,choice,0,__missing__,0
routing_discovery_v1_b01,ucc,discovery,jev_targeted_llm,condescending,True,choice,1,0,3
routing_discovery_v1_b01,ucc,discovery,jev_targeted_llm,condescending,True,choice,1,1,1
routing_discovery_v1_b01,ucc,discovery,jev_targeted_llm,condescending,True,choice,1,__missing__,0
routing_discovery_v1_b01,ucc,discovery,jev_targeted_llm,dismissive,True,choice,0,0,191
routing_discovery_v1_b01,ucc,discovery,jev_targeted_llm,dismissive,True,choice,0,1,16
routing_discovery_v1_b01,ucc,discovery,jev_targeted_llm,dismissive,True,choice,0,__missing__,0
routing_discovery_v1_b01,ucc,discovery,jev_targeted_llm,dismissive,True,choice,1,0,2
routing_discovery_v1_b01,ucc,discovery,jev_targeted_llm,dismissive,True,choice,1,1,1
routing_discovery_v1_b01,ucc,discovery,jev_targeted_llm,dismissive,True,choice,1,__missing__,0
routing_discovery_v1_b025,babe,discovery,jev_explanation,label_bias,True,choice,Non-biased,Non-biased,63
routing_discovery_v1_b025,babe,discovery,jev_explanation,label_bias,True,choice,Non-biased,Biased,7
routing_discovery_v1_b025,babe,discovery,jev_explanation,label_bias,True,choice,Non-biased,__missing__,27
routing_discovery_v1_b025,babe,discovery,jev_explanation,label_bias,True,choice,Biased,Non-biased,29
routing_discovery_v1_b025,babe,discovery,jev_explanation,label_bias,True,choice,Biased,Biased,53
routing_discovery_v1_b025,babe,discovery,jev_explanation,label_bias,True,choice,Biased,__missing__,21
routing_discovery_v1_b025,babe,discovery,jev_grounded,label_bias,True,choice,Non-biased,Non-biased,74
routing_discovery_v1_b025,babe,discovery,jev_grounded,label_bias,True,choice,Non-biased,Biased,23
routing_discovery_v1_b025,babe,discovery,jev_grounded,label_bias,True,choice,Non-biased,__missing__,0
routing_discovery_v1_b025,babe,discovery,jev_grounded,label_bias,True,choice,Biased,Non-biased,20
routing_discovery_v1_b025,babe,discovery,jev_grounded,label_bias,True,choice,Biased,Biased,83
routing_discovery_v1_b025,babe,discovery,jev_grounded,label_bias,True,choice,Biased,__missing__,0
routing_discovery_v1_b025,babe,discovery,jev_targeted_llm,label_bias,True,choice,Non-biased,Non-biased,85
routing_discovery_v1_b025,babe,discovery,jev_targeted_llm,label_bias,True,choice,Non-biased,Biased,12
routing_discovery_v1_b025,babe,discovery,jev_targeted_llm,label_bias,True,choice,Non-biased,__missing__,0
routing_discovery_v1_b025,babe,discovery,jev_targeted_llm,label_bias,True,choice,Biased,Non-biased,34
routing_discovery_v1_b025,babe,discovery,jev_targeted_llm,label_bias,True,choice,Biased,Biased,69
routing_discovery_v1_b025,babe,discovery,jev_targeted_llm,label_bias,True,choice,Biased,__missing__,0
routing_discovery_v1_b025,conflict,discovery,jev_explanation,rating_directness_content,True,choice,Yes - Direct Content,Yes - Direct Content,71
routing_discovery_v1_b025,conflict,discovery,jev_explanation,rating_directness_content,True,choice,Yes - Direct Content,Neutral - Content contains no opinion,1
routing_discovery_v1_b025,conflict,discovery,jev_explanation,rating_directness_content,True,choice,Yes - Direct Content,No - Indirect Content,4
routing_discovery_v1_b025,conflict,discovery,jev_explanation,rating_directness_content,True,choice,Yes - Direct Content,__missing__,16
routing_discovery_v1_b025,conflict,discovery,jev_explanation,rating_directness_content,True,choice,Neutral - Content contains no opinion,Yes - Direct Content,0
routing_discovery_v1_b025,conflict,discovery,jev_explanation,rating_directness_content,True,choice,Neutral - Content contains no opinion,Neutral - Content contains no opinion,0
routing_discovery_v1_b025,conflict,discovery,jev_explanation,rating_directness_content,True,choice,Neutral - Content contains no opinion,No - Indirect Content,0
routing_discovery_v1_b025,conflict,discovery,jev_explanation,rating_directness_content,True,choice,Neutral - Content contains no opinion,__missing__,0
routing_discovery_v1_b025,conflict,discovery,jev_explanation,rating_directness_content,True,choice,No - Indirect Content,Yes - Direct Content,0
routing_discovery_v1_b025,conflict,discovery,jev_explanation,rating_directness_content,True,choice,No - Indirect Content,Neutral - Content contains no opinion,0
routing_discovery_v1_b025,conflict,discovery,jev_explanation,rating_directness_content,True,choice,No - Indirect Content,No - Indirect Content,0
routing_discovery_v1_b025,conflict,discovery,jev_explanation,rating_directness_content,True,choice,No - Indirect Content,__missing__,0
routing_discovery_v1_b025,conflict,discovery,jev_explanation,rating_directness_expression,True,choice,Yes - Direct Expression,Yes - Direct Expression,73
routing_discovery_v1_b025,conflict,discovery,jev_explanation,rating_directness_expression,True,choice,Yes - Direct Expression,No - Indirect Expression,1
routing_discovery_v1_b025,conflict,discovery,jev_explanation,rating_directness_expression,True,choice,Yes - Direct Expression,__missing__,13
routing_discovery_v1_b025,conflict,discovery,jev_explanation,rating_directness_expression,True,choice,No - Indirect Expression,Yes - Direct Expression,2
routing_discovery_v1_b025,conflict,discovery,jev_explanation,rating_directness_expression,True,choice,No - Indirect Expression,No - Indirect Expression,0
routing_discovery_v1_b025,conflict,discovery,jev_explanation,rating_directness_expression,True,choice,No - Indirect Expression,__missing__,3
routing_discovery_v1_b025,conflict,discovery,jev_explanation,rating_OI_content,True,choice,Yes - Content opposes someone else,Yes - Content opposes someone else,72
routing_discovery_v1_b025,conflict,discovery,jev_explanation,rating_OI_content,True,choice,Yes - Content opposes someone else,No - Content does not oppose anyone,3
routing_discovery_v1_b025,conflict,discovery,jev_explanation,rating_OI_content,True,choice,Yes - Content opposes someone else,__missing__,15
routing_discovery_v1_b025,conflict,discovery,jev_explanation,rating_OI_content,True,choice,No - Content does not oppose anyone,Yes - Content opposes someone else,1
routing_discovery_v1_b025,conflict,discovery,jev_explanation,rating_OI_content,True,choice,No - Content does not oppose anyone,No - Content does not oppose anyone,0
routing_discovery_v1_b025,conflict,discovery,jev_explanation,rating_OI_content,True,choice,No - Content does not oppose anyone,__missing__,1
routing_discovery_v1_b025,conflict,discovery,jev_explanation,rating_OI_expression,True,choice,Yes - Expression is emotional/forceful,Yes - Expression is emotional/forceful,4
routing_discovery_v1_b025,conflict,discovery,jev_explanation,rating_OI_expression,True,choice,Yes - Expression is emotional/forceful,No - Expression is not emotional/forceful,8
routing_discovery_v1_b025,conflict,discovery,jev_explanation,rating_OI_expression,True,choice,Yes - Expression is emotional/forceful,__missing__,4
routing_discovery_v1_b025,conflict,discovery,jev_explanation,rating_OI_expression,True,choice,No - Expression is not emotional/forceful,Yes - Expression is emotional/forceful,2
routing_discovery_v1_b025,conflict,discovery,jev_explanation,rating_OI_expression,True,choice,No - Expression is not emotional/forceful,No - Expression is not emotional/forceful,62
routing_discovery_v1_b025,conflict,discovery,jev_explanation,rating_OI_expression,True,choice,No - Expression is not emotional/forceful,__missing__,12
routing_discovery_v1_b025,conflict,discovery,jev_grounded,rating_directness_content,True,choice,Yes - Direct Content,Yes - Direct Content,83
routing_discovery_v1_b025,conflict,discovery,jev_grounded,rating_directness_content,True,choice,Yes - Direct Content,Neutral - Content contains no opinion,2
routing_discovery_v1_b025,conflict,discovery,jev_grounded,rating_directness_content,True,choice,Yes - Direct Content,No - Indirect Content,7
routing_discovery_v1_b025,conflict,discovery,jev_grounded,rating_directness_content,True,choice,Yes - Direct Content,__missing__,0
routing_discovery_v1_b025,conflict,discovery,jev_grounded,rating_directness_content,True,choice,Neutral - Content contains no opinion,Yes - Direct Content,0
routing_discovery_v1_b025,conflict,discovery,jev_grounded,rating_directness_content,True,choice,Neutral - Content contains no opinion,Neutral - Content contains no opinion,0
routing_discovery_v1_b025,conflict,discovery,jev_grounded,rating_directness_content,True,choice,Neutral - Content contains no opinion,No - Indirect Content,0
routing_discovery_v1_b025,conflict,discovery,jev_grounded,rating_directness_content,True,choice,Neutral - Content contains no opinion,__missing__,0
routing_discovery_v1_b025,conflict,discovery,jev_grounded,rating_directness_content,True,choice,No - Indirect Content,Yes - Direct Content,0
routing_discovery_v1_b025,conflict,discovery,jev_grounded,rating_directness_content,True,choice,No - Indirect Content,Neutral - Content contains no opinion,0
routing_discovery_v1_b025,conflict,discovery,jev_grounded,rating_directness_content,True,choice,No - Indirect Content,No - Indirect Content,0
routing_discovery_v1_b025,conflict,discovery,jev_grounded,rating_directness_content,True,choice,No - Indirect Content,__missing__,0
routing_discovery_v1_b025,conflict,discovery,jev_grounded,rating_directness_expression,True,choice,Yes - Direct Expression,Yes - Direct Expression,71
routing_discovery_v1_b025,conflict,discovery,jev_grounded,rating_directness_expression,True,choice,Yes - Direct Expression,No - Indirect Expression,16
routing_discovery_v1_b025,conflict,discovery,jev_grounded,rating_directness_expression,True,choice,Yes - Direct Expression,__missing__,0
routing_discovery_v1_b025,conflict,discovery,jev_grounded,rating_directness_expression,True,choice,No - Indirect Expression,Yes - Direct Expression,3
routing_discovery_v1_b025,conflict,discovery,jev_grounded,rating_directness_expression,True,choice,No - Indirect Expression,No - Indirect Expression,2
routing_discovery_v1_b025,conflict,discovery,jev_grounded,rating_directness_expression,True,choice,No - Indirect Expression,__missing__,0
routing_discovery_v1_b025,conflict,discovery,jev_grounded,rating_OI_content,True,choice,Yes - Content opposes someone else,Yes - Content opposes someone else,73
routing_discovery_v1_b025,conflict,discovery,jev_grounded,rating_OI_content,True,choice,Yes - Content opposes someone else,No - Content does not oppose anyone,17
routing_discovery_v1_b025,conflict,discovery,jev_grounded,rating_OI_content,True,choice,Yes - Content opposes someone else,__missing__,0
routing_discovery_v1_b025,conflict,discovery,jev_grounded,rating_OI_content,True,choice,No - Content does not oppose anyone,Yes - Content opposes someone else,1
routing_discovery_v1_b025,conflict,discovery,jev_grounded,rating_OI_content,True,choice,No - Content does not oppose anyone,No - Content does not oppose anyone,1
routing_discovery_v1_b025,conflict,discovery,jev_grounded,rating_OI_content,True,choice,No - Content does not oppose anyone,__missing__,0
routing_discovery_v1_b025,conflict,discovery,jev_grounded,rating_OI_expression,True,choice,Yes - Expression is emotional/forceful,Yes - Expression is emotional/forceful,8
routing_discovery_v1_b025,conflict,discovery,jev_grounded,rating_OI_expression,True,choice,Yes - Expression is emotional/forceful,No - Expression is not emotional/forceful,8
routing_discovery_v1_b025,conflict,discovery,jev_grounded,rating_OI_expression,True,choice,Yes - Expression is emotional/forceful,__missing__,0
routing_discovery_v1_b025,conflict,discovery,jev_grounded,rating_OI_expression,True,choice,No - Expression is not emotional/forceful,Yes - Expression is emotional/forceful,14
routing_discovery_v1_b025,conflict,discovery,jev_grounded,rating_OI_expression,True,choice,No - Expression is not emotional/forceful,No - Expression is not emotional/forceful,62
routing_discovery_v1_b025,conflict,discovery,jev_grounded,rating_OI_expression,True,choice,No - Expression is not emotional/forceful,__missing__,0
routing_discovery_v1_b025,conflict,discovery,jev_targeted_llm,rating_directness_content,True,choice,Yes - Direct Content,Yes - Direct Content,87
routing_discovery_v1_b025,conflict,discovery,jev_targeted_llm,rating_directness_content,True,choice,Yes - Direct Content,Neutral - Content contains no opinion,1
routing_discovery_v1_b025,conflict,discovery,jev_targeted_llm,rating_directness_content,True,choice,Yes - Direct Content,No - Indirect Content,4
routing_discovery_v1_b025,conflict,discovery,jev_targeted_llm,rating_directness_content,True,choice,Yes - Direct Content,__missing__,0
routing_discovery_v1_b025,conflict,discovery,jev_targeted_llm,rating_directness_content,True,choice,Neutral - Content contains no opinion,Yes - Direct Content,0
routing_discovery_v1_b025,conflict,discovery,jev_targeted_llm,rating_directness_content,True,choice,Neutral - Content contains no opinion,Neutral - Content contains no opinion,0
routing_discovery_v1_b025,conflict,discovery,jev_targeted_llm,rating_directness_content,True,choice,Neutral - Content contains no opinion,No - Indirect Content,0
routing_discovery_v1_b025,conflict,discovery,jev_targeted_llm,rating_directness_content,True,choice,Neutral - Content contains no opinion,__missing__,0
routing_discovery_v1_b025,conflict,discovery,jev_targeted_llm,rating_directness_content,True,choice,No - Indirect Content,Yes - Direct Content,0
routing_discovery_v1_b025,conflict,discovery,jev_targeted_llm,rating_directness_content,True,choice,No - Indirect Content,Neutral - Content contains no opinion,0
routing_discovery_v1_b025,conflict,discovery,jev_targeted_llm,rating_directness_content,True,choice,No - Indirect Content,No - Indirect Content,0
routing_discovery_v1_b025,conflict,discovery,jev_targeted_llm,rating_directness_content,True,choice,No - Indirect Content,__missing__,0
routing_discovery_v1_b025,conflict,discovery,jev_targeted_llm,rating_directness_expression,True,choice,Yes - Direct Expression,Yes - Direct Expression,85
routing_discovery_v1_b025,conflict,discovery,jev_targeted_llm,rating_directness_expression,True,choice,Yes - Direct Expression,No - Indirect Expression,2
routing_discovery_v1_b025,conflict,discovery,jev_targeted_llm,rating_directness_expression,True,choice,Yes - Direct Expression,__missing__,0
routing_discovery_v1_b025,conflict,discovery,jev_targeted_llm,rating_directness_expression,True,choice,No - Indirect Expression,Yes - Direct Expression,5
routing_discovery_v1_b025,conflict,discovery,jev_targeted_llm,rating_directness_expression,True,choice,No - Indirect Expression,No - Indirect Expression,0
routing_discovery_v1_b025,conflict,discovery,jev_targeted_llm,rating_directness_expression,True,choice,No - Indirect Expression,__missing__,0
routing_discovery_v1_b025,conflict,discovery,jev_targeted_llm,rating_OI_content,True,choice,Yes - Content opposes someone else,Yes - Content opposes someone else,84
routing_discovery_v1_b025,conflict,discovery,jev_targeted_llm,rating_OI_content,True,choice,Yes - Content opposes someone else,No - Content does not oppose anyone,6
routing_discovery_v1_b025,conflict,discovery,jev_targeted_llm,rating_OI_content,True,choice,Yes - Content opposes someone else,__missing__,0
routing_discovery_v1_b025,conflict,discovery,jev_targeted_llm,rating_OI_content,True,choice,No - Content does not oppose anyone,Yes - Content opposes someone else,1
routing_discovery_v1_b025,conflict,discovery,jev_targeted_llm,rating_OI_content,True,choice,No - Content does not oppose anyone,No - Content does not oppose anyone,1
routing_discovery_v1_b025,conflict,discovery,jev_targeted_llm,rating_OI_content,True,choice,No - Content does not oppose anyone,__missing__,0
routing_discovery_v1_b025,conflict,discovery,jev_targeted_llm,rating_OI_expression,True,choice,Yes - Expression is emotional/forceful,Yes - Expression is emotional/forceful,6
routing_discovery_v1_b025,conflict,discovery,jev_targeted_llm,rating_OI_expression,True,choice,Yes - Expression is emotional/forceful,No - Expression is not emotional/forceful,10
routing_discovery_v1_b025,conflict,discovery,jev_targeted_llm,rating_OI_expression,True,choice,Yes - Expression is emotional/forceful,__missing__,0
routing_discovery_v1_b025,conflict,discovery,jev_targeted_llm,rating_OI_expression,True,choice,No - Expression is not emotional/forceful,Yes - Expression is emotional/forceful,4
routing_discovery_v1_b025,conflict,discovery,jev_targeted_llm,rating_OI_expression,True,choice,No - Expression is not emotional/forceful,No - Expression is not emotional/forceful,72
routing_discovery_v1_b025,conflict,discovery,jev_targeted_llm,rating_OI_expression,True,choice,No - Expression is not emotional/forceful,__missing__,0
routing_discovery_v1_b025,mbd,discovery,jev_explanation,type,True,choice,fact,fact,69
routing_discovery_v1_b025,mbd,discovery,jev_explanation,type,True,choice,fact,opinion,4
routing_discovery_v1_b025,mbd,discovery,jev_explanation,type,True,choice,fact,borderline,3
routing_discovery_v1_b025,mbd,discovery,jev_explanation,type,True,choice,fact,quote,3
routing_discovery_v1_b025,mbd,discovery,jev_explanation,type,True,choice,fact,other,5
routing_discovery_v1_b025,mbd,discovery,jev_explanation,type,True,choice,fact,__missing__,22
routing_discovery_v1_b025,mbd,discovery,jev_explanation,type,True,choice,opinion,fact,0
routing_discovery_v1_b025,mbd,discovery,jev_explanation,type,True,choice,opinion,opinion,2
routing_discovery_v1_b025,mbd,discovery,jev_explanation,type,True,choice,opinion,borderline,0
routing_discovery_v1_b025,mbd,discovery,jev_explanation,type,True,choice,opinion,quote,0
routing_discovery_v1_b025,mbd,discovery,jev_explanation,type,True,choice,opinion,other,0
routing_discovery_v1_b025,mbd,discovery,jev_explanation,type,True,choice,opinion,__missing__,2
routing_discovery_v1_b025,mbd,discovery,jev_explanation,type,True,choice,borderline,fact,0
routing_discovery_v1_b025,mbd,discovery,jev_explanation,type,True,choice,borderline,opinion,0
routing_discovery_v1_b025,mbd,discovery,jev_explanation,type,True,choice,borderline,borderline,0
routing_discovery_v1_b025,mbd,discovery,jev_explanation,type,True,choice,borderline,quote,0
routing_discovery_v1_b025,mbd,discovery,jev_explanation,type,True,choice,borderline,other,0
routing_discovery_v1_b025,mbd,discovery,jev_explanation,type,True,choice,borderline,__missing__,1
routing_discovery_v1_b025,mbd,discovery,jev_explanation,type,True,choice,quote,fact,2
routing_discovery_v1_b025,mbd,discovery,jev_explanation,type,True,choice,quote,opinion,2
routing_discovery_v1_b025,mbd,discovery,jev_explanation,type,True,choice,quote,borderline,0
routing_discovery_v1_b025,mbd,discovery,jev_explanation,type,True,choice,quote,quote,60
routing_discovery_v1_b025,mbd,discovery,jev_explanation,type,True,choice,quote,other,0
routing_discovery_v1_b025,mbd,discovery,jev_explanation,type,True,choice,quote,__missing__,9
routing_discovery_v1_b025,mbd,discovery,jev_explanation,type,True,choice,other,fact,5
routing_discovery_v1_b025,mbd,discovery,jev_explanation,type,True,choice,other,opinion,0
routing_discovery_v1_b025,mbd,discovery,jev_explanation,type,True,choice,other,borderline,0
routing_discovery_v1_b025,mbd,discovery,jev_explanation,type,True,choice,other,quote,0
routing_discovery_v1_b025,mbd,discovery,jev_explanation,type,True,choice,other,other,17
routing_discovery_v1_b025,mbd,discovery,jev_explanation,type,True,choice,other,__missing__,3
routing_discovery_v1_b025,mbd,discovery,jev_explanation,tone,True,choice,positive,positive,8
routing_discovery_v1_b025,mbd,discovery,jev_explanation,tone,True,choice,positive,negative,0
routing_discovery_v1_b025,mbd,discovery,jev_explanation,tone,True,choice,positive,neutral,3
routing_discovery_v1_b025,mbd,discovery,jev_explanation,tone,True,choice,positive,__missing__,1
routing_discovery_v1_b025,mbd,discovery,jev_explanation,tone,True,choice,negative,positive,0
routing_discovery_v1_b025,mbd,discovery,jev_explanation,tone,True,choice,negative,negative,16
routing_discovery_v1_b025,mbd,discovery,jev_explanation,tone,True,choice,negative,neutral,8
routing_discovery_v1_b025,mbd,discovery,jev_explanation,tone,True,choice,negative,__missing__,11
routing_discovery_v1_b025,mbd,discovery,jev_explanation,tone,True,choice,neutral,positive,12
routing_discovery_v1_b025,mbd,discovery,jev_explanation,tone,True,choice,neutral,negative,5
routing_discovery_v1_b025,mbd,discovery,jev_explanation,tone,True,choice,neutral,neutral,120
routing_discovery_v1_b025,mbd,discovery,jev_explanation,tone,True,choice,neutral,__missing__,26
routing_discovery_v1_b025,mbd,discovery,jev_explanation,focus,True,choice,democrat,democrat,9
routing_discovery_v1_b025,mbd,discovery,jev_explanation,focus,True,choice,democrat,republican,0
routing_discovery_v1_b025,mbd,discovery,jev_explanation,focus,True,choice,democrat,both,1
routing_discovery_v1_b025,mbd,discovery,jev_explanation,focus,True,choice,democrat,neither,2
routing_discovery_v1_b025,mbd,discovery,jev_explanation,focus,True,choice,democrat,__missing__,3
routing_discovery_v1_b025,mbd,discovery,jev_explanation,focus,True,choice,republican,democrat,0
routing_discovery_v1_b025,mbd,discovery,jev_explanation,focus,True,choice,republican,republican,17
routing_discovery_v1_b025,mbd,discovery,jev_explanation,focus,True,choice,republican,both,3
routing_discovery_v1_b025,mbd,discovery,jev_explanation,focus,True,choice,republican,neither,8
routing_discovery_v1_b025,mbd,discovery,jev_explanation,focus,True,choice,republican,__missing__,6
routing_discovery_v1_b025,mbd,discovery,jev_explanation,focus,True,choice,both,democrat,2
routing_discovery_v1_b025,mbd,discovery,jev_explanation,focus,True,choice,both,republican,0
routing_discovery_v1_b025,mbd,discovery,jev_explanation,focus,True,choice,both,both,4
routing_discovery_v1_b025,mbd,discovery,jev_explanation,focus,True,choice,both,neither,1
routing_discovery_v1_b025,mbd,discovery,jev_explanation,focus,True,choice,both,__missing__,4
routing_discovery_v1_b025,mbd,discovery,jev_explanation,focus,True,choice,neither,democrat,0
routing_discovery_v1_b025,mbd,discovery,jev_explanation,focus,True,choice,neither,republican,0
routing_discovery_v1_b025,mbd,discovery,jev_explanation,focus,True,choice,neither,both,1
routing_discovery_v1_b025,mbd,discovery,jev_explanation,focus,True,choice,neither,neither,117
routing_discovery_v1_b025,mbd,discovery,jev_explanation,focus,True,choice,neither,__missing__,26
routing_discovery_v1_b025,mbd,discovery,jev_grounded,type,True,choice,fact,fact,90
routing_discovery_v1_b025,mbd,discovery,jev_grounded,type,True,choice,fact,opinion,4
routing_discovery_v1_b025,mbd,discovery,jev_grounded,type,True,choice,fact,borderline,3
routing_discovery_v1_b025,mbd,discovery,jev_grounded,type,True,choice,fact,quote,3
routing_discovery_v1_b025,mbd,discovery,jev_grounded,type,True,choice,fact,other,6
routing_discovery_v1_b025,mbd,discovery,jev_grounded,type,True,choice,fact,__missing__,0
routing_discovery_v1_b025,mbd,discovery,jev_grounded,type,True,choice,opinion,fact,0
routing_discovery_v1_b025,mbd,discovery,jev_grounded,type,True,choice,opinion,opinion,2
routing_discovery_v1_b025,mbd,discovery,jev_grounded,type,True,choice,opinion,borderline,0
routing_discovery_v1_b025,mbd,discovery,jev_grounded,type,True,choice,opinion,quote,2
routing_discovery_v1_b025,mbd,discovery,jev_grounded,type,True,choice,opinion,other,0
routing_discovery_v1_b025,mbd,discovery,jev_grounded,type,True,choice,opinion,__missing__,0
routing_discovery_v1_b025,mbd,discovery,jev_grounded,type,True,choice,borderline,fact,1
routing_discovery_v1_b025,mbd,discovery,jev_grounded,type,True,choice,borderline,opinion,0
routing_discovery_v1_b025,mbd,discovery,jev_grounded,type,True,choice,borderline,borderline,0
routing_discovery_v1_b025,mbd,discovery,jev_grounded,type,True,choice,borderline,quote,0
routing_discovery_v1_b025,mbd,discovery,jev_grounded,type,True,choice,borderline,other,0
routing_discovery_v1_b025,mbd,discovery,jev_grounded,type,True,choice,borderline,__missing__,0
routing_discovery_v1_b025,mbd,discovery,jev_grounded,type,True,choice,quote,fact,3
routing_discovery_v1_b025,mbd,discovery,jev_grounded,type,True,choice,quote,opinion,3
routing_discovery_v1_b025,mbd,discovery,jev_grounded,type,True,choice,quote,borderline,0
routing_discovery_v1_b025,mbd,discovery,jev_grounded,type,True,choice,quote,quote,67
routing_discovery_v1_b025,mbd,discovery,jev_grounded,type,True,choice,quote,other,0
routing_discovery_v1_b025,mbd,discovery,jev_grounded,type,True,choice,quote,__missing__,0
routing_discovery_v1_b025,mbd,discovery,jev_grounded,type,True,choice,other,fact,6
routing_discovery_v1_b025,mbd,discovery,jev_grounded,type,True,choice,other,opinion,0
routing_discovery_v1_b025,mbd,discovery,jev_grounded,type,True,choice,other,borderline,0
routing_discovery_v1_b025,mbd,discovery,jev_grounded,type,True,choice,other,quote,0
routing_discovery_v1_b025,mbd,discovery,jev_grounded,type,True,choice,other,other,19
routing_discovery_v1_b025,mbd,discovery,jev_grounded,type,True,choice,other,__missing__,0
routing_discovery_v1_b025,mbd,discovery,jev_grounded,tone,True,choice,positive,positive,12
routing_discovery_v1_b025,mbd,discovery,jev_grounded,tone,True,choice,positive,negative,0
routing_discovery_v1_b025,mbd,discovery,jev_grounded,tone,True,choice,positive,neutral,0
routing_discovery_v1_b025,mbd,discovery,jev_grounded,tone,True,choice,positive,__missing__,0
routing_discovery_v1_b025,mbd,discovery,jev_grounded,tone,True,choice,negative,positive,0
routing_discovery_v1_b025,mbd,discovery,jev_grounded,tone,True,choice,negative,negative,31
routing_discovery_v1_b025,mbd,discovery,jev_grounded,tone,True,choice,negative,neutral,4
routing_discovery_v1_b025,mbd,discovery,jev_grounded,tone,True,choice,negative,__missing__,0
routing_discovery_v1_b025,mbd,discovery,jev_grounded,tone,True,choice,neutral,positive,16
routing_discovery_v1_b025,mbd,discovery,jev_grounded,tone,True,choice,neutral,negative,14
routing_discovery_v1_b025,mbd,discovery,jev_grounded,tone,True,choice,neutral,neutral,133
routing_discovery_v1_b025,mbd,discovery,jev_grounded,tone,True,choice,neutral,__missing__,0
routing_discovery_v1_b025,mbd,discovery,jev_grounded,focus,True,choice,democrat,democrat,12
routing_discovery_v1_b025,mbd,discovery,jev_grounded,focus,True,choice,democrat,republican,0
routing_discovery_v1_b025,mbd,discovery,jev_grounded,focus,True,choice,democrat,both,1
routing_discovery_v1_b025,mbd,discovery,jev_grounded,focus,True,choice,democrat,neither,2
routing_discovery_v1_b025,mbd,discovery,jev_grounded,focus,True,choice,democrat,__missing__,0
routing_discovery_v1_b025,mbd,discovery,jev_grounded,focus,True,choice,republican,democrat,0
routing_discovery_v1_b025,mbd,discovery,jev_grounded,focus,True,choice,republican,republican,23
routing_discovery_v1_b025,mbd,discovery,jev_grounded,focus,True,choice,republican,both,3
routing_discovery_v1_b025,mbd,discovery,jev_grounded,focus,True,choice,republican,neither,8
routing_discovery_v1_b025,mbd,discovery,jev_grounded,focus,True,choice,republican,__missing__,0
routing_discovery_v1_b025,mbd,discovery,jev_grounded,focus,True,choice,both,democrat,2
routing_discovery_v1_b025,mbd,discovery,jev_grounded,focus,True,choice,both,republican,0
routing_discovery_v1_b025,mbd,discovery,jev_grounded,focus,True,choice,both,both,8
routing_discovery_v1_b025,mbd,discovery,jev_grounded,focus,True,choice,both,neither,1
routing_discovery_v1_b025,mbd,discovery,jev_grounded,focus,True,choice,both,__missing__,0
routing_discovery_v1_b025,mbd,discovery,jev_grounded,focus,True,choice,neither,democrat,1
routing_discovery_v1_b025,mbd,discovery,jev_grounded,focus,True,choice,neither,republican,0
routing_discovery_v1_b025,mbd,discovery,jev_grounded,focus,True,choice,neither,both,1
routing_discovery_v1_b025,mbd,discovery,jev_grounded,focus,True,choice,neither,neither,142
routing_discovery_v1_b025,mbd,discovery,jev_grounded,focus,True,choice,neither,__missing__,0
routing_discovery_v1_b025,mbd,discovery,jev_targeted_llm,type,True,choice,fact,fact,89
routing_discovery_v1_b025,mbd,discovery,jev_targeted_llm,type,True,choice,fact,opinion,4
routing_discovery_v1_b025,mbd,discovery,jev_targeted_llm,type,True,choice,fact,borderline,3
routing_discovery_v1_b025,mbd,discovery,jev_targeted_llm,type,True,choice,fact,quote,3
routing_discovery_v1_b025,mbd,discovery,jev_targeted_llm,type,True,choice,fact,other,7
routing_discovery_v1_b025,mbd,discovery,jev_targeted_llm,type,True,choice,fact,__missing__,0
routing_discovery_v1_b025,mbd,discovery,jev_targeted_llm,type,True,choice,opinion,fact,0
routing_discovery_v1_b025,mbd,discovery,jev_targeted_llm,type,True,choice,opinion,opinion,2
routing_discovery_v1_b025,mbd,discovery,jev_targeted_llm,type,True,choice,opinion,borderline,0
routing_discovery_v1_b025,mbd,discovery,jev_targeted_llm,type,True,choice,opinion,quote,2
routing_discovery_v1_b025,mbd,discovery,jev_targeted_llm,type,True,choice,opinion,other,0
routing_discovery_v1_b025,mbd,discovery,jev_targeted_llm,type,True,choice,opinion,__missing__,0
routing_discovery_v1_b025,mbd,discovery,jev_targeted_llm,type,True,choice,borderline,fact,1
routing_discovery_v1_b025,mbd,discovery,jev_targeted_llm,type,True,choice,borderline,opinion,0
routing_discovery_v1_b025,mbd,discovery,jev_targeted_llm,type,True,choice,borderline,borderline,0
routing_discovery_v1_b025,mbd,discovery,jev_targeted_llm,type,True,choice,borderline,quote,0
routing_discovery_v1_b025,mbd,discovery,jev_targeted_llm,type,True,choice,borderline,other,0
routing_discovery_v1_b025,mbd,discovery,jev_targeted_llm,type,True,choice,borderline,__missing__,0
routing_discovery_v1_b025,mbd,discovery,jev_targeted_llm,type,True,choice,quote,fact,5
routing_discovery_v1_b025,mbd,discovery,jev_targeted_llm,type,True,choice,quote,opinion,2
routing_discovery_v1_b025,mbd,discovery,jev_targeted_llm,type,True,choice,quote,borderline,0
routing_discovery_v1_b025,mbd,discovery,jev_targeted_llm,type,True,choice,quote,quote,66
routing_discovery_v1_b025,mbd,discovery,jev_targeted_llm,type,True,choice,quote,other,0
routing_discovery_v1_b025,mbd,discovery,jev_targeted_llm,type,True,choice,quote,__missing__,0
routing_discovery_v1_b025,mbd,discovery,jev_targeted_llm,type,True,choice,other,fact,6
routing_discovery_v1_b025,mbd,discovery,jev_targeted_llm,type,True,choice,other,opinion,0
routing_discovery_v1_b025,mbd,discovery,jev_targeted_llm,type,True,choice,other,borderline,0
routing_discovery_v1_b025,mbd,discovery,jev_targeted_llm,type,True,choice,other,quote,0
routing_discovery_v1_b025,mbd,discovery,jev_targeted_llm,type,True,choice,other,other,19
routing_discovery_v1_b025,mbd,discovery,jev_targeted_llm,type,True,choice,other,__missing__,0
routing_discovery_v1_b025,mbd,discovery,jev_targeted_llm,tone,True,choice,positive,positive,9
routing_discovery_v1_b025,mbd,discovery,jev_targeted_llm,tone,True,choice,positive,negative,0
routing_discovery_v1_b025,mbd,discovery,jev_targeted_llm,tone,True,choice,positive,neutral,3
routing_discovery_v1_b025,mbd,discovery,jev_targeted_llm,tone,True,choice,positive,__missing__,0
routing_discovery_v1_b025,mbd,discovery,jev_targeted_llm,tone,True,choice,negative,positive,0
routing_discovery_v1_b025,mbd,discovery,jev_targeted_llm,tone,True,choice,negative,negative,23
routing_discovery_v1_b025,mbd,discovery,jev_targeted_llm,tone,True,choice,negative,neutral,12
routing_discovery_v1_b025,mbd,discovery,jev_targeted_llm,tone,True,choice,negative,__missing__,0
routing_discovery_v1_b025,mbd,discovery,jev_targeted_llm,tone,True,choice,neutral,positive,12
routing_discovery_v1_b025,mbd,discovery,jev_targeted_llm,tone,True,choice,neutral,negative,5
routing_discovery_v1_b025,mbd,discovery,jev_targeted_llm,tone,True,choice,neutral,neutral,146
routing_discovery_v1_b025,mbd,discovery,jev_targeted_llm,tone,True,choice,neutral,__missing__,0
routing_discovery_v1_b025,mbd,discovery,jev_targeted_llm,focus,True,choice,democrat,democrat,12
routing_discovery_v1_b025,mbd,discovery,jev_targeted_llm,focus,True,choice,democrat,republican,0
routing_discovery_v1_b025,mbd,discovery,jev_targeted_llm,focus,True,choice,democrat,both,1
routing_discovery_v1_b025,mbd,discovery,jev_targeted_llm,focus,True,choice,democrat,neither,2
routing_discovery_v1_b025,mbd,discovery,jev_targeted_llm,focus,True,choice,democrat,__missing__,0
routing_discovery_v1_b025,mbd,discovery,jev_targeted_llm,focus,True,choice,republican,democrat,0
routing_discovery_v1_b025,mbd,discovery,jev_targeted_llm,focus,True,choice,republican,republican,23
routing_discovery_v1_b025,mbd,discovery,jev_targeted_llm,focus,True,choice,republican,both,3
routing_discovery_v1_b025,mbd,discovery,jev_targeted_llm,focus,True,choice,republican,neither,8
routing_discovery_v1_b025,mbd,discovery,jev_targeted_llm,focus,True,choice,republican,__missing__,0
routing_discovery_v1_b025,mbd,discovery,jev_targeted_llm,focus,True,choice,both,democrat,2
routing_discovery_v1_b025,mbd,discovery,jev_targeted_llm,focus,True,choice,both,republican,0
routing_discovery_v1_b025,mbd,discovery,jev_targeted_llm,focus,True,choice,both,both,8
routing_discovery_v1_b025,mbd,discovery,jev_targeted_llm,focus,True,choice,both,neither,1
routing_discovery_v1_b025,mbd,discovery,jev_targeted_llm,focus,True,choice,both,__missing__,0
routing_discovery_v1_b025,mbd,discovery,jev_targeted_llm,focus,True,choice,neither,democrat,0
routing_discovery_v1_b025,mbd,discovery,jev_targeted_llm,focus,True,choice,neither,republican,0
routing_discovery_v1_b025,mbd,discovery,jev_targeted_llm,focus,True,choice,neither,both,1
routing_discovery_v1_b025,mbd,discovery,jev_targeted_llm,focus,True,choice,neither,neither,143
routing_discovery_v1_b025,mbd,discovery,jev_targeted_llm,focus,True,choice,neither,__missing__,0
routing_discovery_v1_b025,ucc,discovery,jev_explanation,healthy,True,choice,0,0,3
routing_discovery_v1_b025,ucc,discovery,jev_explanation,healthy,True,choice,0,1,12
routing_discovery_v1_b025,ucc,discovery,jev_explanation,healthy,True,choice,0,__missing__,3
routing_discovery_v1_b025,ucc,discovery,jev_explanation,healthy,True,choice,1,0,4
routing_discovery_v1_b025,ucc,discovery,jev_explanation,healthy,True,choice,1,1,143
routing_discovery_v1_b025,ucc,discovery,jev_explanation,healthy,True,choice,1,__missing__,45
routing_discovery_v1_b025,ucc,discovery,jev_explanation,sarcastic,True,choice,0,0,150
routing_discovery_v1_b025,ucc,discovery,jev_explanation,sarcastic,True,choice,0,1,8
routing_discovery_v1_b025,ucc,discovery,jev_explanation,sarcastic,True,choice,0,__missing__,47
routing_discovery_v1_b025,ucc,discovery,jev_explanation,sarcastic,True,choice,1,0,4
routing_discovery_v1_b025,ucc,discovery,jev_explanation,sarcastic,True,choice,1,1,0
routing_discovery_v1_b025,ucc,discovery,jev_explanation,sarcastic,True,choice,1,__missing__,1
routing_discovery_v1_b025,ucc,discovery,jev_explanation,generalisation,False,choice,0,0,155
routing_discovery_v1_b025,ucc,discovery,jev_explanation,generalisation,False,choice,0,1,4
routing_discovery_v1_b025,ucc,discovery,jev_explanation,generalisation,False,choice,0,__missing__,48
routing_discovery_v1_b025,ucc,discovery,jev_explanation,generalisation,False,choice,1,0,3
routing_discovery_v1_b025,ucc,discovery,jev_explanation,generalisation,False,choice,1,1,0
routing_discovery_v1_b025,ucc,discovery,jev_explanation,generalisation,False,choice,1,__missing__,0
routing_discovery_v1_b025,ucc,discovery,jev_explanation,generalisation_unfair,True,choice,0,0,158
routing_discovery_v1_b025,ucc,discovery,jev_explanation,generalisation_unfair,True,choice,0,1,1
routing_discovery_v1_b025,ucc,discovery,jev_explanation,generalisation_unfair,True,choice,0,__missing__,48
routing_discovery_v1_b025,ucc,discovery,jev_explanation,generalisation_unfair,True,choice,1,0,3
routing_discovery_v1_b025,ucc,discovery,jev_explanation,generalisation_unfair,True,choice,1,1,0
routing_discovery_v1_b025,ucc,discovery,jev_explanation,generalisation_unfair,True,choice,1,__missing__,0
routing_discovery_v1_b025,ucc,discovery,jev_explanation,hostile,True,choice,0,0,161
routing_discovery_v1_b025,ucc,discovery,jev_explanation,hostile,True,choice,0,1,0
routing_discovery_v1_b025,ucc,discovery,jev_explanation,hostile,True,choice,0,__missing__,47
routing_discovery_v1_b025,ucc,discovery,jev_explanation,hostile,True,choice,1,0,1
routing_discovery_v1_b025,ucc,discovery,jev_explanation,hostile,True,choice,1,1,0
routing_discovery_v1_b025,ucc,discovery,jev_explanation,hostile,True,choice,1,__missing__,1
routing_discovery_v1_b025,ucc,discovery,jev_explanation,antagonize,True,choice,0,0,154
routing_discovery_v1_b025,ucc,discovery,jev_explanation,antagonize,True,choice,0,1,2
routing_discovery_v1_b025,ucc,discovery,jev_explanation,antagonize,True,choice,0,__missing__,47
routing_discovery_v1_b025,ucc,discovery,jev_explanation,antagonize,True,choice,1,0,3
routing_discovery_v1_b025,ucc,discovery,jev_explanation,antagonize,True,choice,1,1,3
routing_discovery_v1_b025,ucc,discovery,jev_explanation,antagonize,True,choice,1,__missing__,1
routing_discovery_v1_b025,ucc,discovery,jev_explanation,condescending,True,choice,0,0,154
routing_discovery_v1_b025,ucc,discovery,jev_explanation,condescending,True,choice,0,1,5
routing_discovery_v1_b025,ucc,discovery,jev_explanation,condescending,True,choice,0,__missing__,47
routing_discovery_v1_b025,ucc,discovery,jev_explanation,condescending,True,choice,1,0,2
routing_discovery_v1_b025,ucc,discovery,jev_explanation,condescending,True,choice,1,1,1
routing_discovery_v1_b025,ucc,discovery,jev_explanation,condescending,True,choice,1,__missing__,1
routing_discovery_v1_b025,ucc,discovery,jev_explanation,dismissive,True,choice,0,0,149
routing_discovery_v1_b025,ucc,discovery,jev_explanation,dismissive,True,choice,0,1,11
routing_discovery_v1_b025,ucc,discovery,jev_explanation,dismissive,True,choice,0,__missing__,47
routing_discovery_v1_b025,ucc,discovery,jev_explanation,dismissive,True,choice,1,0,2
routing_discovery_v1_b025,ucc,discovery,jev_explanation,dismissive,True,choice,1,1,0
routing_discovery_v1_b025,ucc,discovery,jev_explanation,dismissive,True,choice,1,__missing__,1
routing_discovery_v1_b025,ucc,discovery,jev_grounded,healthy,True,choice,0,0,13
routing_discovery_v1_b025,ucc,discovery,jev_grounded,healthy,True,choice,0,1,5
routing_discovery_v1_b025,ucc,discovery,jev_grounded,healthy,True,choice,0,__missing__,0
routing_discovery_v1_b025,ucc,discovery,jev_grounded,healthy,True,choice,1,0,106
routing_discovery_v1_b025,ucc,discovery,jev_grounded,healthy,True,choice,1,1,86
routing_discovery_v1_b025,ucc,discovery,jev_grounded,healthy,True,choice,1,__missing__,0
routing_discovery_v1_b025,ucc,discovery,jev_grounded,sarcastic,True,choice,0,0,127
routing_discovery_v1_b025,ucc,discovery,jev_grounded,sarcastic,True,choice,0,1,78
routing_discovery_v1_b025,ucc,discovery,jev_grounded,sarcastic,True,choice,0,__missing__,0
routing_discovery_v1_b025,ucc,discovery,jev_grounded,sarcastic,True,choice,1,0,1
routing_discovery_v1_b025,ucc,discovery,jev_grounded,sarcastic,True,choice,1,1,4
routing_discovery_v1_b025,ucc,discovery,jev_grounded,sarcastic,True,choice,1,__missing__,0
routing_discovery_v1_b025,ucc,discovery,jev_grounded,generalisation,False,choice,0,0,167
routing_discovery_v1_b025,ucc,discovery,jev_grounded,generalisation,False,choice,0,1,40
routing_discovery_v1_b025,ucc,discovery,jev_grounded,generalisation,False,choice,0,__missing__,0
routing_discovery_v1_b025,ucc,discovery,jev_grounded,generalisation,False,choice,1,0,1
routing_discovery_v1_b025,ucc,discovery,jev_grounded,generalisation,False,choice,1,1,2
routing_discovery_v1_b025,ucc,discovery,jev_grounded,generalisation,False,choice,1,__missing__,0
routing_discovery_v1_b025,ucc,discovery,jev_grounded,generalisation_unfair,True,choice,0,0,174
routing_discovery_v1_b025,ucc,discovery,jev_grounded,generalisation_unfair,True,choice,0,1,33
routing_discovery_v1_b025,ucc,discovery,jev_grounded,generalisation_unfair,True,choice,0,__missing__,0
routing_discovery_v1_b025,ucc,discovery,jev_grounded,generalisation_unfair,True,choice,1,0,1
routing_discovery_v1_b025,ucc,discovery,jev_grounded,generalisation_unfair,True,choice,1,1,2
routing_discovery_v1_b025,ucc,discovery,jev_grounded,generalisation_unfair,True,choice,1,__missing__,0
routing_discovery_v1_b025,ucc,discovery,jev_grounded,hostile,True,choice,0,0,135
routing_discovery_v1_b025,ucc,discovery,jev_grounded,hostile,True,choice,0,1,73
routing_discovery_v1_b025,ucc,discovery,jev_grounded,hostile,True,choice,0,__missing__,0
routing_discovery_v1_b025,ucc,discovery,jev_grounded,hostile,True,choice,1,0,0
routing_discovery_v1_b025,ucc,discovery,jev_grounded,hostile,True,choice,1,1,2
routing_discovery_v1_b025,ucc,discovery,jev_grounded,hostile,True,choice,1,__missing__,0
routing_discovery_v1_b025,ucc,discovery,jev_grounded,antagonize,True,choice,0,0,101
routing_discovery_v1_b025,ucc,discovery,jev_grounded,antagonize,True,choice,0,1,102
routing_discovery_v1_b025,ucc,discovery,jev_grounded,antagonize,True,choice,0,__missing__,0
routing_discovery_v1_b025,ucc,discovery,jev_grounded,antagonize,True,choice,1,0,1
routing_discovery_v1_b025,ucc,discovery,jev_grounded,antagonize,True,choice,1,1,6
routing_discovery_v1_b025,ucc,discovery,jev_grounded,antagonize,True,choice,1,__missing__,0
routing_discovery_v1_b025,ucc,discovery,jev_grounded,condescending,True,choice,0,0,134
routing_discovery_v1_b025,ucc,discovery,jev_grounded,condescending,True,choice,0,1,72
routing_discovery_v1_b025,ucc,discovery,jev_grounded,condescending,True,choice,0,__missing__,0
routing_discovery_v1_b025,ucc,discovery,jev_grounded,condescending,True,choice,1,0,0
routing_discovery_v1_b025,ucc,discovery,jev_grounded,condescending,True,choice,1,1,4
routing_discovery_v1_b025,ucc,discovery,jev_grounded,condescending,True,choice,1,__missing__,0
routing_discovery_v1_b025,ucc,discovery,jev_grounded,dismissive,True,choice,0,0,128
routing_discovery_v1_b025,ucc,discovery,jev_grounded,dismissive,True,choice,0,1,79
routing_discovery_v1_b025,ucc,discovery,jev_grounded,dismissive,True,choice,0,__missing__,0
routing_discovery_v1_b025,ucc,discovery,jev_grounded,dismissive,True,choice,1,0,0
routing_discovery_v1_b025,ucc,discovery,jev_grounded,dismissive,True,choice,1,1,3
routing_discovery_v1_b025,ucc,discovery,jev_grounded,dismissive,True,choice,1,__missing__,0
routing_discovery_v1_b025,ucc,discovery,jev_targeted_llm,healthy,True,choice,0,0,6
routing_discovery_v1_b025,ucc,discovery,jev_targeted_llm,healthy,True,choice,0,1,12
routing_discovery_v1_b025,ucc,discovery,jev_targeted_llm,healthy,True,choice,0,__missing__,0
routing_discovery_v1_b025,ucc,discovery,jev_targeted_llm,healthy,True,choice,1,0,20
routing_discovery_v1_b025,ucc,discovery,jev_targeted_llm,healthy,True,choice,1,1,172
routing_discovery_v1_b025,ucc,discovery,jev_targeted_llm,healthy,True,choice,1,__missing__,0
routing_discovery_v1_b025,ucc,discovery,jev_targeted_llm,sarcastic,True,choice,0,0,186
routing_discovery_v1_b025,ucc,discovery,jev_targeted_llm,sarcastic,True,choice,0,1,19
routing_discovery_v1_b025,ucc,discovery,jev_targeted_llm,sarcastic,True,choice,0,__missing__,0
routing_discovery_v1_b025,ucc,discovery,jev_targeted_llm,sarcastic,True,choice,1,0,4
routing_discovery_v1_b025,ucc,discovery,jev_targeted_llm,sarcastic,True,choice,1,1,1
routing_discovery_v1_b025,ucc,discovery,jev_targeted_llm,sarcastic,True,choice,1,__missing__,0
routing_discovery_v1_b025,ucc,discovery,jev_targeted_llm,generalisation,False,choice,0,0,196
routing_discovery_v1_b025,ucc,discovery,jev_targeted_llm,generalisation,False,choice,0,1,11
routing_discovery_v1_b025,ucc,discovery,jev_targeted_llm,generalisation,False,choice,0,__missing__,0
routing_discovery_v1_b025,ucc,discovery,jev_targeted_llm,generalisation,False,choice,1,0,3
routing_discovery_v1_b025,ucc,discovery,jev_targeted_llm,generalisation,False,choice,1,1,0
routing_discovery_v1_b025,ucc,discovery,jev_targeted_llm,generalisation,False,choice,1,__missing__,0
routing_discovery_v1_b025,ucc,discovery,jev_targeted_llm,generalisation_unfair,True,choice,0,0,199
routing_discovery_v1_b025,ucc,discovery,jev_targeted_llm,generalisation_unfair,True,choice,0,1,8
routing_discovery_v1_b025,ucc,discovery,jev_targeted_llm,generalisation_unfair,True,choice,0,__missing__,0
routing_discovery_v1_b025,ucc,discovery,jev_targeted_llm,generalisation_unfair,True,choice,1,0,3
routing_discovery_v1_b025,ucc,discovery,jev_targeted_llm,generalisation_unfair,True,choice,1,1,0
routing_discovery_v1_b025,ucc,discovery,jev_targeted_llm,generalisation_unfair,True,choice,1,__missing__,0
routing_discovery_v1_b025,ucc,discovery,jev_targeted_llm,hostile,True,choice,0,0,190
routing_discovery_v1_b025,ucc,discovery,jev_targeted_llm,hostile,True,choice,0,1,18
routing_discovery_v1_b025,ucc,discovery,jev_targeted_llm,hostile,True,choice,0,__missing__,0
routing_discovery_v1_b025,ucc,discovery,jev_targeted_llm,hostile,True,choice,1,0,1
routing_discovery_v1_b025,ucc,discovery,jev_targeted_llm,hostile,True,choice,1,1,1
routing_discovery_v1_b025,ucc,discovery,jev_targeted_llm,hostile,True,choice,1,__missing__,0
routing_discovery_v1_b025,ucc,discovery,jev_targeted_llm,antagonize,True,choice,0,0,187
routing_discovery_v1_b025,ucc,discovery,jev_targeted_llm,antagonize,True,choice,0,1,16
routing_discovery_v1_b025,ucc,discovery,jev_targeted_llm,antagonize,True,choice,0,__missing__,0
routing_discovery_v1_b025,ucc,discovery,jev_targeted_llm,antagonize,True,choice,1,0,3
routing_discovery_v1_b025,ucc,discovery,jev_targeted_llm,antagonize,True,choice,1,1,4
routing_discovery_v1_b025,ucc,discovery,jev_targeted_llm,antagonize,True,choice,1,__missing__,0
routing_discovery_v1_b025,ucc,discovery,jev_targeted_llm,condescending,True,choice,0,0,186
routing_discovery_v1_b025,ucc,discovery,jev_targeted_llm,condescending,True,choice,0,1,20
routing_discovery_v1_b025,ucc,discovery,jev_targeted_llm,condescending,True,choice,0,__missing__,0
routing_discovery_v1_b025,ucc,discovery,jev_targeted_llm,condescending,True,choice,1,0,2
routing_discovery_v1_b025,ucc,discovery,jev_targeted_llm,condescending,True,choice,1,1,2
routing_discovery_v1_b025,ucc,discovery,jev_targeted_llm,condescending,True,choice,1,__missing__,0
routing_discovery_v1_b025,ucc,discovery,jev_targeted_llm,dismissive,True,choice,0,0,184
routing_discovery_v1_b025,ucc,discovery,jev_targeted_llm,dismissive,True,choice,0,1,23
routing_discovery_v1_b025,ucc,discovery,jev_targeted_llm,dismissive,True,choice,0,__missing__,0
routing_discovery_v1_b025,ucc,discovery,jev_targeted_llm,dismissive,True,choice,1,0,2
routing_discovery_v1_b025,ucc,discovery,jev_targeted_llm,dismissive,True,choice,1,1,1
routing_discovery_v1_b025,ucc,discovery,jev_targeted_llm,dismissive,True,choice,1,__missing__,0
routing_discovery_v1_b05,babe,discovery,jev_explanation,label_bias,True,choice,Non-biased,Non-biased,39
routing_discovery_v1_b05,babe,discovery,jev_explanation,label_bias,True,choice,Non-biased,Biased,6
routing_discovery_v1_b05,babe,discovery,jev_explanation,label_bias,True,choice,Non-biased,__missing__,52
routing_discovery_v1_b05,babe,discovery,jev_explanation,label_bias,True,choice,Biased,Non-biased,23
routing_discovery_v1_b05,babe,discovery,jev_explanation,label_bias,True,choice,Biased,Biased,36
routing_discovery_v1_b05,babe,discovery,jev_explanation,label_bias,True,choice,Biased,__missing__,44
routing_discovery_v1_b05,babe,discovery,jev_grounded,label_bias,True,choice,Non-biased,Non-biased,75
routing_discovery_v1_b05,babe,discovery,jev_grounded,label_bias,True,choice,Non-biased,Biased,22
routing_discovery_v1_b05,babe,discovery,jev_grounded,label_bias,True,choice,Non-biased,__missing__,0
routing_discovery_v1_b05,babe,discovery,jev_grounded,label_bias,True,choice,Biased,Non-biased,22
routing_discovery_v1_b05,babe,discovery,jev_grounded,label_bias,True,choice,Biased,Biased,81
routing_discovery_v1_b05,babe,discovery,jev_grounded,label_bias,True,choice,Biased,__missing__,0
routing_discovery_v1_b05,babe,discovery,jev_targeted_llm,label_bias,True,choice,Non-biased,Non-biased,80
routing_discovery_v1_b05,babe,discovery,jev_targeted_llm,label_bias,True,choice,Non-biased,Biased,17
routing_discovery_v1_b05,babe,discovery,jev_targeted_llm,label_bias,True,choice,Non-biased,__missing__,0
routing_discovery_v1_b05,babe,discovery,jev_targeted_llm,label_bias,True,choice,Biased,Non-biased,31
routing_discovery_v1_b05,babe,discovery,jev_targeted_llm,label_bias,True,choice,Biased,Biased,72
routing_discovery_v1_b05,babe,discovery,jev_targeted_llm,label_bias,True,choice,Biased,__missing__,0
routing_discovery_v1_b05,conflict,discovery,jev_explanation,rating_directness_content,True,choice,Yes - Direct Content,Yes - Direct Content,42
routing_discovery_v1_b05,conflict,discovery,jev_explanation,rating_directness_content,True,choice,Yes - Direct Content,Neutral - Content contains no opinion,0
routing_discovery_v1_b05,conflict,discovery,jev_explanation,rating_directness_content,True,choice,Yes - Direct Content,No - Indirect Content,2
routing_discovery_v1_b05,conflict,discovery,jev_explanation,rating_directness_content,True,choice,Yes - Direct Content,__missing__,48
routing_discovery_v1_b05,conflict,discovery,jev_explanation,rating_directness_content,True,choice,Neutral - Content contains no opinion,Yes - Direct Content,0
routing_discovery_v1_b05,conflict,discovery,jev_explanation,rating_directness_content,True,choice,Neutral - Content contains no opinion,Neutral - Content contains no opinion,0
routing_discovery_v1_b05,conflict,discovery,jev_explanation,rating_directness_content,True,choice,Neutral - Content contains no opinion,No - Indirect Content,0
routing_discovery_v1_b05,conflict,discovery,jev_explanation,rating_directness_content,True,choice,Neutral - Content contains no opinion,__missing__,0
routing_discovery_v1_b05,conflict,discovery,jev_explanation,rating_directness_content,True,choice,No - Indirect Content,Yes - Direct Content,0
routing_discovery_v1_b05,conflict,discovery,jev_explanation,rating_directness_content,True,choice,No - Indirect Content,Neutral - Content contains no opinion,0
routing_discovery_v1_b05,conflict,discovery,jev_explanation,rating_directness_content,True,choice,No - Indirect Content,No - Indirect Content,0
routing_discovery_v1_b05,conflict,discovery,jev_explanation,rating_directness_content,True,choice,No - Indirect Content,__missing__,0
routing_discovery_v1_b05,conflict,discovery,jev_explanation,rating_directness_expression,True,choice,Yes - Direct Expression,Yes - Direct Expression,43
routing_discovery_v1_b05,conflict,discovery,jev_explanation,rating_directness_expression,True,choice,Yes - Direct Expression,No - Indirect Expression,0
routing_discovery_v1_b05,conflict,discovery,jev_explanation,rating_directness_expression,True,choice,Yes - Direct Expression,__missing__,44
routing_discovery_v1_b05,conflict,discovery,jev_explanation,rating_directness_expression,True,choice,No - Indirect Expression,Yes - Direct Expression,1
routing_discovery_v1_b05,conflict,discovery,jev_explanation,rating_directness_expression,True,choice,No - Indirect Expression,No - Indirect Expression,0
routing_discovery_v1_b05,conflict,discovery,jev_explanation,rating_directness_expression,True,choice,No - Indirect Expression,__missing__,4
routing_discovery_v1_b05,conflict,discovery,jev_explanation,rating_OI_content,True,choice,Yes - Content opposes someone else,Yes - Content opposes someone else,43
routing_discovery_v1_b05,conflict,discovery,jev_explanation,rating_OI_content,True,choice,Yes - Content opposes someone else,No - Content does not oppose anyone,1
routing_discovery_v1_b05,conflict,discovery,jev_explanation,rating_OI_content,True,choice,Yes - Content opposes someone else,__missing__,46
routing_discovery_v1_b05,conflict,discovery,jev_explanation,rating_OI_content,True,choice,No - Content does not oppose anyone,Yes - Content opposes someone else,0
routing_discovery_v1_b05,conflict,discovery,jev_explanation,rating_OI_content,True,choice,No - Content does not oppose anyone,No - Content does not oppose anyone,0
routing_discovery_v1_b05,conflict,discovery,jev_explanation,rating_OI_content,True,choice,No - Content does not oppose anyone,__missing__,2
routing_discovery_v1_b05,conflict,discovery,jev_explanation,rating_OI_expression,True,choice,Yes - Expression is emotional/forceful,Yes - Expression is emotional/forceful,2
routing_discovery_v1_b05,conflict,discovery,jev_explanation,rating_OI_expression,True,choice,Yes - Expression is emotional/forceful,No - Expression is not emotional/forceful,6
routing_discovery_v1_b05,conflict,discovery,jev_explanation,rating_OI_expression,True,choice,Yes - Expression is emotional/forceful,__missing__,8
routing_discovery_v1_b05,conflict,discovery,jev_explanation,rating_OI_expression,True,choice,No - Expression is not emotional/forceful,Yes - Expression is emotional/forceful,1
routing_discovery_v1_b05,conflict,discovery,jev_explanation,rating_OI_expression,True,choice,No - Expression is not emotional/forceful,No - Expression is not emotional/forceful,35
routing_discovery_v1_b05,conflict,discovery,jev_explanation,rating_OI_expression,True,choice,No - Expression is not emotional/forceful,__missing__,40
routing_discovery_v1_b05,conflict,discovery,jev_grounded,rating_directness_content,True,choice,Yes - Direct Content,Yes - Direct Content,85
routing_discovery_v1_b05,conflict,discovery,jev_grounded,rating_directness_content,True,choice,Yes - Direct Content,Neutral - Content contains no opinion,2
routing_discovery_v1_b05,conflict,discovery,jev_grounded,rating_directness_content,True,choice,Yes - Direct Content,No - Indirect Content,5
routing_discovery_v1_b05,conflict,discovery,jev_grounded,rating_directness_content,True,choice,Yes - Direct Content,__missing__,0
routing_discovery_v1_b05,conflict,discovery,jev_grounded,rating_directness_content,True,choice,Neutral - Content contains no opinion,Yes - Direct Content,0
routing_discovery_v1_b05,conflict,discovery,jev_grounded,rating_directness_content,True,choice,Neutral - Content contains no opinion,Neutral - Content contains no opinion,0
routing_discovery_v1_b05,conflict,discovery,jev_grounded,rating_directness_content,True,choice,Neutral - Content contains no opinion,No - Indirect Content,0
routing_discovery_v1_b05,conflict,discovery,jev_grounded,rating_directness_content,True,choice,Neutral - Content contains no opinion,__missing__,0
routing_discovery_v1_b05,conflict,discovery,jev_grounded,rating_directness_content,True,choice,No - Indirect Content,Yes - Direct Content,0
routing_discovery_v1_b05,conflict,discovery,jev_grounded,rating_directness_content,True,choice,No - Indirect Content,Neutral - Content contains no opinion,0
routing_discovery_v1_b05,conflict,discovery,jev_grounded,rating_directness_content,True,choice,No - Indirect Content,No - Indirect Content,0
routing_discovery_v1_b05,conflict,discovery,jev_grounded,rating_directness_content,True,choice,No - Indirect Content,__missing__,0
routing_discovery_v1_b05,conflict,discovery,jev_grounded,rating_directness_expression,True,choice,Yes - Direct Expression,Yes - Direct Expression,74
routing_discovery_v1_b05,conflict,discovery,jev_grounded,rating_directness_expression,True,choice,Yes - Direct Expression,No - Indirect Expression,13
routing_discovery_v1_b05,conflict,discovery,jev_grounded,rating_directness_expression,True,choice,Yes - Direct Expression,__missing__,0
routing_discovery_v1_b05,conflict,discovery,jev_grounded,rating_directness_expression,True,choice,No - Indirect Expression,Yes - Direct Expression,3
routing_discovery_v1_b05,conflict,discovery,jev_grounded,rating_directness_expression,True,choice,No - Indirect Expression,No - Indirect Expression,2
routing_discovery_v1_b05,conflict,discovery,jev_grounded,rating_directness_expression,True,choice,No - Indirect Expression,__missing__,0
routing_discovery_v1_b05,conflict,discovery,jev_grounded,rating_OI_content,True,choice,Yes - Content opposes someone else,Yes - Content opposes someone else,74
routing_discovery_v1_b05,conflict,discovery,jev_grounded,rating_OI_content,True,choice,Yes - Content opposes someone else,No - Content does not oppose anyone,16
routing_discovery_v1_b05,conflict,discovery,jev_grounded,rating_OI_content,True,choice,Yes - Content opposes someone else,__missing__,0
routing_discovery_v1_b05,conflict,discovery,jev_grounded,rating_OI_content,True,choice,No - Content does not oppose anyone,Yes - Content opposes someone else,1
routing_discovery_v1_b05,conflict,discovery,jev_grounded,rating_OI_content,True,choice,No - Content does not oppose anyone,No - Content does not oppose anyone,1
routing_discovery_v1_b05,conflict,discovery,jev_grounded,rating_OI_content,True,choice,No - Content does not oppose anyone,__missing__,0
routing_discovery_v1_b05,conflict,discovery,jev_grounded,rating_OI_expression,True,choice,Yes - Expression is emotional/forceful,Yes - Expression is emotional/forceful,7
routing_discovery_v1_b05,conflict,discovery,jev_grounded,rating_OI_expression,True,choice,Yes - Expression is emotional/forceful,No - Expression is not emotional/forceful,9
routing_discovery_v1_b05,conflict,discovery,jev_grounded,rating_OI_expression,True,choice,Yes - Expression is emotional/forceful,__missing__,0
routing_discovery_v1_b05,conflict,discovery,jev_grounded,rating_OI_expression,True,choice,No - Expression is not emotional/forceful,Yes - Expression is emotional/forceful,13
routing_discovery_v1_b05,conflict,discovery,jev_grounded,rating_OI_expression,True,choice,No - Expression is not emotional/forceful,No - Expression is not emotional/forceful,63
routing_discovery_v1_b05,conflict,discovery,jev_grounded,rating_OI_expression,True,choice,No - Expression is not emotional/forceful,__missing__,0
routing_discovery_v1_b05,conflict,discovery,jev_targeted_llm,rating_directness_content,True,choice,Yes - Direct Content,Yes - Direct Content,90
routing_discovery_v1_b05,conflict,discovery,jev_targeted_llm,rating_directness_content,True,choice,Yes - Direct Content,Neutral - Content contains no opinion,0
routing_discovery_v1_b05,conflict,discovery,jev_targeted_llm,rating_directness_content,True,choice,Yes - Direct Content,No - Indirect Content,2
routing_discovery_v1_b05,conflict,discovery,jev_targeted_llm,rating_directness_content,True,choice,Yes - Direct Content,__missing__,0
routing_discovery_v1_b05,conflict,discovery,jev_targeted_llm,rating_directness_content,True,choice,Neutral - Content contains no opinion,Yes - Direct Content,0
routing_discovery_v1_b05,conflict,discovery,jev_targeted_llm,rating_directness_content,True,choice,Neutral - Content contains no opinion,Neutral - Content contains no opinion,0
routing_discovery_v1_b05,conflict,discovery,jev_targeted_llm,rating_directness_content,True,choice,Neutral - Content contains no opinion,No - Indirect Content,0
routing_discovery_v1_b05,conflict,discovery,jev_targeted_llm,rating_directness_content,True,choice,Neutral - Content contains no opinion,__missing__,0
routing_discovery_v1_b05,conflict,discovery,jev_targeted_llm,rating_directness_content,True,choice,No - Indirect Content,Yes - Direct Content,0
routing_discovery_v1_b05,conflict,discovery,jev_targeted_llm,rating_directness_content,True,choice,No - Indirect Content,Neutral - Content contains no opinion,0
routing_discovery_v1_b05,conflict,discovery,jev_targeted_llm,rating_directness_content,True,choice,No - Indirect Content,No - Indirect Content,0
routing_discovery_v1_b05,conflict,discovery,jev_targeted_llm,rating_directness_content,True,choice,No - Indirect Content,__missing__,0
routing_discovery_v1_b05,conflict,discovery,jev_targeted_llm,rating_directness_expression,True,choice,Yes - Direct Expression,Yes - Direct Expression,84
routing_discovery_v1_b05,conflict,discovery,jev_targeted_llm,rating_directness_expression,True,choice,Yes - Direct Expression,No - Indirect Expression,3
routing_discovery_v1_b05,conflict,discovery,jev_targeted_llm,rating_directness_expression,True,choice,Yes - Direct Expression,__missing__,0
routing_discovery_v1_b05,conflict,discovery,jev_targeted_llm,rating_directness_expression,True,choice,No - Indirect Expression,Yes - Direct Expression,5
routing_discovery_v1_b05,conflict,discovery,jev_targeted_llm,rating_directness_expression,True,choice,No - Indirect Expression,No - Indirect Expression,0
routing_discovery_v1_b05,conflict,discovery,jev_targeted_llm,rating_directness_expression,True,choice,No - Indirect Expression,__missing__,0
routing_discovery_v1_b05,conflict,discovery,jev_targeted_llm,rating_OI_content,True,choice,Yes - Content opposes someone else,Yes - Content opposes someone else,76
routing_discovery_v1_b05,conflict,discovery,jev_targeted_llm,rating_OI_content,True,choice,Yes - Content opposes someone else,No - Content does not oppose anyone,14
routing_discovery_v1_b05,conflict,discovery,jev_targeted_llm,rating_OI_content,True,choice,Yes - Content opposes someone else,__missing__,0
routing_discovery_v1_b05,conflict,discovery,jev_targeted_llm,rating_OI_content,True,choice,No - Content does not oppose anyone,Yes - Content opposes someone else,0
routing_discovery_v1_b05,conflict,discovery,jev_targeted_llm,rating_OI_content,True,choice,No - Content does not oppose anyone,No - Content does not oppose anyone,2
routing_discovery_v1_b05,conflict,discovery,jev_targeted_llm,rating_OI_content,True,choice,No - Content does not oppose anyone,__missing__,0
routing_discovery_v1_b05,conflict,discovery,jev_targeted_llm,rating_OI_expression,True,choice,Yes - Expression is emotional/forceful,Yes - Expression is emotional/forceful,6
routing_discovery_v1_b05,conflict,discovery,jev_targeted_llm,rating_OI_expression,True,choice,Yes - Expression is emotional/forceful,No - Expression is not emotional/forceful,10
routing_discovery_v1_b05,conflict,discovery,jev_targeted_llm,rating_OI_expression,True,choice,Yes - Expression is emotional/forceful,__missing__,0
routing_discovery_v1_b05,conflict,discovery,jev_targeted_llm,rating_OI_expression,True,choice,No - Expression is not emotional/forceful,Yes - Expression is emotional/forceful,7
routing_discovery_v1_b05,conflict,discovery,jev_targeted_llm,rating_OI_expression,True,choice,No - Expression is not emotional/forceful,No - Expression is not emotional/forceful,69
routing_discovery_v1_b05,conflict,discovery,jev_targeted_llm,rating_OI_expression,True,choice,No - Expression is not emotional/forceful,__missing__,0
routing_discovery_v1_b05,mbd,discovery,jev_explanation,type,True,choice,fact,fact,55
routing_discovery_v1_b05,mbd,discovery,jev_explanation,type,True,choice,fact,opinion,4
routing_discovery_v1_b05,mbd,discovery,jev_explanation,type,True,choice,fact,borderline,0
routing_discovery_v1_b05,mbd,discovery,jev_explanation,type,True,choice,fact,quote,3
routing_discovery_v1_b05,mbd,discovery,jev_explanation,type,True,choice,fact,other,3
routing_discovery_v1_b05,mbd,discovery,jev_explanation,type,True,choice,fact,__missing__,41
routing_discovery_v1_b05,mbd,discovery,jev_explanation,type,True,choice,opinion,fact,0
routing_discovery_v1_b05,mbd,discovery,jev_explanation,type,True,choice,opinion,opinion,1
routing_discovery_v1_b05,mbd,discovery,jev_explanation,type,True,choice,opinion,borderline,0
routing_discovery_v1_b05,mbd,discovery,jev_explanation,type,True,choice,opinion,quote,0
routing_discovery_v1_b05,mbd,discovery,jev_explanation,type,True,choice,opinion,other,0
routing_discovery_v1_b05,mbd,discovery,jev_explanation,type,True,choice,opinion,__missing__,3
routing_discovery_v1_b05,mbd,discovery,jev_explanation,type,True,choice,borderline,fact,0
routing_discovery_v1_b05,mbd,discovery,jev_explanation,type,True,choice,borderline,opinion,0
routing_discovery_v1_b05,mbd,discovery,jev_explanation,type,True,choice,borderline,borderline,0
routing_discovery_v1_b05,mbd,discovery,jev_explanation,type,True,choice,borderline,quote,0
routing_discovery_v1_b05,mbd,discovery,jev_explanation,type,True,choice,borderline,other,0
routing_discovery_v1_b05,mbd,discovery,jev_explanation,type,True,choice,borderline,__missing__,1
routing_discovery_v1_b05,mbd,discovery,jev_explanation,type,True,choice,quote,fact,0
routing_discovery_v1_b05,mbd,discovery,jev_explanation,type,True,choice,quote,opinion,0
routing_discovery_v1_b05,mbd,discovery,jev_explanation,type,True,choice,quote,borderline,1
routing_discovery_v1_b05,mbd,discovery,jev_explanation,type,True,choice,quote,quote,42
routing_discovery_v1_b05,mbd,discovery,jev_explanation,type,True,choice,quote,other,0
routing_discovery_v1_b05,mbd,discovery,jev_explanation,type,True,choice,quote,__missing__,30
routing_discovery_v1_b05,mbd,discovery,jev_explanation,type,True,choice,other,fact,4
routing_discovery_v1_b05,mbd,discovery,jev_explanation,type,True,choice,other,opinion,0
routing_discovery_v1_b05,mbd,discovery,jev_explanation,type,True,choice,other,borderline,0
routing_discovery_v1_b05,mbd,discovery,jev_explanation,type,True,choice,other,quote,0
routing_discovery_v1_b05,mbd,discovery,jev_explanation,type,True,choice,other,other,14
routing_discovery_v1_b05,mbd,discovery,jev_explanation,type,True,choice,other,__missing__,7
routing_discovery_v1_b05,mbd,discovery,jev_explanation,tone,True,choice,positive,positive,4
routing_discovery_v1_b05,mbd,discovery,jev_explanation,tone,True,choice,positive,negative,0
routing_discovery_v1_b05,mbd,discovery,jev_explanation,tone,True,choice,positive,neutral,1
routing_discovery_v1_b05,mbd,discovery,jev_explanation,tone,True,choice,positive,__missing__,7
routing_discovery_v1_b05,mbd,discovery,jev_explanation,tone,True,choice,negative,positive,0
routing_discovery_v1_b05,mbd,discovery,jev_explanation,tone,True,choice,negative,negative,13
routing_discovery_v1_b05,mbd,discovery,jev_explanation,tone,True,choice,negative,neutral,6
routing_discovery_v1_b05,mbd,discovery,jev_explanation,tone,True,choice,negative,__missing__,16
routing_discovery_v1_b05,mbd,discovery,jev_explanation,tone,True,choice,neutral,positive,8
routing_discovery_v1_b05,mbd,discovery,jev_explanation,tone,True,choice,neutral,negative,5
routing_discovery_v1_b05,mbd,discovery,jev_explanation,tone,True,choice,neutral,neutral,90
routing_discovery_v1_b05,mbd,discovery,jev_explanation,tone,True,choice,neutral,__missing__,60
routing_discovery_v1_b05,mbd,discovery,jev_explanation,focus,True,choice,democrat,democrat,6
routing_discovery_v1_b05,mbd,discovery,jev_explanation,focus,True,choice,democrat,republican,0
routing_discovery_v1_b05,mbd,discovery,jev_explanation,focus,True,choice,democrat,both,0
routing_discovery_v1_b05,mbd,discovery,jev_explanation,focus,True,choice,democrat,neither,2
routing_discovery_v1_b05,mbd,discovery,jev_explanation,focus,True,choice,democrat,__missing__,7
routing_discovery_v1_b05,mbd,discovery,jev_explanation,focus,True,choice,republican,democrat,1
routing_discovery_v1_b05,mbd,discovery,jev_explanation,focus,True,choice,republican,republican,13
routing_discovery_v1_b05,mbd,discovery,jev_explanation,focus,True,choice,republican,both,4
routing_discovery_v1_b05,mbd,discovery,jev_explanation,focus,True,choice,republican,neither,7
routing_discovery_v1_b05,mbd,discovery,jev_explanation,focus,True,choice,republican,__missing__,9
routing_discovery_v1_b05,mbd,discovery,jev_explanation,focus,True,choice,both,democrat,2
routing_discovery_v1_b05,mbd,discovery,jev_explanation,focus,True,choice,both,republican,0
routing_discovery_v1_b05,mbd,discovery,jev_explanation,focus,True,choice,both,both,3
routing_discovery_v1_b05,mbd,discovery,jev_explanation,focus,True,choice,both,neither,0
routing_discovery_v1_b05,mbd,discovery,jev_explanation,focus,True,choice,both,__missing__,6
routing_discovery_v1_b05,mbd,discovery,jev_explanation,focus,True,choice,neither,democrat,0
routing_discovery_v1_b05,mbd,discovery,jev_explanation,focus,True,choice,neither,republican,0
routing_discovery_v1_b05,mbd,discovery,jev_explanation,focus,True,choice,neither,both,0
routing_discovery_v1_b05,mbd,discovery,jev_explanation,focus,True,choice,neither,neither,82
routing_discovery_v1_b05,mbd,discovery,jev_explanation,focus,True,choice,neither,__missing__,62
routing_discovery_v1_b05,mbd,discovery,jev_grounded,type,True,choice,fact,fact,90
routing_discovery_v1_b05,mbd,discovery,jev_grounded,type,True,choice,fact,opinion,4
routing_discovery_v1_b05,mbd,discovery,jev_grounded,type,True,choice,fact,borderline,3
routing_discovery_v1_b05,mbd,discovery,jev_grounded,type,True,choice,fact,quote,3
routing_discovery_v1_b05,mbd,discovery,jev_grounded,type,True,choice,fact,other,6
routing_discovery_v1_b05,mbd,discovery,jev_grounded,type,True,choice,fact,__missing__,0
routing_discovery_v1_b05,mbd,discovery,jev_grounded,type,True,choice,opinion,fact,0
routing_discovery_v1_b05,mbd,discovery,jev_grounded,type,True,choice,opinion,opinion,2
routing_discovery_v1_b05,mbd,discovery,jev_grounded,type,True,choice,opinion,borderline,0
routing_discovery_v1_b05,mbd,discovery,jev_grounded,type,True,choice,opinion,quote,2
routing_discovery_v1_b05,mbd,discovery,jev_grounded,type,True,choice,opinion,other,0
routing_discovery_v1_b05,mbd,discovery,jev_grounded,type,True,choice,opinion,__missing__,0
routing_discovery_v1_b05,mbd,discovery,jev_grounded,type,True,choice,borderline,fact,1
routing_discovery_v1_b05,mbd,discovery,jev_grounded,type,True,choice,borderline,opinion,0
routing_discovery_v1_b05,mbd,discovery,jev_grounded,type,True,choice,borderline,borderline,0
routing_discovery_v1_b05,mbd,discovery,jev_grounded,type,True,choice,borderline,quote,0
routing_discovery_v1_b05,mbd,discovery,jev_grounded,type,True,choice,borderline,other,0
routing_discovery_v1_b05,mbd,discovery,jev_grounded,type,True,choice,borderline,__missing__,0
routing_discovery_v1_b05,mbd,discovery,jev_grounded,type,True,choice,quote,fact,3
routing_discovery_v1_b05,mbd,discovery,jev_grounded,type,True,choice,quote,opinion,3
routing_discovery_v1_b05,mbd,discovery,jev_grounded,type,True,choice,quote,borderline,1
routing_discovery_v1_b05,mbd,discovery,jev_grounded,type,True,choice,quote,quote,66
routing_discovery_v1_b05,mbd,discovery,jev_grounded,type,True,choice,quote,other,0
routing_discovery_v1_b05,mbd,discovery,jev_grounded,type,True,choice,quote,__missing__,0
routing_discovery_v1_b05,mbd,discovery,jev_grounded,type,True,choice,other,fact,6
routing_discovery_v1_b05,mbd,discovery,jev_grounded,type,True,choice,other,opinion,0
routing_discovery_v1_b05,mbd,discovery,jev_grounded,type,True,choice,other,borderline,0
routing_discovery_v1_b05,mbd,discovery,jev_grounded,type,True,choice,other,quote,0
routing_discovery_v1_b05,mbd,discovery,jev_grounded,type,True,choice,other,other,19
routing_discovery_v1_b05,mbd,discovery,jev_grounded,type,True,choice,other,__missing__,0
routing_discovery_v1_b05,mbd,discovery,jev_grounded,tone,True,choice,positive,positive,12
routing_discovery_v1_b05,mbd,discovery,jev_grounded,tone,True,choice,positive,negative,0
routing_discovery_v1_b05,mbd,discovery,jev_grounded,tone,True,choice,positive,neutral,0
routing_discovery_v1_b05,mbd,discovery,jev_grounded,tone,True,choice,positive,__missing__,0
routing_discovery_v1_b05,mbd,discovery,jev_grounded,tone,True,choice,negative,positive,0
routing_discovery_v1_b05,mbd,discovery,jev_grounded,tone,True,choice,negative,negative,31
routing_discovery_v1_b05,mbd,discovery,jev_grounded,tone,True,choice,negative,neutral,4
routing_discovery_v1_b05,mbd,discovery,jev_grounded,tone,True,choice,negative,__missing__,0
routing_discovery_v1_b05,mbd,discovery,jev_grounded,tone,True,choice,neutral,positive,17
routing_discovery_v1_b05,mbd,discovery,jev_grounded,tone,True,choice,neutral,negative,15
routing_discovery_v1_b05,mbd,discovery,jev_grounded,tone,True,choice,neutral,neutral,131
routing_discovery_v1_b05,mbd,discovery,jev_grounded,tone,True,choice,neutral,__missing__,0
routing_discovery_v1_b05,mbd,discovery,jev_grounded,focus,True,choice,democrat,democrat,12
routing_discovery_v1_b05,mbd,discovery,jev_grounded,focus,True,choice,democrat,republican,0
routing_discovery_v1_b05,mbd,discovery,jev_grounded,focus,True,choice,democrat,both,1
routing_discovery_v1_b05,mbd,discovery,jev_grounded,focus,True,choice,democrat,neither,2
routing_discovery_v1_b05,mbd,discovery,jev_grounded,focus,True,choice,democrat,__missing__,0
routing_discovery_v1_b05,mbd,discovery,jev_grounded,focus,True,choice,republican,democrat,1
routing_discovery_v1_b05,mbd,discovery,jev_grounded,focus,True,choice,republican,republican,22
routing_discovery_v1_b05,mbd,discovery,jev_grounded,focus,True,choice,republican,both,4
routing_discovery_v1_b05,mbd,discovery,jev_grounded,focus,True,choice,republican,neither,7
routing_discovery_v1_b05,mbd,discovery,jev_grounded,focus,True,choice,republican,__missing__,0
routing_discovery_v1_b05,mbd,discovery,jev_grounded,focus,True,choice,both,democrat,2
routing_discovery_v1_b05,mbd,discovery,jev_grounded,focus,True,choice,both,republican,0
routing_discovery_v1_b05,mbd,discovery,jev_grounded,focus,True,choice,both,both,8
routing_discovery_v1_b05,mbd,discovery,jev_grounded,focus,True,choice,both,neither,1
routing_discovery_v1_b05,mbd,discovery,jev_grounded,focus,True,choice,both,__missing__,0
routing_discovery_v1_b05,mbd,discovery,jev_grounded,focus,True,choice,neither,democrat,1
routing_discovery_v1_b05,mbd,discovery,jev_grounded,focus,True,choice,neither,republican,0
routing_discovery_v1_b05,mbd,discovery,jev_grounded,focus,True,choice,neither,both,1
routing_discovery_v1_b05,mbd,discovery,jev_grounded,focus,True,choice,neither,neither,142
routing_discovery_v1_b05,mbd,discovery,jev_grounded,focus,True,choice,neither,__missing__,0
routing_discovery_v1_b05,mbd,discovery,jev_targeted_llm,type,True,choice,fact,fact,87
routing_discovery_v1_b05,mbd,discovery,jev_targeted_llm,type,True,choice,fact,opinion,4
routing_discovery_v1_b05,mbd,discovery,jev_targeted_llm,type,True,choice,fact,borderline,1
routing_discovery_v1_b05,mbd,discovery,jev_targeted_llm,type,True,choice,fact,quote,4
routing_discovery_v1_b05,mbd,discovery,jev_targeted_llm,type,True,choice,fact,other,10
routing_discovery_v1_b05,mbd,discovery,jev_targeted_llm,type,True,choice,fact,__missing__,0
routing_discovery_v1_b05,mbd,discovery,jev_targeted_llm,type,True,choice,opinion,fact,0
routing_discovery_v1_b05,mbd,discovery,jev_targeted_llm,type,True,choice,opinion,opinion,2
routing_discovery_v1_b05,mbd,discovery,jev_targeted_llm,type,True,choice,opinion,borderline,0
routing_discovery_v1_b05,mbd,discovery,jev_targeted_llm,type,True,choice,opinion,quote,2
routing_discovery_v1_b05,mbd,discovery,jev_targeted_llm,type,True,choice,opinion,other,0
routing_discovery_v1_b05,mbd,discovery,jev_targeted_llm,type,True,choice,opinion,__missing__,0
routing_discovery_v1_b05,mbd,discovery,jev_targeted_llm,type,True,choice,borderline,fact,1
routing_discovery_v1_b05,mbd,discovery,jev_targeted_llm,type,True,choice,borderline,opinion,0
routing_discovery_v1_b05,mbd,discovery,jev_targeted_llm,type,True,choice,borderline,borderline,0
routing_discovery_v1_b05,mbd,discovery,jev_targeted_llm,type,True,choice,borderline,quote,0
routing_discovery_v1_b05,mbd,discovery,jev_targeted_llm,type,True,choice,borderline,other,0
routing_discovery_v1_b05,mbd,discovery,jev_targeted_llm,type,True,choice,borderline,__missing__,0
routing_discovery_v1_b05,mbd,discovery,jev_targeted_llm,type,True,choice,quote,fact,3
routing_discovery_v1_b05,mbd,discovery,jev_targeted_llm,type,True,choice,quote,opinion,0
routing_discovery_v1_b05,mbd,discovery,jev_targeted_llm,type,True,choice,quote,borderline,1
routing_discovery_v1_b05,mbd,discovery,jev_targeted_llm,type,True,choice,quote,quote,69
routing_discovery_v1_b05,mbd,discovery,jev_targeted_llm,type,True,choice,quote,other,0
routing_discovery_v1_b05,mbd,discovery,jev_targeted_llm,type,True,choice,quote,__missing__,0
routing_discovery_v1_b05,mbd,discovery,jev_targeted_llm,type,True,choice,other,fact,5
routing_discovery_v1_b05,mbd,discovery,jev_targeted_llm,type,True,choice,other,opinion,0
routing_discovery_v1_b05,mbd,discovery,jev_targeted_llm,type,True,choice,other,borderline,0
routing_discovery_v1_b05,mbd,discovery,jev_targeted_llm,type,True,choice,other,quote,0
routing_discovery_v1_b05,mbd,discovery,jev_targeted_llm,type,True,choice,other,other,20
routing_discovery_v1_b05,mbd,discovery,jev_targeted_llm,type,True,choice,other,__missing__,0
routing_discovery_v1_b05,mbd,discovery,jev_targeted_llm,tone,True,choice,positive,positive,9
routing_discovery_v1_b05,mbd,discovery,jev_targeted_llm,tone,True,choice,positive,negative,0
routing_discovery_v1_b05,mbd,discovery,jev_targeted_llm,tone,True,choice,positive,neutral,3
routing_discovery_v1_b05,mbd,discovery,jev_targeted_llm,tone,True,choice,positive,__missing__,0
routing_discovery_v1_b05,mbd,discovery,jev_targeted_llm,tone,True,choice,negative,positive,0
routing_discovery_v1_b05,mbd,discovery,jev_targeted_llm,tone,True,choice,negative,negative,23
routing_discovery_v1_b05,mbd,discovery,jev_targeted_llm,tone,True,choice,negative,neutral,12
routing_discovery_v1_b05,mbd,discovery,jev_targeted_llm,tone,True,choice,negative,__missing__,0
routing_discovery_v1_b05,mbd,discovery,jev_targeted_llm,tone,True,choice,neutral,positive,9
routing_discovery_v1_b05,mbd,discovery,jev_targeted_llm,tone,True,choice,neutral,negative,6
routing_discovery_v1_b05,mbd,discovery,jev_targeted_llm,tone,True,choice,neutral,neutral,148
routing_discovery_v1_b05,mbd,discovery,jev_targeted_llm,tone,True,choice,neutral,__missing__,0
routing_discovery_v1_b05,mbd,discovery,jev_targeted_llm,focus,True,choice,democrat,democrat,10
routing_discovery_v1_b05,mbd,discovery,jev_targeted_llm,focus,True,choice,democrat,republican,0
routing_discovery_v1_b05,mbd,discovery,jev_targeted_llm,focus,True,choice,democrat,both,2
routing_discovery_v1_b05,mbd,discovery,jev_targeted_llm,focus,True,choice,democrat,neither,3
routing_discovery_v1_b05,mbd,discovery,jev_targeted_llm,focus,True,choice,democrat,__missing__,0
routing_discovery_v1_b05,mbd,discovery,jev_targeted_llm,focus,True,choice,republican,democrat,1
routing_discovery_v1_b05,mbd,discovery,jev_targeted_llm,focus,True,choice,republican,republican,21
routing_discovery_v1_b05,mbd,discovery,jev_targeted_llm,focus,True,choice,republican,both,5
routing_discovery_v1_b05,mbd,discovery,jev_targeted_llm,focus,True,choice,republican,neither,7
routing_discovery_v1_b05,mbd,discovery,jev_targeted_llm,focus,True,choice,republican,__missing__,0
routing_discovery_v1_b05,mbd,discovery,jev_targeted_llm,focus,True,choice,both,democrat,2
routing_discovery_v1_b05,mbd,discovery,jev_targeted_llm,focus,True,choice,both,republican,0
routing_discovery_v1_b05,mbd,discovery,jev_targeted_llm,focus,True,choice,both,both,8
routing_discovery_v1_b05,mbd,discovery,jev_targeted_llm,focus,True,choice,both,neither,1
routing_discovery_v1_b05,mbd,discovery,jev_targeted_llm,focus,True,choice,both,__missing__,0
routing_discovery_v1_b05,mbd,discovery,jev_targeted_llm,focus,True,choice,neither,democrat,0
routing_discovery_v1_b05,mbd,discovery,jev_targeted_llm,focus,True,choice,neither,republican,0
routing_discovery_v1_b05,mbd,discovery,jev_targeted_llm,focus,True,choice,neither,both,0
routing_discovery_v1_b05,mbd,discovery,jev_targeted_llm,focus,True,choice,neither,neither,144
routing_discovery_v1_b05,mbd,discovery,jev_targeted_llm,focus,True,choice,neither,__missing__,0
routing_discovery_v1_b05,ucc,discovery,jev_explanation,healthy,True,choice,0,0,1
routing_discovery_v1_b05,ucc,discovery,jev_explanation,healthy,True,choice,0,1,9
routing_discovery_v1_b05,ucc,discovery,jev_explanation,healthy,True,choice,0,__missing__,8
routing_discovery_v1_b05,ucc,discovery,jev_explanation,healthy,True,choice,1,0,3
routing_discovery_v1_b05,ucc,discovery,jev_explanation,healthy,True,choice,1,1,85
routing_discovery_v1_b05,ucc,discovery,jev_explanation,healthy,True,choice,1,__missing__,104
routing_discovery_v1_b05,ucc,discovery,jev_explanation,sarcastic,True,choice,0,0,92
routing_discovery_v1_b05,ucc,discovery,jev_explanation,sarcastic,True,choice,0,1,4
routing_discovery_v1_b05,ucc,discovery,jev_explanation,sarcastic,True,choice,0,__missing__,109
routing_discovery_v1_b05,ucc,discovery,jev_explanation,sarcastic,True,choice,1,0,2
routing_discovery_v1_b05,ucc,discovery,jev_explanation,sarcastic,True,choice,1,1,0
routing_discovery_v1_b05,ucc,discovery,jev_explanation,sarcastic,True,choice,1,__missing__,3
routing_discovery_v1_b05,ucc,discovery,jev_explanation,generalisation,False,choice,0,0,93
routing_discovery_v1_b05,ucc,discovery,jev_explanation,generalisation,False,choice,0,1,3
routing_discovery_v1_b05,ucc,discovery,jev_explanation,generalisation,False,choice,0,__missing__,111
routing_discovery_v1_b05,ucc,discovery,jev_explanation,generalisation,False,choice,1,0,2
routing_discovery_v1_b05,ucc,discovery,jev_explanation,generalisation,False,choice,1,1,0
routing_discovery_v1_b05,ucc,discovery,jev_explanation,generalisation,False,choice,1,__missing__,1
routing_discovery_v1_b05,ucc,discovery,jev_explanation,generalisation_unfair,True,choice,0,0,95
routing_discovery_v1_b05,ucc,discovery,jev_explanation,generalisation_unfair,True,choice,0,1,1
routing_discovery_v1_b05,ucc,discovery,jev_explanation,generalisation_unfair,True,choice,0,__missing__,111
routing_discovery_v1_b05,ucc,discovery,jev_explanation,generalisation_unfair,True,choice,1,0,2
routing_discovery_v1_b05,ucc,discovery,jev_explanation,generalisation_unfair,True,choice,1,1,0
routing_discovery_v1_b05,ucc,discovery,jev_explanation,generalisation_unfair,True,choice,1,__missing__,1
routing_discovery_v1_b05,ucc,discovery,jev_explanation,hostile,True,choice,0,0,97
routing_discovery_v1_b05,ucc,discovery,jev_explanation,hostile,True,choice,0,1,0
routing_discovery_v1_b05,ucc,discovery,jev_explanation,hostile,True,choice,0,__missing__,111
routing_discovery_v1_b05,ucc,discovery,jev_explanation,hostile,True,choice,1,0,1
routing_discovery_v1_b05,ucc,discovery,jev_explanation,hostile,True,choice,1,1,0
routing_discovery_v1_b05,ucc,discovery,jev_explanation,hostile,True,choice,1,__missing__,1
routing_discovery_v1_b05,ucc,discovery,jev_explanation,antagonize,True,choice,0,0,92
routing_discovery_v1_b05,ucc,discovery,jev_explanation,antagonize,True,choice,0,1,2
routing_discovery_v1_b05,ucc,discovery,jev_explanation,antagonize,True,choice,0,__missing__,109
routing_discovery_v1_b05,ucc,discovery,jev_explanation,antagonize,True,choice,1,0,1
routing_discovery_v1_b05,ucc,discovery,jev_explanation,antagonize,True,choice,1,1,3
routing_discovery_v1_b05,ucc,discovery,jev_explanation,antagonize,True,choice,1,__missing__,3
routing_discovery_v1_b05,ucc,discovery,jev_explanation,condescending,True,choice,0,0,93
routing_discovery_v1_b05,ucc,discovery,jev_explanation,condescending,True,choice,0,1,3
routing_discovery_v1_b05,ucc,discovery,jev_explanation,condescending,True,choice,0,__missing__,110
routing_discovery_v1_b05,ucc,discovery,jev_explanation,condescending,True,choice,1,0,1
routing_discovery_v1_b05,ucc,discovery,jev_explanation,condescending,True,choice,1,1,1
routing_discovery_v1_b05,ucc,discovery,jev_explanation,condescending,True,choice,1,__missing__,2
routing_discovery_v1_b05,ucc,discovery,jev_explanation,dismissive,True,choice,0,0,91
routing_discovery_v1_b05,ucc,discovery,jev_explanation,dismissive,True,choice,0,1,6
routing_discovery_v1_b05,ucc,discovery,jev_explanation,dismissive,True,choice,0,__missing__,110
routing_discovery_v1_b05,ucc,discovery,jev_explanation,dismissive,True,choice,1,0,1
routing_discovery_v1_b05,ucc,discovery,jev_explanation,dismissive,True,choice,1,1,0
routing_discovery_v1_b05,ucc,discovery,jev_explanation,dismissive,True,choice,1,__missing__,2
routing_discovery_v1_b05,ucc,discovery,jev_grounded,healthy,True,choice,0,0,13
routing_discovery_v1_b05,ucc,discovery,jev_grounded,healthy,True,choice,0,1,5
routing_discovery_v1_b05,ucc,discovery,jev_grounded,healthy,True,choice,0,__missing__,0
routing_discovery_v1_b05,ucc,discovery,jev_grounded,healthy,True,choice,1,0,108
routing_discovery_v1_b05,ucc,discovery,jev_grounded,healthy,True,choice,1,1,84
routing_discovery_v1_b05,ucc,discovery,jev_grounded,healthy,True,choice,1,__missing__,0
routing_discovery_v1_b05,ucc,discovery,jev_grounded,sarcastic,True,choice,0,0,125
routing_discovery_v1_b05,ucc,discovery,jev_grounded,sarcastic,True,choice,0,1,80
routing_discovery_v1_b05,ucc,discovery,jev_grounded,sarcastic,True,choice,0,__missing__,0
routing_discovery_v1_b05,ucc,discovery,jev_grounded,sarcastic,True,choice,1,0,1
routing_discovery_v1_b05,ucc,discovery,jev_grounded,sarcastic,True,choice,1,1,4
routing_discovery_v1_b05,ucc,discovery,jev_grounded,sarcastic,True,choice,1,__missing__,0
routing_discovery_v1_b05,ucc,discovery,jev_grounded,generalisation,False,choice,0,0,167
routing_discovery_v1_b05,ucc,discovery,jev_grounded,generalisation,False,choice,0,1,40
routing_discovery_v1_b05,ucc,discovery,jev_grounded,generalisation,False,choice,0,__missing__,0
routing_discovery_v1_b05,ucc,discovery,jev_grounded,generalisation,False,choice,1,0,1
routing_discovery_v1_b05,ucc,discovery,jev_grounded,generalisation,False,choice,1,1,2
routing_discovery_v1_b05,ucc,discovery,jev_grounded,generalisation,False,choice,1,__missing__,0
routing_discovery_v1_b05,ucc,discovery,jev_grounded,generalisation_unfair,True,choice,0,0,176
routing_discovery_v1_b05,ucc,discovery,jev_grounded,generalisation_unfair,True,choice,0,1,31
routing_discovery_v1_b05,ucc,discovery,jev_grounded,generalisation_unfair,True,choice,0,__missing__,0
routing_discovery_v1_b05,ucc,discovery,jev_grounded,generalisation_unfair,True,choice,1,0,1
routing_discovery_v1_b05,ucc,discovery,jev_grounded,generalisation_unfair,True,choice,1,1,2
routing_discovery_v1_b05,ucc,discovery,jev_grounded,generalisation_unfair,True,choice,1,__missing__,0
routing_discovery_v1_b05,ucc,discovery,jev_grounded,hostile,True,choice,0,0,125
routing_discovery_v1_b05,ucc,discovery,jev_grounded,hostile,True,choice,0,1,83
routing_discovery_v1_b05,ucc,discovery,jev_grounded,hostile,True,choice,0,__missing__,0
routing_discovery_v1_b05,ucc,discovery,jev_grounded,hostile,True,choice,1,0,0
routing_discovery_v1_b05,ucc,discovery,jev_grounded,hostile,True,choice,1,1,2
routing_discovery_v1_b05,ucc,discovery,jev_grounded,hostile,True,choice,1,__missing__,0
routing_discovery_v1_b05,ucc,discovery,jev_grounded,antagonize,True,choice,0,0,98
routing_discovery_v1_b05,ucc,discovery,jev_grounded,antagonize,True,choice,0,1,105
routing_discovery_v1_b05,ucc,discovery,jev_grounded,antagonize,True,choice,0,__missing__,0
routing_discovery_v1_b05,ucc,discovery,jev_grounded,antagonize,True,choice,1,0,1
routing_discovery_v1_b05,ucc,discovery,jev_grounded,antagonize,True,choice,1,1,6
routing_discovery_v1_b05,ucc,discovery,jev_grounded,antagonize,True,choice,1,__missing__,0
routing_discovery_v1_b05,ucc,discovery,jev_grounded,condescending,True,choice,0,0,131
routing_discovery_v1_b05,ucc,discovery,jev_grounded,condescending,True,choice,0,1,75
routing_discovery_v1_b05,ucc,discovery,jev_grounded,condescending,True,choice,0,__missing__,0
routing_discovery_v1_b05,ucc,discovery,jev_grounded,condescending,True,choice,1,0,0
routing_discovery_v1_b05,ucc,discovery,jev_grounded,condescending,True,choice,1,1,4
routing_discovery_v1_b05,ucc,discovery,jev_grounded,condescending,True,choice,1,__missing__,0
routing_discovery_v1_b05,ucc,discovery,jev_grounded,dismissive,True,choice,0,0,125
routing_discovery_v1_b05,ucc,discovery,jev_grounded,dismissive,True,choice,0,1,82
routing_discovery_v1_b05,ucc,discovery,jev_grounded,dismissive,True,choice,0,__missing__,0
routing_discovery_v1_b05,ucc,discovery,jev_grounded,dismissive,True,choice,1,0,0
routing_discovery_v1_b05,ucc,discovery,jev_grounded,dismissive,True,choice,1,1,3
routing_discovery_v1_b05,ucc,discovery,jev_grounded,dismissive,True,choice,1,__missing__,0
routing_discovery_v1_b05,ucc,discovery,jev_targeted_llm,healthy,True,choice,0,0,7
routing_discovery_v1_b05,ucc,discovery,jev_targeted_llm,healthy,True,choice,0,1,11
routing_discovery_v1_b05,ucc,discovery,jev_targeted_llm,healthy,True,choice,0,__missing__,0
routing_discovery_v1_b05,ucc,discovery,jev_targeted_llm,healthy,True,choice,1,0,56
routing_discovery_v1_b05,ucc,discovery,jev_targeted_llm,healthy,True,choice,1,1,136
routing_discovery_v1_b05,ucc,discovery,jev_targeted_llm,healthy,True,choice,1,__missing__,0
routing_discovery_v1_b05,ucc,discovery,jev_targeted_llm,sarcastic,True,choice,0,0,176
routing_discovery_v1_b05,ucc,discovery,jev_targeted_llm,sarcastic,True,choice,0,1,29
routing_discovery_v1_b05,ucc,discovery,jev_targeted_llm,sarcastic,True,choice,0,__missing__,0
routing_discovery_v1_b05,ucc,discovery,jev_targeted_llm,sarcastic,True,choice,1,0,3
routing_discovery_v1_b05,ucc,discovery,jev_targeted_llm,sarcastic,True,choice,1,1,2
routing_discovery_v1_b05,ucc,discovery,jev_targeted_llm,sarcastic,True,choice,1,__missing__,0
routing_discovery_v1_b05,ucc,discovery,jev_targeted_llm,generalisation,False,choice,0,0,190
routing_discovery_v1_b05,ucc,discovery,jev_targeted_llm,generalisation,False,choice,0,1,17
routing_discovery_v1_b05,ucc,discovery,jev_targeted_llm,generalisation,False,choice,0,__missing__,0
routing_discovery_v1_b05,ucc,discovery,jev_targeted_llm,generalisation,False,choice,1,0,2
routing_discovery_v1_b05,ucc,discovery,jev_targeted_llm,generalisation,False,choice,1,1,1
routing_discovery_v1_b05,ucc,discovery,jev_targeted_llm,generalisation,False,choice,1,__missing__,0
routing_discovery_v1_b05,ucc,discovery,jev_targeted_llm,generalisation_unfair,True,choice,0,0,193
routing_discovery_v1_b05,ucc,discovery,jev_targeted_llm,generalisation_unfair,True,choice,0,1,14
routing_discovery_v1_b05,ucc,discovery,jev_targeted_llm,generalisation_unfair,True,choice,0,__missing__,0
routing_discovery_v1_b05,ucc,discovery,jev_targeted_llm,generalisation_unfair,True,choice,1,0,2
routing_discovery_v1_b05,ucc,discovery,jev_targeted_llm,generalisation_unfair,True,choice,1,1,1
routing_discovery_v1_b05,ucc,discovery,jev_targeted_llm,generalisation_unfair,True,choice,1,__missing__,0
routing_discovery_v1_b05,ucc,discovery,jev_targeted_llm,hostile,True,choice,0,0,170
routing_discovery_v1_b05,ucc,discovery,jev_targeted_llm,hostile,True,choice,0,1,38
routing_discovery_v1_b05,ucc,discovery,jev_targeted_llm,hostile,True,choice,0,__missing__,0
routing_discovery_v1_b05,ucc,discovery,jev_targeted_llm,hostile,True,choice,1,0,2
routing_discovery_v1_b05,ucc,discovery,jev_targeted_llm,hostile,True,choice,1,1,0
routing_discovery_v1_b05,ucc,discovery,jev_targeted_llm,hostile,True,choice,1,__missing__,0
routing_discovery_v1_b05,ucc,discovery,jev_targeted_llm,antagonize,True,choice,0,0,168
routing_discovery_v1_b05,ucc,discovery,jev_targeted_llm,antagonize,True,choice,0,1,35
routing_discovery_v1_b05,ucc,discovery,jev_targeted_llm,antagonize,True,choice,0,__missing__,0
routing_discovery_v1_b05,ucc,discovery,jev_targeted_llm,antagonize,True,choice,1,0,2
routing_discovery_v1_b05,ucc,discovery,jev_targeted_llm,antagonize,True,choice,1,1,5
routing_discovery_v1_b05,ucc,discovery,jev_targeted_llm,antagonize,True,choice,1,__missing__,0
routing_discovery_v1_b05,ucc,discovery,jev_targeted_llm,condescending,True,choice,0,0,170
routing_discovery_v1_b05,ucc,discovery,jev_targeted_llm,condescending,True,choice,0,1,36
routing_discovery_v1_b05,ucc,discovery,jev_targeted_llm,condescending,True,choice,0,__missing__,0
routing_discovery_v1_b05,ucc,discovery,jev_targeted_llm,condescending,True,choice,1,0,1
routing_discovery_v1_b05,ucc,discovery,jev_targeted_llm,condescending,True,choice,1,1,3
routing_discovery_v1_b05,ucc,discovery,jev_targeted_llm,condescending,True,choice,1,__missing__,0
routing_discovery_v1_b05,ucc,discovery,jev_targeted_llm,dismissive,True,choice,0,0,166
routing_discovery_v1_b05,ucc,discovery,jev_targeted_llm,dismissive,True,choice,0,1,41
routing_discovery_v1_b05,ucc,discovery,jev_targeted_llm,dismissive,True,choice,0,__missing__,0
routing_discovery_v1_b05,ucc,discovery,jev_targeted_llm,dismissive,True,choice,1,0,1
routing_discovery_v1_b05,ucc,discovery,jev_targeted_llm,dismissive,True,choice,1,1,2
routing_discovery_v1_b05,ucc,discovery,jev_targeted_llm,dismissive,True,choice,1,__missing__,0
smoke_model_v2,babe,discovery,jev_compact,label_bias,True,choice,Non-biased,Non-biased,6
smoke_model_v2,babe,discovery,jev_compact,label_bias,True,choice,Non-biased,Biased,1
smoke_model_v2,babe,discovery,jev_compact,label_bias,True,choice,Non-biased,__missing__,0
smoke_model_v2,babe,discovery,jev_compact,label_bias,True,choice,Biased,Non-biased,4
smoke_model_v2,babe,discovery,jev_compact,label_bias,True,choice,Biased,Biased,5
smoke_model_v2,babe,discovery,jev_compact,label_bias,True,choice,Biased,__missing__,0
strengthening_diagnostic_v1,babe,diagnostic,jev_grounded,label_bias,True,choice,Non-biased,Non-biased,380
strengthening_diagnostic_v1,babe,diagnostic,jev_grounded,label_bias,True,choice,Non-biased,Biased,131
strengthening_diagnostic_v1,babe,diagnostic,jev_grounded,label_bias,True,choice,Non-biased,__missing__,0
strengthening_diagnostic_v1,babe,diagnostic,jev_grounded,label_bias,True,choice,Biased,Non-biased,83
strengthening_diagnostic_v1,babe,diagnostic,jev_grounded,label_bias,True,choice,Biased,Biased,406
strengthening_diagnostic_v1,babe,diagnostic,jev_grounded,label_bias,True,choice,Biased,__missing__,0
strengthening_diagnostic_v1,babe,diagnostic,jev_threshold_calibrated,label_bias,True,choice,Non-biased,Non-biased,461
strengthening_diagnostic_v1,babe,diagnostic,jev_threshold_calibrated,label_bias,True,choice,Non-biased,Biased,50
strengthening_diagnostic_v1,babe,diagnostic,jev_threshold_calibrated,label_bias,True,choice,Non-biased,__missing__,0
strengthening_diagnostic_v1,babe,diagnostic,jev_threshold_calibrated,label_bias,True,choice,Biased,Non-biased,197
strengthening_diagnostic_v1,babe,diagnostic,jev_threshold_calibrated,label_bias,True,choice,Biased,Biased,292
strengthening_diagnostic_v1,babe,diagnostic,jev_threshold_calibrated,label_bias,True,choice,Biased,__missing__,0
strengthening_diagnostic_v1,babe,diagnostic,llm_full_calibration_examples,label_bias,True,choice,Non-biased,Non-biased,411
strengthening_diagnostic_v1,babe,diagnostic,llm_full_calibration_examples,label_bias,True,choice,Non-biased,Biased,100
strengthening_diagnostic_v1,babe,diagnostic,llm_full_calibration_examples,label_bias,True,choice,Non-biased,__missing__,0
strengthening_diagnostic_v1,babe,diagnostic,llm_full_calibration_examples,label_bias,True,choice,Biased,Non-biased,93
strengthening_diagnostic_v1,babe,diagnostic,llm_full_calibration_examples,label_bias,True,choice,Biased,Biased,396
strengthening_diagnostic_v1,babe,diagnostic,llm_full_calibration_examples,label_bias,True,choice,Biased,__missing__,0
strengthening_diagnostic_v1,babe,diagnostic,llm_grounded,label_bias,True,choice,Non-biased,Non-biased,376
strengthening_diagnostic_v1,babe,diagnostic,llm_grounded,label_bias,True,choice,Non-biased,Biased,135
strengthening_diagnostic_v1,babe,diagnostic,llm_grounded,label_bias,True,choice,Non-biased,__missing__,0
strengthening_diagnostic_v1,babe,diagnostic,llm_grounded,label_bias,True,choice,Biased,Non-biased,74
strengthening_diagnostic_v1,babe,diagnostic,llm_grounded,label_bias,True,choice,Biased,Biased,415
strengthening_diagnostic_v1,babe,diagnostic,llm_grounded,label_bias,True,choice,Biased,__missing__,0
strengthening_diagnostic_v1,babe,diagnostic,llm_labeled_examples,label_bias,True,choice,Non-biased,Non-biased,395
strengthening_diagnostic_v1,babe,diagnostic,llm_labeled_examples,label_bias,True,choice,Non-biased,Biased,116
strengthening_diagnostic_v1,babe,diagnostic,llm_labeled_examples,label_bias,True,choice,Non-biased,__missing__,0
strengthening_diagnostic_v1,babe,diagnostic,llm_labeled_examples,label_bias,True,choice,Biased,Non-biased,82
strengthening_diagnostic_v1,babe,diagnostic,llm_labeled_examples,label_bias,True,choice,Biased,Biased,407
strengthening_diagnostic_v1,babe,diagnostic,llm_labeled_examples,label_bias,True,choice,Biased,__missing__,0
strengthening_diagnostic_v1,conflict,diagnostic,jev_grounded,rating_directness_content,True,choice,Yes - Direct Content,Yes - Direct Content,687
strengthening_diagnostic_v1,conflict,diagnostic,jev_grounded,rating_directness_content,True,choice,Yes - Direct Content,Neutral - Content contains no opinion,58
strengthening_diagnostic_v1,conflict,diagnostic,jev_grounded,rating_directness_content,True,choice,Yes - Direct Content,No - Indirect Content,46
strengthening_diagnostic_v1,conflict,diagnostic,jev_grounded,rating_directness_content,True,choice,Yes - Direct Content,__missing__,0
strengthening_diagnostic_v1,conflict,diagnostic,jev_grounded,rating_directness_content,True,choice,Neutral - Content contains no opinion,Yes - Direct Content,1
strengthening_diagnostic_v1,conflict,diagnostic,jev_grounded,rating_directness_content,True,choice,Neutral - Content contains no opinion,Neutral - Content contains no opinion,4
strengthening_diagnostic_v1,conflict,diagnostic,jev_grounded,rating_directness_content,True,choice,Neutral - Content contains no opinion,No - Indirect Content,1
strengthening_diagnostic_v1,conflict,diagnostic,jev_grounded,rating_directness_content,True,choice,Neutral - Content contains no opinion,__missing__,0
strengthening_diagnostic_v1,conflict,diagnostic,jev_grounded,rating_directness_content,True,choice,No - Indirect Content,Yes - Direct Content,0
strengthening_diagnostic_v1,conflict,diagnostic,jev_grounded,rating_directness_content,True,choice,No - Indirect Content,Neutral - Content contains no opinion,0
strengthening_diagnostic_v1,conflict,diagnostic,jev_grounded,rating_directness_content,True,choice,No - Indirect Content,No - Indirect Content,0
strengthening_diagnostic_v1,conflict,diagnostic,jev_grounded,rating_directness_content,True,choice,No - Indirect Content,__missing__,0
strengthening_diagnostic_v1,conflict,diagnostic,jev_grounded,rating_directness_expression,True,choice,Yes - Direct Expression,Yes - Direct Expression,554
strengthening_diagnostic_v1,conflict,diagnostic,jev_grounded,rating_directness_expression,True,choice,Yes - Direct Expression,No - Indirect Expression,194
strengthening_diagnostic_v1,conflict,diagnostic,jev_grounded,rating_directness_expression,True,choice,Yes - Direct Expression,__missing__,0
strengthening_diagnostic_v1,conflict,diagnostic,jev_grounded,rating_directness_expression,True,choice,No - Indirect Expression,Yes - Direct Expression,25
strengthening_diagnostic_v1,conflict,diagnostic,jev_grounded,rating_directness_expression,True,choice,No - Indirect Expression,No - Indirect Expression,29
strengthening_diagnostic_v1,conflict,diagnostic,jev_grounded,rating_directness_expression,True,choice,No - Indirect Expression,__missing__,0
strengthening_diagnostic_v1,conflict,diagnostic,jev_grounded,rating_OI_content,True,choice,Yes - Content opposes someone else,Yes - Content opposes someone else,449
strengthening_diagnostic_v1,conflict,diagnostic,jev_grounded,rating_OI_content,True,choice,Yes - Content opposes someone else,No - Content does not oppose anyone,291
strengthening_diagnostic_v1,conflict,diagnostic,jev_grounded,rating_OI_content,True,choice,Yes - Content opposes someone else,__missing__,0
strengthening_diagnostic_v1,conflict,diagnostic,jev_grounded,rating_OI_content,True,choice,No - Content does not oppose anyone,Yes - Content opposes someone else,21
strengthening_diagnostic_v1,conflict,diagnostic,jev_grounded,rating_OI_content,True,choice,No - Content does not oppose anyone,No - Content does not oppose anyone,41
strengthening_diagnostic_v1,conflict,diagnostic,jev_grounded,rating_OI_content,True,choice,No - Content does not oppose anyone,__missing__,0
strengthening_diagnostic_v1,conflict,diagnostic,jev_grounded,rating_OI_expression,True,choice,Yes - Expression is emotional/forceful,Yes - Expression is emotional/forceful,42
strengthening_diagnostic_v1,conflict,diagnostic,jev_grounded,rating_OI_expression,True,choice,Yes - Expression is emotional/forceful,No - Expression is not emotional/forceful,31
strengthening_diagnostic_v1,conflict,diagnostic,jev_grounded,rating_OI_expression,True,choice,Yes - Expression is emotional/forceful,__missing__,0
strengthening_diagnostic_v1,conflict,diagnostic,jev_grounded,rating_OI_expression,True,choice,No - Expression is not emotional/forceful,Yes - Expression is emotional/forceful,115
strengthening_diagnostic_v1,conflict,diagnostic,jev_grounded,rating_OI_expression,True,choice,No - Expression is not emotional/forceful,No - Expression is not emotional/forceful,614
strengthening_diagnostic_v1,conflict,diagnostic,jev_grounded,rating_OI_expression,True,choice,No - Expression is not emotional/forceful,__missing__,0
strengthening_diagnostic_v1,conflict,diagnostic,jev_threshold_calibrated,rating_directness_content,True,choice,Yes - Direct Content,Yes - Direct Content,687
strengthening_diagnostic_v1,conflict,diagnostic,jev_threshold_calibrated,rating_directness_content,True,choice,Yes - Direct Content,Neutral - Content contains no opinion,58
strengthening_diagnostic_v1,conflict,diagnostic,jev_threshold_calibrated,rating_directness_content,True,choice,Yes - Direct Content,No - Indirect Content,46
strengthening_diagnostic_v1,conflict,diagnostic,jev_threshold_calibrated,rating_directness_content,True,choice,Yes - Direct Content,__missing__,0
strengthening_diagnostic_v1,conflict,diagnostic,jev_threshold_calibrated,rating_directness_content,True,choice,Neutral - Content contains no opinion,Yes - Direct Content,1
strengthening_diagnostic_v1,conflict,diagnostic,jev_threshold_calibrated,rating_directness_content,True,choice,Neutral - Content contains no opinion,Neutral - Content contains no opinion,4
strengthening_diagnostic_v1,conflict,diagnostic,jev_threshold_calibrated,rating_directness_content,True,choice,Neutral - Content contains no opinion,No - Indirect Content,1
strengthening_diagnostic_v1,conflict,diagnostic,jev_threshold_calibrated,rating_directness_content,True,choice,Neutral - Content contains no opinion,__missing__,0
strengthening_diagnostic_v1,conflict,diagnostic,jev_threshold_calibrated,rating_directness_content,True,choice,No - Indirect Content,Yes - Direct Content,0
strengthening_diagnostic_v1,conflict,diagnostic,jev_threshold_calibrated,rating_directness_content,True,choice,No - Indirect Content,Neutral - Content contains no opinion,0
strengthening_diagnostic_v1,conflict,diagnostic,jev_threshold_calibrated,rating_directness_content,True,choice,No - Indirect Content,No - Indirect Content,0
strengthening_diagnostic_v1,conflict,diagnostic,jev_threshold_calibrated,rating_directness_content,True,choice,No - Indirect Content,__missing__,0
strengthening_diagnostic_v1,conflict,diagnostic,jev_threshold_calibrated,rating_directness_expression,True,choice,Yes - Direct Expression,Yes - Direct Expression,699
strengthening_diagnostic_v1,conflict,diagnostic,jev_threshold_calibrated,rating_directness_expression,True,choice,Yes - Direct Expression,No - Indirect Expression,49
strengthening_diagnostic_v1,conflict,diagnostic,jev_threshold_calibrated,rating_directness_expression,True,choice,Yes - Direct Expression,__missing__,0
strengthening_diagnostic_v1,conflict,diagnostic,jev_threshold_calibrated,rating_directness_expression,True,choice,No - Indirect Expression,Yes - Direct Expression,45
strengthening_diagnostic_v1,conflict,diagnostic,jev_threshold_calibrated,rating_directness_expression,True,choice,No - Indirect Expression,No - Indirect Expression,9
strengthening_diagnostic_v1,conflict,diagnostic,jev_threshold_calibrated,rating_directness_expression,True,choice,No - Indirect Expression,__missing__,0
strengthening_diagnostic_v1,conflict,diagnostic,jev_threshold_calibrated,rating_OI_content,True,choice,Yes - Content opposes someone else,Yes - Content opposes someone else,611
strengthening_diagnostic_v1,conflict,diagnostic,jev_threshold_calibrated,rating_OI_content,True,choice,Yes - Content opposes someone else,No - Content does not oppose anyone,129
strengthening_diagnostic_v1,conflict,diagnostic,jev_threshold_calibrated,rating_OI_content,True,choice,Yes - Content opposes someone else,__missing__,0
strengthening_diagnostic_v1,conflict,diagnostic,jev_threshold_calibrated,rating_OI_content,True,choice,No - Content does not oppose anyone,Yes - Content opposes someone else,36
strengthening_diagnostic_v1,conflict,diagnostic,jev_threshold_calibrated,rating_OI_content,True,choice,No - Content does not oppose anyone,No - Content does not oppose anyone,26
strengthening_diagnostic_v1,conflict,diagnostic,jev_threshold_calibrated,rating_OI_content,True,choice,No - Content does not oppose anyone,__missing__,0
strengthening_diagnostic_v1,conflict,diagnostic,jev_threshold_calibrated,rating_OI_expression,True,choice,Yes - Expression is emotional/forceful,Yes - Expression is emotional/forceful,26
strengthening_diagnostic_v1,conflict,diagnostic,jev_threshold_calibrated,rating_OI_expression,True,choice,Yes - Expression is emotional/forceful,No - Expression is not emotional/forceful,47
strengthening_diagnostic_v1,conflict,diagnostic,jev_threshold_calibrated,rating_OI_expression,True,choice,Yes - Expression is emotional/forceful,__missing__,0
strengthening_diagnostic_v1,conflict,diagnostic,jev_threshold_calibrated,rating_OI_expression,True,choice,No - Expression is not emotional/forceful,Yes - Expression is emotional/forceful,20
strengthening_diagnostic_v1,conflict,diagnostic,jev_threshold_calibrated,rating_OI_expression,True,choice,No - Expression is not emotional/forceful,No - Expression is not emotional/forceful,709
strengthening_diagnostic_v1,conflict,diagnostic,jev_threshold_calibrated,rating_OI_expression,True,choice,No - Expression is not emotional/forceful,__missing__,0
strengthening_diagnostic_v1,conflict,diagnostic,llm_full_calibration_examples,rating_directness_content,True,choice,Yes - Direct Content,Yes - Direct Content,769
strengthening_diagnostic_v1,conflict,diagnostic,llm_full_calibration_examples,rating_directness_content,True,choice,Yes - Direct Content,Neutral - Content contains no opinion,21
strengthening_diagnostic_v1,conflict,diagnostic,llm_full_calibration_examples,rating_directness_content,True,choice,Yes - Direct Content,No - Indirect Content,1
strengthening_diagnostic_v1,conflict,diagnostic,llm_full_calibration_examples,rating_directness_content,True,choice,Yes - Direct Content,__missing__,0
strengthening_diagnostic_v1,conflict,diagnostic,llm_full_calibration_examples,rating_directness_content,True,choice,Neutral - Content contains no opinion,Yes - Direct Content,3
strengthening_diagnostic_v1,conflict,diagnostic,llm_full_calibration_examples,rating_directness_content,True,choice,Neutral - Content contains no opinion,Neutral - Content contains no opinion,3
strengthening_diagnostic_v1,conflict,diagnostic,llm_full_calibration_examples,rating_directness_content,True,choice,Neutral - Content contains no opinion,No - Indirect Content,0
strengthening_diagnostic_v1,conflict,diagnostic,llm_full_calibration_examples,rating_directness_content,True,choice,Neutral - Content contains no opinion,__missing__,0
strengthening_diagnostic_v1,conflict,diagnostic,llm_full_calibration_examples,rating_directness_content,True,choice,No - Indirect Content,Yes - Direct Content,0
strengthening_diagnostic_v1,conflict,diagnostic,llm_full_calibration_examples,rating_directness_content,True,choice,No - Indirect Content,Neutral - Content contains no opinion,0
strengthening_diagnostic_v1,conflict,diagnostic,llm_full_calibration_examples,rating_directness_content,True,choice,No - Indirect Content,No - Indirect Content,0
strengthening_diagnostic_v1,conflict,diagnostic,llm_full_calibration_examples,rating_directness_content,True,choice,No - Indirect Content,__missing__,0
strengthening_diagnostic_v1,conflict,diagnostic,llm_full_calibration_examples,rating_directness_expression,True,choice,Yes - Direct Expression,Yes - Direct Expression,719
strengthening_diagnostic_v1,conflict,diagnostic,llm_full_calibration_examples,rating_directness_expression,True,choice,Yes - Direct Expression,No - Indirect Expression,29
strengthening_diagnostic_v1,conflict,diagnostic,llm_full_calibration_examples,rating_directness_expression,True,choice,Yes - Direct Expression,__missing__,0
strengthening_diagnostic_v1,conflict,diagnostic,llm_full_calibration_examples,rating_directness_expression,True,choice,No - Indirect Expression,Yes - Direct Expression,42
strengthening_diagnostic_v1,conflict,diagnostic,llm_full_calibration_examples,rating_directness_expression,True,choice,No - Indirect Expression,No - Indirect Expression,12
strengthening_diagnostic_v1,conflict,diagnostic,llm_full_calibration_examples,rating_directness_expression,True,choice,No - Indirect Expression,__missing__,0
strengthening_diagnostic_v1,conflict,diagnostic,llm_full_calibration_examples,rating_OI_content,True,choice,Yes - Content opposes someone else,Yes - Content opposes someone else,578
strengthening_diagnostic_v1,conflict,diagnostic,llm_full_calibration_examples,rating_OI_content,True,choice,Yes - Content opposes someone else,No - Content does not oppose anyone,162
strengthening_diagnostic_v1,conflict,diagnostic,llm_full_calibration_examples,rating_OI_content,True,choice,Yes - Content opposes someone else,__missing__,0
strengthening_diagnostic_v1,conflict,diagnostic,llm_full_calibration_examples,rating_OI_content,True,choice,No - Content does not oppose anyone,Yes - Content opposes someone else,14
strengthening_diagnostic_v1,conflict,diagnostic,llm_full_calibration_examples,rating_OI_content,True,choice,No - Content does not oppose anyone,No - Content does not oppose anyone,48
strengthening_diagnostic_v1,conflict,diagnostic,llm_full_calibration_examples,rating_OI_content,True,choice,No - Content does not oppose anyone,__missing__,0
strengthening_diagnostic_v1,conflict,diagnostic,llm_full_calibration_examples,rating_OI_expression,True,choice,Yes - Expression is emotional/forceful,Yes - Expression is emotional/forceful,20
strengthening_diagnostic_v1,conflict,diagnostic,llm_full_calibration_examples,rating_OI_expression,True,choice,Yes - Expression is emotional/forceful,No - Expression is not emotional/forceful,53
strengthening_diagnostic_v1,conflict,diagnostic,llm_full_calibration_examples,rating_OI_expression,True,choice,Yes - Expression is emotional/forceful,__missing__,0
strengthening_diagnostic_v1,conflict,diagnostic,llm_full_calibration_examples,rating_OI_expression,True,choice,No - Expression is not emotional/forceful,Yes - Expression is emotional/forceful,13
strengthening_diagnostic_v1,conflict,diagnostic,llm_full_calibration_examples,rating_OI_expression,True,choice,No - Expression is not emotional/forceful,No - Expression is not emotional/forceful,716
strengthening_diagnostic_v1,conflict,diagnostic,llm_full_calibration_examples,rating_OI_expression,True,choice,No - Expression is not emotional/forceful,__missing__,0
strengthening_diagnostic_v1,conflict,diagnostic,llm_grounded,rating_directness_content,True,choice,Yes - Direct Content,Yes - Direct Content,764
strengthening_diagnostic_v1,conflict,diagnostic,llm_grounded,rating_directness_content,True,choice,Yes - Direct Content,Neutral - Content contains no opinion,25
strengthening_diagnostic_v1,conflict,diagnostic,llm_grounded,rating_directness_content,True,choice,Yes - Direct Content,No - Indirect Content,2
strengthening_diagnostic_v1,conflict,diagnostic,llm_grounded,rating_directness_content,True,choice,Yes - Direct Content,__missing__,0
strengthening_diagnostic_v1,conflict,diagnostic,llm_grounded,rating_directness_content,True,choice,Neutral - Content contains no opinion,Yes - Direct Content,3
strengthening_diagnostic_v1,conflict,diagnostic,llm_grounded,rating_directness_content,True,choice,Neutral - Content contains no opinion,Neutral - Content contains no opinion,3
strengthening_diagnostic_v1,conflict,diagnostic,llm_grounded,rating_directness_content,True,choice,Neutral - Content contains no opinion,No - Indirect Content,0
strengthening_diagnostic_v1,conflict,diagnostic,llm_grounded,rating_directness_content,True,choice,Neutral - Content contains no opinion,__missing__,0
strengthening_diagnostic_v1,conflict,diagnostic,llm_grounded,rating_directness_content,True,choice,No - Indirect Content,Yes - Direct Content,0
strengthening_diagnostic_v1,conflict,diagnostic,llm_grounded,rating_directness_content,True,choice,No - Indirect Content,Neutral - Content contains no opinion,0
strengthening_diagnostic_v1,conflict,diagnostic,llm_grounded,rating_directness_content,True,choice,No - Indirect Content,No - Indirect Content,0
strengthening_diagnostic_v1,conflict,diagnostic,llm_grounded,rating_directness_content,True,choice,No - Indirect Content,__missing__,0
strengthening_diagnostic_v1,conflict,diagnostic,llm_grounded,rating_directness_expression,True,choice,Yes - Direct Expression,Yes - Direct Expression,644
strengthening_diagnostic_v1,conflict,diagnostic,llm_grounded,rating_directness_expression,True,choice,Yes - Direct Expression,No - Indirect Expression,104
strengthening_diagnostic_v1,conflict,diagnostic,llm_grounded,rating_directness_expression,True,choice,Yes - Direct Expression,__missing__,0
strengthening_diagnostic_v1,conflict,diagnostic,llm_grounded,rating_directness_expression,True,choice,No - Indirect Expression,Yes - Direct Expression,36
strengthening_diagnostic_v1,conflict,diagnostic,llm_grounded,rating_directness_expression,True,choice,No - Indirect Expression,No - Indirect Expression,18
strengthening_diagnostic_v1,conflict,diagnostic,llm_grounded,rating_directness_expression,True,choice,No - Indirect Expression,__missing__,0
strengthening_diagnostic_v1,conflict,diagnostic,llm_grounded,rating_OI_content,True,choice,Yes - Content opposes someone else,Yes - Content opposes someone else,459
strengthening_diagnostic_v1,conflict,diagnostic,llm_grounded,rating_OI_content,True,choice,Yes - Content opposes someone else,No - Content does not oppose anyone,281
strengthening_diagnostic_v1,conflict,diagnostic,llm_grounded,rating_OI_content,True,choice,Yes - Content opposes someone else,__missing__,0
strengthening_diagnostic_v1,conflict,diagnostic,llm_grounded,rating_OI_content,True,choice,No - Content does not oppose anyone,Yes - Content opposes someone else,8
strengthening_diagnostic_v1,conflict,diagnostic,llm_grounded,rating_OI_content,True,choice,No - Content does not oppose anyone,No - Content does not oppose anyone,54
strengthening_diagnostic_v1,conflict,diagnostic,llm_grounded,rating_OI_content,True,choice,No - Content does not oppose anyone,__missing__,0
strengthening_diagnostic_v1,conflict,diagnostic,llm_grounded,rating_OI_expression,True,choice,Yes - Expression is emotional/forceful,Yes - Expression is emotional/forceful,45
strengthening_diagnostic_v1,conflict,diagnostic,llm_grounded,rating_OI_expression,True,choice,Yes - Expression is emotional/forceful,No - Expression is not emotional/forceful,28
strengthening_diagnostic_v1,conflict,diagnostic,llm_grounded,rating_OI_expression,True,choice,Yes - Expression is emotional/forceful,__missing__,0
strengthening_diagnostic_v1,conflict,diagnostic,llm_grounded,rating_OI_expression,True,choice,No - Expression is not emotional/forceful,Yes - Expression is emotional/forceful,99
strengthening_diagnostic_v1,conflict,diagnostic,llm_grounded,rating_OI_expression,True,choice,No - Expression is not emotional/forceful,No - Expression is not emotional/forceful,630
strengthening_diagnostic_v1,conflict,diagnostic,llm_grounded,rating_OI_expression,True,choice,No - Expression is not emotional/forceful,__missing__,0
strengthening_diagnostic_v1,conflict,diagnostic,llm_labeled_examples,rating_directness_content,True,choice,Yes - Direct Content,Yes - Direct Content,763
strengthening_diagnostic_v1,conflict,diagnostic,llm_labeled_examples,rating_directness_content,True,choice,Yes - Direct Content,Neutral - Content contains no opinion,24
strengthening_diagnostic_v1,conflict,diagnostic,llm_labeled_examples,rating_directness_content,True,choice,Yes - Direct Content,No - Indirect Content,4
strengthening_diagnostic_v1,conflict,diagnostic,llm_labeled_examples,rating_directness_content,True,choice,Yes - Direct Content,__missing__,0
strengthening_diagnostic_v1,conflict,diagnostic,llm_labeled_examples,rating_directness_content,True,choice,Neutral - Content contains no opinion,Yes - Direct Content,3
strengthening_diagnostic_v1,conflict,diagnostic,llm_labeled_examples,rating_directness_content,True,choice,Neutral - Content contains no opinion,Neutral - Content contains no opinion,3
strengthening_diagnostic_v1,conflict,diagnostic,llm_labeled_examples,rating_directness_content,True,choice,Neutral - Content contains no opinion,No - Indirect Content,0
strengthening_diagnostic_v1,conflict,diagnostic,llm_labeled_examples,rating_directness_content,True,choice,Neutral - Content contains no opinion,__missing__,0
strengthening_diagnostic_v1,conflict,diagnostic,llm_labeled_examples,rating_directness_content,True,choice,No - Indirect Content,Yes - Direct Content,0
strengthening_diagnostic_v1,conflict,diagnostic,llm_labeled_examples,rating_directness_content,True,choice,No - Indirect Content,Neutral - Content contains no opinion,0
strengthening_diagnostic_v1,conflict,diagnostic,llm_labeled_examples,rating_directness_content,True,choice,No - Indirect Content,No - Indirect Content,0
strengthening_diagnostic_v1,conflict,diagnostic,llm_labeled_examples,rating_directness_content,True,choice,No - Indirect Content,__missing__,0
strengthening_diagnostic_v1,conflict,diagnostic,llm_labeled_examples,rating_directness_expression,True,choice,Yes - Direct Expression,Yes - Direct Expression,716
strengthening_diagnostic_v1,conflict,diagnostic,llm_labeled_examples,rating_directness_expression,True,choice,Yes - Direct Expression,No - Indirect Expression,32
strengthening_diagnostic_v1,conflict,diagnostic,llm_labeled_examples,rating_directness_expression,True,choice,Yes - Direct Expression,__missing__,0
strengthening_diagnostic_v1,conflict,diagnostic,llm_labeled_examples,rating_directness_expression,True,choice,No - Indirect Expression,Yes - Direct Expression,44
strengthening_diagnostic_v1,conflict,diagnostic,llm_labeled_examples,rating_directness_expression,True,choice,No - Indirect Expression,No - Indirect Expression,10
strengthening_diagnostic_v1,conflict,diagnostic,llm_labeled_examples,rating_directness_expression,True,choice,No - Indirect Expression,__missing__,0
strengthening_diagnostic_v1,conflict,diagnostic,llm_labeled_examples,rating_OI_content,True,choice,Yes - Content opposes someone else,Yes - Content opposes someone else,470
strengthening_diagnostic_v1,conflict,diagnostic,llm_labeled_examples,rating_OI_content,True,choice,Yes - Content opposes someone else,No - Content does not oppose anyone,270
strengthening_diagnostic_v1,conflict,diagnostic,llm_labeled_examples,rating_OI_content,True,choice,Yes - Content opposes someone else,__missing__,0
strengthening_diagnostic_v1,conflict,diagnostic,llm_labeled_examples,rating_OI_content,True,choice,No - Content does not oppose anyone,Yes - Content opposes someone else,7
strengthening_diagnostic_v1,conflict,diagnostic,llm_labeled_examples,rating_OI_content,True,choice,No - Content does not oppose anyone,No - Content does not oppose anyone,55
strengthening_diagnostic_v1,conflict,diagnostic,llm_labeled_examples,rating_OI_content,True,choice,No - Content does not oppose anyone,__missing__,0
strengthening_diagnostic_v1,conflict,diagnostic,llm_labeled_examples,rating_OI_expression,True,choice,Yes - Expression is emotional/forceful,Yes - Expression is emotional/forceful,40
strengthening_diagnostic_v1,conflict,diagnostic,llm_labeled_examples,rating_OI_expression,True,choice,Yes - Expression is emotional/forceful,No - Expression is not emotional/forceful,33
strengthening_diagnostic_v1,conflict,diagnostic,llm_labeled_examples,rating_OI_expression,True,choice,Yes - Expression is emotional/forceful,__missing__,0
strengthening_diagnostic_v1,conflict,diagnostic,llm_labeled_examples,rating_OI_expression,True,choice,No - Expression is not emotional/forceful,Yes - Expression is emotional/forceful,50
strengthening_diagnostic_v1,conflict,diagnostic,llm_labeled_examples,rating_OI_expression,True,choice,No - Expression is not emotional/forceful,No - Expression is not emotional/forceful,679
strengthening_diagnostic_v1,conflict,diagnostic,llm_labeled_examples,rating_OI_expression,True,choice,No - Expression is not emotional/forceful,__missing__,0
strengthening_diagnostic_v1,mbd,diagnostic,jev_grounded,tone,True,choice,positive,positive,34
strengthening_diagnostic_v1,mbd,diagnostic,jev_grounded,tone,True,choice,positive,negative,0
strengthening_diagnostic_v1,mbd,diagnostic,jev_grounded,tone,True,choice,positive,neutral,17
strengthening_diagnostic_v1,mbd,diagnostic,jev_grounded,tone,True,choice,positive,__missing__,0
strengthening_diagnostic_v1,mbd,diagnostic,jev_grounded,tone,True,choice,negative,positive,0
strengthening_diagnostic_v1,mbd,diagnostic,jev_grounded,tone,True,choice,negative,negative,101
strengthening_diagnostic_v1,mbd,diagnostic,jev_grounded,tone,True,choice,negative,neutral,13
strengthening_diagnostic_v1,mbd,diagnostic,jev_grounded,tone,True,choice,negative,__missing__,0
strengthening_diagnostic_v1,mbd,diagnostic,jev_grounded,tone,True,choice,neutral,positive,24
strengthening_diagnostic_v1,mbd,diagnostic,jev_grounded,tone,True,choice,neutral,negative,82
strengthening_diagnostic_v1,mbd,diagnostic,jev_grounded,tone,True,choice,neutral,neutral,273
strengthening_diagnostic_v1,mbd,diagnostic,jev_grounded,tone,True,choice,neutral,__missing__,0
strengthening_diagnostic_v1,mbd,diagnostic,jev_grounded,focus,True,choice,democrat,democrat,69
strengthening_diagnostic_v1,mbd,diagnostic,jev_grounded,focus,True,choice,democrat,republican,0
strengthening_diagnostic_v1,mbd,diagnostic,jev_grounded,focus,True,choice,democrat,both,4
strengthening_diagnostic_v1,mbd,diagnostic,jev_grounded,focus,True,choice,democrat,neither,16
strengthening_diagnostic_v1,mbd,diagnostic,jev_grounded,focus,True,choice,democrat,__missing__,0
strengthening_diagnostic_v1,mbd,diagnostic,jev_grounded,focus,True,choice,republican,democrat,0
strengthening_diagnostic_v1,mbd,diagnostic,jev_grounded,focus,True,choice,republican,republican,81
strengthening_diagnostic_v1,mbd,diagnostic,jev_grounded,focus,True,choice,republican,both,2
strengthening_diagnostic_v1,mbd,diagnostic,jev_grounded,focus,True,choice,republican,neither,55
strengthening_diagnostic_v1,mbd,diagnostic,jev_grounded,focus,True,choice,republican,__missing__,0
strengthening_diagnostic_v1,mbd,diagnostic,jev_grounded,focus,True,choice,both,democrat,6
strengthening_diagnostic_v1,mbd,diagnostic,jev_grounded,focus,True,choice,both,republican,1
strengthening_diagnostic_v1,mbd,diagnostic,jev_grounded,focus,True,choice,both,both,18
strengthening_diagnostic_v1,mbd,diagnostic,jev_grounded,focus,True,choice,both,neither,2
strengthening_diagnostic_v1,mbd,diagnostic,jev_grounded,focus,True,choice,both,__missing__,0
strengthening_diagnostic_v1,mbd,diagnostic,jev_grounded,focus,True,choice,neither,democrat,5
strengthening_diagnostic_v1,mbd,diagnostic,jev_grounded,focus,True,choice,neither,republican,2
strengthening_diagnostic_v1,mbd,diagnostic,jev_grounded,focus,True,choice,neither,both,0
strengthening_diagnostic_v1,mbd,diagnostic,jev_grounded,focus,True,choice,neither,neither,285
strengthening_diagnostic_v1,mbd,diagnostic,jev_grounded,focus,True,choice,neither,__missing__,0
strengthening_diagnostic_v1,mbd,diagnostic,jev_grounded,type,True,choice,fact,fact,194
strengthening_diagnostic_v1,mbd,diagnostic,jev_grounded,type,True,choice,fact,opinion,17
strengthening_diagnostic_v1,mbd,diagnostic,jev_grounded,type,True,choice,fact,borderline,16
strengthening_diagnostic_v1,mbd,diagnostic,jev_grounded,type,True,choice,fact,quote,11
strengthening_diagnostic_v1,mbd,diagnostic,jev_grounded,type,True,choice,fact,other,1
strengthening_diagnostic_v1,mbd,diagnostic,jev_grounded,type,True,choice,fact,__missing__,0
strengthening_diagnostic_v1,mbd,diagnostic,jev_grounded,type,True,choice,opinion,fact,3
strengthening_diagnostic_v1,mbd,diagnostic,jev_grounded,type,True,choice,opinion,opinion,63
strengthening_diagnostic_v1,mbd,diagnostic,jev_grounded,type,True,choice,opinion,borderline,4
strengthening_diagnostic_v1,mbd,diagnostic,jev_grounded,type,True,choice,opinion,quote,3
strengthening_diagnostic_v1,mbd,diagnostic,jev_grounded,type,True,choice,opinion,other,0
strengthening_diagnostic_v1,mbd,diagnostic,jev_grounded,type,True,choice,opinion,__missing__,0
strengthening_diagnostic_v1,mbd,diagnostic,jev_grounded,type,True,choice,borderline,fact,12
strengthening_diagnostic_v1,mbd,diagnostic,jev_grounded,type,True,choice,borderline,opinion,7
strengthening_diagnostic_v1,mbd,diagnostic,jev_grounded,type,True,choice,borderline,borderline,4
strengthening_diagnostic_v1,mbd,diagnostic,jev_grounded,type,True,choice,borderline,quote,1
strengthening_diagnostic_v1,mbd,diagnostic,jev_grounded,type,True,choice,borderline,other,0
strengthening_diagnostic_v1,mbd,diagnostic,jev_grounded,type,True,choice,borderline,__missing__,0
strengthening_diagnostic_v1,mbd,diagnostic,jev_grounded,type,True,choice,quote,fact,2
strengthening_diagnostic_v1,mbd,diagnostic,jev_grounded,type,True,choice,quote,opinion,1
strengthening_diagnostic_v1,mbd,diagnostic,jev_grounded,type,True,choice,quote,borderline,0
strengthening_diagnostic_v1,mbd,diagnostic,jev_grounded,type,True,choice,quote,quote,118
strengthening_diagnostic_v1,mbd,diagnostic,jev_grounded,type,True,choice,quote,other,0
strengthening_diagnostic_v1,mbd,diagnostic,jev_grounded,type,True,choice,quote,__missing__,0
strengthening_diagnostic_v1,mbd,diagnostic,jev_grounded,type,True,choice,other,fact,12
strengthening_diagnostic_v1,mbd,diagnostic,jev_grounded,type,True,choice,other,opinion,7
strengthening_diagnostic_v1,mbd,diagnostic,jev_grounded,type,True,choice,other,borderline,1
strengthening_diagnostic_v1,mbd,diagnostic,jev_grounded,type,True,choice,other,quote,4
strengthening_diagnostic_v1,mbd,diagnostic,jev_grounded,type,True,choice,other,other,27
strengthening_diagnostic_v1,mbd,diagnostic,jev_grounded,type,True,choice,other,__missing__,0
strengthening_diagnostic_v1,mbd,diagnostic,jev_threshold_calibrated,tone,True,choice,positive,positive,28
strengthening_diagnostic_v1,mbd,diagnostic,jev_threshold_calibrated,tone,True,choice,positive,negative,0
strengthening_diagnostic_v1,mbd,diagnostic,jev_threshold_calibrated,tone,True,choice,positive,neutral,23
strengthening_diagnostic_v1,mbd,diagnostic,jev_threshold_calibrated,tone,True,choice,positive,__missing__,0
strengthening_diagnostic_v1,mbd,diagnostic,jev_threshold_calibrated,tone,True,choice,negative,positive,0
strengthening_diagnostic_v1,mbd,diagnostic,jev_threshold_calibrated,tone,True,choice,negative,negative,73
strengthening_diagnostic_v1,mbd,diagnostic,jev_threshold_calibrated,tone,True,choice,negative,neutral,41
strengthening_diagnostic_v1,mbd,diagnostic,jev_threshold_calibrated,tone,True,choice,negative,__missing__,0
strengthening_diagnostic_v1,mbd,diagnostic,jev_threshold_calibrated,tone,True,choice,neutral,positive,17
strengthening_diagnostic_v1,mbd,diagnostic,jev_threshold_calibrated,tone,True,choice,neutral,negative,36
strengthening_diagnostic_v1,mbd,diagnostic,jev_threshold_calibrated,tone,True,choice,neutral,neutral,326
strengthening_diagnostic_v1,mbd,diagnostic,jev_threshold_calibrated,tone,True,choice,neutral,__missing__,0
strengthening_diagnostic_v1,mbd,diagnostic,jev_threshold_calibrated,focus,True,choice,democrat,democrat,69
strengthening_diagnostic_v1,mbd,diagnostic,jev_threshold_calibrated,focus,True,choice,democrat,republican,0
strengthening_diagnostic_v1,mbd,diagnostic,jev_threshold_calibrated,focus,True,choice,democrat,both,4
strengthening_diagnostic_v1,mbd,diagnostic,jev_threshold_calibrated,focus,True,choice,democrat,neither,16
strengthening_diagnostic_v1,mbd,diagnostic,jev_threshold_calibrated,focus,True,choice,democrat,__missing__,0
strengthening_diagnostic_v1,mbd,diagnostic,jev_threshold_calibrated,focus,True,choice,republican,democrat,0
strengthening_diagnostic_v1,mbd,diagnostic,jev_threshold_calibrated,focus,True,choice,republican,republican,81
strengthening_diagnostic_v1,mbd,diagnostic,jev_threshold_calibrated,focus,True,choice,republican,both,2
strengthening_diagnostic_v1,mbd,diagnostic,jev_threshold_calibrated,focus,True,choice,republican,neither,55
strengthening_diagnostic_v1,mbd,diagnostic,jev_threshold_calibrated,focus,True,choice,republican,__missing__,0
strengthening_diagnostic_v1,mbd,diagnostic,jev_threshold_calibrated,focus,True,choice,both,democrat,6
strengthening_diagnostic_v1,mbd,diagnostic,jev_threshold_calibrated,focus,True,choice,both,republican,1
strengthening_diagnostic_v1,mbd,diagnostic,jev_threshold_calibrated,focus,True,choice,both,both,18
strengthening_diagnostic_v1,mbd,diagnostic,jev_threshold_calibrated,focus,True,choice,both,neither,2
strengthening_diagnostic_v1,mbd,diagnostic,jev_threshold_calibrated,focus,True,choice,both,__missing__,0
strengthening_diagnostic_v1,mbd,diagnostic,jev_threshold_calibrated,focus,True,choice,neither,democrat,5
strengthening_diagnostic_v1,mbd,diagnostic,jev_threshold_calibrated,focus,True,choice,neither,republican,2
strengthening_diagnostic_v1,mbd,diagnostic,jev_threshold_calibrated,focus,True,choice,neither,both,0
strengthening_diagnostic_v1,mbd,diagnostic,jev_threshold_calibrated,focus,True,choice,neither,neither,285
strengthening_diagnostic_v1,mbd,diagnostic,jev_threshold_calibrated,focus,True,choice,neither,__missing__,0
strengthening_diagnostic_v1,mbd,diagnostic,jev_threshold_calibrated,type,True,choice,fact,fact,194
strengthening_diagnostic_v1,mbd,diagnostic,jev_threshold_calibrated,type,True,choice,fact,opinion,17
strengthening_diagnostic_v1,mbd,diagnostic,jev_threshold_calibrated,type,True,choice,fact,borderline,16
strengthening_diagnostic_v1,mbd,diagnostic,jev_threshold_calibrated,type,True,choice,fact,quote,11
strengthening_diagnostic_v1,mbd,diagnostic,jev_threshold_calibrated,type,True,choice,fact,other,1
strengthening_diagnostic_v1,mbd,diagnostic,jev_threshold_calibrated,type,True,choice,fact,__missing__,0
strengthening_diagnostic_v1,mbd,diagnostic,jev_threshold_calibrated,type,True,choice,opinion,fact,3
strengthening_diagnostic_v1,mbd,diagnostic,jev_threshold_calibrated,type,True,choice,opinion,opinion,63
strengthening_diagnostic_v1,mbd,diagnostic,jev_threshold_calibrated,type,True,choice,opinion,borderline,4
strengthening_diagnostic_v1,mbd,diagnostic,jev_threshold_calibrated,type,True,choice,opinion,quote,3
strengthening_diagnostic_v1,mbd,diagnostic,jev_threshold_calibrated,type,True,choice,opinion,other,0
strengthening_diagnostic_v1,mbd,diagnostic,jev_threshold_calibrated,type,True,choice,opinion,__missing__,0
strengthening_diagnostic_v1,mbd,diagnostic,jev_threshold_calibrated,type,True,choice,borderline,fact,12
strengthening_diagnostic_v1,mbd,diagnostic,jev_threshold_calibrated,type,True,choice,borderline,opinion,7
strengthening_diagnostic_v1,mbd,diagnostic,jev_threshold_calibrated,type,True,choice,borderline,borderline,4
strengthening_diagnostic_v1,mbd,diagnostic,jev_threshold_calibrated,type,True,choice,borderline,quote,1
strengthening_diagnostic_v1,mbd,diagnostic,jev_threshold_calibrated,type,True,choice,borderline,other,0
strengthening_diagnostic_v1,mbd,diagnostic,jev_threshold_calibrated,type,True,choice,borderline,__missing__,0
strengthening_diagnostic_v1,mbd,diagnostic,jev_threshold_calibrated,type,True,choice,quote,fact,2
strengthening_diagnostic_v1,mbd,diagnostic,jev_threshold_calibrated,type,True,choice,quote,opinion,1
strengthening_diagnostic_v1,mbd,diagnostic,jev_threshold_calibrated,type,True,choice,quote,borderline,0
strengthening_diagnostic_v1,mbd,diagnostic,jev_threshold_calibrated,type,True,choice,quote,quote,118
strengthening_diagnostic_v1,mbd,diagnostic,jev_threshold_calibrated,type,True,choice,quote,other,0
strengthening_diagnostic_v1,mbd,diagnostic,jev_threshold_calibrated,type,True,choice,quote,__missing__,0
strengthening_diagnostic_v1,mbd,diagnostic,jev_threshold_calibrated,type,True,choice,other,fact,12
strengthening_diagnostic_v1,mbd,diagnostic,jev_threshold_calibrated,type,True,choice,other,opinion,7
strengthening_diagnostic_v1,mbd,diagnostic,jev_threshold_calibrated,type,True,choice,other,borderline,1
strengthening_diagnostic_v1,mbd,diagnostic,jev_threshold_calibrated,type,True,choice,other,quote,4
strengthening_diagnostic_v1,mbd,diagnostic,jev_threshold_calibrated,type,True,choice,other,other,27
strengthening_diagnostic_v1,mbd,diagnostic,jev_threshold_calibrated,type,True,choice,other,__missing__,0
strengthening_diagnostic_v1,mbd,diagnostic,llm_full_calibration_examples,tone,True,choice,positive,positive,23
strengthening_diagnostic_v1,mbd,diagnostic,llm_full_calibration_examples,tone,True,choice,positive,negative,0
strengthening_diagnostic_v1,mbd,diagnostic,llm_full_calibration_examples,tone,True,choice,positive,neutral,28
strengthening_diagnostic_v1,mbd,diagnostic,llm_full_calibration_examples,tone,True,choice,positive,__missing__,0
strengthening_diagnostic_v1,mbd,diagnostic,llm_full_calibration_examples,tone,True,choice,negative,positive,0
strengthening_diagnostic_v1,mbd,diagnostic,llm_full_calibration_examples,tone,True,choice,negative,negative,76
strengthening_diagnostic_v1,mbd,diagnostic,llm_full_calibration_examples,tone,True,choice,negative,neutral,38
strengthening_diagnostic_v1,mbd,diagnostic,llm_full_calibration_examples,tone,True,choice,negative,__missing__,0
strengthening_diagnostic_v1,mbd,diagnostic,llm_full_calibration_examples,tone,True,choice,neutral,positive,7
strengthening_diagnostic_v1,mbd,diagnostic,llm_full_calibration_examples,tone,True,choice,neutral,negative,31
strengthening_diagnostic_v1,mbd,diagnostic,llm_full_calibration_examples,tone,True,choice,neutral,neutral,341
strengthening_diagnostic_v1,mbd,diagnostic,llm_full_calibration_examples,tone,True,choice,neutral,__missing__,0
strengthening_diagnostic_v1,mbd,diagnostic,llm_full_calibration_examples,focus,True,choice,democrat,democrat,61
strengthening_diagnostic_v1,mbd,diagnostic,llm_full_calibration_examples,focus,True,choice,democrat,republican,3
strengthening_diagnostic_v1,mbd,diagnostic,llm_full_calibration_examples,focus,True,choice,democrat,both,3
strengthening_diagnostic_v1,mbd,diagnostic,llm_full_calibration_examples,focus,True,choice,democrat,neither,22
strengthening_diagnostic_v1,mbd,diagnostic,llm_full_calibration_examples,focus,True,choice,democrat,__missing__,0
strengthening_diagnostic_v1,mbd,diagnostic,llm_full_calibration_examples,focus,True,choice,republican,democrat,0
strengthening_diagnostic_v1,mbd,diagnostic,llm_full_calibration_examples,focus,True,choice,republican,republican,55
strengthening_diagnostic_v1,mbd,diagnostic,llm_full_calibration_examples,focus,True,choice,republican,both,2
strengthening_diagnostic_v1,mbd,diagnostic,llm_full_calibration_examples,focus,True,choice,republican,neither,81
strengthening_diagnostic_v1,mbd,diagnostic,llm_full_calibration_examples,focus,True,choice,republican,__missing__,0
strengthening_diagnostic_v1,mbd,diagnostic,llm_full_calibration_examples,focus,True,choice,both,democrat,5
strengthening_diagnostic_v1,mbd,diagnostic,llm_full_calibration_examples,focus,True,choice,both,republican,0
strengthening_diagnostic_v1,mbd,diagnostic,llm_full_calibration_examples,focus,True,choice,both,both,18
strengthening_diagnostic_v1,mbd,diagnostic,llm_full_calibration_examples,focus,True,choice,both,neither,4
strengthening_diagnostic_v1,mbd,diagnostic,llm_full_calibration_examples,focus,True,choice,both,__missing__,0
strengthening_diagnostic_v1,mbd,diagnostic,llm_full_calibration_examples,focus,True,choice,neither,democrat,6
strengthening_diagnostic_v1,mbd,diagnostic,llm_full_calibration_examples,focus,True,choice,neither,republican,3
strengthening_diagnostic_v1,mbd,diagnostic,llm_full_calibration_examples,focus,True,choice,neither,both,1
strengthening_diagnostic_v1,mbd,diagnostic,llm_full_calibration_examples,focus,True,choice,neither,neither,282
strengthening_diagnostic_v1,mbd,diagnostic,llm_full_calibration_examples,focus,True,choice,neither,__missing__,0
strengthening_diagnostic_v1,mbd,diagnostic,llm_full_calibration_examples,type,True,choice,fact,fact,212
strengthening_diagnostic_v1,mbd,diagnostic,llm_full_calibration_examples,type,True,choice,fact,opinion,9
strengthening_diagnostic_v1,mbd,diagnostic,llm_full_calibration_examples,type,True,choice,fact,borderline,7
strengthening_diagnostic_v1,mbd,diagnostic,llm_full_calibration_examples,type,True,choice,fact,quote,10
strengthening_diagnostic_v1,mbd,diagnostic,llm_full_calibration_examples,type,True,choice,fact,other,1
strengthening_diagnostic_v1,mbd,diagnostic,llm_full_calibration_examples,type,True,choice,fact,__missing__,0
strengthening_diagnostic_v1,mbd,diagnostic,llm_full_calibration_examples,type,True,choice,opinion,fact,5
strengthening_diagnostic_v1,mbd,diagnostic,llm_full_calibration_examples,type,True,choice,opinion,opinion,55
strengthening_diagnostic_v1,mbd,diagnostic,llm_full_calibration_examples,type,True,choice,opinion,borderline,3
strengthening_diagnostic_v1,mbd,diagnostic,llm_full_calibration_examples,type,True,choice,opinion,quote,9
strengthening_diagnostic_v1,mbd,diagnostic,llm_full_calibration_examples,type,True,choice,opinion,other,1
strengthening_diagnostic_v1,mbd,diagnostic,llm_full_calibration_examples,type,True,choice,opinion,__missing__,0
strengthening_diagnostic_v1,mbd,diagnostic,llm_full_calibration_examples,type,True,choice,borderline,fact,18
strengthening_diagnostic_v1,mbd,diagnostic,llm_full_calibration_examples,type,True,choice,borderline,opinion,3
strengthening_diagnostic_v1,mbd,diagnostic,llm_full_calibration_examples,type,True,choice,borderline,borderline,0
strengthening_diagnostic_v1,mbd,diagnostic,llm_full_calibration_examples,type,True,choice,borderline,quote,2
strengthening_diagnostic_v1,mbd,diagnostic,llm_full_calibration_examples,type,True,choice,borderline,other,1
strengthening_diagnostic_v1,mbd,diagnostic,llm_full_calibration_examples,type,True,choice,borderline,__missing__,0
strengthening_diagnostic_v1,mbd,diagnostic,llm_full_calibration_examples,type,True,choice,quote,fact,5
strengthening_diagnostic_v1,mbd,diagnostic,llm_full_calibration_examples,type,True,choice,quote,opinion,1
strengthening_diagnostic_v1,mbd,diagnostic,llm_full_calibration_examples,type,True,choice,quote,borderline,0
strengthening_diagnostic_v1,mbd,diagnostic,llm_full_calibration_examples,type,True,choice,quote,quote,115
strengthening_diagnostic_v1,mbd,diagnostic,llm_full_calibration_examples,type,True,choice,quote,other,0
strengthening_diagnostic_v1,mbd,diagnostic,llm_full_calibration_examples,type,True,choice,quote,__missing__,0
strengthening_diagnostic_v1,mbd,diagnostic,llm_full_calibration_examples,type,True,choice,other,fact,2
strengthening_diagnostic_v1,mbd,diagnostic,llm_full_calibration_examples,type,True,choice,other,opinion,2
strengthening_diagnostic_v1,mbd,diagnostic,llm_full_calibration_examples,type,True,choice,other,borderline,0
strengthening_diagnostic_v1,mbd,diagnostic,llm_full_calibration_examples,type,True,choice,other,quote,0
strengthening_diagnostic_v1,mbd,diagnostic,llm_full_calibration_examples,type,True,choice,other,other,47
strengthening_diagnostic_v1,mbd,diagnostic,llm_full_calibration_examples,type,True,choice,other,__missing__,0
strengthening_diagnostic_v1,mbd,diagnostic,llm_grounded,tone,True,choice,positive,positive,33
strengthening_diagnostic_v1,mbd,diagnostic,llm_grounded,tone,True,choice,positive,negative,0
strengthening_diagnostic_v1,mbd,diagnostic,llm_grounded,tone,True,choice,positive,neutral,18
strengthening_diagnostic_v1,mbd,diagnostic,llm_grounded,tone,True,choice,positive,__missing__,0
strengthening_diagnostic_v1,mbd,diagnostic,llm_grounded,tone,True,choice,negative,positive,0
strengthening_diagnostic_v1,mbd,diagnostic,llm_grounded,tone,True,choice,negative,negative,92
strengthening_diagnostic_v1,mbd,diagnostic,llm_grounded,tone,True,choice,negative,neutral,22
strengthening_diagnostic_v1,mbd,diagnostic,llm_grounded,tone,True,choice,negative,__missing__,0
strengthening_diagnostic_v1,mbd,diagnostic,llm_grounded,tone,True,choice,neutral,positive,15
strengthening_diagnostic_v1,mbd,diagnostic,llm_grounded,tone,True,choice,neutral,negative,58
strengthening_diagnostic_v1,mbd,diagnostic,llm_grounded,tone,True,choice,neutral,neutral,306
strengthening_diagnostic_v1,mbd,diagnostic,llm_grounded,tone,True,choice,neutral,__missing__,0
strengthening_diagnostic_v1,mbd,diagnostic,llm_grounded,focus,True,choice,democrat,democrat,53
strengthening_diagnostic_v1,mbd,diagnostic,llm_grounded,focus,True,choice,democrat,republican,1
strengthening_diagnostic_v1,mbd,diagnostic,llm_grounded,focus,True,choice,democrat,both,6
strengthening_diagnostic_v1,mbd,diagnostic,llm_grounded,focus,True,choice,democrat,neither,29
strengthening_diagnostic_v1,mbd,diagnostic,llm_grounded,focus,True,choice,democrat,__missing__,0
strengthening_diagnostic_v1,mbd,diagnostic,llm_grounded,focus,True,choice,republican,democrat,0
strengthening_diagnostic_v1,mbd,diagnostic,llm_grounded,focus,True,choice,republican,republican,52
strengthening_diagnostic_v1,mbd,diagnostic,llm_grounded,focus,True,choice,republican,both,1
strengthening_diagnostic_v1,mbd,diagnostic,llm_grounded,focus,True,choice,republican,neither,85
strengthening_diagnostic_v1,mbd,diagnostic,llm_grounded,focus,True,choice,republican,__missing__,0
strengthening_diagnostic_v1,mbd,diagnostic,llm_grounded,focus,True,choice,both,democrat,3
strengthening_diagnostic_v1,mbd,diagnostic,llm_grounded,focus,True,choice,both,republican,2
strengthening_diagnostic_v1,mbd,diagnostic,llm_grounded,focus,True,choice,both,both,18
strengthening_diagnostic_v1,mbd,diagnostic,llm_grounded,focus,True,choice,both,neither,4
strengthening_diagnostic_v1,mbd,diagnostic,llm_grounded,focus,True,choice,both,__missing__,0
strengthening_diagnostic_v1,mbd,diagnostic,llm_grounded,focus,True,choice,neither,democrat,1
strengthening_diagnostic_v1,mbd,diagnostic,llm_grounded,focus,True,choice,neither,republican,0
strengthening_diagnostic_v1,mbd,diagnostic,llm_grounded,focus,True,choice,neither,both,1
strengthening_diagnostic_v1,mbd,diagnostic,llm_grounded,focus,True,choice,neither,neither,290
strengthening_diagnostic_v1,mbd,diagnostic,llm_grounded,focus,True,choice,neither,__missing__,0
strengthening_diagnostic_v1,mbd,diagnostic,llm_grounded,type,True,choice,fact,fact,200
strengthening_diagnostic_v1,mbd,diagnostic,llm_grounded,type,True,choice,fact,opinion,10
strengthening_diagnostic_v1,mbd,diagnostic,llm_grounded,type,True,choice,fact,borderline,17
strengthening_diagnostic_v1,mbd,diagnostic,llm_grounded,type,True,choice,fact,quote,11
strengthening_diagnostic_v1,mbd,diagnostic,llm_grounded,type,True,choice,fact,other,1
strengthening_diagnostic_v1,mbd,diagnostic,llm_grounded,type,True,choice,fact,__missing__,0
strengthening_diagnostic_v1,mbd,diagnostic,llm_grounded,type,True,choice,opinion,fact,3
strengthening_diagnostic_v1,mbd,diagnostic,llm_grounded,type,True,choice,opinion,opinion,64
strengthening_diagnostic_v1,mbd,diagnostic,llm_grounded,type,True,choice,opinion,borderline,6
strengthening_diagnostic_v1,mbd,diagnostic,llm_grounded,type,True,choice,opinion,quote,0
strengthening_diagnostic_v1,mbd,diagnostic,llm_grounded,type,True,choice,opinion,other,0
strengthening_diagnostic_v1,mbd,diagnostic,llm_grounded,type,True,choice,opinion,__missing__,0
strengthening_diagnostic_v1,mbd,diagnostic,llm_grounded,type,True,choice,borderline,fact,14
strengthening_diagnostic_v1,mbd,diagnostic,llm_grounded,type,True,choice,borderline,opinion,5
strengthening_diagnostic_v1,mbd,diagnostic,llm_grounded,type,True,choice,borderline,borderline,4
strengthening_diagnostic_v1,mbd,diagnostic,llm_grounded,type,True,choice,borderline,quote,0
strengthening_diagnostic_v1,mbd,diagnostic,llm_grounded,type,True,choice,borderline,other,1
strengthening_diagnostic_v1,mbd,diagnostic,llm_grounded,type,True,choice,borderline,__missing__,0
strengthening_diagnostic_v1,mbd,diagnostic,llm_grounded,type,True,choice,quote,fact,6
strengthening_diagnostic_v1,mbd,diagnostic,llm_grounded,type,True,choice,quote,opinion,1
strengthening_diagnostic_v1,mbd,diagnostic,llm_grounded,type,True,choice,quote,borderline,1
strengthening_diagnostic_v1,mbd,diagnostic,llm_grounded,type,True,choice,quote,quote,113
strengthening_diagnostic_v1,mbd,diagnostic,llm_grounded,type,True,choice,quote,other,0
strengthening_diagnostic_v1,mbd,diagnostic,llm_grounded,type,True,choice,quote,__missing__,0
strengthening_diagnostic_v1,mbd,diagnostic,llm_grounded,type,True,choice,other,fact,2
strengthening_diagnostic_v1,mbd,diagnostic,llm_grounded,type,True,choice,other,opinion,3
strengthening_diagnostic_v1,mbd,diagnostic,llm_grounded,type,True,choice,other,borderline,0
strengthening_diagnostic_v1,mbd,diagnostic,llm_grounded,type,True,choice,other,quote,1
strengthening_diagnostic_v1,mbd,diagnostic,llm_grounded,type,True,choice,other,other,45
strengthening_diagnostic_v1,mbd,diagnostic,llm_grounded,type,True,choice,other,__missing__,0
strengthening_diagnostic_v1,mbd,diagnostic,llm_labeled_examples,tone,True,choice,positive,positive,33
strengthening_diagnostic_v1,mbd,diagnostic,llm_labeled_examples,tone,True,choice,positive,negative,0
strengthening_diagnostic_v1,mbd,diagnostic,llm_labeled_examples,tone,True,choice,positive,neutral,18
strengthening_diagnostic_v1,mbd,diagnostic,llm_labeled_examples,tone,True,choice,positive,__missing__,0
strengthening_diagnostic_v1,mbd,diagnostic,llm_labeled_examples,tone,True,choice,negative,positive,0
strengthening_diagnostic_v1,mbd,diagnostic,llm_labeled_examples,tone,True,choice,negative,negative,89
strengthening_diagnostic_v1,mbd,diagnostic,llm_labeled_examples,tone,True,choice,negative,neutral,25
strengthening_diagnostic_v1,mbd,diagnostic,llm_labeled_examples,tone,True,choice,negative,__missing__,0
strengthening_diagnostic_v1,mbd,diagnostic,llm_labeled_examples,tone,True,choice,neutral,positive,13
strengthening_diagnostic_v1,mbd,diagnostic,llm_labeled_examples,tone,True,choice,neutral,negative,46
strengthening_diagnostic_v1,mbd,diagnostic,llm_labeled_examples,tone,True,choice,neutral,neutral,320
strengthening_diagnostic_v1,mbd,diagnostic,llm_labeled_examples,tone,True,choice,neutral,__missing__,0
strengthening_diagnostic_v1,mbd,diagnostic,llm_labeled_examples,focus,True,choice,democrat,democrat,56
strengthening_diagnostic_v1,mbd,diagnostic,llm_labeled_examples,focus,True,choice,democrat,republican,3
strengthening_diagnostic_v1,mbd,diagnostic,llm_labeled_examples,focus,True,choice,democrat,both,5
strengthening_diagnostic_v1,mbd,diagnostic,llm_labeled_examples,focus,True,choice,democrat,neither,25
strengthening_diagnostic_v1,mbd,diagnostic,llm_labeled_examples,focus,True,choice,democrat,__missing__,0
strengthening_diagnostic_v1,mbd,diagnostic,llm_labeled_examples,focus,True,choice,republican,democrat,0
strengthening_diagnostic_v1,mbd,diagnostic,llm_labeled_examples,focus,True,choice,republican,republican,47
strengthening_diagnostic_v1,mbd,diagnostic,llm_labeled_examples,focus,True,choice,republican,both,1
strengthening_diagnostic_v1,mbd,diagnostic,llm_labeled_examples,focus,True,choice,republican,neither,90
strengthening_diagnostic_v1,mbd,diagnostic,llm_labeled_examples,focus,True,choice,republican,__missing__,0
strengthening_diagnostic_v1,mbd,diagnostic,llm_labeled_examples,focus,True,choice,both,democrat,4
strengthening_diagnostic_v1,mbd,diagnostic,llm_labeled_examples,focus,True,choice,both,republican,3
strengthening_diagnostic_v1,mbd,diagnostic,llm_labeled_examples,focus,True,choice,both,both,16
strengthening_diagnostic_v1,mbd,diagnostic,llm_labeled_examples,focus,True,choice,both,neither,4
strengthening_diagnostic_v1,mbd,diagnostic,llm_labeled_examples,focus,True,choice,both,__missing__,0
strengthening_diagnostic_v1,mbd,diagnostic,llm_labeled_examples,focus,True,choice,neither,democrat,3
strengthening_diagnostic_v1,mbd,diagnostic,llm_labeled_examples,focus,True,choice,neither,republican,0
strengthening_diagnostic_v1,mbd,diagnostic,llm_labeled_examples,focus,True,choice,neither,both,1
strengthening_diagnostic_v1,mbd,diagnostic,llm_labeled_examples,focus,True,choice,neither,neither,288
strengthening_diagnostic_v1,mbd,diagnostic,llm_labeled_examples,focus,True,choice,neither,__missing__,0
strengthening_diagnostic_v1,mbd,diagnostic,llm_labeled_examples,type,True,choice,fact,fact,209
strengthening_diagnostic_v1,mbd,diagnostic,llm_labeled_examples,type,True,choice,fact,opinion,16
strengthening_diagnostic_v1,mbd,diagnostic,llm_labeled_examples,type,True,choice,fact,borderline,3
strengthening_diagnostic_v1,mbd,diagnostic,llm_labeled_examples,type,True,choice,fact,quote,9
strengthening_diagnostic_v1,mbd,diagnostic,llm_labeled_examples,type,True,choice,fact,other,2
strengthening_diagnostic_v1,mbd,diagnostic,llm_labeled_examples,type,True,choice,fact,__missing__,0
strengthening_diagnostic_v1,mbd,diagnostic,llm_labeled_examples,type,True,choice,opinion,fact,2
strengthening_diagnostic_v1,mbd,diagnostic,llm_labeled_examples,type,True,choice,opinion,opinion,67
strengthening_diagnostic_v1,mbd,diagnostic,llm_labeled_examples,type,True,choice,opinion,borderline,3
strengthening_diagnostic_v1,mbd,diagnostic,llm_labeled_examples,type,True,choice,opinion,quote,0
strengthening_diagnostic_v1,mbd,diagnostic,llm_labeled_examples,type,True,choice,opinion,other,1
strengthening_diagnostic_v1,mbd,diagnostic,llm_labeled_examples,type,True,choice,opinion,__missing__,0
strengthening_diagnostic_v1,mbd,diagnostic,llm_labeled_examples,type,True,choice,borderline,fact,14
strengthening_diagnostic_v1,mbd,diagnostic,llm_labeled_examples,type,True,choice,borderline,opinion,9
strengthening_diagnostic_v1,mbd,diagnostic,llm_labeled_examples,type,True,choice,borderline,borderline,0
strengthening_diagnostic_v1,mbd,diagnostic,llm_labeled_examples,type,True,choice,borderline,quote,0
strengthening_diagnostic_v1,mbd,diagnostic,llm_labeled_examples,type,True,choice,borderline,other,1
strengthening_diagnostic_v1,mbd,diagnostic,llm_labeled_examples,type,True,choice,borderline,__missing__,0
strengthening_diagnostic_v1,mbd,diagnostic,llm_labeled_examples,type,True,choice,quote,fact,5
strengthening_diagnostic_v1,mbd,diagnostic,llm_labeled_examples,type,True,choice,quote,opinion,1
strengthening_diagnostic_v1,mbd,diagnostic,llm_labeled_examples,type,True,choice,quote,borderline,1
strengthening_diagnostic_v1,mbd,diagnostic,llm_labeled_examples,type,True,choice,quote,quote,114
strengthening_diagnostic_v1,mbd,diagnostic,llm_labeled_examples,type,True,choice,quote,other,0
strengthening_diagnostic_v1,mbd,diagnostic,llm_labeled_examples,type,True,choice,quote,__missing__,0
strengthening_diagnostic_v1,mbd,diagnostic,llm_labeled_examples,type,True,choice,other,fact,1
strengthening_diagnostic_v1,mbd,diagnostic,llm_labeled_examples,type,True,choice,other,opinion,1
strengthening_diagnostic_v1,mbd,diagnostic,llm_labeled_examples,type,True,choice,other,borderline,0
strengthening_diagnostic_v1,mbd,diagnostic,llm_labeled_examples,type,True,choice,other,quote,2
strengthening_diagnostic_v1,mbd,diagnostic,llm_labeled_examples,type,True,choice,other,other,47
strengthening_diagnostic_v1,mbd,diagnostic,llm_labeled_examples,type,True,choice,other,__missing__,0
strengthening_diagnostic_v1,ucc,diagnostic,jev_grounded,healthy,True,choice,0,0,49
strengthening_diagnostic_v1,ucc,diagnostic,jev_grounded,healthy,True,choice,0,1,16
strengthening_diagnostic_v1,ucc,diagnostic,jev_grounded,healthy,True,choice,0,__missing__,0
strengthening_diagnostic_v1,ucc,diagnostic,jev_grounded,healthy,True,choice,1,0,483
strengthening_diagnostic_v1,ucc,diagnostic,jev_grounded,healthy,True,choice,1,1,454
strengthening_diagnostic_v1,ucc,diagnostic,jev_grounded,healthy,True,choice,1,__missing__,0
strengthening_diagnostic_v1,ucc,diagnostic,jev_grounded,sarcastic,True,choice,0,0,544
strengthening_diagnostic_v1,ucc,diagnostic,jev_grounded,sarcastic,True,choice,0,1,410
strengthening_diagnostic_v1,ucc,diagnostic,jev_grounded,sarcastic,True,choice,0,__missing__,0
strengthening_diagnostic_v1,ucc,diagnostic,jev_grounded,sarcastic,True,choice,1,0,14
strengthening_diagnostic_v1,ucc,diagnostic,jev_grounded,sarcastic,True,choice,1,1,34
strengthening_diagnostic_v1,ucc,diagnostic,jev_grounded,sarcastic,True,choice,1,__missing__,0
strengthening_diagnostic_v1,ucc,diagnostic,jev_grounded,generalisation,False,choice,0,0,782
strengthening_diagnostic_v1,ucc,diagnostic,jev_grounded,generalisation,False,choice,0,1,205
strengthening_diagnostic_v1,ucc,diagnostic,jev_grounded,generalisation,False,choice,0,__missing__,0
strengthening_diagnostic_v1,ucc,diagnostic,jev_grounded,generalisation,False,choice,1,0,5
strengthening_diagnostic_v1,ucc,diagnostic,jev_grounded,generalisation,False,choice,1,1,10
strengthening_diagnostic_v1,ucc,diagnostic,jev_grounded,generalisation,False,choice,1,__missing__,0
strengthening_diagnostic_v1,ucc,diagnostic,jev_grounded,generalisation_unfair,True,choice,0,0,845
strengthening_diagnostic_v1,ucc,diagnostic,jev_grounded,generalisation_unfair,True,choice,0,1,143
strengthening_diagnostic_v1,ucc,diagnostic,jev_grounded,generalisation_unfair,True,choice,0,__missing__,0
strengthening_diagnostic_v1,ucc,diagnostic,jev_grounded,generalisation_unfair,True,choice,1,0,6
strengthening_diagnostic_v1,ucc,diagnostic,jev_grounded,generalisation_unfair,True,choice,1,1,8
strengthening_diagnostic_v1,ucc,diagnostic,jev_grounded,generalisation_unfair,True,choice,1,__missing__,0
strengthening_diagnostic_v1,ucc,diagnostic,jev_grounded,hostile,True,choice,0,0,662
strengthening_diagnostic_v1,ucc,diagnostic,jev_grounded,hostile,True,choice,0,1,319
strengthening_diagnostic_v1,ucc,diagnostic,jev_grounded,hostile,True,choice,0,__missing__,0
strengthening_diagnostic_v1,ucc,diagnostic,jev_grounded,hostile,True,choice,1,0,3
strengthening_diagnostic_v1,ucc,diagnostic,jev_grounded,hostile,True,choice,1,1,18
strengthening_diagnostic_v1,ucc,diagnostic,jev_grounded,hostile,True,choice,1,__missing__,0
strengthening_diagnostic_v1,ucc,diagnostic,jev_grounded,antagonize,True,choice,0,0,502
strengthening_diagnostic_v1,ucc,diagnostic,jev_grounded,antagonize,True,choice,0,1,449
strengthening_diagnostic_v1,ucc,diagnostic,jev_grounded,antagonize,True,choice,0,__missing__,0
strengthening_diagnostic_v1,ucc,diagnostic,jev_grounded,antagonize,True,choice,1,0,9
strengthening_diagnostic_v1,ucc,diagnostic,jev_grounded,antagonize,True,choice,1,1,42
strengthening_diagnostic_v1,ucc,diagnostic,jev_grounded,antagonize,True,choice,1,__missing__,0
strengthening_diagnostic_v1,ucc,diagnostic,jev_grounded,condescending,True,choice,0,0,575
strengthening_diagnostic_v1,ucc,diagnostic,jev_grounded,condescending,True,choice,0,1,380
strengthening_diagnostic_v1,ucc,diagnostic,jev_grounded,condescending,True,choice,0,__missing__,0
strengthening_diagnostic_v1,ucc,diagnostic,jev_grounded,condescending,True,choice,1,0,12
strengthening_diagnostic_v1,ucc,diagnostic,jev_grounded,condescending,True,choice,1,1,35
strengthening_diagnostic_v1,ucc,diagnostic,jev_grounded,condescending,True,choice,1,__missing__,0
strengthening_diagnostic_v1,ucc,diagnostic,jev_grounded,dismissive,True,choice,0,0,607
strengthening_diagnostic_v1,ucc,diagnostic,jev_grounded,dismissive,True,choice,0,1,371
strengthening_diagnostic_v1,ucc,diagnostic,jev_grounded,dismissive,True,choice,0,__missing__,0
strengthening_diagnostic_v1,ucc,diagnostic,jev_grounded,dismissive,True,choice,1,0,8
strengthening_diagnostic_v1,ucc,diagnostic,jev_grounded,dismissive,True,choice,1,1,16
strengthening_diagnostic_v1,ucc,diagnostic,jev_grounded,dismissive,True,choice,1,__missing__,0
strengthening_diagnostic_v1,ucc,diagnostic,jev_threshold_calibrated,healthy,True,choice,0,0,9
strengthening_diagnostic_v1,ucc,diagnostic,jev_threshold_calibrated,healthy,True,choice,0,1,56
strengthening_diagnostic_v1,ucc,diagnostic,jev_threshold_calibrated,healthy,True,choice,0,__missing__,0
strengthening_diagnostic_v1,ucc,diagnostic,jev_threshold_calibrated,healthy,True,choice,1,0,46
strengthening_diagnostic_v1,ucc,diagnostic,jev_threshold_calibrated,healthy,True,choice,1,1,891
strengthening_diagnostic_v1,ucc,diagnostic,jev_threshold_calibrated,healthy,True,choice,1,__missing__,0
strengthening_diagnostic_v1,ucc,diagnostic,jev_threshold_calibrated,sarcastic,True,choice,0,0,884
strengthening_diagnostic_v1,ucc,diagnostic,jev_threshold_calibrated,sarcastic,True,choice,0,1,70
strengthening_diagnostic_v1,ucc,diagnostic,jev_threshold_calibrated,sarcastic,True,choice,0,__missing__,0
strengthening_diagnostic_v1,ucc,diagnostic,jev_threshold_calibrated,sarcastic,True,choice,1,0,41
strengthening_diagnostic_v1,ucc,diagnostic,jev_threshold_calibrated,sarcastic,True,choice,1,1,7
strengthening_diagnostic_v1,ucc,diagnostic,jev_threshold_calibrated,sarcastic,True,choice,1,__missing__,0
strengthening_diagnostic_v1,ucc,diagnostic,jev_threshold_calibrated,generalisation,False,choice,0,0,950
strengthening_diagnostic_v1,ucc,diagnostic,jev_threshold_calibrated,generalisation,False,choice,0,1,37
strengthening_diagnostic_v1,ucc,diagnostic,jev_threshold_calibrated,generalisation,False,choice,0,__missing__,0
strengthening_diagnostic_v1,ucc,diagnostic,jev_threshold_calibrated,generalisation,False,choice,1,0,9
strengthening_diagnostic_v1,ucc,diagnostic,jev_threshold_calibrated,generalisation,False,choice,1,1,6
strengthening_diagnostic_v1,ucc,diagnostic,jev_threshold_calibrated,generalisation,False,choice,1,__missing__,0
strengthening_diagnostic_v1,ucc,diagnostic,jev_threshold_calibrated,generalisation_unfair,True,choice,0,0,971
strengthening_diagnostic_v1,ucc,diagnostic,jev_threshold_calibrated,generalisation_unfair,True,choice,0,1,17
strengthening_diagnostic_v1,ucc,diagnostic,jev_threshold_calibrated,generalisation_unfair,True,choice,0,__missing__,0
strengthening_diagnostic_v1,ucc,diagnostic,jev_threshold_calibrated,generalisation_unfair,True,choice,1,0,10
strengthening_diagnostic_v1,ucc,diagnostic,jev_threshold_calibrated,generalisation_unfair,True,choice,1,1,4
strengthening_diagnostic_v1,ucc,diagnostic,jev_threshold_calibrated,generalisation_unfair,True,choice,1,__missing__,0
strengthening_diagnostic_v1,ucc,diagnostic,jev_threshold_calibrated,hostile,True,choice,0,0,974
strengthening_diagnostic_v1,ucc,diagnostic,jev_threshold_calibrated,hostile,True,choice,0,1,7
strengthening_diagnostic_v1,ucc,diagnostic,jev_threshold_calibrated,hostile,True,choice,0,__missing__,0
strengthening_diagnostic_v1,ucc,diagnostic,jev_threshold_calibrated,hostile,True,choice,1,0,19
strengthening_diagnostic_v1,ucc,diagnostic,jev_threshold_calibrated,hostile,True,choice,1,1,2
strengthening_diagnostic_v1,ucc,diagnostic,jev_threshold_calibrated,hostile,True,choice,1,__missing__,0
strengthening_diagnostic_v1,ucc,diagnostic,jev_threshold_calibrated,antagonize,True,choice,0,0,917
strengthening_diagnostic_v1,ucc,diagnostic,jev_threshold_calibrated,antagonize,True,choice,0,1,34
strengthening_diagnostic_v1,ucc,diagnostic,jev_threshold_calibrated,antagonize,True,choice,0,__missing__,0
strengthening_diagnostic_v1,ucc,diagnostic,jev_threshold_calibrated,antagonize,True,choice,1,0,46
strengthening_diagnostic_v1,ucc,diagnostic,jev_threshold_calibrated,antagonize,True,choice,1,1,5
strengthening_diagnostic_v1,ucc,diagnostic,jev_threshold_calibrated,antagonize,True,choice,1,__missing__,0
strengthening_diagnostic_v1,ucc,diagnostic,jev_threshold_calibrated,condescending,True,choice,0,0,893
strengthening_diagnostic_v1,ucc,diagnostic,jev_threshold_calibrated,condescending,True,choice,0,1,62
strengthening_diagnostic_v1,ucc,diagnostic,jev_threshold_calibrated,condescending,True,choice,0,__missing__,0
strengthening_diagnostic_v1,ucc,diagnostic,jev_threshold_calibrated,condescending,True,choice,1,0,38
strengthening_diagnostic_v1,ucc,diagnostic,jev_threshold_calibrated,condescending,True,choice,1,1,9
strengthening_diagnostic_v1,ucc,diagnostic,jev_threshold_calibrated,condescending,True,choice,1,__missing__,0
strengthening_diagnostic_v1,ucc,diagnostic,jev_threshold_calibrated,dismissive,True,choice,0,0,893
strengthening_diagnostic_v1,ucc,diagnostic,jev_threshold_calibrated,dismissive,True,choice,0,1,85
strengthening_diagnostic_v1,ucc,diagnostic,jev_threshold_calibrated,dismissive,True,choice,0,__missing__,0
strengthening_diagnostic_v1,ucc,diagnostic,jev_threshold_calibrated,dismissive,True,choice,1,0,19
strengthening_diagnostic_v1,ucc,diagnostic,jev_threshold_calibrated,dismissive,True,choice,1,1,5
strengthening_diagnostic_v1,ucc,diagnostic,jev_threshold_calibrated,dismissive,True,choice,1,__missing__,0
strengthening_diagnostic_v1,ucc,diagnostic,llm_full_calibration_examples,healthy,True,choice,0,0,14
strengthening_diagnostic_v1,ucc,diagnostic,llm_full_calibration_examples,healthy,True,choice,0,1,51
strengthening_diagnostic_v1,ucc,diagnostic,llm_full_calibration_examples,healthy,True,choice,0,__missing__,0
strengthening_diagnostic_v1,ucc,diagnostic,llm_full_calibration_examples,healthy,True,choice,1,0,70
strengthening_diagnostic_v1,ucc,diagnostic,llm_full_calibration_examples,healthy,True,choice,1,1,867
strengthening_diagnostic_v1,ucc,diagnostic,llm_full_calibration_examples,healthy,True,choice,1,__missing__,0
strengthening_diagnostic_v1,ucc,diagnostic,llm_full_calibration_examples,sarcastic,True,choice,0,0,870
strengthening_diagnostic_v1,ucc,diagnostic,llm_full_calibration_examples,sarcastic,True,choice,0,1,84
strengthening_diagnostic_v1,ucc,diagnostic,llm_full_calibration_examples,sarcastic,True,choice,0,__missing__,0
strengthening_diagnostic_v1,ucc,diagnostic,llm_full_calibration_examples,sarcastic,True,choice,1,0,24
strengthening_diagnostic_v1,ucc,diagnostic,llm_full_calibration_examples,sarcastic,True,choice,1,1,24
strengthening_diagnostic_v1,ucc,diagnostic,llm_full_calibration_examples,sarcastic,True,choice,1,__missing__,0
strengthening_diagnostic_v1,ucc,diagnostic,llm_full_calibration_examples,generalisation,False,choice,0,0,967
strengthening_diagnostic_v1,ucc,diagnostic,llm_full_calibration_examples,generalisation,False,choice,0,1,20
strengthening_diagnostic_v1,ucc,diagnostic,llm_full_calibration_examples,generalisation,False,choice,0,__missing__,0
strengthening_diagnostic_v1,ucc,diagnostic,llm_full_calibration_examples,generalisation,False,choice,1,0,11
strengthening_diagnostic_v1,ucc,diagnostic,llm_full_calibration_examples,generalisation,False,choice,1,1,4
strengthening_diagnostic_v1,ucc,diagnostic,llm_full_calibration_examples,generalisation,False,choice,1,__missing__,0
strengthening_diagnostic_v1,ucc,diagnostic,llm_full_calibration_examples,generalisation_unfair,True,choice,0,0,968
strengthening_diagnostic_v1,ucc,diagnostic,llm_full_calibration_examples,generalisation_unfair,True,choice,0,1,20
strengthening_diagnostic_v1,ucc,diagnostic,llm_full_calibration_examples,generalisation_unfair,True,choice,0,__missing__,0
strengthening_diagnostic_v1,ucc,diagnostic,llm_full_calibration_examples,generalisation_unfair,True,choice,1,0,10
strengthening_diagnostic_v1,ucc,diagnostic,llm_full_calibration_examples,generalisation_unfair,True,choice,1,1,4
strengthening_diagnostic_v1,ucc,diagnostic,llm_full_calibration_examples,generalisation_unfair,True,choice,1,__missing__,0
strengthening_diagnostic_v1,ucc,diagnostic,llm_full_calibration_examples,hostile,True,choice,0,0,919
strengthening_diagnostic_v1,ucc,diagnostic,llm_full_calibration_examples,hostile,True,choice,0,1,62
strengthening_diagnostic_v1,ucc,diagnostic,llm_full_calibration_examples,hostile,True,choice,0,__missing__,0
strengthening_diagnostic_v1,ucc,diagnostic,llm_full_calibration_examples,hostile,True,choice,1,0,12
strengthening_diagnostic_v1,ucc,diagnostic,llm_full_calibration_examples,hostile,True,choice,1,1,9
strengthening_diagnostic_v1,ucc,diagnostic,llm_full_calibration_examples,hostile,True,choice,1,__missing__,0
strengthening_diagnostic_v1,ucc,diagnostic,llm_full_calibration_examples,antagonize,True,choice,0,0,892
strengthening_diagnostic_v1,ucc,diagnostic,llm_full_calibration_examples,antagonize,True,choice,0,1,59
strengthening_diagnostic_v1,ucc,diagnostic,llm_full_calibration_examples,antagonize,True,choice,0,__missing__,0
strengthening_diagnostic_v1,ucc,diagnostic,llm_full_calibration_examples,antagonize,True,choice,1,0,40
strengthening_diagnostic_v1,ucc,diagnostic,llm_full_calibration_examples,antagonize,True,choice,1,1,11
strengthening_diagnostic_v1,ucc,diagnostic,llm_full_calibration_examples,antagonize,True,choice,1,__missing__,0
strengthening_diagnostic_v1,ucc,diagnostic,llm_full_calibration_examples,condescending,True,choice,0,0,869
strengthening_diagnostic_v1,ucc,diagnostic,llm_full_calibration_examples,condescending,True,choice,0,1,86
strengthening_diagnostic_v1,ucc,diagnostic,llm_full_calibration_examples,condescending,True,choice,0,__missing__,0
strengthening_diagnostic_v1,ucc,diagnostic,llm_full_calibration_examples,condescending,True,choice,1,0,31
strengthening_diagnostic_v1,ucc,diagnostic,llm_full_calibration_examples,condescending,True,choice,1,1,16
strengthening_diagnostic_v1,ucc,diagnostic,llm_full_calibration_examples,condescending,True,choice,1,__missing__,0
strengthening_diagnostic_v1,ucc,diagnostic,llm_full_calibration_examples,dismissive,True,choice,0,0,897
strengthening_diagnostic_v1,ucc,diagnostic,llm_full_calibration_examples,dismissive,True,choice,0,1,81
strengthening_diagnostic_v1,ucc,diagnostic,llm_full_calibration_examples,dismissive,True,choice,0,__missing__,0
strengthening_diagnostic_v1,ucc,diagnostic,llm_full_calibration_examples,dismissive,True,choice,1,0,18
strengthening_diagnostic_v1,ucc,diagnostic,llm_full_calibration_examples,dismissive,True,choice,1,1,6
strengthening_diagnostic_v1,ucc,diagnostic,llm_full_calibration_examples,dismissive,True,choice,1,__missing__,0
strengthening_diagnostic_v1,ucc,diagnostic,llm_grounded,healthy,True,choice,0,0,49
strengthening_diagnostic_v1,ucc,diagnostic,llm_grounded,healthy,True,choice,0,1,16
strengthening_diagnostic_v1,ucc,diagnostic,llm_grounded,healthy,True,choice,0,__missing__,0
strengthening_diagnostic_v1,ucc,diagnostic,llm_grounded,healthy,True,choice,1,0,319
strengthening_diagnostic_v1,ucc,diagnostic,llm_grounded,healthy,True,choice,1,1,618
strengthening_diagnostic_v1,ucc,diagnostic,llm_grounded,healthy,True,choice,1,__missing__,0
strengthening_diagnostic_v1,ucc,diagnostic,llm_grounded,sarcastic,True,choice,0,0,756
strengthening_diagnostic_v1,ucc,diagnostic,llm_grounded,sarcastic,True,choice,0,1,198
strengthening_diagnostic_v1,ucc,diagnostic,llm_grounded,sarcastic,True,choice,0,__missing__,0
strengthening_diagnostic_v1,ucc,diagnostic,llm_grounded,sarcastic,True,choice,1,0,14
strengthening_diagnostic_v1,ucc,diagnostic,llm_grounded,sarcastic,True,choice,1,1,34
strengthening_diagnostic_v1,ucc,diagnostic,llm_grounded,sarcastic,True,choice,1,__missing__,0
strengthening_diagnostic_v1,ucc,diagnostic,llm_grounded,generalisation,False,choice,0,0,863
strengthening_diagnostic_v1,ucc,diagnostic,llm_grounded,generalisation,False,choice,0,1,124
strengthening_diagnostic_v1,ucc,diagnostic,llm_grounded,generalisation,False,choice,0,__missing__,0
strengthening_diagnostic_v1,ucc,diagnostic,llm_grounded,generalisation,False,choice,1,0,4
strengthening_diagnostic_v1,ucc,diagnostic,llm_grounded,generalisation,False,choice,1,1,11
strengthening_diagnostic_v1,ucc,diagnostic,llm_grounded,generalisation,False,choice,1,__missing__,0
strengthening_diagnostic_v1,ucc,diagnostic,llm_grounded,generalisation_unfair,True,choice,0,0,875
strengthening_diagnostic_v1,ucc,diagnostic,llm_grounded,generalisation_unfair,True,choice,0,1,113
strengthening_diagnostic_v1,ucc,diagnostic,llm_grounded,generalisation_unfair,True,choice,0,__missing__,0
strengthening_diagnostic_v1,ucc,diagnostic,llm_grounded,generalisation_unfair,True,choice,1,0,6
strengthening_diagnostic_v1,ucc,diagnostic,llm_grounded,generalisation_unfair,True,choice,1,1,8
strengthening_diagnostic_v1,ucc,diagnostic,llm_grounded,generalisation_unfair,True,choice,1,__missing__,0
strengthening_diagnostic_v1,ucc,diagnostic,llm_grounded,hostile,True,choice,0,0,730
strengthening_diagnostic_v1,ucc,diagnostic,llm_grounded,hostile,True,choice,0,1,251
strengthening_diagnostic_v1,ucc,diagnostic,llm_grounded,hostile,True,choice,0,__missing__,0
strengthening_diagnostic_v1,ucc,diagnostic,llm_grounded,hostile,True,choice,1,0,1
strengthening_diagnostic_v1,ucc,diagnostic,llm_grounded,hostile,True,choice,1,1,20
strengthening_diagnostic_v1,ucc,diagnostic,llm_grounded,hostile,True,choice,1,__missing__,0
strengthening_diagnostic_v1,ucc,diagnostic,llm_grounded,antagonize,True,choice,0,0,726
strengthening_diagnostic_v1,ucc,diagnostic,llm_grounded,antagonize,True,choice,0,1,225
strengthening_diagnostic_v1,ucc,diagnostic,llm_grounded,antagonize,True,choice,0,__missing__,0
strengthening_diagnostic_v1,ucc,diagnostic,llm_grounded,antagonize,True,choice,1,0,17
strengthening_diagnostic_v1,ucc,diagnostic,llm_grounded,antagonize,True,choice,1,1,34
strengthening_diagnostic_v1,ucc,diagnostic,llm_grounded,antagonize,True,choice,1,__missing__,0
strengthening_diagnostic_v1,ucc,diagnostic,llm_grounded,condescending,True,choice,0,0,707
strengthening_diagnostic_v1,ucc,diagnostic,llm_grounded,condescending,True,choice,0,1,248
strengthening_diagnostic_v1,ucc,diagnostic,llm_grounded,condescending,True,choice,0,__missing__,0
strengthening_diagnostic_v1,ucc,diagnostic,llm_grounded,condescending,True,choice,1,0,16
strengthening_diagnostic_v1,ucc,diagnostic,llm_grounded,condescending,True,choice,1,1,31
strengthening_diagnostic_v1,ucc,diagnostic,llm_grounded,condescending,True,choice,1,__missing__,0
strengthening_diagnostic_v1,ucc,diagnostic,llm_grounded,dismissive,True,choice,0,0,715
strengthening_diagnostic_v1,ucc,diagnostic,llm_grounded,dismissive,True,choice,0,1,263
strengthening_diagnostic_v1,ucc,diagnostic,llm_grounded,dismissive,True,choice,0,__missing__,0
strengthening_diagnostic_v1,ucc,diagnostic,llm_grounded,dismissive,True,choice,1,0,11
strengthening_diagnostic_v1,ucc,diagnostic,llm_grounded,dismissive,True,choice,1,1,13
strengthening_diagnostic_v1,ucc,diagnostic,llm_grounded,dismissive,True,choice,1,__missing__,0
strengthening_diagnostic_v1,ucc,diagnostic,llm_labeled_examples,healthy,True,choice,0,0,24
strengthening_diagnostic_v1,ucc,diagnostic,llm_labeled_examples,healthy,True,choice,0,1,41
strengthening_diagnostic_v1,ucc,diagnostic,llm_labeled_examples,healthy,True,choice,0,__missing__,0
strengthening_diagnostic_v1,ucc,diagnostic,llm_labeled_examples,healthy,True,choice,1,0,115
strengthening_diagnostic_v1,ucc,diagnostic,llm_labeled_examples,healthy,True,choice,1,1,822
strengthening_diagnostic_v1,ucc,diagnostic,llm_labeled_examples,healthy,True,choice,1,__missing__,0
strengthening_diagnostic_v1,ucc,diagnostic,llm_labeled_examples,sarcastic,True,choice,0,0,815
strengthening_diagnostic_v1,ucc,diagnostic,llm_labeled_examples,sarcastic,True,choice,0,1,139
strengthening_diagnostic_v1,ucc,diagnostic,llm_labeled_examples,sarcastic,True,choice,0,__missing__,0
strengthening_diagnostic_v1,ucc,diagnostic,llm_labeled_examples,sarcastic,True,choice,1,0,20
strengthening_diagnostic_v1,ucc,diagnostic,llm_labeled_examples,sarcastic,True,choice,1,1,28
strengthening_diagnostic_v1,ucc,diagnostic,llm_labeled_examples,sarcastic,True,choice,1,__missing__,0
strengthening_diagnostic_v1,ucc,diagnostic,llm_labeled_examples,generalisation,False,choice,0,0,931
strengthening_diagnostic_v1,ucc,diagnostic,llm_labeled_examples,generalisation,False,choice,0,1,56
strengthening_diagnostic_v1,ucc,diagnostic,llm_labeled_examples,generalisation,False,choice,0,__missing__,0
strengthening_diagnostic_v1,ucc,diagnostic,llm_labeled_examples,generalisation,False,choice,1,0,6
strengthening_diagnostic_v1,ucc,diagnostic,llm_labeled_examples,generalisation,False,choice,1,1,9
strengthening_diagnostic_v1,ucc,diagnostic,llm_labeled_examples,generalisation,False,choice,1,__missing__,0
strengthening_diagnostic_v1,ucc,diagnostic,llm_labeled_examples,generalisation_unfair,True,choice,0,0,934
strengthening_diagnostic_v1,ucc,diagnostic,llm_labeled_examples,generalisation_unfair,True,choice,0,1,54
strengthening_diagnostic_v1,ucc,diagnostic,llm_labeled_examples,generalisation_unfair,True,choice,0,__missing__,0
strengthening_diagnostic_v1,ucc,diagnostic,llm_labeled_examples,generalisation_unfair,True,choice,1,0,6
strengthening_diagnostic_v1,ucc,diagnostic,llm_labeled_examples,generalisation_unfair,True,choice,1,1,8
strengthening_diagnostic_v1,ucc,diagnostic,llm_labeled_examples,generalisation_unfair,True,choice,1,__missing__,0
strengthening_diagnostic_v1,ucc,diagnostic,llm_labeled_examples,hostile,True,choice,0,0,867
strengthening_diagnostic_v1,ucc,diagnostic,llm_labeled_examples,hostile,True,choice,0,1,114
strengthening_diagnostic_v1,ucc,diagnostic,llm_labeled_examples,hostile,True,choice,0,__missing__,0
strengthening_diagnostic_v1,ucc,diagnostic,llm_labeled_examples,hostile,True,choice,1,0,9
strengthening_diagnostic_v1,ucc,diagnostic,llm_labeled_examples,hostile,True,choice,1,1,12
strengthening_diagnostic_v1,ucc,diagnostic,llm_labeled_examples,hostile,True,choice,1,__missing__,0
strengthening_diagnostic_v1,ucc,diagnostic,llm_labeled_examples,antagonize,True,choice,0,0,844
strengthening_diagnostic_v1,ucc,diagnostic,llm_labeled_examples,antagonize,True,choice,0,1,107
strengthening_diagnostic_v1,ucc,diagnostic,llm_labeled_examples,antagonize,True,choice,0,__missing__,0
strengthening_diagnostic_v1,ucc,diagnostic,llm_labeled_examples,antagonize,True,choice,1,0,36
strengthening_diagnostic_v1,ucc,diagnostic,llm_labeled_examples,antagonize,True,choice,1,1,15
strengthening_diagnostic_v1,ucc,diagnostic,llm_labeled_examples,antagonize,True,choice,1,__missing__,0
strengthening_diagnostic_v1,ucc,diagnostic,llm_labeled_examples,condescending,True,choice,0,0,803
strengthening_diagnostic_v1,ucc,diagnostic,llm_labeled_examples,condescending,True,choice,0,1,152
strengthening_diagnostic_v1,ucc,diagnostic,llm_labeled_examples,condescending,True,choice,0,__missing__,0
strengthening_diagnostic_v1,ucc,diagnostic,llm_labeled_examples,condescending,True,choice,1,0,22
strengthening_diagnostic_v1,ucc,diagnostic,llm_labeled_examples,condescending,True,choice,1,1,25
strengthening_diagnostic_v1,ucc,diagnostic,llm_labeled_examples,condescending,True,choice,1,__missing__,0
strengthening_diagnostic_v1,ucc,diagnostic,llm_labeled_examples,dismissive,True,choice,0,0,835
strengthening_diagnostic_v1,ucc,diagnostic,llm_labeled_examples,dismissive,True,choice,0,1,143
strengthening_diagnostic_v1,ucc,diagnostic,llm_labeled_examples,dismissive,True,choice,0,__missing__,0
strengthening_diagnostic_v1,ucc,diagnostic,llm_labeled_examples,dismissive,True,choice,1,0,14
strengthening_diagnostic_v1,ucc,diagnostic,llm_labeled_examples,dismissive,True,choice,1,1,10
strengthening_diagnostic_v1,ucc,diagnostic,llm_labeled_examples,dismissive,True,choice,1,__missing__,0
threshold_redecode_v1,babe,diagnostic,jev_threshold_calibrated,label_bias,True,choice,Non-biased,Non-biased,453
threshold_redecode_v1,babe,diagnostic,jev_threshold_calibrated,label_bias,True,choice,Non-biased,Biased,58
threshold_redecode_v1,babe,diagnostic,jev_threshold_calibrated,label_bias,True,choice,Non-biased,__missing__,0
threshold_redecode_v1,babe,diagnostic,jev_threshold_calibrated,label_bias,True,choice,Biased,Non-biased,161
threshold_redecode_v1,babe,diagnostic,jev_threshold_calibrated,label_bias,True,choice,Biased,Biased,328
threshold_redecode_v1,babe,diagnostic,jev_threshold_calibrated,label_bias,True,choice,Biased,__missing__,0
threshold_redecode_v1,conflict,diagnostic,jev_threshold_calibrated,rating_directness_content,True,choice,Yes - Direct Content,Yes - Direct Content,695
threshold_redecode_v1,conflict,diagnostic,jev_threshold_calibrated,rating_directness_content,True,choice,Yes - Direct Content,Neutral - Content contains no opinion,36
threshold_redecode_v1,conflict,diagnostic,jev_threshold_calibrated,rating_directness_content,True,choice,Yes - Direct Content,No - Indirect Content,60
threshold_redecode_v1,conflict,diagnostic,jev_threshold_calibrated,rating_directness_content,True,choice,Yes - Direct Content,__missing__,0
threshold_redecode_v1,conflict,diagnostic,jev_threshold_calibrated,rating_directness_content,True,choice,Neutral - Content contains no opinion,Yes - Direct Content,2
threshold_redecode_v1,conflict,diagnostic,jev_threshold_calibrated,rating_directness_content,True,choice,Neutral - Content contains no opinion,Neutral - Content contains no opinion,3
threshold_redecode_v1,conflict,diagnostic,jev_threshold_calibrated,rating_directness_content,True,choice,Neutral - Content contains no opinion,No - Indirect Content,1
threshold_redecode_v1,conflict,diagnostic,jev_threshold_calibrated,rating_directness_content,True,choice,Neutral - Content contains no opinion,__missing__,0
threshold_redecode_v1,conflict,diagnostic,jev_threshold_calibrated,rating_directness_content,True,choice,No - Indirect Content,Yes - Direct Content,0
threshold_redecode_v1,conflict,diagnostic,jev_threshold_calibrated,rating_directness_content,True,choice,No - Indirect Content,Neutral - Content contains no opinion,0
threshold_redecode_v1,conflict,diagnostic,jev_threshold_calibrated,rating_directness_content,True,choice,No - Indirect Content,No - Indirect Content,0
threshold_redecode_v1,conflict,diagnostic,jev_threshold_calibrated,rating_directness_content,True,choice,No - Indirect Content,__missing__,0
threshold_redecode_v1,conflict,diagnostic,jev_threshold_calibrated,rating_directness_expression,True,choice,Yes - Direct Expression,Yes - Direct Expression,659
threshold_redecode_v1,conflict,diagnostic,jev_threshold_calibrated,rating_directness_expression,True,choice,Yes - Direct Expression,No - Indirect Expression,89
threshold_redecode_v1,conflict,diagnostic,jev_threshold_calibrated,rating_directness_expression,True,choice,Yes - Direct Expression,__missing__,0
threshold_redecode_v1,conflict,diagnostic,jev_threshold_calibrated,rating_directness_expression,True,choice,No - Indirect Expression,Yes - Direct Expression,37
threshold_redecode_v1,conflict,diagnostic,jev_threshold_calibrated,rating_directness_expression,True,choice,No - Indirect Expression,No - Indirect Expression,17
threshold_redecode_v1,conflict,diagnostic,jev_threshold_calibrated,rating_directness_expression,True,choice,No - Indirect Expression,__missing__,0
threshold_redecode_v1,conflict,diagnostic,jev_threshold_calibrated,rating_OI_content,True,choice,Yes - Content opposes someone else,Yes - Content opposes someone else,648
threshold_redecode_v1,conflict,diagnostic,jev_threshold_calibrated,rating_OI_content,True,choice,Yes - Content opposes someone else,No - Content does not oppose anyone,92
threshold_redecode_v1,conflict,diagnostic,jev_threshold_calibrated,rating_OI_content,True,choice,Yes - Content opposes someone else,__missing__,0
threshold_redecode_v1,conflict,diagnostic,jev_threshold_calibrated,rating_OI_content,True,choice,No - Content does not oppose anyone,Yes - Content opposes someone else,25
threshold_redecode_v1,conflict,diagnostic,jev_threshold_calibrated,rating_OI_content,True,choice,No - Content does not oppose anyone,No - Content does not oppose anyone,37
threshold_redecode_v1,conflict,diagnostic,jev_threshold_calibrated,rating_OI_content,True,choice,No - Content does not oppose anyone,__missing__,0
threshold_redecode_v1,conflict,diagnostic,jev_threshold_calibrated,rating_OI_expression,True,choice,Yes - Expression is emotional/forceful,Yes - Expression is emotional/forceful,11
threshold_redecode_v1,conflict,diagnostic,jev_threshold_calibrated,rating_OI_expression,True,choice,Yes - Expression is emotional/forceful,No - Expression is not emotional/forceful,62
threshold_redecode_v1,conflict,diagnostic,jev_threshold_calibrated,rating_OI_expression,True,choice,Yes - Expression is emotional/forceful,__missing__,0
threshold_redecode_v1,conflict,diagnostic,jev_threshold_calibrated,rating_OI_expression,True,choice,No - Expression is not emotional/forceful,Yes - Expression is emotional/forceful,4
threshold_redecode_v1,conflict,diagnostic,jev_threshold_calibrated,rating_OI_expression,True,choice,No - Expression is not emotional/forceful,No - Expression is not emotional/forceful,725
threshold_redecode_v1,conflict,diagnostic,jev_threshold_calibrated,rating_OI_expression,True,choice,No - Expression is not emotional/forceful,__missing__,0
threshold_redecode_v1,mbd,diagnostic,jev_threshold_calibrated,tone,True,choice,positive,positive,23
threshold_redecode_v1,mbd,diagnostic,jev_threshold_calibrated,tone,True,choice,positive,negative,0
threshold_redecode_v1,mbd,diagnostic,jev_threshold_calibrated,tone,True,choice,positive,neutral,28
threshold_redecode_v1,mbd,diagnostic,jev_threshold_calibrated,tone,True,choice,positive,__missing__,0
threshold_redecode_v1,mbd,diagnostic,jev_threshold_calibrated,tone,True,choice,negative,positive,0
threshold_redecode_v1,mbd,diagnostic,jev_threshold_calibrated,tone,True,choice,negative,negative,58
threshold_redecode_v1,mbd,diagnostic,jev_threshold_calibrated,tone,True,choice,negative,neutral,56
threshold_redecode_v1,mbd,diagnostic,jev_threshold_calibrated,tone,True,choice,negative,__missing__,0
threshold_redecode_v1,mbd,diagnostic,jev_threshold_calibrated,tone,True,choice,neutral,positive,7
threshold_redecode_v1,mbd,diagnostic,jev_threshold_calibrated,tone,True,choice,neutral,negative,14
threshold_redecode_v1,mbd,diagnostic,jev_threshold_calibrated,tone,True,choice,neutral,neutral,358
threshold_redecode_v1,mbd,diagnostic,jev_threshold_calibrated,tone,True,choice,neutral,__missing__,0
threshold_redecode_v1,mbd,diagnostic,jev_threshold_calibrated,focus,True,choice,democrat,democrat,75
threshold_redecode_v1,mbd,diagnostic,jev_threshold_calibrated,focus,True,choice,democrat,republican,0
threshold_redecode_v1,mbd,diagnostic,jev_threshold_calibrated,focus,True,choice,democrat,both,3
threshold_redecode_v1,mbd,diagnostic,jev_threshold_calibrated,focus,True,choice,democrat,neither,11
threshold_redecode_v1,mbd,diagnostic,jev_threshold_calibrated,focus,True,choice,democrat,__missing__,0
threshold_redecode_v1,mbd,diagnostic,jev_threshold_calibrated,focus,True,choice,republican,democrat,0
threshold_redecode_v1,mbd,diagnostic,jev_threshold_calibrated,focus,True,choice,republican,republican,87
threshold_redecode_v1,mbd,diagnostic,jev_threshold_calibrated,focus,True,choice,republican,both,1
threshold_redecode_v1,mbd,diagnostic,jev_threshold_calibrated,focus,True,choice,republican,neither,50
threshold_redecode_v1,mbd,diagnostic,jev_threshold_calibrated,focus,True,choice,republican,__missing__,0
threshold_redecode_v1,mbd,diagnostic,jev_threshold_calibrated,focus,True,choice,both,democrat,4
threshold_redecode_v1,mbd,diagnostic,jev_threshold_calibrated,focus,True,choice,both,republican,0
threshold_redecode_v1,mbd,diagnostic,jev_threshold_calibrated,focus,True,choice,both,both,21
threshold_redecode_v1,mbd,diagnostic,jev_threshold_calibrated,focus,True,choice,both,neither,2
threshold_redecode_v1,mbd,diagnostic,jev_threshold_calibrated,focus,True,choice,both,__missing__,0
threshold_redecode_v1,mbd,diagnostic,jev_threshold_calibrated,focus,True,choice,neither,democrat,4
threshold_redecode_v1,mbd,diagnostic,jev_threshold_calibrated,focus,True,choice,neither,republican,0
threshold_redecode_v1,mbd,diagnostic,jev_threshold_calibrated,focus,True,choice,neither,both,0
threshold_redecode_v1,mbd,diagnostic,jev_threshold_calibrated,focus,True,choice,neither,neither,288
threshold_redecode_v1,mbd,diagnostic,jev_threshold_calibrated,focus,True,choice,neither,__missing__,0
threshold_redecode_v1,mbd,diagnostic,jev_threshold_calibrated,type,True,choice,fact,fact,186
threshold_redecode_v1,mbd,diagnostic,jev_threshold_calibrated,type,True,choice,fact,opinion,13
threshold_redecode_v1,mbd,diagnostic,jev_threshold_calibrated,type,True,choice,fact,borderline,32
threshold_redecode_v1,mbd,diagnostic,jev_threshold_calibrated,type,True,choice,fact,quote,7
threshold_redecode_v1,mbd,diagnostic,jev_threshold_calibrated,type,True,choice,fact,other,1
threshold_redecode_v1,mbd,diagnostic,jev_threshold_calibrated,type,True,choice,fact,__missing__,0
threshold_redecode_v1,mbd,diagnostic,jev_threshold_calibrated,type,True,choice,opinion,fact,2
threshold_redecode_v1,mbd,diagnostic,jev_threshold_calibrated,type,True,choice,opinion,opinion,62
threshold_redecode_v1,mbd,diagnostic,jev_threshold_calibrated,type,True,choice,opinion,borderline,6
threshold_redecode_v1,mbd,diagnostic,jev_threshold_calibrated,type,True,choice,opinion,quote,3
threshold_redecode_v1,mbd,diagnostic,jev_threshold_calibrated,type,True,choice,opinion,other,0
threshold_redecode_v1,mbd,diagnostic,jev_threshold_calibrated,type,True,choice,opinion,__missing__,0
threshold_redecode_v1,mbd,diagnostic,jev_threshold_calibrated,type,True,choice,borderline,fact,9
threshold_redecode_v1,mbd,diagnostic,jev_threshold_calibrated,type,True,choice,borderline,opinion,7
threshold_redecode_v1,mbd,diagnostic,jev_threshold_calibrated,type,True,choice,borderline,borderline,8
threshold_redecode_v1,mbd,diagnostic,jev_threshold_calibrated,type,True,choice,borderline,quote,0
threshold_redecode_v1,mbd,diagnostic,jev_threshold_calibrated,type,True,choice,borderline,other,0
threshold_redecode_v1,mbd,diagnostic,jev_threshold_calibrated,type,True,choice,borderline,__missing__,0
threshold_redecode_v1,mbd,diagnostic,jev_threshold_calibrated,type,True,choice,quote,fact,4
threshold_redecode_v1,mbd,diagnostic,jev_threshold_calibrated,type,True,choice,quote,opinion,2
threshold_redecode_v1,mbd,diagnostic,jev_threshold_calibrated,type,True,choice,quote,borderline,0
threshold_redecode_v1,mbd,diagnostic,jev_threshold_calibrated,type,True,choice,quote,quote,115
threshold_redecode_v1,mbd,diagnostic,jev_threshold_calibrated,type,True,choice,quote,other,0
threshold_redecode_v1,mbd,diagnostic,jev_threshold_calibrated,type,True,choice,quote,__missing__,0
threshold_redecode_v1,mbd,diagnostic,jev_threshold_calibrated,type,True,choice,other,fact,11
threshold_redecode_v1,mbd,diagnostic,jev_threshold_calibrated,type,True,choice,other,opinion,11
threshold_redecode_v1,mbd,diagnostic,jev_threshold_calibrated,type,True,choice,other,borderline,1
threshold_redecode_v1,mbd,diagnostic,jev_threshold_calibrated,type,True,choice,other,quote,2
threshold_redecode_v1,mbd,diagnostic,jev_threshold_calibrated,type,True,choice,other,other,26
threshold_redecode_v1,mbd,diagnostic,jev_threshold_calibrated,type,True,choice,other,__missing__,0
threshold_redecode_v1,ucc,diagnostic,jev_threshold_calibrated,healthy,True,choice,0,0,2
threshold_redecode_v1,ucc,diagnostic,jev_threshold_calibrated,healthy,True,choice,0,1,63
threshold_redecode_v1,ucc,diagnostic,jev_threshold_calibrated,healthy,True,choice,0,__missing__,0
threshold_redecode_v1,ucc,diagnostic,jev_threshold_calibrated,healthy,True,choice,1,0,10
threshold_redecode_v1,ucc,diagnostic,jev_threshold_calibrated,healthy,True,choice,1,1,927
threshold_redecode_v1,ucc,diagnostic,jev_threshold_calibrated,healthy,True,choice,1,__missing__,0
threshold_redecode_v1,ucc,diagnostic,jev_threshold_calibrated,sarcastic,True,choice,0,0,929
threshold_redecode_v1,ucc,diagnostic,jev_threshold_calibrated,sarcastic,True,choice,0,1,25
threshold_redecode_v1,ucc,diagnostic,jev_threshold_calibrated,sarcastic,True,choice,0,__missing__,0
threshold_redecode_v1,ucc,diagnostic,jev_threshold_calibrated,sarcastic,True,choice,1,0,44
threshold_redecode_v1,ucc,diagnostic,jev_threshold_calibrated,sarcastic,True,choice,1,1,4
threshold_redecode_v1,ucc,diagnostic,jev_threshold_calibrated,sarcastic,True,choice,1,__missing__,0
threshold_redecode_v1,ucc,diagnostic,jev_threshold_calibrated,generalisation,False,choice,0,0,969
threshold_redecode_v1,ucc,diagnostic,jev_threshold_calibrated,generalisation,False,choice,0,1,18
threshold_redecode_v1,ucc,diagnostic,jev_threshold_calibrated,generalisation,False,choice,0,__missing__,0
threshold_redecode_v1,ucc,diagnostic,jev_threshold_calibrated,generalisation,False,choice,1,0,9
threshold_redecode_v1,ucc,diagnostic,jev_threshold_calibrated,generalisation,False,choice,1,1,6
threshold_redecode_v1,ucc,diagnostic,jev_threshold_calibrated,generalisation,False,choice,1,__missing__,0
threshold_redecode_v1,ucc,diagnostic,jev_threshold_calibrated,generalisation_unfair,True,choice,0,0,982
threshold_redecode_v1,ucc,diagnostic,jev_threshold_calibrated,generalisation_unfair,True,choice,0,1,6
threshold_redecode_v1,ucc,diagnostic,jev_threshold_calibrated,generalisation_unfair,True,choice,0,__missing__,0
threshold_redecode_v1,ucc,diagnostic,jev_threshold_calibrated,generalisation_unfair,True,choice,1,0,12
threshold_redecode_v1,ucc,diagnostic,jev_threshold_calibrated,generalisation_unfair,True,choice,1,1,2
threshold_redecode_v1,ucc,diagnostic,jev_threshold_calibrated,generalisation_unfair,True,choice,1,__missing__,0
threshold_redecode_v1,ucc,diagnostic,jev_threshold_calibrated,hostile,True,choice,0,0,981
threshold_redecode_v1,ucc,diagnostic,jev_threshold_calibrated,hostile,True,choice,0,1,0
threshold_redecode_v1,ucc,diagnostic,jev_threshold_calibrated,hostile,True,choice,0,__missing__,0
threshold_redecode_v1,ucc,diagnostic,jev_threshold_calibrated,hostile,True,choice,1,0,21
threshold_redecode_v1,ucc,diagnostic,jev_threshold_calibrated,hostile,True,choice,1,1,0
threshold_redecode_v1,ucc,diagnostic,jev_threshold_calibrated,hostile,True,choice,1,__missing__,0
threshold_redecode_v1,ucc,diagnostic,jev_threshold_calibrated,antagonize,True,choice,0,0,950
threshold_redecode_v1,ucc,diagnostic,jev_threshold_calibrated,antagonize,True,choice,0,1,1
threshold_redecode_v1,ucc,diagnostic,jev_threshold_calibrated,antagonize,True,choice,0,__missing__,0
threshold_redecode_v1,ucc,diagnostic,jev_threshold_calibrated,antagonize,True,choice,1,0,51
threshold_redecode_v1,ucc,diagnostic,jev_threshold_calibrated,antagonize,True,choice,1,1,0
threshold_redecode_v1,ucc,diagnostic,jev_threshold_calibrated,antagonize,True,choice,1,__missing__,0
threshold_redecode_v1,ucc,diagnostic,jev_threshold_calibrated,condescending,True,choice,0,0,955
threshold_redecode_v1,ucc,diagnostic,jev_threshold_calibrated,condescending,True,choice,0,1,0
threshold_redecode_v1,ucc,diagnostic,jev_threshold_calibrated,condescending,True,choice,0,__missing__,0
threshold_redecode_v1,ucc,diagnostic,jev_threshold_calibrated,condescending,True,choice,1,0,47
threshold_redecode_v1,ucc,diagnostic,jev_threshold_calibrated,condescending,True,choice,1,1,0
threshold_redecode_v1,ucc,diagnostic,jev_threshold_calibrated,condescending,True,choice,1,__missing__,0
threshold_redecode_v1,ucc,diagnostic,jev_threshold_calibrated,dismissive,True,choice,0,0,966
threshold_redecode_v1,ucc,diagnostic,jev_threshold_calibrated,dismissive,True,choice,0,1,12
threshold_redecode_v1,ucc,diagnostic,jev_threshold_calibrated,dismissive,True,choice,0,__missing__,0
threshold_redecode_v1,ucc,diagnostic,jev_threshold_calibrated,dismissive,True,choice,1,0,22
threshold_redecode_v1,ucc,diagnostic,jev_threshold_calibrated,dismissive,True,choice,1,1,2
threshold_redecode_v1,ucc,diagnostic,jev_threshold_calibrated,dismissive,True,choice,1,__missing__,0
verbose_routing_diagnostic_v1_b01,babe,diagnostic,jev_targeted_llm,label_bias,True,choice,Non-biased,Non-biased,447
verbose_routing_diagnostic_v1_b01,babe,diagnostic,jev_targeted_llm,label_bias,True,choice,Non-biased,Biased,64
verbose_routing_diagnostic_v1_b01,babe,diagnostic,jev_targeted_llm,label_bias,True,choice,Non-biased,__missing__,0
verbose_routing_diagnostic_v1_b01,babe,diagnostic,jev_targeted_llm,label_bias,True,choice,Biased,Non-biased,154
verbose_routing_diagnostic_v1_b01,babe,diagnostic,jev_targeted_llm,label_bias,True,choice,Biased,Biased,335
verbose_routing_diagnostic_v1_b01,babe,diagnostic,jev_targeted_llm,label_bias,True,choice,Biased,__missing__,0
verbose_routing_diagnostic_v1_b01,babe,diagnostic,jev_verbose,label_bias,True,choice,Non-biased,Non-biased,387
verbose_routing_diagnostic_v1_b01,babe,diagnostic,jev_verbose,label_bias,True,choice,Non-biased,Biased,124
verbose_routing_diagnostic_v1_b01,babe,diagnostic,jev_verbose,label_bias,True,choice,Non-biased,__missing__,0
verbose_routing_diagnostic_v1_b01,babe,diagnostic,jev_verbose,label_bias,True,choice,Biased,Non-biased,70
verbose_routing_diagnostic_v1_b01,babe,diagnostic,jev_verbose,label_bias,True,choice,Biased,Biased,419
verbose_routing_diagnostic_v1_b01,babe,diagnostic,jev_verbose,label_bias,True,choice,Biased,__missing__,0
verbose_routing_diagnostic_v1_b01,conflict,diagnostic,jev_targeted_llm,rating_directness_content,True,choice,Yes - Direct Content,Yes - Direct Content,705
verbose_routing_diagnostic_v1_b01,conflict,diagnostic,jev_targeted_llm,rating_directness_content,True,choice,Yes - Direct Content,Neutral - Content contains no opinion,33
verbose_routing_diagnostic_v1_b01,conflict,diagnostic,jev_targeted_llm,rating_directness_content,True,choice,Yes - Direct Content,No - Indirect Content,53
verbose_routing_diagnostic_v1_b01,conflict,diagnostic,jev_targeted_llm,rating_directness_content,True,choice,Yes - Direct Content,__missing__,0
verbose_routing_diagnostic_v1_b01,conflict,diagnostic,jev_targeted_llm,rating_directness_content,True,choice,Neutral - Content contains no opinion,Yes - Direct Content,2
verbose_routing_diagnostic_v1_b01,conflict,diagnostic,jev_targeted_llm,rating_directness_content,True,choice,Neutral - Content contains no opinion,Neutral - Content contains no opinion,3
verbose_routing_diagnostic_v1_b01,conflict,diagnostic,jev_targeted_llm,rating_directness_content,True,choice,Neutral - Content contains no opinion,No - Indirect Content,1
verbose_routing_diagnostic_v1_b01,conflict,diagnostic,jev_targeted_llm,rating_directness_content,True,choice,Neutral - Content contains no opinion,__missing__,0
verbose_routing_diagnostic_v1_b01,conflict,diagnostic,jev_targeted_llm,rating_directness_content,True,choice,No - Indirect Content,Yes - Direct Content,0
verbose_routing_diagnostic_v1_b01,conflict,diagnostic,jev_targeted_llm,rating_directness_content,True,choice,No - Indirect Content,Neutral - Content contains no opinion,0
verbose_routing_diagnostic_v1_b01,conflict,diagnostic,jev_targeted_llm,rating_directness_content,True,choice,No - Indirect Content,No - Indirect Content,0
verbose_routing_diagnostic_v1_b01,conflict,diagnostic,jev_targeted_llm,rating_directness_content,True,choice,No - Indirect Content,__missing__,0
verbose_routing_diagnostic_v1_b01,conflict,diagnostic,jev_targeted_llm,rating_directness_expression,True,choice,Yes - Direct Expression,Yes - Direct Expression,666
verbose_routing_diagnostic_v1_b01,conflict,diagnostic,jev_targeted_llm,rating_directness_expression,True,choice,Yes - Direct Expression,No - Indirect Expression,82
verbose_routing_diagnostic_v1_b01,conflict,diagnostic,jev_targeted_llm,rating_directness_expression,True,choice,Yes - Direct Expression,__missing__,0
verbose_routing_diagnostic_v1_b01,conflict,diagnostic,jev_targeted_llm,rating_directness_expression,True,choice,No - Indirect Expression,Yes - Direct Expression,37
verbose_routing_diagnostic_v1_b01,conflict,diagnostic,jev_targeted_llm,rating_directness_expression,True,choice,No - Indirect Expression,No - Indirect Expression,17
verbose_routing_diagnostic_v1_b01,conflict,diagnostic,jev_targeted_llm,rating_directness_expression,True,choice,No - Indirect Expression,__missing__,0
verbose_routing_diagnostic_v1_b01,conflict,diagnostic,jev_targeted_llm,rating_OI_content,True,choice,Yes - Content opposes someone else,Yes - Content opposes someone else,630
verbose_routing_diagnostic_v1_b01,conflict,diagnostic,jev_targeted_llm,rating_OI_content,True,choice,Yes - Content opposes someone else,No - Content does not oppose anyone,110
verbose_routing_diagnostic_v1_b01,conflict,diagnostic,jev_targeted_llm,rating_OI_content,True,choice,Yes - Content opposes someone else,__missing__,0
verbose_routing_diagnostic_v1_b01,conflict,diagnostic,jev_targeted_llm,rating_OI_content,True,choice,No - Content does not oppose anyone,Yes - Content opposes someone else,21
verbose_routing_diagnostic_v1_b01,conflict,diagnostic,jev_targeted_llm,rating_OI_content,True,choice,No - Content does not oppose anyone,No - Content does not oppose anyone,41
verbose_routing_diagnostic_v1_b01,conflict,diagnostic,jev_targeted_llm,rating_OI_content,True,choice,No - Content does not oppose anyone,__missing__,0
verbose_routing_diagnostic_v1_b01,conflict,diagnostic,jev_targeted_llm,rating_OI_expression,True,choice,Yes - Expression is emotional/forceful,Yes - Expression is emotional/forceful,14
verbose_routing_diagnostic_v1_b01,conflict,diagnostic,jev_targeted_llm,rating_OI_expression,True,choice,Yes - Expression is emotional/forceful,No - Expression is not emotional/forceful,59
verbose_routing_diagnostic_v1_b01,conflict,diagnostic,jev_targeted_llm,rating_OI_expression,True,choice,Yes - Expression is emotional/forceful,__missing__,0
verbose_routing_diagnostic_v1_b01,conflict,diagnostic,jev_targeted_llm,rating_OI_expression,True,choice,No - Expression is not emotional/forceful,Yes - Expression is emotional/forceful,13
verbose_routing_diagnostic_v1_b01,conflict,diagnostic,jev_targeted_llm,rating_OI_expression,True,choice,No - Expression is not emotional/forceful,No - Expression is not emotional/forceful,716
verbose_routing_diagnostic_v1_b01,conflict,diagnostic,jev_targeted_llm,rating_OI_expression,True,choice,No - Expression is not emotional/forceful,__missing__,0
verbose_routing_diagnostic_v1_b01,conflict,diagnostic,jev_verbose,rating_directness_content,True,choice,Yes - Direct Content,Yes - Direct Content,695
verbose_routing_diagnostic_v1_b01,conflict,diagnostic,jev_verbose,rating_directness_content,True,choice,Yes - Direct Content,Neutral - Content contains no opinion,36
verbose_routing_diagnostic_v1_b01,conflict,diagnostic,jev_verbose,rating_directness_content,True,choice,Yes - Direct Content,No - Indirect Content,60
verbose_routing_diagnostic_v1_b01,conflict,diagnostic,jev_verbose,rating_directness_content,True,choice,Yes - Direct Content,__missing__,0
verbose_routing_diagnostic_v1_b01,conflict,diagnostic,jev_verbose,rating_directness_content,True,choice,Neutral - Content contains no opinion,Yes - Direct Content,2
verbose_routing_diagnostic_v1_b01,conflict,diagnostic,jev_verbose,rating_directness_content,True,choice,Neutral - Content contains no opinion,Neutral - Content contains no opinion,3
verbose_routing_diagnostic_v1_b01,conflict,diagnostic,jev_verbose,rating_directness_content,True,choice,Neutral - Content contains no opinion,No - Indirect Content,1
verbose_routing_diagnostic_v1_b01,conflict,diagnostic,jev_verbose,rating_directness_content,True,choice,Neutral - Content contains no opinion,__missing__,0
verbose_routing_diagnostic_v1_b01,conflict,diagnostic,jev_verbose,rating_directness_content,True,choice,No - Indirect Content,Yes - Direct Content,0
verbose_routing_diagnostic_v1_b01,conflict,diagnostic,jev_verbose,rating_directness_content,True,choice,No - Indirect Content,Neutral - Content contains no opinion,0
verbose_routing_diagnostic_v1_b01,conflict,diagnostic,jev_verbose,rating_directness_content,True,choice,No - Indirect Content,No - Indirect Content,0
verbose_routing_diagnostic_v1_b01,conflict,diagnostic,jev_verbose,rating_directness_content,True,choice,No - Indirect Content,__missing__,0
verbose_routing_diagnostic_v1_b01,conflict,diagnostic,jev_verbose,rating_directness_expression,True,choice,Yes - Direct Expression,Yes - Direct Expression,611
verbose_routing_diagnostic_v1_b01,conflict,diagnostic,jev_verbose,rating_directness_expression,True,choice,Yes - Direct Expression,No - Indirect Expression,137
verbose_routing_diagnostic_v1_b01,conflict,diagnostic,jev_verbose,rating_directness_expression,True,choice,Yes - Direct Expression,__missing__,0
verbose_routing_diagnostic_v1_b01,conflict,diagnostic,jev_verbose,rating_directness_expression,True,choice,No - Indirect Expression,Yes - Direct Expression,21
verbose_routing_diagnostic_v1_b01,conflict,diagnostic,jev_verbose,rating_directness_expression,True,choice,No - Indirect Expression,No - Indirect Expression,33
verbose_routing_diagnostic_v1_b01,conflict,diagnostic,jev_verbose,rating_directness_expression,True,choice,No - Indirect Expression,__missing__,0
verbose_routing_diagnostic_v1_b01,conflict,diagnostic,jev_verbose,rating_OI_content,True,choice,Yes - Content opposes someone else,Yes - Content opposes someone else,480
verbose_routing_diagnostic_v1_b01,conflict,diagnostic,jev_verbose,rating_OI_content,True,choice,Yes - Content opposes someone else,No - Content does not oppose anyone,260
verbose_routing_diagnostic_v1_b01,conflict,diagnostic,jev_verbose,rating_OI_content,True,choice,Yes - Content opposes someone else,__missing__,0
verbose_routing_diagnostic_v1_b01,conflict,diagnostic,jev_verbose,rating_OI_content,True,choice,No - Content does not oppose anyone,Yes - Content opposes someone else,10
verbose_routing_diagnostic_v1_b01,conflict,diagnostic,jev_verbose,rating_OI_content,True,choice,No - Content does not oppose anyone,No - Content does not oppose anyone,52
verbose_routing_diagnostic_v1_b01,conflict,diagnostic,jev_verbose,rating_OI_content,True,choice,No - Content does not oppose anyone,__missing__,0
verbose_routing_diagnostic_v1_b01,conflict,diagnostic,jev_verbose,rating_OI_expression,True,choice,Yes - Expression is emotional/forceful,Yes - Expression is emotional/forceful,51
verbose_routing_diagnostic_v1_b01,conflict,diagnostic,jev_verbose,rating_OI_expression,True,choice,Yes - Expression is emotional/forceful,No - Expression is not emotional/forceful,22
verbose_routing_diagnostic_v1_b01,conflict,diagnostic,jev_verbose,rating_OI_expression,True,choice,Yes - Expression is emotional/forceful,__missing__,0
verbose_routing_diagnostic_v1_b01,conflict,diagnostic,jev_verbose,rating_OI_expression,True,choice,No - Expression is not emotional/forceful,Yes - Expression is emotional/forceful,126
verbose_routing_diagnostic_v1_b01,conflict,diagnostic,jev_verbose,rating_OI_expression,True,choice,No - Expression is not emotional/forceful,No - Expression is not emotional/forceful,603
verbose_routing_diagnostic_v1_b01,conflict,diagnostic,jev_verbose,rating_OI_expression,True,choice,No - Expression is not emotional/forceful,__missing__,0
verbose_routing_diagnostic_v1_b01,mbd,diagnostic,jev_targeted_llm,tone,True,choice,positive,positive,26
verbose_routing_diagnostic_v1_b01,mbd,diagnostic,jev_targeted_llm,tone,True,choice,positive,negative,0
verbose_routing_diagnostic_v1_b01,mbd,diagnostic,jev_targeted_llm,tone,True,choice,positive,neutral,25
verbose_routing_diagnostic_v1_b01,mbd,diagnostic,jev_targeted_llm,tone,True,choice,positive,__missing__,0
verbose_routing_diagnostic_v1_b01,mbd,diagnostic,jev_targeted_llm,tone,True,choice,negative,positive,0
verbose_routing_diagnostic_v1_b01,mbd,diagnostic,jev_targeted_llm,tone,True,choice,negative,negative,60
verbose_routing_diagnostic_v1_b01,mbd,diagnostic,jev_targeted_llm,tone,True,choice,negative,neutral,54
verbose_routing_diagnostic_v1_b01,mbd,diagnostic,jev_targeted_llm,tone,True,choice,negative,__missing__,0
verbose_routing_diagnostic_v1_b01,mbd,diagnostic,jev_targeted_llm,tone,True,choice,neutral,positive,7
verbose_routing_diagnostic_v1_b01,mbd,diagnostic,jev_targeted_llm,tone,True,choice,neutral,negative,23
verbose_routing_diagnostic_v1_b01,mbd,diagnostic,jev_targeted_llm,tone,True,choice,neutral,neutral,349
verbose_routing_diagnostic_v1_b01,mbd,diagnostic,jev_targeted_llm,tone,True,choice,neutral,__missing__,0
verbose_routing_diagnostic_v1_b01,mbd,diagnostic,jev_targeted_llm,focus,True,choice,democrat,democrat,74
verbose_routing_diagnostic_v1_b01,mbd,diagnostic,jev_targeted_llm,focus,True,choice,democrat,republican,0
verbose_routing_diagnostic_v1_b01,mbd,diagnostic,jev_targeted_llm,focus,True,choice,democrat,both,3
verbose_routing_diagnostic_v1_b01,mbd,diagnostic,jev_targeted_llm,focus,True,choice,democrat,neither,12
verbose_routing_diagnostic_v1_b01,mbd,diagnostic,jev_targeted_llm,focus,True,choice,democrat,__missing__,0
verbose_routing_diagnostic_v1_b01,mbd,diagnostic,jev_targeted_llm,focus,True,choice,republican,democrat,0
verbose_routing_diagnostic_v1_b01,mbd,diagnostic,jev_targeted_llm,focus,True,choice,republican,republican,86
verbose_routing_diagnostic_v1_b01,mbd,diagnostic,jev_targeted_llm,focus,True,choice,republican,both,1
verbose_routing_diagnostic_v1_b01,mbd,diagnostic,jev_targeted_llm,focus,True,choice,republican,neither,51
verbose_routing_diagnostic_v1_b01,mbd,diagnostic,jev_targeted_llm,focus,True,choice,republican,__missing__,0
verbose_routing_diagnostic_v1_b01,mbd,diagnostic,jev_targeted_llm,focus,True,choice,both,democrat,2
verbose_routing_diagnostic_v1_b01,mbd,diagnostic,jev_targeted_llm,focus,True,choice,both,republican,0
verbose_routing_diagnostic_v1_b01,mbd,diagnostic,jev_targeted_llm,focus,True,choice,both,both,22
verbose_routing_diagnostic_v1_b01,mbd,diagnostic,jev_targeted_llm,focus,True,choice,both,neither,3
verbose_routing_diagnostic_v1_b01,mbd,diagnostic,jev_targeted_llm,focus,True,choice,both,__missing__,0
verbose_routing_diagnostic_v1_b01,mbd,diagnostic,jev_targeted_llm,focus,True,choice,neither,democrat,3
verbose_routing_diagnostic_v1_b01,mbd,diagnostic,jev_targeted_llm,focus,True,choice,neither,republican,0
verbose_routing_diagnostic_v1_b01,mbd,diagnostic,jev_targeted_llm,focus,True,choice,neither,both,0
verbose_routing_diagnostic_v1_b01,mbd,diagnostic,jev_targeted_llm,focus,True,choice,neither,neither,289
verbose_routing_diagnostic_v1_b01,mbd,diagnostic,jev_targeted_llm,focus,True,choice,neither,__missing__,0
verbose_routing_diagnostic_v1_b01,mbd,diagnostic,jev_targeted_llm,type,True,choice,fact,fact,183
verbose_routing_diagnostic_v1_b01,mbd,diagnostic,jev_targeted_llm,type,True,choice,fact,opinion,16
verbose_routing_diagnostic_v1_b01,mbd,diagnostic,jev_targeted_llm,type,True,choice,fact,borderline,32
verbose_routing_diagnostic_v1_b01,mbd,diagnostic,jev_targeted_llm,type,True,choice,fact,quote,7
verbose_routing_diagnostic_v1_b01,mbd,diagnostic,jev_targeted_llm,type,True,choice,fact,other,1
verbose_routing_diagnostic_v1_b01,mbd,diagnostic,jev_targeted_llm,type,True,choice,fact,__missing__,0
verbose_routing_diagnostic_v1_b01,mbd,diagnostic,jev_targeted_llm,type,True,choice,opinion,fact,2
verbose_routing_diagnostic_v1_b01,mbd,diagnostic,jev_targeted_llm,type,True,choice,opinion,opinion,63
verbose_routing_diagnostic_v1_b01,mbd,diagnostic,jev_targeted_llm,type,True,choice,opinion,borderline,6
verbose_routing_diagnostic_v1_b01,mbd,diagnostic,jev_targeted_llm,type,True,choice,opinion,quote,2
verbose_routing_diagnostic_v1_b01,mbd,diagnostic,jev_targeted_llm,type,True,choice,opinion,other,0
verbose_routing_diagnostic_v1_b01,mbd,diagnostic,jev_targeted_llm,type,True,choice,opinion,__missing__,0
verbose_routing_diagnostic_v1_b01,mbd,diagnostic,jev_targeted_llm,type,True,choice,borderline,fact,9
verbose_routing_diagnostic_v1_b01,mbd,diagnostic,jev_targeted_llm,type,True,choice,borderline,opinion,7
verbose_routing_diagnostic_v1_b01,mbd,diagnostic,jev_targeted_llm,type,True,choice,borderline,borderline,8
verbose_routing_diagnostic_v1_b01,mbd,diagnostic,jev_targeted_llm,type,True,choice,borderline,quote,0
verbose_routing_diagnostic_v1_b01,mbd,diagnostic,jev_targeted_llm,type,True,choice,borderline,other,0
verbose_routing_diagnostic_v1_b01,mbd,diagnostic,jev_targeted_llm,type,True,choice,borderline,__missing__,0
verbose_routing_diagnostic_v1_b01,mbd,diagnostic,jev_targeted_llm,type,True,choice,quote,fact,5
verbose_routing_diagnostic_v1_b01,mbd,diagnostic,jev_targeted_llm,type,True,choice,quote,opinion,2
verbose_routing_diagnostic_v1_b01,mbd,diagnostic,jev_targeted_llm,type,True,choice,quote,borderline,0
verbose_routing_diagnostic_v1_b01,mbd,diagnostic,jev_targeted_llm,type,True,choice,quote,quote,114
verbose_routing_diagnostic_v1_b01,mbd,diagnostic,jev_targeted_llm,type,True,choice,quote,other,0
verbose_routing_diagnostic_v1_b01,mbd,diagnostic,jev_targeted_llm,type,True,choice,quote,__missing__,0
verbose_routing_diagnostic_v1_b01,mbd,diagnostic,jev_targeted_llm,type,True,choice,other,fact,11
verbose_routing_diagnostic_v1_b01,mbd,diagnostic,jev_targeted_llm,type,True,choice,other,opinion,12
verbose_routing_diagnostic_v1_b01,mbd,diagnostic,jev_targeted_llm,type,True,choice,other,borderline,0
verbose_routing_diagnostic_v1_b01,mbd,diagnostic,jev_targeted_llm,type,True,choice,other,quote,2
verbose_routing_diagnostic_v1_b01,mbd,diagnostic,jev_targeted_llm,type,True,choice,other,other,26
verbose_routing_diagnostic_v1_b01,mbd,diagnostic,jev_targeted_llm,type,True,choice,other,__missing__,0
verbose_routing_diagnostic_v1_b01,mbd,diagnostic,jev_verbose,tone,True,choice,positive,positive,42
verbose_routing_diagnostic_v1_b01,mbd,diagnostic,jev_verbose,tone,True,choice,positive,negative,1
verbose_routing_diagnostic_v1_b01,mbd,diagnostic,jev_verbose,tone,True,choice,positive,neutral,8
verbose_routing_diagnostic_v1_b01,mbd,diagnostic,jev_verbose,tone,True,choice,positive,__missing__,0
verbose_routing_diagnostic_v1_b01,mbd,diagnostic,jev_verbose,tone,True,choice,negative,positive,3
verbose_routing_diagnostic_v1_b01,mbd,diagnostic,jev_verbose,tone,True,choice,negative,negative,104
verbose_routing_diagnostic_v1_b01,mbd,diagnostic,jev_verbose,tone,True,choice,negative,neutral,7
verbose_routing_diagnostic_v1_b01,mbd,diagnostic,jev_verbose,tone,True,choice,negative,__missing__,0
verbose_routing_diagnostic_v1_b01,mbd,diagnostic,jev_verbose,tone,True,choice,neutral,positive,33
verbose_routing_diagnostic_v1_b01,mbd,diagnostic,jev_verbose,tone,True,choice,neutral,negative,100
verbose_routing_diagnostic_v1_b01,mbd,diagnostic,jev_verbose,tone,True,choice,neutral,neutral,246
verbose_routing_diagnostic_v1_b01,mbd,diagnostic,jev_verbose,tone,True,choice,neutral,__missing__,0
verbose_routing_diagnostic_v1_b01,mbd,diagnostic,jev_verbose,focus,True,choice,democrat,democrat,74
verbose_routing_diagnostic_v1_b01,mbd,diagnostic,jev_verbose,focus,True,choice,democrat,republican,0
verbose_routing_diagnostic_v1_b01,mbd,diagnostic,jev_verbose,focus,True,choice,democrat,both,3
verbose_routing_diagnostic_v1_b01,mbd,diagnostic,jev_verbose,focus,True,choice,democrat,neither,12
verbose_routing_diagnostic_v1_b01,mbd,diagnostic,jev_verbose,focus,True,choice,democrat,__missing__,0
verbose_routing_diagnostic_v1_b01,mbd,diagnostic,jev_verbose,focus,True,choice,republican,democrat,0
verbose_routing_diagnostic_v1_b01,mbd,diagnostic,jev_verbose,focus,True,choice,republican,republican,80
verbose_routing_diagnostic_v1_b01,mbd,diagnostic,jev_verbose,focus,True,choice,republican,both,1
verbose_routing_diagnostic_v1_b01,mbd,diagnostic,jev_verbose,focus,True,choice,republican,neither,57
verbose_routing_diagnostic_v1_b01,mbd,diagnostic,jev_verbose,focus,True,choice,republican,__missing__,0
verbose_routing_diagnostic_v1_b01,mbd,diagnostic,jev_verbose,focus,True,choice,both,democrat,2
verbose_routing_diagnostic_v1_b01,mbd,diagnostic,jev_verbose,focus,True,choice,both,republican,0
verbose_routing_diagnostic_v1_b01,mbd,diagnostic,jev_verbose,focus,True,choice,both,both,23
verbose_routing_diagnostic_v1_b01,mbd,diagnostic,jev_verbose,focus,True,choice,both,neither,2
verbose_routing_diagnostic_v1_b01,mbd,diagnostic,jev_verbose,focus,True,choice,both,__missing__,0
verbose_routing_diagnostic_v1_b01,mbd,diagnostic,jev_verbose,focus,True,choice,neither,democrat,4
verbose_routing_diagnostic_v1_b01,mbd,diagnostic,jev_verbose,focus,True,choice,neither,republican,0
verbose_routing_diagnostic_v1_b01,mbd,diagnostic,jev_verbose,focus,True,choice,neither,both,0
verbose_routing_diagnostic_v1_b01,mbd,diagnostic,jev_verbose,focus,True,choice,neither,neither,288
verbose_routing_diagnostic_v1_b01,mbd,diagnostic,jev_verbose,focus,True,choice,neither,__missing__,0
verbose_routing_diagnostic_v1_b01,mbd,diagnostic,jev_verbose,type,True,choice,fact,fact,185
verbose_routing_diagnostic_v1_b01,mbd,diagnostic,jev_verbose,type,True,choice,fact,opinion,14
verbose_routing_diagnostic_v1_b01,mbd,diagnostic,jev_verbose,type,True,choice,fact,borderline,32
verbose_routing_diagnostic_v1_b01,mbd,diagnostic,jev_verbose,type,True,choice,fact,quote,7
verbose_routing_diagnostic_v1_b01,mbd,diagnostic,jev_verbose,type,True,choice,fact,other,1
verbose_routing_diagnostic_v1_b01,mbd,diagnostic,jev_verbose,type,True,choice,fact,__missing__,0
verbose_routing_diagnostic_v1_b01,mbd,diagnostic,jev_verbose,type,True,choice,opinion,fact,2
verbose_routing_diagnostic_v1_b01,mbd,diagnostic,jev_verbose,type,True,choice,opinion,opinion,63
verbose_routing_diagnostic_v1_b01,mbd,diagnostic,jev_verbose,type,True,choice,opinion,borderline,6
verbose_routing_diagnostic_v1_b01,mbd,diagnostic,jev_verbose,type,True,choice,opinion,quote,2
verbose_routing_diagnostic_v1_b01,mbd,diagnostic,jev_verbose,type,True,choice,opinion,other,0
verbose_routing_diagnostic_v1_b01,mbd,diagnostic,jev_verbose,type,True,choice,opinion,__missing__,0
verbose_routing_diagnostic_v1_b01,mbd,diagnostic,jev_verbose,type,True,choice,borderline,fact,9
verbose_routing_diagnostic_v1_b01,mbd,diagnostic,jev_verbose,type,True,choice,borderline,opinion,8
verbose_routing_diagnostic_v1_b01,mbd,diagnostic,jev_verbose,type,True,choice,borderline,borderline,7
verbose_routing_diagnostic_v1_b01,mbd,diagnostic,jev_verbose,type,True,choice,borderline,quote,0
verbose_routing_diagnostic_v1_b01,mbd,diagnostic,jev_verbose,type,True,choice,borderline,other,0
verbose_routing_diagnostic_v1_b01,mbd,diagnostic,jev_verbose,type,True,choice,borderline,__missing__,0
verbose_routing_diagnostic_v1_b01,mbd,diagnostic,jev_verbose,type,True,choice,quote,fact,4
verbose_routing_diagnostic_v1_b01,mbd,diagnostic,jev_verbose,type,True,choice,quote,opinion,2
verbose_routing_diagnostic_v1_b01,mbd,diagnostic,jev_verbose,type,True,choice,quote,borderline,0
verbose_routing_diagnostic_v1_b01,mbd,diagnostic,jev_verbose,type,True,choice,quote,quote,115
verbose_routing_diagnostic_v1_b01,mbd,diagnostic,jev_verbose,type,True,choice,quote,other,0
verbose_routing_diagnostic_v1_b01,mbd,diagnostic,jev_verbose,type,True,choice,quote,__missing__,0
verbose_routing_diagnostic_v1_b01,mbd,diagnostic,jev_verbose,type,True,choice,other,fact,11
verbose_routing_diagnostic_v1_b01,mbd,diagnostic,jev_verbose,type,True,choice,other,opinion,11
verbose_routing_diagnostic_v1_b01,mbd,diagnostic,jev_verbose,type,True,choice,other,borderline,1
verbose_routing_diagnostic_v1_b01,mbd,diagnostic,jev_verbose,type,True,choice,other,quote,2
verbose_routing_diagnostic_v1_b01,mbd,diagnostic,jev_verbose,type,True,choice,other,other,26
verbose_routing_diagnostic_v1_b01,mbd,diagnostic,jev_verbose,type,True,choice,other,__missing__,0
verbose_routing_diagnostic_v1_b01,ucc,diagnostic,jev_targeted_llm,healthy,True,choice,0,0,6
verbose_routing_diagnostic_v1_b01,ucc,diagnostic,jev_targeted_llm,healthy,True,choice,0,1,59
verbose_routing_diagnostic_v1_b01,ucc,diagnostic,jev_targeted_llm,healthy,True,choice,0,__missing__,0
verbose_routing_diagnostic_v1_b01,ucc,diagnostic,jev_targeted_llm,healthy,True,choice,1,0,26
verbose_routing_diagnostic_v1_b01,ucc,diagnostic,jev_targeted_llm,healthy,True,choice,1,1,911
verbose_routing_diagnostic_v1_b01,ucc,diagnostic,jev_targeted_llm,healthy,True,choice,1,__missing__,0
verbose_routing_diagnostic_v1_b01,ucc,diagnostic,jev_targeted_llm,sarcastic,True,choice,0,0,921
verbose_routing_diagnostic_v1_b01,ucc,diagnostic,jev_targeted_llm,sarcastic,True,choice,0,1,33
verbose_routing_diagnostic_v1_b01,ucc,diagnostic,jev_targeted_llm,sarcastic,True,choice,0,__missing__,0
verbose_routing_diagnostic_v1_b01,ucc,diagnostic,jev_targeted_llm,sarcastic,True,choice,1,0,38
verbose_routing_diagnostic_v1_b01,ucc,diagnostic,jev_targeted_llm,sarcastic,True,choice,1,1,10
verbose_routing_diagnostic_v1_b01,ucc,diagnostic,jev_targeted_llm,sarcastic,True,choice,1,__missing__,0
verbose_routing_diagnostic_v1_b01,ucc,diagnostic,jev_targeted_llm,generalisation,False,choice,0,0,954
verbose_routing_diagnostic_v1_b01,ucc,diagnostic,jev_targeted_llm,generalisation,False,choice,0,1,33
verbose_routing_diagnostic_v1_b01,ucc,diagnostic,jev_targeted_llm,generalisation,False,choice,0,__missing__,0
verbose_routing_diagnostic_v1_b01,ucc,diagnostic,jev_targeted_llm,generalisation,False,choice,1,0,7
verbose_routing_diagnostic_v1_b01,ucc,diagnostic,jev_targeted_llm,generalisation,False,choice,1,1,8
verbose_routing_diagnostic_v1_b01,ucc,diagnostic,jev_targeted_llm,generalisation,False,choice,1,__missing__,0
verbose_routing_diagnostic_v1_b01,ucc,diagnostic,jev_targeted_llm,generalisation_unfair,True,choice,0,0,968
verbose_routing_diagnostic_v1_b01,ucc,diagnostic,jev_targeted_llm,generalisation_unfair,True,choice,0,1,20
verbose_routing_diagnostic_v1_b01,ucc,diagnostic,jev_targeted_llm,generalisation_unfair,True,choice,0,__missing__,0
verbose_routing_diagnostic_v1_b01,ucc,diagnostic,jev_targeted_llm,generalisation_unfair,True,choice,1,0,11
verbose_routing_diagnostic_v1_b01,ucc,diagnostic,jev_targeted_llm,generalisation_unfair,True,choice,1,1,3
verbose_routing_diagnostic_v1_b01,ucc,diagnostic,jev_targeted_llm,generalisation_unfair,True,choice,1,__missing__,0
verbose_routing_diagnostic_v1_b01,ucc,diagnostic,jev_targeted_llm,hostile,True,choice,0,0,961
verbose_routing_diagnostic_v1_b01,ucc,diagnostic,jev_targeted_llm,hostile,True,choice,0,1,20
verbose_routing_diagnostic_v1_b01,ucc,diagnostic,jev_targeted_llm,hostile,True,choice,0,__missing__,0
verbose_routing_diagnostic_v1_b01,ucc,diagnostic,jev_targeted_llm,hostile,True,choice,1,0,20
verbose_routing_diagnostic_v1_b01,ucc,diagnostic,jev_targeted_llm,hostile,True,choice,1,1,1
verbose_routing_diagnostic_v1_b01,ucc,diagnostic,jev_targeted_llm,hostile,True,choice,1,__missing__,0
verbose_routing_diagnostic_v1_b01,ucc,diagnostic,jev_targeted_llm,antagonize,True,choice,0,0,930
verbose_routing_diagnostic_v1_b01,ucc,diagnostic,jev_targeted_llm,antagonize,True,choice,0,1,21
verbose_routing_diagnostic_v1_b01,ucc,diagnostic,jev_targeted_llm,antagonize,True,choice,0,__missing__,0
verbose_routing_diagnostic_v1_b01,ucc,diagnostic,jev_targeted_llm,antagonize,True,choice,1,0,49
verbose_routing_diagnostic_v1_b01,ucc,diagnostic,jev_targeted_llm,antagonize,True,choice,1,1,2
verbose_routing_diagnostic_v1_b01,ucc,diagnostic,jev_targeted_llm,antagonize,True,choice,1,__missing__,0
verbose_routing_diagnostic_v1_b01,ucc,diagnostic,jev_targeted_llm,condescending,True,choice,0,0,938
verbose_routing_diagnostic_v1_b01,ucc,diagnostic,jev_targeted_llm,condescending,True,choice,0,1,17
verbose_routing_diagnostic_v1_b01,ucc,diagnostic,jev_targeted_llm,condescending,True,choice,0,__missing__,0
verbose_routing_diagnostic_v1_b01,ucc,diagnostic,jev_targeted_llm,condescending,True,choice,1,0,43
verbose_routing_diagnostic_v1_b01,ucc,diagnostic,jev_targeted_llm,condescending,True,choice,1,1,4
verbose_routing_diagnostic_v1_b01,ucc,diagnostic,jev_targeted_llm,condescending,True,choice,1,__missing__,0
verbose_routing_diagnostic_v1_b01,ucc,diagnostic,jev_targeted_llm,dismissive,True,choice,0,0,947
verbose_routing_diagnostic_v1_b01,ucc,diagnostic,jev_targeted_llm,dismissive,True,choice,0,1,31
verbose_routing_diagnostic_v1_b01,ucc,diagnostic,jev_targeted_llm,dismissive,True,choice,0,__missing__,0
verbose_routing_diagnostic_v1_b01,ucc,diagnostic,jev_targeted_llm,dismissive,True,choice,1,0,20
verbose_routing_diagnostic_v1_b01,ucc,diagnostic,jev_targeted_llm,dismissive,True,choice,1,1,4
verbose_routing_diagnostic_v1_b01,ucc,diagnostic,jev_targeted_llm,dismissive,True,choice,1,__missing__,0
verbose_routing_diagnostic_v1_b01,ucc,diagnostic,jev_verbose,healthy,True,choice,0,0,55
verbose_routing_diagnostic_v1_b01,ucc,diagnostic,jev_verbose,healthy,True,choice,0,1,10
verbose_routing_diagnostic_v1_b01,ucc,diagnostic,jev_verbose,healthy,True,choice,0,__missing__,0
verbose_routing_diagnostic_v1_b01,ucc,diagnostic,jev_verbose,healthy,True,choice,1,0,429
verbose_routing_diagnostic_v1_b01,ucc,diagnostic,jev_verbose,healthy,True,choice,1,1,508
verbose_routing_diagnostic_v1_b01,ucc,diagnostic,jev_verbose,healthy,True,choice,1,__missing__,0
verbose_routing_diagnostic_v1_b01,ucc,diagnostic,jev_verbose,sarcastic,True,choice,0,0,592
verbose_routing_diagnostic_v1_b01,ucc,diagnostic,jev_verbose,sarcastic,True,choice,0,1,362
verbose_routing_diagnostic_v1_b01,ucc,diagnostic,jev_verbose,sarcastic,True,choice,0,__missing__,0
verbose_routing_diagnostic_v1_b01,ucc,diagnostic,jev_verbose,sarcastic,True,choice,1,0,9
verbose_routing_diagnostic_v1_b01,ucc,diagnostic,jev_verbose,sarcastic,True,choice,1,1,39
verbose_routing_diagnostic_v1_b01,ucc,diagnostic,jev_verbose,sarcastic,True,choice,1,__missing__,0
verbose_routing_diagnostic_v1_b01,ucc,diagnostic,jev_verbose,generalisation,False,choice,0,0,860
verbose_routing_diagnostic_v1_b01,ucc,diagnostic,jev_verbose,generalisation,False,choice,0,1,127
verbose_routing_diagnostic_v1_b01,ucc,diagnostic,jev_verbose,generalisation,False,choice,0,__missing__,0
verbose_routing_diagnostic_v1_b01,ucc,diagnostic,jev_verbose,generalisation,False,choice,1,0,2
verbose_routing_diagnostic_v1_b01,ucc,diagnostic,jev_verbose,generalisation,False,choice,1,1,13
verbose_routing_diagnostic_v1_b01,ucc,diagnostic,jev_verbose,generalisation,False,choice,1,__missing__,0
verbose_routing_diagnostic_v1_b01,ucc,diagnostic,jev_verbose,generalisation_unfair,True,choice,0,0,861
verbose_routing_diagnostic_v1_b01,ucc,diagnostic,jev_verbose,generalisation_unfair,True,choice,0,1,127
verbose_routing_diagnostic_v1_b01,ucc,diagnostic,jev_verbose,generalisation_unfair,True,choice,0,__missing__,0
verbose_routing_diagnostic_v1_b01,ucc,diagnostic,jev_verbose,generalisation_unfair,True,choice,1,0,4
verbose_routing_diagnostic_v1_b01,ucc,diagnostic,jev_verbose,generalisation_unfair,True,choice,1,1,10
verbose_routing_diagnostic_v1_b01,ucc,diagnostic,jev_verbose,generalisation_unfair,True,choice,1,__missing__,0
verbose_routing_diagnostic_v1_b01,ucc,diagnostic,jev_verbose,hostile,True,choice,0,0,694
verbose_routing_diagnostic_v1_b01,ucc,diagnostic,jev_verbose,hostile,True,choice,0,1,287
verbose_routing_diagnostic_v1_b01,ucc,diagnostic,jev_verbose,hostile,True,choice,0,__missing__,0
verbose_routing_diagnostic_v1_b01,ucc,diagnostic,jev_verbose,hostile,True,choice,1,0,3
verbose_routing_diagnostic_v1_b01,ucc,diagnostic,jev_verbose,hostile,True,choice,1,1,18
verbose_routing_diagnostic_v1_b01,ucc,diagnostic,jev_verbose,hostile,True,choice,1,__missing__,0
verbose_routing_diagnostic_v1_b01,ucc,diagnostic,jev_verbose,antagonize,True,choice,0,0,577
verbose_routing_diagnostic_v1_b01,ucc,diagnostic,jev_verbose,antagonize,True,choice,0,1,374
verbose_routing_diagnostic_v1_b01,ucc,diagnostic,jev_verbose,antagonize,True,choice,0,__missing__,0
verbose_routing_diagnostic_v1_b01,ucc,diagnostic,jev_verbose,antagonize,True,choice,1,0,8
verbose_routing_diagnostic_v1_b01,ucc,diagnostic,jev_verbose,antagonize,True,choice,1,1,43
verbose_routing_diagnostic_v1_b01,ucc,diagnostic,jev_verbose,antagonize,True,choice,1,__missing__,0
verbose_routing_diagnostic_v1_b01,ucc,diagnostic,jev_verbose,condescending,True,choice,0,0,576
verbose_routing_diagnostic_v1_b01,ucc,diagnostic,jev_verbose,condescending,True,choice,0,1,379
verbose_routing_diagnostic_v1_b01,ucc,diagnostic,jev_verbose,condescending,True,choice,0,__missing__,0
verbose_routing_diagnostic_v1_b01,ucc,diagnostic,jev_verbose,condescending,True,choice,1,0,2
verbose_routing_diagnostic_v1_b01,ucc,diagnostic,jev_verbose,condescending,True,choice,1,1,45
verbose_routing_diagnostic_v1_b01,ucc,diagnostic,jev_verbose,condescending,True,choice,1,__missing__,0
verbose_routing_diagnostic_v1_b01,ucc,diagnostic,jev_verbose,dismissive,True,choice,0,0,553
verbose_routing_diagnostic_v1_b01,ucc,diagnostic,jev_verbose,dismissive,True,choice,0,1,425
verbose_routing_diagnostic_v1_b01,ucc,diagnostic,jev_verbose,dismissive,True,choice,0,__missing__,0
verbose_routing_diagnostic_v1_b01,ucc,diagnostic,jev_verbose,dismissive,True,choice,1,0,6
verbose_routing_diagnostic_v1_b01,ucc,diagnostic,jev_verbose,dismissive,True,choice,1,1,18
verbose_routing_diagnostic_v1_b01,ucc,diagnostic,jev_verbose,dismissive,True,choice,1,__missing__,0
verbose_routing_diagnostic_v1_b025,babe,diagnostic,jev_targeted_llm,label_bias,True,choice,Non-biased,Non-biased,429
verbose_routing_diagnostic_v1_b025,babe,diagnostic,jev_targeted_llm,label_bias,True,choice,Non-biased,Biased,82
verbose_routing_diagnostic_v1_b025,babe,diagnostic,jev_targeted_llm,label_bias,True,choice,Non-biased,__missing__,0
verbose_routing_diagnostic_v1_b025,babe,diagnostic,jev_targeted_llm,label_bias,True,choice,Biased,Non-biased,129
verbose_routing_diagnostic_v1_b025,babe,diagnostic,jev_targeted_llm,label_bias,True,choice,Biased,Biased,360
verbose_routing_diagnostic_v1_b025,babe,diagnostic,jev_targeted_llm,label_bias,True,choice,Biased,__missing__,0
verbose_routing_diagnostic_v1_b025,babe,diagnostic,jev_verbose,label_bias,True,choice,Non-biased,Non-biased,390
verbose_routing_diagnostic_v1_b025,babe,diagnostic,jev_verbose,label_bias,True,choice,Non-biased,Biased,121
verbose_routing_diagnostic_v1_b025,babe,diagnostic,jev_verbose,label_bias,True,choice,Non-biased,__missing__,0
verbose_routing_diagnostic_v1_b025,babe,diagnostic,jev_verbose,label_bias,True,choice,Biased,Non-biased,66
verbose_routing_diagnostic_v1_b025,babe,diagnostic,jev_verbose,label_bias,True,choice,Biased,Biased,423
verbose_routing_diagnostic_v1_b025,babe,diagnostic,jev_verbose,label_bias,True,choice,Biased,__missing__,0
verbose_routing_diagnostic_v1_b025,conflict,diagnostic,jev_targeted_llm,rating_directness_content,True,choice,Yes - Direct Content,Yes - Direct Content,716
verbose_routing_diagnostic_v1_b025,conflict,diagnostic,jev_targeted_llm,rating_directness_content,True,choice,Yes - Direct Content,Neutral - Content contains no opinion,33
verbose_routing_diagnostic_v1_b025,conflict,diagnostic,jev_targeted_llm,rating_directness_content,True,choice,Yes - Direct Content,No - Indirect Content,42
verbose_routing_diagnostic_v1_b025,conflict,diagnostic,jev_targeted_llm,rating_directness_content,True,choice,Yes - Direct Content,__missing__,0
verbose_routing_diagnostic_v1_b025,conflict,diagnostic,jev_targeted_llm,rating_directness_content,True,choice,Neutral - Content contains no opinion,Yes - Direct Content,2
verbose_routing_diagnostic_v1_b025,conflict,diagnostic,jev_targeted_llm,rating_directness_content,True,choice,Neutral - Content contains no opinion,Neutral - Content contains no opinion,3
verbose_routing_diagnostic_v1_b025,conflict,diagnostic,jev_targeted_llm,rating_directness_content,True,choice,Neutral - Content contains no opinion,No - Indirect Content,1
verbose_routing_diagnostic_v1_b025,conflict,diagnostic,jev_targeted_llm,rating_directness_content,True,choice,Neutral - Content contains no opinion,__missing__,0
verbose_routing_diagnostic_v1_b025,conflict,diagnostic,jev_targeted_llm,rating_directness_content,True,choice,No - Indirect Content,Yes - Direct Content,0
verbose_routing_diagnostic_v1_b025,conflict,diagnostic,jev_targeted_llm,rating_directness_content,True,choice,No - Indirect Content,Neutral - Content contains no opinion,0
verbose_routing_diagnostic_v1_b025,conflict,diagnostic,jev_targeted_llm,rating_directness_content,True,choice,No - Indirect Content,No - Indirect Content,0
verbose_routing_diagnostic_v1_b025,conflict,diagnostic,jev_targeted_llm,rating_directness_content,True,choice,No - Indirect Content,__missing__,0
verbose_routing_diagnostic_v1_b025,conflict,diagnostic,jev_targeted_llm,rating_directness_expression,True,choice,Yes - Direct Expression,Yes - Direct Expression,657
verbose_routing_diagnostic_v1_b025,conflict,diagnostic,jev_targeted_llm,rating_directness_expression,True,choice,Yes - Direct Expression,No - Indirect Expression,91
verbose_routing_diagnostic_v1_b025,conflict,diagnostic,jev_targeted_llm,rating_directness_expression,True,choice,Yes - Direct Expression,__missing__,0
verbose_routing_diagnostic_v1_b025,conflict,diagnostic,jev_targeted_llm,rating_directness_expression,True,choice,No - Indirect Expression,Yes - Direct Expression,37
verbose_routing_diagnostic_v1_b025,conflict,diagnostic,jev_targeted_llm,rating_directness_expression,True,choice,No - Indirect Expression,No - Indirect Expression,17
verbose_routing_diagnostic_v1_b025,conflict,diagnostic,jev_targeted_llm,rating_directness_expression,True,choice,No - Indirect Expression,__missing__,0
verbose_routing_diagnostic_v1_b025,conflict,diagnostic,jev_targeted_llm,rating_OI_content,True,choice,Yes - Content opposes someone else,Yes - Content opposes someone else,599
verbose_routing_diagnostic_v1_b025,conflict,diagnostic,jev_targeted_llm,rating_OI_content,True,choice,Yes - Content opposes someone else,No - Content does not oppose anyone,141
verbose_routing_diagnostic_v1_b025,conflict,diagnostic,jev_targeted_llm,rating_OI_content,True,choice,Yes - Content opposes someone else,__missing__,0
verbose_routing_diagnostic_v1_b025,conflict,diagnostic,jev_targeted_llm,rating_OI_content,True,choice,No - Content does not oppose anyone,Yes - Content opposes someone else,20
verbose_routing_diagnostic_v1_b025,conflict,diagnostic,jev_targeted_llm,rating_OI_content,True,choice,No - Content does not oppose anyone,No - Content does not oppose anyone,42
verbose_routing_diagnostic_v1_b025,conflict,diagnostic,jev_targeted_llm,rating_OI_content,True,choice,No - Content does not oppose anyone,__missing__,0
verbose_routing_diagnostic_v1_b025,conflict,diagnostic,jev_targeted_llm,rating_OI_expression,True,choice,Yes - Expression is emotional/forceful,Yes - Expression is emotional/forceful,15
verbose_routing_diagnostic_v1_b025,conflict,diagnostic,jev_targeted_llm,rating_OI_expression,True,choice,Yes - Expression is emotional/forceful,No - Expression is not emotional/forceful,58
verbose_routing_diagnostic_v1_b025,conflict,diagnostic,jev_targeted_llm,rating_OI_expression,True,choice,Yes - Expression is emotional/forceful,__missing__,0
verbose_routing_diagnostic_v1_b025,conflict,diagnostic,jev_targeted_llm,rating_OI_expression,True,choice,No - Expression is not emotional/forceful,Yes - Expression is emotional/forceful,32
verbose_routing_diagnostic_v1_b025,conflict,diagnostic,jev_targeted_llm,rating_OI_expression,True,choice,No - Expression is not emotional/forceful,No - Expression is not emotional/forceful,697
verbose_routing_diagnostic_v1_b025,conflict,diagnostic,jev_targeted_llm,rating_OI_expression,True,choice,No - Expression is not emotional/forceful,__missing__,0
verbose_routing_diagnostic_v1_b025,conflict,diagnostic,jev_verbose,rating_directness_content,True,choice,Yes - Direct Content,Yes - Direct Content,697
verbose_routing_diagnostic_v1_b025,conflict,diagnostic,jev_verbose,rating_directness_content,True,choice,Yes - Direct Content,Neutral - Content contains no opinion,37
verbose_routing_diagnostic_v1_b025,conflict,diagnostic,jev_verbose,rating_directness_content,True,choice,Yes - Direct Content,No - Indirect Content,57
verbose_routing_diagnostic_v1_b025,conflict,diagnostic,jev_verbose,rating_directness_content,True,choice,Yes - Direct Content,__missing__,0
verbose_routing_diagnostic_v1_b025,conflict,diagnostic,jev_verbose,rating_directness_content,True,choice,Neutral - Content contains no opinion,Yes - Direct Content,2
verbose_routing_diagnostic_v1_b025,conflict,diagnostic,jev_verbose,rating_directness_content,True,choice,Neutral - Content contains no opinion,Neutral - Content contains no opinion,3
verbose_routing_diagnostic_v1_b025,conflict,diagnostic,jev_verbose,rating_directness_content,True,choice,Neutral - Content contains no opinion,No - Indirect Content,1
verbose_routing_diagnostic_v1_b025,conflict,diagnostic,jev_verbose,rating_directness_content,True,choice,Neutral - Content contains no opinion,__missing__,0
verbose_routing_diagnostic_v1_b025,conflict,diagnostic,jev_verbose,rating_directness_content,True,choice,No - Indirect Content,Yes - Direct Content,0
verbose_routing_diagnostic_v1_b025,conflict,diagnostic,jev_verbose,rating_directness_content,True,choice,No - Indirect Content,Neutral - Content contains no opinion,0
verbose_routing_diagnostic_v1_b025,conflict,diagnostic,jev_verbose,rating_directness_content,True,choice,No - Indirect Content,No - Indirect Content,0
verbose_routing_diagnostic_v1_b025,conflict,diagnostic,jev_verbose,rating_directness_content,True,choice,No - Indirect Content,__missing__,0
verbose_routing_diagnostic_v1_b025,conflict,diagnostic,jev_verbose,rating_directness_expression,True,choice,Yes - Direct Expression,Yes - Direct Expression,611
verbose_routing_diagnostic_v1_b025,conflict,diagnostic,jev_verbose,rating_directness_expression,True,choice,Yes - Direct Expression,No - Indirect Expression,137
verbose_routing_diagnostic_v1_b025,conflict,diagnostic,jev_verbose,rating_directness_expression,True,choice,Yes - Direct Expression,__missing__,0
verbose_routing_diagnostic_v1_b025,conflict,diagnostic,jev_verbose,rating_directness_expression,True,choice,No - Indirect Expression,Yes - Direct Expression,24
verbose_routing_diagnostic_v1_b025,conflict,diagnostic,jev_verbose,rating_directness_expression,True,choice,No - Indirect Expression,No - Indirect Expression,30
verbose_routing_diagnostic_v1_b025,conflict,diagnostic,jev_verbose,rating_directness_expression,True,choice,No - Indirect Expression,__missing__,0
verbose_routing_diagnostic_v1_b025,conflict,diagnostic,jev_verbose,rating_OI_content,True,choice,Yes - Content opposes someone else,Yes - Content opposes someone else,478
verbose_routing_diagnostic_v1_b025,conflict,diagnostic,jev_verbose,rating_OI_content,True,choice,Yes - Content opposes someone else,No - Content does not oppose anyone,262
verbose_routing_diagnostic_v1_b025,conflict,diagnostic,jev_verbose,rating_OI_content,True,choice,Yes - Content opposes someone else,__missing__,0
verbose_routing_diagnostic_v1_b025,conflict,diagnostic,jev_verbose,rating_OI_content,True,choice,No - Content does not oppose anyone,Yes - Content opposes someone else,10
verbose_routing_diagnostic_v1_b025,conflict,diagnostic,jev_verbose,rating_OI_content,True,choice,No - Content does not oppose anyone,No - Content does not oppose anyone,52
verbose_routing_diagnostic_v1_b025,conflict,diagnostic,jev_verbose,rating_OI_content,True,choice,No - Content does not oppose anyone,__missing__,0
verbose_routing_diagnostic_v1_b025,conflict,diagnostic,jev_verbose,rating_OI_expression,True,choice,Yes - Expression is emotional/forceful,Yes - Expression is emotional/forceful,52
verbose_routing_diagnostic_v1_b025,conflict,diagnostic,jev_verbose,rating_OI_expression,True,choice,Yes - Expression is emotional/forceful,No - Expression is not emotional/forceful,21
verbose_routing_diagnostic_v1_b025,conflict,diagnostic,jev_verbose,rating_OI_expression,True,choice,Yes - Expression is emotional/forceful,__missing__,0
verbose_routing_diagnostic_v1_b025,conflict,diagnostic,jev_verbose,rating_OI_expression,True,choice,No - Expression is not emotional/forceful,Yes - Expression is emotional/forceful,128
verbose_routing_diagnostic_v1_b025,conflict,diagnostic,jev_verbose,rating_OI_expression,True,choice,No - Expression is not emotional/forceful,No - Expression is not emotional/forceful,601
verbose_routing_diagnostic_v1_b025,conflict,diagnostic,jev_verbose,rating_OI_expression,True,choice,No - Expression is not emotional/forceful,__missing__,0
verbose_routing_diagnostic_v1_b025,mbd,diagnostic,jev_targeted_llm,tone,True,choice,positive,positive,27
verbose_routing_diagnostic_v1_b025,mbd,diagnostic,jev_targeted_llm,tone,True,choice,positive,negative,0
verbose_routing_diagnostic_v1_b025,mbd,diagnostic,jev_targeted_llm,tone,True,choice,positive,neutral,24
verbose_routing_diagnostic_v1_b025,mbd,diagnostic,jev_targeted_llm,tone,True,choice,positive,__missing__,0
verbose_routing_diagnostic_v1_b025,mbd,diagnostic,jev_targeted_llm,tone,True,choice,negative,positive,0
verbose_routing_diagnostic_v1_b025,mbd,diagnostic,jev_targeted_llm,tone,True,choice,negative,negative,62
verbose_routing_diagnostic_v1_b025,mbd,diagnostic,jev_targeted_llm,tone,True,choice,negative,neutral,52
verbose_routing_diagnostic_v1_b025,mbd,diagnostic,jev_targeted_llm,tone,True,choice,negative,__missing__,0
verbose_routing_diagnostic_v1_b025,mbd,diagnostic,jev_targeted_llm,tone,True,choice,neutral,positive,10
verbose_routing_diagnostic_v1_b025,mbd,diagnostic,jev_targeted_llm,tone,True,choice,neutral,negative,25
verbose_routing_diagnostic_v1_b025,mbd,diagnostic,jev_targeted_llm,tone,True,choice,neutral,neutral,344
verbose_routing_diagnostic_v1_b025,mbd,diagnostic,jev_targeted_llm,tone,True,choice,neutral,__missing__,0
verbose_routing_diagnostic_v1_b025,mbd,diagnostic,jev_targeted_llm,focus,True,choice,democrat,democrat,74
verbose_routing_diagnostic_v1_b025,mbd,diagnostic,jev_targeted_llm,focus,True,choice,democrat,republican,0
verbose_routing_diagnostic_v1_b025,mbd,diagnostic,jev_targeted_llm,focus,True,choice,democrat,both,2
verbose_routing_diagnostic_v1_b025,mbd,diagnostic,jev_targeted_llm,focus,True,choice,democrat,neither,13
verbose_routing_diagnostic_v1_b025,mbd,diagnostic,jev_targeted_llm,focus,True,choice,democrat,__missing__,0
verbose_routing_diagnostic_v1_b025,mbd,diagnostic,jev_targeted_llm,focus,True,choice,republican,democrat,0
verbose_routing_diagnostic_v1_b025,mbd,diagnostic,jev_targeted_llm,focus,True,choice,republican,republican,76
verbose_routing_diagnostic_v1_b025,mbd,diagnostic,jev_targeted_llm,focus,True,choice,republican,both,1
verbose_routing_diagnostic_v1_b025,mbd,diagnostic,jev_targeted_llm,focus,True,choice,republican,neither,61
verbose_routing_diagnostic_v1_b025,mbd,diagnostic,jev_targeted_llm,focus,True,choice,republican,__missing__,0
verbose_routing_diagnostic_v1_b025,mbd,diagnostic,jev_targeted_llm,focus,True,choice,both,democrat,6
verbose_routing_diagnostic_v1_b025,mbd,diagnostic,jev_targeted_llm,focus,True,choice,both,republican,0
verbose_routing_diagnostic_v1_b025,mbd,diagnostic,jev_targeted_llm,focus,True,choice,both,both,18
verbose_routing_diagnostic_v1_b025,mbd,diagnostic,jev_targeted_llm,focus,True,choice,both,neither,3
verbose_routing_diagnostic_v1_b025,mbd,diagnostic,jev_targeted_llm,focus,True,choice,both,__missing__,0
verbose_routing_diagnostic_v1_b025,mbd,diagnostic,jev_targeted_llm,focus,True,choice,neither,democrat,4
verbose_routing_diagnostic_v1_b025,mbd,diagnostic,jev_targeted_llm,focus,True,choice,neither,republican,2
verbose_routing_diagnostic_v1_b025,mbd,diagnostic,jev_targeted_llm,focus,True,choice,neither,both,0
verbose_routing_diagnostic_v1_b025,mbd,diagnostic,jev_targeted_llm,focus,True,choice,neither,neither,286
verbose_routing_diagnostic_v1_b025,mbd,diagnostic,jev_targeted_llm,focus,True,choice,neither,__missing__,0
verbose_routing_diagnostic_v1_b025,mbd,diagnostic,jev_targeted_llm,type,True,choice,fact,fact,183
verbose_routing_diagnostic_v1_b025,mbd,diagnostic,jev_targeted_llm,type,True,choice,fact,opinion,14
verbose_routing_diagnostic_v1_b025,mbd,diagnostic,jev_targeted_llm,type,True,choice,fact,borderline,32
verbose_routing_diagnostic_v1_b025,mbd,diagnostic,jev_targeted_llm,type,True,choice,fact,quote,9
verbose_routing_diagnostic_v1_b025,mbd,diagnostic,jev_targeted_llm,type,True,choice,fact,other,1
verbose_routing_diagnostic_v1_b025,mbd,diagnostic,jev_targeted_llm,type,True,choice,fact,__missing__,0
verbose_routing_diagnostic_v1_b025,mbd,diagnostic,jev_targeted_llm,type,True,choice,opinion,fact,2
verbose_routing_diagnostic_v1_b025,mbd,diagnostic,jev_targeted_llm,type,True,choice,opinion,opinion,65
verbose_routing_diagnostic_v1_b025,mbd,diagnostic,jev_targeted_llm,type,True,choice,opinion,borderline,4
verbose_routing_diagnostic_v1_b025,mbd,diagnostic,jev_targeted_llm,type,True,choice,opinion,quote,2
verbose_routing_diagnostic_v1_b025,mbd,diagnostic,jev_targeted_llm,type,True,choice,opinion,other,0
verbose_routing_diagnostic_v1_b025,mbd,diagnostic,jev_targeted_llm,type,True,choice,opinion,__missing__,0
verbose_routing_diagnostic_v1_b025,mbd,diagnostic,jev_targeted_llm,type,True,choice,borderline,fact,6
verbose_routing_diagnostic_v1_b025,mbd,diagnostic,jev_targeted_llm,type,True,choice,borderline,opinion,6
verbose_routing_diagnostic_v1_b025,mbd,diagnostic,jev_targeted_llm,type,True,choice,borderline,borderline,12
verbose_routing_diagnostic_v1_b025,mbd,diagnostic,jev_targeted_llm,type,True,choice,borderline,quote,0
verbose_routing_diagnostic_v1_b025,mbd,diagnostic,jev_targeted_llm,type,True,choice,borderline,other,0
verbose_routing_diagnostic_v1_b025,mbd,diagnostic,jev_targeted_llm,type,True,choice,borderline,__missing__,0
verbose_routing_diagnostic_v1_b025,mbd,diagnostic,jev_targeted_llm,type,True,choice,quote,fact,5
verbose_routing_diagnostic_v1_b025,mbd,diagnostic,jev_targeted_llm,type,True,choice,quote,opinion,2
verbose_routing_diagnostic_v1_b025,mbd,diagnostic,jev_targeted_llm,type,True,choice,quote,borderline,0
verbose_routing_diagnostic_v1_b025,mbd,diagnostic,jev_targeted_llm,type,True,choice,quote,quote,114
verbose_routing_diagnostic_v1_b025,mbd,diagnostic,jev_targeted_llm,type,True,choice,quote,other,0
verbose_routing_diagnostic_v1_b025,mbd,diagnostic,jev_targeted_llm,type,True,choice,quote,__missing__,0
verbose_routing_diagnostic_v1_b025,mbd,diagnostic,jev_targeted_llm,type,True,choice,other,fact,11
verbose_routing_diagnostic_v1_b025,mbd,diagnostic,jev_targeted_llm,type,True,choice,other,opinion,12
verbose_routing_diagnostic_v1_b025,mbd,diagnostic,jev_targeted_llm,type,True,choice,other,borderline,0
verbose_routing_diagnostic_v1_b025,mbd,diagnostic,jev_targeted_llm,type,True,choice,other,quote,2
verbose_routing_diagnostic_v1_b025,mbd,diagnostic,jev_targeted_llm,type,True,choice,other,other,26
verbose_routing_diagnostic_v1_b025,mbd,diagnostic,jev_targeted_llm,type,True,choice,other,__missing__,0
verbose_routing_diagnostic_v1_b025,mbd,diagnostic,jev_verbose,tone,True,choice,positive,positive,41
verbose_routing_diagnostic_v1_b025,mbd,diagnostic,jev_verbose,tone,True,choice,positive,negative,1
verbose_routing_diagnostic_v1_b025,mbd,diagnostic,jev_verbose,tone,True,choice,positive,neutral,9
verbose_routing_diagnostic_v1_b025,mbd,diagnostic,jev_verbose,tone,True,choice,positive,__missing__,0
verbose_routing_diagnostic_v1_b025,mbd,diagnostic,jev_verbose,tone,True,choice,negative,positive,3
verbose_routing_diagnostic_v1_b025,mbd,diagnostic,jev_verbose,tone,True,choice,negative,negative,104
verbose_routing_diagnostic_v1_b025,mbd,diagnostic,jev_verbose,tone,True,choice,negative,neutral,7
verbose_routing_diagnostic_v1_b025,mbd,diagnostic,jev_verbose,tone,True,choice,negative,__missing__,0
verbose_routing_diagnostic_v1_b025,mbd,diagnostic,jev_verbose,tone,True,choice,neutral,positive,33
verbose_routing_diagnostic_v1_b025,mbd,diagnostic,jev_verbose,tone,True,choice,neutral,negative,101
verbose_routing_diagnostic_v1_b025,mbd,diagnostic,jev_verbose,tone,True,choice,neutral,neutral,245
verbose_routing_diagnostic_v1_b025,mbd,diagnostic,jev_verbose,tone,True,choice,neutral,__missing__,0
verbose_routing_diagnostic_v1_b025,mbd,diagnostic,jev_verbose,focus,True,choice,democrat,democrat,72
verbose_routing_diagnostic_v1_b025,mbd,diagnostic,jev_verbose,focus,True,choice,democrat,republican,0
verbose_routing_diagnostic_v1_b025,mbd,diagnostic,jev_verbose,focus,True,choice,democrat,both,3
verbose_routing_diagnostic_v1_b025,mbd,diagnostic,jev_verbose,focus,True,choice,democrat,neither,14
verbose_routing_diagnostic_v1_b025,mbd,diagnostic,jev_verbose,focus,True,choice,democrat,__missing__,0
verbose_routing_diagnostic_v1_b025,mbd,diagnostic,jev_verbose,focus,True,choice,republican,democrat,0
verbose_routing_diagnostic_v1_b025,mbd,diagnostic,jev_verbose,focus,True,choice,republican,republican,80
verbose_routing_diagnostic_v1_b025,mbd,diagnostic,jev_verbose,focus,True,choice,republican,both,1
verbose_routing_diagnostic_v1_b025,mbd,diagnostic,jev_verbose,focus,True,choice,republican,neither,57
verbose_routing_diagnostic_v1_b025,mbd,diagnostic,jev_verbose,focus,True,choice,republican,__missing__,0
verbose_routing_diagnostic_v1_b025,mbd,diagnostic,jev_verbose,focus,True,choice,both,democrat,4
verbose_routing_diagnostic_v1_b025,mbd,diagnostic,jev_verbose,focus,True,choice,both,republican,0
verbose_routing_diagnostic_v1_b025,mbd,diagnostic,jev_verbose,focus,True,choice,both,both,21
verbose_routing_diagnostic_v1_b025,mbd,diagnostic,jev_verbose,focus,True,choice,both,neither,2
verbose_routing_diagnostic_v1_b025,mbd,diagnostic,jev_verbose,focus,True,choice,both,__missing__,0
verbose_routing_diagnostic_v1_b025,mbd,diagnostic,jev_verbose,focus,True,choice,neither,democrat,4
verbose_routing_diagnostic_v1_b025,mbd,diagnostic,jev_verbose,focus,True,choice,neither,republican,0
verbose_routing_diagnostic_v1_b025,mbd,diagnostic,jev_verbose,focus,True,choice,neither,both,0
verbose_routing_diagnostic_v1_b025,mbd,diagnostic,jev_verbose,focus,True,choice,neither,neither,288
verbose_routing_diagnostic_v1_b025,mbd,diagnostic,jev_verbose,focus,True,choice,neither,__missing__,0
verbose_routing_diagnostic_v1_b025,mbd,diagnostic,jev_verbose,type,True,choice,fact,fact,185
verbose_routing_diagnostic_v1_b025,mbd,diagnostic,jev_verbose,type,True,choice,fact,opinion,12
verbose_routing_diagnostic_v1_b025,mbd,diagnostic,jev_verbose,type,True,choice,fact,borderline,34
verbose_routing_diagnostic_v1_b025,mbd,diagnostic,jev_verbose,type,True,choice,fact,quote,7
verbose_routing_diagnostic_v1_b025,mbd,diagnostic,jev_verbose,type,True,choice,fact,other,1
verbose_routing_diagnostic_v1_b025,mbd,diagnostic,jev_verbose,type,True,choice,fact,__missing__,0
verbose_routing_diagnostic_v1_b025,mbd,diagnostic,jev_verbose,type,True,choice,opinion,fact,2
verbose_routing_diagnostic_v1_b025,mbd,diagnostic,jev_verbose,type,True,choice,opinion,opinion,63
verbose_routing_diagnostic_v1_b025,mbd,diagnostic,jev_verbose,type,True,choice,opinion,borderline,6
verbose_routing_diagnostic_v1_b025,mbd,diagnostic,jev_verbose,type,True,choice,opinion,quote,2
verbose_routing_diagnostic_v1_b025,mbd,diagnostic,jev_verbose,type,True,choice,opinion,other,0
verbose_routing_diagnostic_v1_b025,mbd,diagnostic,jev_verbose,type,True,choice,opinion,__missing__,0
verbose_routing_diagnostic_v1_b025,mbd,diagnostic,jev_verbose,type,True,choice,borderline,fact,9
verbose_routing_diagnostic_v1_b025,mbd,diagnostic,jev_verbose,type,True,choice,borderline,opinion,7
verbose_routing_diagnostic_v1_b025,mbd,diagnostic,jev_verbose,type,True,choice,borderline,borderline,8
verbose_routing_diagnostic_v1_b025,mbd,diagnostic,jev_verbose,type,True,choice,borderline,quote,0
verbose_routing_diagnostic_v1_b025,mbd,diagnostic,jev_verbose,type,True,choice,borderline,other,0
verbose_routing_diagnostic_v1_b025,mbd,diagnostic,jev_verbose,type,True,choice,borderline,__missing__,0
verbose_routing_diagnostic_v1_b025,mbd,diagnostic,jev_verbose,type,True,choice,quote,fact,4
verbose_routing_diagnostic_v1_b025,mbd,diagnostic,jev_verbose,type,True,choice,quote,opinion,2
verbose_routing_diagnostic_v1_b025,mbd,diagnostic,jev_verbose,type,True,choice,quote,borderline,0
verbose_routing_diagnostic_v1_b025,mbd,diagnostic,jev_verbose,type,True,choice,quote,quote,115
verbose_routing_diagnostic_v1_b025,mbd,diagnostic,jev_verbose,type,True,choice,quote,other,0
verbose_routing_diagnostic_v1_b025,mbd,diagnostic,jev_verbose,type,True,choice,quote,__missing__,0
verbose_routing_diagnostic_v1_b025,mbd,diagnostic,jev_verbose,type,True,choice,other,fact,11
verbose_routing_diagnostic_v1_b025,mbd,diagnostic,jev_verbose,type,True,choice,other,opinion,11
verbose_routing_diagnostic_v1_b025,mbd,diagnostic,jev_verbose,type,True,choice,other,borderline,1
verbose_routing_diagnostic_v1_b025,mbd,diagnostic,jev_verbose,type,True,choice,other,quote,2
verbose_routing_diagnostic_v1_b025,mbd,diagnostic,jev_verbose,type,True,choice,other,other,26
verbose_routing_diagnostic_v1_b025,mbd,diagnostic,jev_verbose,type,True,choice,other,__missing__,0
verbose_routing_diagnostic_v1_b025,ucc,diagnostic,jev_targeted_llm,healthy,True,choice,0,0,11
verbose_routing_diagnostic_v1_b025,ucc,diagnostic,jev_targeted_llm,healthy,True,choice,0,1,54
verbose_routing_diagnostic_v1_b025,ucc,diagnostic,jev_targeted_llm,healthy,True,choice,0,__missing__,0
verbose_routing_diagnostic_v1_b025,ucc,diagnostic,jev_targeted_llm,healthy,True,choice,1,0,66
verbose_routing_diagnostic_v1_b025,ucc,diagnostic,jev_targeted_llm,healthy,True,choice,1,1,871
verbose_routing_diagnostic_v1_b025,ucc,diagnostic,jev_targeted_llm,healthy,True,choice,1,__missing__,0
verbose_routing_diagnostic_v1_b025,ucc,diagnostic,jev_targeted_llm,sarcastic,True,choice,0,0,893
verbose_routing_diagnostic_v1_b025,ucc,diagnostic,jev_targeted_llm,sarcastic,True,choice,0,1,61
verbose_routing_diagnostic_v1_b025,ucc,diagnostic,jev_targeted_llm,sarcastic,True,choice,0,__missing__,0
verbose_routing_diagnostic_v1_b025,ucc,diagnostic,jev_targeted_llm,sarcastic,True,choice,1,0,36
verbose_routing_diagnostic_v1_b025,ucc,diagnostic,jev_targeted_llm,sarcastic,True,choice,1,1,12
verbose_routing_diagnostic_v1_b025,ucc,diagnostic,jev_targeted_llm,sarcastic,True,choice,1,__missing__,0
verbose_routing_diagnostic_v1_b025,ucc,diagnostic,jev_targeted_llm,generalisation,False,choice,0,0,937
verbose_routing_diagnostic_v1_b025,ucc,diagnostic,jev_targeted_llm,generalisation,False,choice,0,1,50
verbose_routing_diagnostic_v1_b025,ucc,diagnostic,jev_targeted_llm,generalisation,False,choice,0,__missing__,0
verbose_routing_diagnostic_v1_b025,ucc,diagnostic,jev_targeted_llm,generalisation,False,choice,1,0,8
verbose_routing_diagnostic_v1_b025,ucc,diagnostic,jev_targeted_llm,generalisation,False,choice,1,1,7
verbose_routing_diagnostic_v1_b025,ucc,diagnostic,jev_targeted_llm,generalisation,False,choice,1,__missing__,0
verbose_routing_diagnostic_v1_b025,ucc,diagnostic,jev_targeted_llm,generalisation_unfair,True,choice,0,0,949
verbose_routing_diagnostic_v1_b025,ucc,diagnostic,jev_targeted_llm,generalisation_unfair,True,choice,0,1,39
verbose_routing_diagnostic_v1_b025,ucc,diagnostic,jev_targeted_llm,generalisation_unfair,True,choice,0,__missing__,0
verbose_routing_diagnostic_v1_b025,ucc,diagnostic,jev_targeted_llm,generalisation_unfair,True,choice,1,0,12
verbose_routing_diagnostic_v1_b025,ucc,diagnostic,jev_targeted_llm,generalisation_unfair,True,choice,1,1,2
verbose_routing_diagnostic_v1_b025,ucc,diagnostic,jev_targeted_llm,generalisation_unfair,True,choice,1,__missing__,0
verbose_routing_diagnostic_v1_b025,ucc,diagnostic,jev_targeted_llm,hostile,True,choice,0,0,933
verbose_routing_diagnostic_v1_b025,ucc,diagnostic,jev_targeted_llm,hostile,True,choice,0,1,48
verbose_routing_diagnostic_v1_b025,ucc,diagnostic,jev_targeted_llm,hostile,True,choice,0,__missing__,0
verbose_routing_diagnostic_v1_b025,ucc,diagnostic,jev_targeted_llm,hostile,True,choice,1,0,15
verbose_routing_diagnostic_v1_b025,ucc,diagnostic,jev_targeted_llm,hostile,True,choice,1,1,6
verbose_routing_diagnostic_v1_b025,ucc,diagnostic,jev_targeted_llm,hostile,True,choice,1,__missing__,0
verbose_routing_diagnostic_v1_b025,ucc,diagnostic,jev_targeted_llm,antagonize,True,choice,0,0,909
verbose_routing_diagnostic_v1_b025,ucc,diagnostic,jev_targeted_llm,antagonize,True,choice,0,1,42
verbose_routing_diagnostic_v1_b025,ucc,diagnostic,jev_targeted_llm,antagonize,True,choice,0,__missing__,0
verbose_routing_diagnostic_v1_b025,ucc,diagnostic,jev_targeted_llm,antagonize,True,choice,1,0,42
verbose_routing_diagnostic_v1_b025,ucc,diagnostic,jev_targeted_llm,antagonize,True,choice,1,1,9
verbose_routing_diagnostic_v1_b025,ucc,diagnostic,jev_targeted_llm,antagonize,True,choice,1,__missing__,0
verbose_routing_diagnostic_v1_b025,ucc,diagnostic,jev_targeted_llm,condescending,True,choice,0,0,904
verbose_routing_diagnostic_v1_b025,ucc,diagnostic,jev_targeted_llm,condescending,True,choice,0,1,51
verbose_routing_diagnostic_v1_b025,ucc,diagnostic,jev_targeted_llm,condescending,True,choice,0,__missing__,0
verbose_routing_diagnostic_v1_b025,ucc,diagnostic,jev_targeted_llm,condescending,True,choice,1,0,34
verbose_routing_diagnostic_v1_b025,ucc,diagnostic,jev_targeted_llm,condescending,True,choice,1,1,13
verbose_routing_diagnostic_v1_b025,ucc,diagnostic,jev_targeted_llm,condescending,True,choice,1,__missing__,0
verbose_routing_diagnostic_v1_b025,ucc,diagnostic,jev_targeted_llm,dismissive,True,choice,0,0,913
verbose_routing_diagnostic_v1_b025,ucc,diagnostic,jev_targeted_llm,dismissive,True,choice,0,1,65
verbose_routing_diagnostic_v1_b025,ucc,diagnostic,jev_targeted_llm,dismissive,True,choice,0,__missing__,0
verbose_routing_diagnostic_v1_b025,ucc,diagnostic,jev_targeted_llm,dismissive,True,choice,1,0,19
verbose_routing_diagnostic_v1_b025,ucc,diagnostic,jev_targeted_llm,dismissive,True,choice,1,1,5
verbose_routing_diagnostic_v1_b025,ucc,diagnostic,jev_targeted_llm,dismissive,True,choice,1,__missing__,0
verbose_routing_diagnostic_v1_b025,ucc,diagnostic,jev_verbose,healthy,True,choice,0,0,56
verbose_routing_diagnostic_v1_b025,ucc,diagnostic,jev_verbose,healthy,True,choice,0,1,9
verbose_routing_diagnostic_v1_b025,ucc,diagnostic,jev_verbose,healthy,True,choice,0,__missing__,0
verbose_routing_diagnostic_v1_b025,ucc,diagnostic,jev_verbose,healthy,True,choice,1,0,436
verbose_routing_diagnostic_v1_b025,ucc,diagnostic,jev_verbose,healthy,True,choice,1,1,501
verbose_routing_diagnostic_v1_b025,ucc,diagnostic,jev_verbose,healthy,True,choice,1,__missing__,0
verbose_routing_diagnostic_v1_b025,ucc,diagnostic,jev_verbose,sarcastic,True,choice,0,0,599
verbose_routing_diagnostic_v1_b025,ucc,diagnostic,jev_verbose,sarcastic,True,choice,0,1,355
verbose_routing_diagnostic_v1_b025,ucc,diagnostic,jev_verbose,sarcastic,True,choice,0,__missing__,0
verbose_routing_diagnostic_v1_b025,ucc,diagnostic,jev_verbose,sarcastic,True,choice,1,0,8
verbose_routing_diagnostic_v1_b025,ucc,diagnostic,jev_verbose,sarcastic,True,choice,1,1,40
verbose_routing_diagnostic_v1_b025,ucc,diagnostic,jev_verbose,sarcastic,True,choice,1,__missing__,0
verbose_routing_diagnostic_v1_b025,ucc,diagnostic,jev_verbose,generalisation,False,choice,0,0,860
verbose_routing_diagnostic_v1_b025,ucc,diagnostic,jev_verbose,generalisation,False,choice,0,1,127
verbose_routing_diagnostic_v1_b025,ucc,diagnostic,jev_verbose,generalisation,False,choice,0,__missing__,0
verbose_routing_diagnostic_v1_b025,ucc,diagnostic,jev_verbose,generalisation,False,choice,1,0,2
verbose_routing_diagnostic_v1_b025,ucc,diagnostic,jev_verbose,generalisation,False,choice,1,1,13
verbose_routing_diagnostic_v1_b025,ucc,diagnostic,jev_verbose,generalisation,False,choice,1,__missing__,0
verbose_routing_diagnostic_v1_b025,ucc,diagnostic,jev_verbose,generalisation_unfair,True,choice,0,0,863
verbose_routing_diagnostic_v1_b025,ucc,diagnostic,jev_verbose,generalisation_unfair,True,choice,0,1,125
verbose_routing_diagnostic_v1_b025,ucc,diagnostic,jev_verbose,generalisation_unfair,True,choice,0,__missing__,0
verbose_routing_diagnostic_v1_b025,ucc,diagnostic,jev_verbose,generalisation_unfair,True,choice,1,0,4
verbose_routing_diagnostic_v1_b025,ucc,diagnostic,jev_verbose,generalisation_unfair,True,choice,1,1,10
verbose_routing_diagnostic_v1_b025,ucc,diagnostic,jev_verbose,generalisation_unfair,True,choice,1,__missing__,0
verbose_routing_diagnostic_v1_b025,ucc,diagnostic,jev_verbose,hostile,True,choice,0,0,691
verbose_routing_diagnostic_v1_b025,ucc,diagnostic,jev_verbose,hostile,True,choice,0,1,290
verbose_routing_diagnostic_v1_b025,ucc,diagnostic,jev_verbose,hostile,True,choice,0,__missing__,0
verbose_routing_diagnostic_v1_b025,ucc,diagnostic,jev_verbose,hostile,True,choice,1,0,3
verbose_routing_diagnostic_v1_b025,ucc,diagnostic,jev_verbose,hostile,True,choice,1,1,18
verbose_routing_diagnostic_v1_b025,ucc,diagnostic,jev_verbose,hostile,True,choice,1,__missing__,0
verbose_routing_diagnostic_v1_b025,ucc,diagnostic,jev_verbose,antagonize,True,choice,0,0,580
verbose_routing_diagnostic_v1_b025,ucc,diagnostic,jev_verbose,antagonize,True,choice,0,1,371
verbose_routing_diagnostic_v1_b025,ucc,diagnostic,jev_verbose,antagonize,True,choice,0,__missing__,0
verbose_routing_diagnostic_v1_b025,ucc,diagnostic,jev_verbose,antagonize,True,choice,1,0,8
verbose_routing_diagnostic_v1_b025,ucc,diagnostic,jev_verbose,antagonize,True,choice,1,1,43
verbose_routing_diagnostic_v1_b025,ucc,diagnostic,jev_verbose,antagonize,True,choice,1,__missing__,0
verbose_routing_diagnostic_v1_b025,ucc,diagnostic,jev_verbose,condescending,True,choice,0,0,579
verbose_routing_diagnostic_v1_b025,ucc,diagnostic,jev_verbose,condescending,True,choice,0,1,376
verbose_routing_diagnostic_v1_b025,ucc,diagnostic,jev_verbose,condescending,True,choice,0,__missing__,0
verbose_routing_diagnostic_v1_b025,ucc,diagnostic,jev_verbose,condescending,True,choice,1,0,3
verbose_routing_diagnostic_v1_b025,ucc,diagnostic,jev_verbose,condescending,True,choice,1,1,44
verbose_routing_diagnostic_v1_b025,ucc,diagnostic,jev_verbose,condescending,True,choice,1,__missing__,0
verbose_routing_diagnostic_v1_b025,ucc,diagnostic,jev_verbose,dismissive,True,choice,0,0,544
verbose_routing_diagnostic_v1_b025,ucc,diagnostic,jev_verbose,dismissive,True,choice,0,1,434
verbose_routing_diagnostic_v1_b025,ucc,diagnostic,jev_verbose,dismissive,True,choice,0,__missing__,0
verbose_routing_diagnostic_v1_b025,ucc,diagnostic,jev_verbose,dismissive,True,choice,1,0,6
verbose_routing_diagnostic_v1_b025,ucc,diagnostic,jev_verbose,dismissive,True,choice,1,1,18
verbose_routing_diagnostic_v1_b025,ucc,diagnostic,jev_verbose,dismissive,True,choice,1,__missing__,0
