epoch,dataset,split,method,dimension_id,primary,kind,estimand,original_labels,original_output_range,n_reference,n_predicted,coverage,accuracy,macro_f1,macro_f1_supported,n_original_classes,n_supported_classes,nll,nll_n,brier,probability_coverage,mae,rmse,normalized_mae,normalized_rmse,binomial_loss,n_rater_responses
adaptation_discovery_v1,babe,discovery,jev_joint_ab,label_bias,True,choice,category,"[""Non-biased"", ""Biased""]",,200,200,1.0,0.815,0.8142150586226808,0.8142150586226808,2,2,0.5194613422675805,200,0.25702175000000016,1.0,,,,,,
adaptation_discovery_v1,babe,discovery,llm_full_calibration_examples,label_bias,True,choice,category,"[""Non-biased"", ""Biased""]",,200,200,1.0,0.835,0.8349628666449951,0.8349628666449951,2,2,,0,,0.0,,,,,,
adaptation_discovery_v1,babe,discovery,llm_labeled_examples,label_bias,True,choice,category,"[""Non-biased"", ""Biased""]",,200,200,1.0,0.83,0.8297275641025641,0.8297275641025641,2,2,,0,,0.0,,,,,,
adaptation_discovery_v1,commonsense,discovery,jev_joint_ab,q1,True,noul,rater_fraction,,"[0, 1]",200,200,1.0,,,,,,,,,,0.15479346417973983,0.2008673811182846,0.15479346417973983,0.2008673811182846,0.5159201201380272,4594.0
adaptation_discovery_v1,commonsense,discovery,jev_joint_ab,q2,True,noul,rater_fraction,,"[0, 1]",200,200,1.0,,,,,,,,,,0.15326310028275028,0.2022468280692685,0.15326310028275028,0.2022468280692685,0.5485996968487231,4594.0
adaptation_discovery_v1,commonsense,discovery,llm_full_calibration_examples,q1,True,noul,rater_fraction,,"[0, 1]",200,200,1.0,,,,,,,,,,0.14380668211320694,0.18920443988734317,0.14380668211320694,0.18920443988734317,0.5052487696172157,4594.0
adaptation_discovery_v1,commonsense,discovery,llm_full_calibration_examples,q2,True,noul,rater_fraction,,"[0, 1]",200,200,1.0,,,,,,,,,,0.13551964899780244,0.17946020868266613,0.13551964899780244,0.17946020868266613,0.5287180689212896,4594.0
adaptation_discovery_v1,commonsense,discovery,llm_labeled_examples,q1,True,noul,rater_fraction,,"[0, 1]",200,200,1.0,,,,,,,,,,0.14410833366858158,0.18726769255014625,0.14410833366858158,0.18726769255014625,0.5038678060059553,4594.0
adaptation_discovery_v1,commonsense,discovery,llm_labeled_examples,q2,True,noul,rater_fraction,,"[0, 1]",200,200,1.0,,,,,,,,,,0.1403339902673197,0.17998836796979473,0.1403339902673197,0.17998836796979473,0.5292262955406973,4594.0
adaptation_discovery_v1,conflict,discovery,jev_joint_ab,rating_directness_content,True,choice,category,"[""Yes - Direct Content"", ""Neutral - Content contains no opinion"", ""No - Indirect Content""]",,92,92,1.0,0.9130434782608695,0.3181818181818182,0.9545454545454546,3,1,0.21237957980391087,92,0.11221032608695654,1.0,,,,,,
adaptation_discovery_v1,conflict,discovery,jev_joint_ab,rating_directness_expression,True,choice,category,"[""Yes - Direct Expression"", ""No - Indirect Expression""]",,92,92,1.0,0.9021739130434783,0.6733727810650887,0.6733727810650887,2,2,0.2614366560108717,92,0.15932010869565216,1.0,,,,,,
adaptation_discovery_v1,conflict,discovery,jev_joint_ab,rating_OI_content,True,choice,category,"[""Yes - Content opposes someone else"", ""No - Content does not oppose anyone""]",,92,92,1.0,0.8369565217391305,0.5598086124401913,0.5598086124401913,2,2,0.6275839630919182,92,0.2444923913043478,1.0,,,,,,
adaptation_discovery_v1,conflict,discovery,jev_joint_ab,rating_OI_expression,True,choice,category,"[""Yes - Expression is emotional/forceful"", ""No - Expression is not emotional/forceful""]",,92,92,1.0,0.717391304347826,0.6116883116883117,0.6116883116883117,2,2,0.9077675321830333,92,0.4387527173913042,1.0,,,,,,
adaptation_discovery_v1,conflict,discovery,llm_full_calibration_examples,rating_directness_content,True,choice,category,"[""Yes - Direct Content"", ""Neutral - Content contains no opinion"", ""No - Indirect Content""]",,92,92,1.0,1.0,0.3333333333333333,1.0,3,1,,0,,0.0,,,,,,
adaptation_discovery_v1,conflict,discovery,llm_full_calibration_examples,rating_directness_expression,True,choice,category,"[""Yes - Direct Expression"", ""No - Indirect Expression""]",,92,92,1.0,0.9456521739130435,0.6287328490718321,0.6287328490718321,2,2,,0,,0.0,,,,,,
adaptation_discovery_v1,conflict,discovery,llm_full_calibration_examples,rating_OI_content,True,choice,category,"[""Yes - Content opposes someone else"", ""No - Content does not oppose anyone""]",,92,92,1.0,0.8913043478260869,0.5542635658914729,0.5542635658914729,2,2,,0,,0.0,,,,,,
adaptation_discovery_v1,conflict,discovery,llm_full_calibration_examples,rating_OI_expression,True,choice,category,"[""Yes - Expression is emotional/forceful"", ""No - Expression is not emotional/forceful""]",,92,92,1.0,0.8478260869565217,0.6073170731707317,0.6073170731707317,2,2,,0,,0.0,,,,,,
adaptation_discovery_v1,conflict,discovery,llm_labeled_examples,rating_directness_content,True,choice,category,"[""Yes - Direct Content"", ""Neutral - Content contains no opinion"", ""No - Indirect Content""]",,92,92,1.0,0.9891304347826086,0.331511839708561,0.994535519125683,3,1,,0,,0.0,,,,,,
adaptation_discovery_v1,conflict,discovery,llm_labeled_examples,rating_directness_expression,True,choice,category,"[""Yes - Direct Expression"", ""No - Indirect Expression""]",,92,92,1.0,0.9456521739130435,0.6287328490718321,0.6287328490718321,2,2,,0,,0.0,,,,,,
adaptation_discovery_v1,conflict,discovery,llm_labeled_examples,rating_OI_content,True,choice,category,"[""Yes - Content opposes someone else"", ""No - Content does not oppose anyone""]",,92,92,1.0,0.7391304347826086,0.4945054945054945,0.4945054945054945,2,2,,0,,0.0,,,,,,
adaptation_discovery_v1,conflict,discovery,llm_labeled_examples,rating_OI_expression,True,choice,category,"[""Yes - Expression is emotional/forceful"", ""No - Expression is not emotional/forceful""]",,92,92,1.0,0.782608695652174,0.6017316017316017,0.6017316017316017,2,2,,0,,0.0,,,,,,
adaptation_discovery_v1,mbd,discovery,jev_joint_ab,type,True,choice,category,"[""fact"", ""opinion"", ""borderline"", ""quote"", ""other""]",,209,209,1.0,0.8421052631578947,0.6201038785420124,0.6201038785420124,5,5,0.6146849807059753,209,0.2723014460028256,1.0,,,,,,
adaptation_discovery_v1,mbd,discovery,jev_joint_ab,tone,True,choice,category,"[""positive"", ""negative"", ""neutral""]",,210,210,1.0,0.8095238095238095,0.715384205658614,0.715384205658614,3,3,0.6970637182395644,210,0.3005633333333334,1.0,,,,,,
adaptation_discovery_v1,mbd,discovery,jev_joint_ab,focus,True,choice,category,"[""democrat"", ""republican"", ""both"", ""neither""]",,204,204,1.0,0.9068627450980392,0.8053666390446257,0.8053666390446257,4,4,0.2560752641679077,204,0.14278561273086296,1.0,,,,,,
adaptation_discovery_v1,mbd,discovery,llm_full_calibration_examples,type,True,choice,category,"[""fact"", ""opinion"", ""borderline"", ""quote"", ""other""]",,209,209,1.0,0.8660287081339713,0.5669184648628908,0.5669184648628908,5,5,,0,,0.0,,,,,,
adaptation_discovery_v1,mbd,discovery,llm_full_calibration_examples,tone,True,choice,category,"[""positive"", ""negative"", ""neutral""]",,210,210,1.0,0.8714285714285714,0.7487881903642774,0.7487881903642774,3,3,,0,,0.0,,,,,,
adaptation_discovery_v1,mbd,discovery,llm_full_calibration_examples,focus,True,choice,category,"[""democrat"", ""republican"", ""both"", ""neither""]",,204,204,1.0,0.8921568627450981,0.7902859641919994,0.7902859641919994,4,4,,0,,0.0,,,,,,
adaptation_discovery_v1,mbd,discovery,llm_labeled_examples,type,True,choice,category,"[""fact"", ""opinion"", ""borderline"", ""quote"", ""other""]",,209,209,1.0,0.84688995215311,0.578120139600167,0.578120139600167,5,5,,0,,0.0,,,,,,
adaptation_discovery_v1,mbd,discovery,llm_labeled_examples,tone,True,choice,category,"[""positive"", ""negative"", ""neutral""]",,210,210,1.0,0.8380952380952381,0.7234179916476225,0.7234179916476225,3,3,,0,,0.0,,,,,,
adaptation_discovery_v1,mbd,discovery,llm_labeled_examples,focus,True,choice,category,"[""democrat"", ""republican"", ""both"", ""neither""]",,204,204,1.0,0.8725490196078431,0.7503647913688152,0.7503647913688152,4,4,,0,,0.0,,,,,,
adaptation_discovery_v1,taskmap,discovery,jev_joint_ab,Q1concept_behav,True,noul,rater_fraction,,"[0, 1]",20,20,1.0,,,,,,,,,,0.062110295501599855,0.07035368979085825,0.062110295501599855,0.07035368979085825,0.16599007296506027,462.0
adaptation_discovery_v1,taskmap,discovery,jev_joint_ab,Q2intel_manip_1,True,score,continuous_rating,,"[0, 1]",20,20,1.0,,,,,,,,,,0.06963391210239037,0.08059822668892574,0.06963391210239037,0.08059822668892574,,0.0
adaptation_discovery_v1,taskmap,discovery,jev_joint_ab,Q3type_1_planning,True,noul,rater_fraction,,"[0, 1]",20,20,1.0,,,,,,,,,,0.09987097684923771,0.1286212248462856,0.09987097684923771,0.1286212248462856,0.5075403490962987,463.0
adaptation_discovery_v1,taskmap,discovery,jev_joint_ab,Q4type_2_generate,True,noul,rater_fraction,,"[0, 1]",20,20,1.0,,,,,,,,,,0.09019249952945604,0.11553525460923164,0.09019249952945604,0.11553525460923164,0.3979535484608755,464.0
adaptation_discovery_v1,taskmap,discovery,jev_joint_ab,Q5creativity_input_1,True,score,continuous_rating,,"[0, 1]",20,20,1.0,,,,,,,,,,0.24716168831168833,0.26811466821826907,0.24716168831168833,0.26811466821826907,,0.0
adaptation_discovery_v1,taskmap,discovery,jev_joint_ab,Q6type_5_cc,True,noul,rater_fraction,,"[0, 1]",20,20,1.0,,,,,,,,,,0.08991083192170149,0.12390484554689299,0.08991083192170149,0.12390484554689299,0.40273753910958726,463.0
adaptation_discovery_v1,taskmap,discovery,jev_joint_ab,Q7type_7_battle,True,noul,rater_fraction,,"[0, 1]",20,20,1.0,,,,,,,,,,0.14259994353472616,0.17759168866948133,0.14259994353472616,0.17759168866948133,0.5494821996624875,462.0
adaptation_discovery_v1,taskmap,discovery,jev_joint_ab,Q8type_8_performance,True,noul,rater_fraction,,"[0, 1]",20,20,1.0,,,,,,,,,,0.06363448146056841,0.0868918652604732,0.06363448146056841,0.0868918652604732,0.2894694448621255,462.0
adaptation_discovery_v1,taskmap,discovery,jev_joint_ab,Q9divisible_unitary,True,noul,rater_fraction,,"[0, 1]",20,20,1.0,,,,,,,,,,0.16323390739695087,0.19020633765323675,0.16323390739695087,0.19020633765323675,0.48900531505735384,444.0
adaptation_discovery_v1,taskmap,discovery,jev_joint_ab,Q10maximizing,True,noul,rater_fraction,,"[0, 1]",20,20,1.0,,,,,,,,,,0.1096466214944476,0.12968974945326847,0.1096466214944476,0.12968974945326847,0.5381301340065597,464.0
adaptation_discovery_v1,taskmap,discovery,jev_joint_ab,Q11optimizing,True,noul,rater_fraction,,"[0, 1]",20,20,1.0,,,,,,,,,,0.13423593073593074,0.16869084062174486,0.13423593073593074,0.16869084062174486,0.5828730918624577,462.0
adaptation_discovery_v1,taskmap,discovery,jev_joint_ab,Q13outcome_multip,True,noul,rater_fraction,,"[0, 1]",20,20,1.0,,,,,,,,,,0.26982062864671563,0.31832309613798554,0.26982062864671563,0.31832309613798554,0.7221544240709104,459.0
adaptation_discovery_v1,taskmap,discovery,jev_joint_ab,Q14sol_scheme_mul,True,noul,rater_fraction,,"[0, 1]",20,20,1.0,,,,,,,,,,0.18300155279503105,0.23360039727949647,0.18300155279503105,0.23360039727949647,0.6962058250081608,461.0
adaptation_discovery_v1,taskmap,discovery,jev_joint_ab,Q15dec_verifiability,True,noul,rater_fraction,,"[0, 1]",20,20,1.0,,,,,,,,,,0.1216072840203275,0.13833565070405707,0.1216072840203275,0.13833565070405707,0.40782012702763154,460.0
adaptation_discovery_v1,taskmap,discovery,jev_joint_ab,Q16shared_knowledge,True,noul,rater_fraction,,"[0, 1]",20,20,1.0,,,,,,,,,,0.17350032938076415,0.22939584796944618,0.17350032938076415,0.22939584796944618,0.6022641572085108,462.0
adaptation_discovery_v1,taskmap,discovery,jev_joint_ab,Q17within_sys_sol,True,noul,rater_fraction,,"[0, 1]",20,20,1.0,,,,,,,,,,0.1520513363448146,0.1831303276690633,0.1520513363448146,0.1831303276690633,0.46372970631918636,460.0
adaptation_discovery_v1,taskmap,discovery,jev_joint_ab,Q18ans_recog,True,noul,rater_fraction,,"[0, 1]",20,20,1.0,,,,,,,,,,0.18207561641257294,0.21841405445568002,0.18207561641257294,0.21841405445568002,0.5920160711031026,456.0
adaptation_discovery_v1,taskmap,discovery,jev_joint_ab,Q19time_solvability,True,noul,rater_fraction,,"[0, 1]",20,20,1.0,,,,,,,,,,0.2707547995482778,0.31138399550806517,0.2707547995482778,0.31138399550806517,0.6571010508631039,459.0
adaptation_discovery_v1,taskmap,discovery,jev_joint_ab,Q20type_3_type_4,True,noul,rater_fraction,,"[0, 1]",20,20,1.0,,,,,,,,,,0.16880194805194806,0.216899645682149,0.16880194805194806,0.216899645682149,0.48359208545944077,460.0
adaptation_discovery_v1,taskmap,discovery,jev_joint_ab,Q21intellective_judg_1,True,score,continuous_rating,,"[0, 1]",20,20,1.0,,,,,,,,,,0.11306336344814605,0.14963347705385097,0.11306336344814605,0.14963347705385097,,0.0
adaptation_discovery_v1,taskmap,discovery,jev_joint_ab,Q22confl_tradeoffs,True,noul,rater_fraction,,"[0, 1]",20,20,1.0,,,,,,,,,,0.15199694146433276,0.19643732709798584,0.15199694146433276,0.19643732709798584,0.4968861443489852,463.0
adaptation_discovery_v1,taskmap,discovery,jev_joint_ab,Q23ss_out_uncert,True,noul,rater_fraction,,"[0, 1]",20,20,1.0,,,,,,,,,,0.09660530773574252,0.11623458881033004,0.09660530773574252,0.11623458881033004,0.5348219206171348,457.0
adaptation_discovery_v1,taskmap,discovery,jev_joint_ab,Q24eureka_question,True,noul,rater_fraction,,"[0, 1]",20,20,1.0,,,,,,,,,,0.08298197816676078,0.09408350533268288,0.08298197816676078,0.09408350533268288,0.2755041516065958,457.0
adaptation_discovery_v1,taskmap,discovery,llm_full_calibration_examples,Q1concept_behav,True,noul,rater_fraction,,"[0, 1]",20,20,1.0,,,,,,,,,,0.05069405232448711,0.0800860176297656,0.05069405232448711,0.0800860176297656,0.43390612087412017,462.0
adaptation_discovery_v1,taskmap,discovery,llm_full_calibration_examples,Q2intel_manip_1,True,score,continuous_rating,,"[0, 1]",20,20,1.0,,,,,,,,,,0.049116087897609635,0.07731901258570842,0.049116087897609635,0.07731901258570842,,0.0
adaptation_discovery_v1,taskmap,discovery,llm_full_calibration_examples,Q3type_1_planning,True,noul,rater_fraction,,"[0, 1]",20,20,1.0,,,,,,,,,,0.07098122529644268,0.08968440856641977,0.07098122529644268,0.08968440856641977,0.7363008245093396,463.0
adaptation_discovery_v1,taskmap,discovery,llm_full_calibration_examples,Q4type_2_generate,True,noul,rater_fraction,,"[0, 1]",20,20,1.0,,,,,,,,,,0.10717043101825711,0.1772003819958412,0.10717043101825711,0.1772003819958412,0.6599364453555618,464.0
adaptation_discovery_v1,taskmap,discovery,llm_full_calibration_examples,Q5creativity_input_1,True,score,continuous_rating,,"[0, 1]",20,20,1.0,,,,,,,,,,0.11649792019574627,0.1426370811774314,0.11649792019574627,0.1426370811774314,,0.0
adaptation_discovery_v1,taskmap,discovery,llm_full_calibration_examples,Q6type_5_cc,True,noul,rater_fraction,,"[0, 1]",20,20,1.0,,,,,,,,,,0.08086994165255035,0.12468988224919629,0.08086994165255035,0.12468988224919629,0.649376157736316,463.0
adaptation_discovery_v1,taskmap,discovery,llm_full_calibration_examples,Q7type_7_battle,True,noul,rater_fraction,,"[0, 1]",20,20,1.0,,,,,,,,,,0.20641516092603046,0.26734378350191473,0.20641516092603046,0.26734378350191473,0.6388597410827984,462.0
adaptation_discovery_v1,taskmap,discovery,llm_full_calibration_examples,Q8type_8_performance,True,noul,rater_fraction,,"[0, 1]",20,20,1.0,,,,,,,,,,0.1696325992847732,0.2981505244159118,0.1696325992847732,0.2981505244159118,0.5597125821409975,462.0
adaptation_discovery_v1,taskmap,discovery,llm_full_calibration_examples,Q9divisible_unitary,True,noul,rater_fraction,,"[0, 1]",20,20,1.0,,,,,,,,,,0.1890520892151327,0.26054376370060445,0.1890520892151327,0.26054376370060445,0.8847289145110689,444.0
adaptation_discovery_v1,taskmap,discovery,llm_full_calibration_examples,Q10maximizing,True,noul,rater_fraction,,"[0, 1]",20,20,1.0,,,,,,,,,,0.19548640127987954,0.2613057306635336,0.19548640127987954,0.2613057306635336,0.8236982885869844,464.0
adaptation_discovery_v1,taskmap,discovery,llm_full_calibration_examples,Q11optimizing,True,noul,rater_fraction,,"[0, 1]",20,20,1.0,,,,,,,,,,0.23021645021645024,0.2922880104576799,0.23021645021645024,0.2922880104576799,0.7261456624451832,462.0
adaptation_discovery_v1,taskmap,discovery,llm_full_calibration_examples,Q13outcome_multip,True,noul,rater_fraction,,"[0, 1]",20,20,1.0,,,,,,,,,,0.23980924148315452,0.3203510686135227,0.23980924148315452,0.3203510686135227,1.1837091132332602,459.0
adaptation_discovery_v1,taskmap,discovery,llm_full_calibration_examples,Q14sol_scheme_mul,True,noul,rater_fraction,,"[0, 1]",20,20,1.0,,,,,,,,,,0.1581547619047619,0.20763436737228425,0.1581547619047619,0.20763436737228425,0.6489057025816181,461.0
adaptation_discovery_v1,taskmap,discovery,llm_full_calibration_examples,Q15dec_verifiability,True,noul,rater_fraction,,"[0, 1]",20,20,1.0,,,,,,,,,,0.13736848296630905,0.19900989559332025,0.13736848296630905,0.19900989559332025,0.6876771306615139,460.0
adaptation_discovery_v1,taskmap,discovery,llm_full_calibration_examples,Q16shared_knowledge,True,noul,rater_fraction,,"[0, 1]",20,20,1.0,,,,,,,,,,0.18616097308488613,0.23826017901630864,0.18616097308488613,0.23826017901630864,0.6701159766682806,462.0
adaptation_discovery_v1,taskmap,discovery,llm_full_calibration_examples,Q17within_sys_sol,True,noul,rater_fraction,,"[0, 1]",20,20,1.0,,,,,,,,,,0.07985568417090158,0.0992419171167438,0.07985568417090158,0.0992419171167438,0.6981150587843828,460.0
adaptation_discovery_v1,taskmap,discovery,llm_full_calibration_examples,Q18ans_recog,True,noul,rater_fraction,,"[0, 1]",20,20,1.0,,,,,,,,,,0.15310262563523433,0.19467276338498327,0.15310262563523433,0.19467276338498327,0.7726003100573144,456.0
adaptation_discovery_v1,taskmap,discovery,llm_full_calibration_examples,Q19time_solvability,True,noul,rater_fraction,,"[0, 1]",20,20,1.0,,,,,,,,,,0.11057364012798794,0.1534875901631127,0.11057364012798794,0.1534875901631127,0.6274466840011966,459.0
adaptation_discovery_v1,taskmap,discovery,llm_full_calibration_examples,Q20type_3_type_4,True,noul,rater_fraction,,"[0, 1]",20,20,1.0,,,,,,,,,,0.09080735930735932,0.14046123241732322,0.09080735930735932,0.14046123241732322,0.6038464833293209,460.0
adaptation_discovery_v1,taskmap,discovery,llm_full_calibration_examples,Q21intellective_judg_1,True,score,continuous_rating,,"[0, 1]",20,20,1.0,,,,,,,,,,0.12927222849614153,0.17379445510050107,0.12927222849614153,0.17379445510050107,,0.0
adaptation_discovery_v1,taskmap,discovery,llm_full_calibration_examples,Q22confl_tradeoffs,True,noul,rater_fraction,,"[0, 1]",20,20,1.0,,,,,,,,,,0.11947157914549218,0.16991487515980072,0.11947157914549218,0.16991487515980072,0.5902110321966467,463.0
adaptation_discovery_v1,taskmap,discovery,llm_full_calibration_examples,Q23ss_out_uncert,True,noul,rater_fraction,,"[0, 1]",20,20,1.0,,,,,,,,,,0.21600748164878597,0.2874480532471218,0.21600748164878597,0.2874480532471218,0.7345199313605311,457.0
adaptation_discovery_v1,taskmap,discovery,llm_full_calibration_examples,Q24eureka_question,True,noul,rater_fraction,,"[0, 1]",20,20,1.0,,,,,,,,,,0.06482411067193676,0.0864435471470717,0.06482411067193676,0.0864435471470717,0.3854070453752095,457.0
adaptation_discovery_v1,taskmap,discovery,llm_labeled_examples,Q1concept_behav,True,noul,rater_fraction,,"[0, 1]",20,20,1.0,,,,,,,,,,0.03188970449840015,0.06242968742488656,0.03188970449840015,0.06242968742488656,0.4890918427459743,462.0
adaptation_discovery_v1,taskmap,discovery,llm_labeled_examples,Q2intel_manip_1,True,score,continuous_rating,,"[0, 1]",20,20,1.0,,,,,,,,,,0.041250145868624126,0.058460670515176345,0.041250145868624126,0.058460670515176345,,0.0
adaptation_discovery_v1,taskmap,discovery,llm_labeled_examples,Q3type_1_planning,True,noul,rater_fraction,,"[0, 1]",20,20,1.0,,,,,,,,,,0.11252884434406174,0.14406505986596102,0.11252884434406174,0.14406505986596102,0.8959792164453484,463.0
adaptation_discovery_v1,taskmap,discovery,llm_labeled_examples,Q4type_2_generate,True,noul,rater_fraction,,"[0, 1]",20,20,1.0,,,,,,,,,,0.08810916619612272,0.10931514660929191,0.08810916619612272,0.10931514660929191,0.9136402896640612,464.0
adaptation_discovery_v1,taskmap,discovery,llm_labeled_examples,Q5creativity_input_1,True,score,continuous_rating,,"[0, 1]",20,20,1.0,,,,,,,,,,0.10845444193487672,0.1378540870323905,0.10845444193487672,0.1378540870323905,,0.0
adaptation_discovery_v1,taskmap,discovery,llm_labeled_examples,Q6type_5_cc,True,noul,rater_fraction,,"[0, 1]",20,20,1.0,,,,,,,,,,0.10605110107284019,0.1485592373139225,0.10605110107284019,0.1485592373139225,0.8592345502554313,463.0
adaptation_discovery_v1,taskmap,discovery,llm_labeled_examples,Q7type_7_battle,True,noul,rater_fraction,,"[0, 1]",20,20,1.0,,,,,,,,,,0.18518327686805947,0.23156364102705146,0.18518327686805947,0.23156364102705146,0.6044802038656726,462.0
adaptation_discovery_v1,taskmap,discovery,llm_labeled_examples,Q8type_8_performance,True,noul,rater_fraction,,"[0, 1]",20,20,1.0,,,,,,,,,,0.15713259928477322,0.25712446376777975,0.15713259928477322,0.25712446376777975,0.48174183108761687,462.0
adaptation_discovery_v1,taskmap,discovery,llm_labeled_examples,Q9divisible_unitary,True,noul,rater_fraction,,"[0, 1]",20,20,1.0,,,,,,,,,,0.14726355166572558,0.19402023550882908,0.14726355166572558,0.19402023550882908,0.5277570886897575,444.0
adaptation_discovery_v1,taskmap,discovery,llm_labeled_examples,Q10maximizing,True,noul,rater_fraction,,"[0, 1]",20,20,1.0,,,,,,,,,,0.11635314323357801,0.14819910122321972,0.11635314323357801,0.14819910122321972,0.7859408605024696,464.0
adaptation_discovery_v1,taskmap,discovery,llm_labeled_examples,Q11optimizing,True,noul,rater_fraction,,"[0, 1]",20,20,1.0,,,,,,,,,,0.2005942970073405,0.2606467488721565,0.2005942970073405,0.2606467488721565,0.678986661938565,462.0
adaptation_discovery_v1,taskmap,discovery,llm_labeled_examples,Q13outcome_multip,True,noul,rater_fraction,,"[0, 1]",20,20,1.0,,,,,,,,,,0.25230924148315453,0.3231558023403828,0.25230924148315453,0.3231558023403828,0.7428175032365537,459.0
adaptation_discovery_v1,taskmap,discovery,llm_labeled_examples,Q14sol_scheme_mul,True,noul,rater_fraction,,"[0, 1]",20,20,1.0,,,,,,,,,,0.1732319311123659,0.24635369047284497,0.1732319311123659,0.24635369047284497,0.7064881039079063,461.0
adaptation_discovery_v1,taskmap,discovery,llm_labeled_examples,Q15dec_verifiability,True,noul,rater_fraction,,"[0, 1]",20,20,1.0,,,,,,,,,,0.14342438358742707,0.19978945650619193,0.14342438358742707,0.19978945650619193,0.45703321505623673,460.0
adaptation_discovery_v1,taskmap,discovery,llm_labeled_examples,Q16shared_knowledge,True,noul,rater_fraction,,"[0, 1]",20,20,1.0,,,,,,,,,,0.14067678336156597,0.175213857263299,0.14067678336156597,0.175213857263299,0.5640462293351334,462.0
adaptation_discovery_v1,taskmap,discovery,llm_labeled_examples,Q17within_sys_sol,True,noul,rater_fraction,,"[0, 1]",20,20,1.0,,,,,,,,,,0.07116520798042539,0.10562391551706325,0.07116520798042539,0.10562391551706325,0.4041444648791158,460.0
adaptation_discovery_v1,taskmap,discovery,llm_labeled_examples,Q18ans_recog,True,noul,rater_fraction,,"[0, 1]",20,20,1.0,,,,,,,,,,0.1359908243929983,0.17975810165536446,0.1359908243929983,0.17975810165536446,0.5550814143831578,456.0
adaptation_discovery_v1,taskmap,discovery,llm_labeled_examples,Q19time_solvability,True,noul,rater_fraction,,"[0, 1]",20,20,1.0,,,,,,,,,,0.11091007905138339,0.15459840538648964,0.11091007905138339,0.15459840538648964,0.47229764329182344,459.0
adaptation_discovery_v1,taskmap,discovery,llm_labeled_examples,Q20type_3_type_4,True,noul,rater_fraction,,"[0, 1]",20,20,1.0,,,,,,,,,,0.12613862224731792,0.16277871206482655,0.12613862224731792,0.16277871206482655,0.4334035112995248,460.0
adaptation_discovery_v1,taskmap,discovery,llm_labeled_examples,Q21intellective_judg_1,True,score,continuous_rating,,"[0, 1]",20,20,1.0,,,,,,,,,,0.12994614153961978,0.17589082671630726,0.12994614153961978,0.17589082671630726,,0.0
adaptation_discovery_v1,taskmap,discovery,llm_labeled_examples,Q22confl_tradeoffs,True,noul,rater_fraction,,"[0, 1]",20,20,1.0,,,,,,,,,,0.13541360813099945,0.17581033237330967,0.13541360813099945,0.17581033237330967,0.4597918053835619,463.0
adaptation_discovery_v1,taskmap,discovery,llm_labeled_examples,Q23ss_out_uncert,True,noul,rater_fraction,,"[0, 1]",20,20,1.0,,,,,,,,,,0.17821245059288537,0.2236602308044738,0.17821245059288537,0.2236602308044738,0.6243681030813616,457.0
adaptation_discovery_v1,taskmap,discovery,llm_labeled_examples,Q24eureka_question,True,noul,rater_fraction,,"[0, 1]",20,20,1.0,,,,,,,,,,0.05482411067193675,0.0661161358638904,0.05482411067193675,0.0661161358638904,0.2608384629750806,457.0
adaptation_discovery_v1,ucc,discovery,jev_joint_ab,healthy,True,choice,category,"[""0"", ""1""]",,210,210,1.0,0.5142857142857142,0.4269049657534247,0.4269049657534247,2,2,1.0477269239562614,210,0.659873333333333,1.0,,,,,,
adaptation_discovery_v1,ucc,discovery,jev_joint_ab,sarcastic,True,choice,category,"[""0"", ""1""]",,210,210,1.0,0.6047619047619047,0.40833022166400756,0.40833022166400756,2,2,0.7855296502348216,210,0.5172640476190477,1.0,,,,,,
adaptation_discovery_v1,ucc,discovery,jev_joint_ab,generalisation,False,choice,category,"[""0"", ""1""]",,210,210,1.0,0.8809523809523809,0.5646405174558421,0.5646405174558421,2,2,0.2673480076018735,210,0.16760666666666674,1.0,,,,,,
adaptation_discovery_v1,ucc,discovery,jev_joint_ab,generalisation_unfair,True,choice,category,"[""0"", ""1""]",,210,210,1.0,0.8952380952380953,0.5790816326530612,0.5790816326530612,2,2,0.25263014306536674,210,0.15145119047619043,1.0,,,,,,
adaptation_discovery_v1,ucc,discovery,jev_joint_ab,hostile,True,choice,category,"[""0"", ""1""]",,210,210,1.0,0.719047619047619,0.44911297852474324,0.44911297852474324,2,2,0.6882421563906032,210,0.4369949999999998,1.0,,,,,,
adaptation_discovery_v1,ucc,discovery,jev_joint_ab,antagonize,True,choice,category,"[""0"", ""1""]",,210,210,1.0,0.5571428571428572,0.40185599215950507,0.40185599215950507,2,2,0.9098726519426208,210,0.5911538095238102,1.0,,,,,,
adaptation_discovery_v1,ucc,discovery,jev_joint_ab,condescending,True,choice,category,"[""0"", ""1""]",,210,210,1.0,0.6238095238095238,0.4173836698858648,0.4173836698858648,2,2,0.8186020513682891,210,0.536964285714286,1.0,,,,,,
adaptation_discovery_v1,ucc,discovery,jev_joint_ab,dismissive,True,choice,category,"[""0"", ""1""]",,210,210,1.0,0.5904761904761905,0.3919191919191919,0.3919191919191919,2,2,0.7910808749704471,210,0.5503035714285713,1.0,,,,,,
adaptation_discovery_v1,ucc,discovery,llm_full_calibration_examples,healthy,True,choice,category,"[""0"", ""1""]",,210,210,1.0,0.861904761904762,0.6080828882167449,0.6080828882167449,2,2,,0,,0.0,,,,,,
adaptation_discovery_v1,ucc,discovery,llm_full_calibration_examples,sarcastic,True,choice,category,"[""0"", ""1""]",,210,210,1.0,0.8904761904761904,0.5108860759493671,0.5108860759493671,2,2,,0,,0.0,,,,,,
adaptation_discovery_v1,ucc,discovery,llm_full_calibration_examples,generalisation,False,choice,category,"[""0"", ""1""]",,210,210,1.0,0.9761904761904762,0.4939759036144578,0.4939759036144578,2,2,,0,,0.0,,,,,,
adaptation_discovery_v1,ucc,discovery,llm_full_calibration_examples,generalisation_unfair,True,choice,category,"[""0"", ""1""]",,210,210,1.0,0.9761904761904762,0.4939759036144578,0.4939759036144578,2,2,,0,,0.0,,,,,,
adaptation_discovery_v1,ucc,discovery,llm_full_calibration_examples,hostile,True,choice,category,"[""0"", ""1""]",,210,210,1.0,0.8904761904761904,0.5108860759493671,0.5108860759493671,2,2,,0,,0.0,,,,,,
adaptation_discovery_v1,ucc,discovery,llm_full_calibration_examples,antagonize,True,choice,category,"[""0"", ""1""]",,210,210,1.0,0.9047619047619048,0.641025641025641,0.641025641025641,2,2,,0,,0.0,,,,,,
adaptation_discovery_v1,ucc,discovery,llm_full_calibration_examples,condescending,True,choice,category,"[""0"", ""1""]",,210,210,1.0,0.8809523809523809,0.5646405174558421,0.5646405174558421,2,2,,0,,0.0,,,,,,
adaptation_discovery_v1,ucc,discovery,llm_full_calibration_examples,dismissive,True,choice,category,"[""0"", ""1""]",,210,210,1.0,0.8761904761904762,0.467005076142132,0.467005076142132,2,2,,0,,0.0,,,,,,
adaptation_discovery_v1,ucc,discovery,llm_labeled_examples,healthy,True,choice,category,"[""0"", ""1""]",,210,210,1.0,0.8047619047619048,0.5711083437110834,0.5711083437110834,2,2,,0,,0.0,,,,,,
adaptation_discovery_v1,ucc,discovery,llm_labeled_examples,sarcastic,True,choice,category,"[""0"", ""1""]",,210,210,1.0,0.8238095238095238,0.4999678228972263,0.4999678228972263,2,2,,0,,0.0,,,,,,
adaptation_discovery_v1,ucc,discovery,llm_labeled_examples,generalisation,False,choice,category,"[""0"", ""1""]",,210,210,1.0,0.9285714285714286,0.5402131075755364,0.5402131075755364,2,2,,0,,0.0,,,,,,
adaptation_discovery_v1,ucc,discovery,llm_labeled_examples,generalisation_unfair,True,choice,category,"[""0"", ""1""]",,210,210,1.0,0.9380952380952381,0.5506172839506173,0.5506172839506173,2,2,,0,,0.0,,,,,,
adaptation_discovery_v1,ucc,discovery,llm_labeled_examples,hostile,True,choice,category,"[""0"", ""1""]",,210,210,1.0,0.8333333333333334,0.4813351210218051,0.4813351210218051,2,2,,0,,0.0,,,,,,
adaptation_discovery_v1,ucc,discovery,llm_labeled_examples,antagonize,True,choice,category,"[""0"", ""1""]",,210,210,1.0,0.861904761904762,0.6080828882167449,0.6080828882167449,2,2,,0,,0.0,,,,,,
adaptation_discovery_v1,ucc,discovery,llm_labeled_examples,condescending,True,choice,category,"[""0"", ""1""]",,210,210,1.0,0.8,0.5232432432432432,0.5232432432432432,2,2,,0,,0.0,,,,,,
adaptation_discovery_v1,ucc,discovery,llm_labeled_examples,dismissive,True,choice,category,"[""0"", ""1""]",,210,210,1.0,0.8047619047619048,0.44591029023746703,0.44591029023746703,2,2,,0,,0.0,,,,,,
cache_prefix_diagnostic_v1,babe,diagnostic,llm_direct_cached_prefix,label_bias,True,choice,category,"[""Non-biased"", ""Biased""]",,1000,392,0.392,0.313,0.44941321267865364,0.44941321267865364,2,2,,0,,0.0,,,,,,
cache_prefix_diagnostic_v1,babe,diagnostic,llm_full_examples_cached_prefix,label_bias,True,choice,category,"[""Non-biased"", ""Biased""]",,1000,264,0.264,0.206,0.3257573290514255,0.3257573290514255,2,2,,0,,0.0,,,,,,
cache_prefix_diagnostic_v1,babe,diagnostic,llm_native_cached_prefix,label_bias,True,choice,category,"[""Non-biased"", ""Biased""]",,1000,488,0.488,0.386,0.5183730715287518,0.5183730715287518,2,2,,0,,0.0,,,,,,
cache_prefix_diagnostic_v1,commonsense,diagnostic,llm_direct_cached_prefix,q1,True,noul,rater_fraction,,"[0, 1]",1000,440,0.44,,,,,,,,,,0.1529895179377162,0.1976141458201886,0.1529895179377162,0.1976141458201886,0.5337753084605846,10219.0
cache_prefix_diagnostic_v1,commonsense,diagnostic,llm_direct_cached_prefix,q2,True,noul,rater_fraction,,"[0, 1]",1000,440,0.44,,,,,,,,,,0.15471080695166173,0.19024397421095127,0.15471080695166173,0.19024397421095127,0.5553224861892537,10219.0
cache_prefix_diagnostic_v1,commonsense,diagnostic,llm_full_examples_cached_prefix,q1,True,noul,rater_fraction,,"[0, 1]",1000,384,0.384,,,,,,,,,,0.13519858112005553,0.1832571848287108,0.13519858112005553,0.1832571848287108,0.5363611983460638,8889.0
cache_prefix_diagnostic_v1,commonsense,diagnostic,llm_full_examples_cached_prefix,q2,True,noul,rater_fraction,,"[0, 1]",1000,384,0.384,,,,,,,,,,0.13528655445304494,0.18456371068128896,0.13528655445304494,0.18456371068128896,0.5536633959149221,8889.0
cache_prefix_diagnostic_v1,commonsense,diagnostic,llm_native_cached_prefix,q1,True,noul,rater_fraction,,"[0, 1]",1000,464,0.464,,,,,,,,,,0.14453823429858453,0.1967042096757782,0.14453823429858453,0.1967042096757782,0.5413938235407442,10761.0
cache_prefix_diagnostic_v1,commonsense,diagnostic,llm_native_cached_prefix,q2,True,noul,rater_fraction,,"[0, 1]",1000,464,0.464,,,,,,,,,,0.14614781349415626,0.18660933486590617,0.14614781349415626,0.18660933486590617,0.5428423424594861,10761.0
cache_prefix_diagnostic_v1,conflict,diagnostic,llm_direct_cached_prefix,rating_directness_content,True,choice,category,"[""Yes - Direct Content"", ""Neutral - Content contains no opinion"", ""No - Indirect Content""]",,797,395,0.49560853199498117,0.46925972396486826,0.279908283175695,0.4198624247635425,3,2,,0,,0.0,,,,,,
cache_prefix_diagnostic_v1,conflict,diagnostic,llm_direct_cached_prefix,rating_directness_expression,True,choice,category,"[""Yes - Direct Expression"", ""No - Indirect Expression""]",,802,400,0.49875311720698257,0.39650872817955113,0.3671523982999393,0.3671523982999393,2,2,,0,,0.0,,,,,,
cache_prefix_diagnostic_v1,conflict,diagnostic,llm_direct_cached_prefix,rating_OI_content,True,choice,category,"[""Yes - Content opposes someone else"", ""No - Content does not oppose anyone""]",,802,400,0.49875311720698257,0.3254364089775561,0.3464607464607464,0.3464607464607464,2,2,,0,,0.0,,,,,,
cache_prefix_diagnostic_v1,conflict,diagnostic,llm_direct_cached_prefix,rating_OI_expression,True,choice,category,"[""Yes - Expression is emotional/forceful"", ""No - Expression is not emotional/forceful""]",,802,400,0.49875311720698257,0.40648379052369077,0.4371108496347502,0.4371108496347502,2,2,,0,,0.0,,,,,,
cache_prefix_diagnostic_v1,conflict,diagnostic,llm_full_examples_cached_prefix,rating_directness_content,True,choice,category,"[""Yes - Direct Content"", ""Neutral - Content contains no opinion"", ""No - Indirect Content""]",,797,242,0.30363864491844417,0.2961104140526976,0.26300984528832627,0.3945147679324894,3,2,,0,,0.0,,,,,,
cache_prefix_diagnostic_v1,conflict,diagnostic,llm_full_examples_cached_prefix,rating_directness_expression,True,choice,category,"[""Yes - Direct Expression"", ""No - Indirect Expression""]",,802,242,0.30174563591022446,0.2793017456359102,0.25778061224489796,0.25778061224489796,2,2,,0,,0.0,,,,,,
cache_prefix_diagnostic_v1,conflict,diagnostic,llm_full_examples_cached_prefix,rating_OI_content,True,choice,category,"[""Yes - Content opposes someone else"", ""No - Content does not oppose anyone""]",,802,242,0.30174563591022446,0.2730673316708229,0.30920528746615705,0.30920528746615705,2,2,,0,,0.0,,,,,,
cache_prefix_diagnostic_v1,conflict,diagnostic,llm_full_examples_cached_prefix,rating_OI_expression,True,choice,category,"[""Yes - Expression is emotional/forceful"", ""No - Expression is not emotional/forceful""]",,802,242,0.30174563591022446,0.2743142144638404,0.23933952528379773,0.23933952528379773,2,2,,0,,0.0,,,,,,
cache_prefix_diagnostic_v1,conflict,diagnostic,llm_native_cached_prefix,rating_directness_content,True,choice,category,"[""Yes - Direct Content"", ""Neutral - Content contains no opinion"", ""No - Indirect Content""]",,797,317,0.397741530740276,0.38268506900878296,0.28403412553321145,0.42605118829981714,3,2,,0,,0.0,,,,,,
cache_prefix_diagnostic_v1,conflict,diagnostic,llm_native_cached_prefix,rating_directness_expression,True,choice,category,"[""Yes - Direct Expression"", ""No - Indirect Expression""]",,802,322,0.4014962593516209,0.3316708229426434,0.333094641365318,0.333094641365318,2,2,,0,,0.0,,,,,,
cache_prefix_diagnostic_v1,conflict,diagnostic,llm_native_cached_prefix,rating_OI_content,True,choice,category,"[""Yes - Content opposes someone else"", ""No - Content does not oppose anyone""]",,802,322,0.4014962593516209,0.26683291770573564,0.31364793598836155,0.31364793598836155,2,2,,0,,0.0,,,,,,
cache_prefix_diagnostic_v1,conflict,diagnostic,llm_native_cached_prefix,rating_OI_expression,True,choice,category,"[""Yes - Expression is emotional/forceful"", ""No - Expression is not emotional/forceful""]",,802,322,0.4014962593516209,0.3329177057356609,0.38896455657019036,0.38896455657019036,2,2,,0,,0.0,,,,,,
cache_prefix_diagnostic_v1,mbd,diagnostic,llm_direct_cached_prefix,tone,True,choice,category,"[""positive"", ""negative"", ""neutral""]",,544,232,0.4264705882352941,0.3492647058823529,0.474882729078223,0.474882729078223,3,3,,0,,0.0,,,,,,
cache_prefix_diagnostic_v1,mbd,diagnostic,llm_direct_cached_prefix,focus,True,choice,category,"[""democrat"", ""republican"", ""both"", ""neither""]",,546,233,0.4267399267399267,0.31135531135531136,0.43310219441551523,0.43310219441551523,4,4,,0,,0.0,,,,,,
cache_prefix_diagnostic_v1,mbd,diagnostic,llm_direct_cached_prefix,type,True,choice,category,"[""fact"", ""opinion"", ""borderline"", ""quote"", ""other""]",,508,214,0.421259842519685,0.3484251968503937,0.4670343175562758,0.4670343175562758,5,5,,0,,0.0,,,,,,
cache_prefix_diagnostic_v1,mbd,diagnostic,llm_full_examples_cached_prefix,tone,True,choice,category,"[""positive"", ""negative"", ""neutral""]",,544,218,0.4007352941176471,0.33455882352941174,0.4581091837410109,0.4581091837410109,3,3,,0,,0.0,,,,,,
cache_prefix_diagnostic_v1,mbd,diagnostic,llm_full_examples_cached_prefix,focus,True,choice,category,"[""democrat"", ""republican"", ""both"", ""neither""]",,546,218,0.3992673992673993,0.33882783882783885,0.462288894423492,0.462288894423492,4,4,,0,,0.0,,,,,,
cache_prefix_diagnostic_v1,mbd,diagnostic,llm_full_examples_cached_prefix,type,True,choice,category,"[""fact"", ""opinion"", ""borderline"", ""quote"", ""other""]",,508,205,0.4035433070866142,0.35236220472440943,0.43001664134024364,0.43001664134024364,5,5,,0,,0.0,,,,,,
cache_prefix_diagnostic_v1,mbd,diagnostic,llm_native_cached_prefix,tone,True,choice,category,"[""positive"", ""negative"", ""neutral""]",,544,187,0.34375,0.28308823529411764,0.4702154872269711,0.4702154872269711,3,3,,0,,0.0,,,,,,
cache_prefix_diagnostic_v1,mbd,diagnostic,llm_native_cached_prefix,focus,True,choice,category,"[""democrat"", ""republican"", ""both"", ""neither""]",,546,186,0.34065934065934067,0.26556776556776557,0.4466479677925461,0.4466479677925461,4,4,,0,,0.0,,,,,,
cache_prefix_diagnostic_v1,mbd,diagnostic,llm_native_cached_prefix,type,True,choice,category,"[""fact"", ""opinion"", ""borderline"", ""quote"", ""other""]",,508,169,0.33267716535433073,0.2677165354330709,0.41143411386894985,0.41143411386894985,5,5,,0,,0.0,,,,,,
cache_prefix_diagnostic_v1,ucc,diagnostic,llm_direct_cached_prefix,healthy,True,choice,category,"[""0"", ""1""]",,1002,506,0.5049900199600799,0.35429141716566864,0.3651233123192808,0.3651233123192808,2,2,,0,,0.0,,,,,,
cache_prefix_diagnostic_v1,ucc,diagnostic,llm_direct_cached_prefix,sarcastic,True,choice,category,"[""0"", ""1""]",,1002,506,0.5049900199600799,0.3912175648702595,0.3826866507914274,0.3826866507914274,2,2,,0,,0.0,,,,,,
cache_prefix_diagnostic_v1,ucc,diagnostic,llm_direct_cached_prefix,generalisation,False,choice,category,"[""0"", ""1""]",,1002,506,0.5049900199600799,0.45109780439121755,0.3822769719848996,0.3822769719848996,2,2,,0,,0.0,,,,,,
cache_prefix_diagnostic_v1,ucc,diagnostic,llm_direct_cached_prefix,generalisation_unfair,True,choice,category,"[""0"", ""1""]",,1002,506,0.5049900199600799,0.4530938123752495,0.35972977426264624,0.35972977426264624,2,2,,0,,0.0,,,,,,
cache_prefix_diagnostic_v1,ucc,diagnostic,llm_direct_cached_prefix,hostile,True,choice,category,"[""0"", ""1""]",,1002,506,0.5049900199600799,0.3992015968063872,0.35812360065819643,0.35812360065819643,2,2,,0,,0.0,,,,,,
cache_prefix_diagnostic_v1,ucc,diagnostic,llm_direct_cached_prefix,antagonize,True,choice,category,"[""0"", ""1""]",,1002,506,0.5049900199600799,0.40718562874251496,0.3779032154515509,0.3779032154515509,2,2,,0,,0.0,,,,,,
cache_prefix_diagnostic_v1,ucc,diagnostic,llm_direct_cached_prefix,condescending,True,choice,category,"[""0"", ""1""]",,1002,506,0.5049900199600799,0.38822355289421157,0.36807031653932326,0.36807031653932326,2,2,,0,,0.0,,,,,,
cache_prefix_diagnostic_v1,ucc,diagnostic,llm_direct_cached_prefix,dismissive,True,choice,category,"[""0"", ""1""]",,1002,506,0.5049900199600799,0.39221556886227543,0.3263089746702274,0.3263089746702274,2,2,,0,,0.0,,,,,,
cache_prefix_diagnostic_v1,ucc,diagnostic,llm_full_examples_cached_prefix,healthy,True,choice,category,"[""0"", ""1""]",,1002,410,0.4091816367265469,0.37524950099800397,0.34221350863030026,0.34221350863030026,2,2,,0,,0.0,,,,,,
cache_prefix_diagnostic_v1,ucc,diagnostic,llm_full_examples_cached_prefix,sarcastic,True,choice,category,"[""0"", ""1""]",,1002,410,0.4091816367265469,0.3652694610778443,0.3793829183685353,0.3793829183685353,2,2,,0,,0.0,,,,,,
cache_prefix_diagnostic_v1,ucc,diagnostic,llm_full_examples_cached_prefix,generalisation,False,choice,category,"[""0"", ""1""]",,1002,410,0.4091816367265469,0.4001996007984032,0.345561880666245,0.345561880666245,2,2,,0,,0.0,,,,,,
cache_prefix_diagnostic_v1,ucc,diagnostic,llm_full_examples_cached_prefix,generalisation_unfair,True,choice,category,"[""0"", ""1""]",,1002,410,0.4091816367265469,0.4001996007984032,0.34903295128939826,0.34903295128939826,2,2,,0,,0.0,,,,,,
cache_prefix_diagnostic_v1,ucc,diagnostic,llm_full_examples_cached_prefix,hostile,True,choice,category,"[""0"", ""1""]",,1002,410,0.4091816367265469,0.3972055888223553,0.43225475966874416,0.43225475966874416,2,2,,0,,0.0,,,,,,
cache_prefix_diagnostic_v1,ucc,diagnostic,llm_full_examples_cached_prefix,antagonize,True,choice,category,"[""0"", ""1""]",,1002,410,0.4091816367265469,0.3852295409181637,0.3905322700296736,0.3905322700296736,2,2,,0,,0.0,,,,,,
cache_prefix_diagnostic_v1,ucc,diagnostic,llm_full_examples_cached_prefix,condescending,True,choice,category,"[""0"", ""1""]",,1002,410,0.4091816367265469,0.38023952095808383,0.3786885245901639,0.3786885245901639,2,2,,0,,0.0,,,,,,
cache_prefix_diagnostic_v1,ucc,diagnostic,llm_full_examples_cached_prefix,dismissive,True,choice,category,"[""0"", ""1""]",,1002,410,0.4091816367265469,0.3852295409181637,0.40861926284295624,0.40861926284295624,2,2,,0,,0.0,,,,,,
cache_prefix_diagnostic_v1,ucc,diagnostic,llm_native_cached_prefix,healthy,True,choice,category,"[""0"", ""1""]",,1002,442,0.4411177644710579,0.3003992015968064,0.3501396748083948,0.3501396748083948,2,2,,0,,0.0,,,,,,
cache_prefix_diagnostic_v1,ucc,diagnostic,llm_native_cached_prefix,sarcastic,True,choice,category,"[""0"", ""1""]",,1002,442,0.4411177644710579,0.3393213572854291,0.3682072781669515,0.3682072781669515,2,2,,0,,0.0,,,,,,
cache_prefix_diagnostic_v1,ucc,diagnostic,llm_native_cached_prefix,generalisation,False,choice,category,"[""0"", ""1""]",,1002,442,0.4411177644710579,0.37325349301397204,0.368671978428076,0.368671978428076,2,2,,0,,0.0,,,,,,
cache_prefix_diagnostic_v1,ucc,diagnostic,llm_native_cached_prefix,generalisation_unfair,True,choice,category,"[""0"", ""1""]",,1002,442,0.4411177644710579,0.3782435129740519,0.3689792232855006,0.3689792232855006,2,2,,0,,0.0,,,,,,
cache_prefix_diagnostic_v1,ucc,diagnostic,llm_native_cached_prefix,hostile,True,choice,category,"[""0"", ""1""]",,1002,442,0.4411177644710579,0.3502994011976048,0.3668015511718091,0.3668015511718091,2,2,,0,,0.0,,,,,,
cache_prefix_diagnostic_v1,ucc,diagnostic,llm_native_cached_prefix,antagonize,True,choice,category,"[""0"", ""1""]",,1002,442,0.4411177644710579,0.34331337325349304,0.3702724577712006,0.3702724577712006,2,2,,0,,0.0,,,,,,
cache_prefix_diagnostic_v1,ucc,diagnostic,llm_native_cached_prefix,condescending,True,choice,category,"[""0"", ""1""]",,1002,442,0.4411177644710579,0.3313373253493014,0.3428869980594118,0.3428869980594118,2,2,,0,,0.0,,,,,,
cache_prefix_diagnostic_v1,ucc,diagnostic,llm_native_cached_prefix,dismissive,True,choice,category,"[""0"", ""1""]",,1002,442,0.4411177644710579,0.33632734530938124,0.3166498193332924,0.3166498193332924,2,2,,0,,0.0,,,,,,
calibration_v1,babe,calibration,jev_anchored,label_bias,True,choice,category,"[""Non-biased"", ""Biased""]",,201,201,1.0,0.7213930348258707,0.7210547184773989,0.7210547184773989,2,2,0.8284964596725559,201,0.39695124378109475,1.0,,,,,,
calibration_v1,babe,calibration,jev_compact,label_bias,True,choice,category,"[""Non-biased"", ""Biased""]",,201,201,1.0,0.7164179104477612,0.7150354433528168,0.7150354433528168,2,2,0.8232623521755056,201,0.40678606965174147,1.0,,,,,,
calibration_v1,babe,calibration,jev_verbose,label_bias,True,choice,category,"[""Non-biased"", ""Biased""]",,201,201,1.0,0.835820895522388,0.8350205198358414,0.8350205198358414,2,2,0.4356239098967131,201,0.2719980099502487,1.0,,,,,,
calibration_v1,babe,calibration,llm_direct,label_bias,True,choice,category,"[""Non-biased"", ""Biased""]",,201,201,1.0,0.8308457711442786,0.8296270442760272,0.8296270442760272,2,2,,0,,0.0,,,,,,
calibration_v1,commonsense,calibration,jev_anchored,q1,True,noul,rater_fraction,,"[0, 1]",200,200,1.0,,,,,,,,,,0.15975474343284973,0.19963111599535222,0.15975474343284973,0.19963111599535222,0.5344029524932465,4678.0
calibration_v1,commonsense,calibration,jev_anchored,q2,True,noul,rater_fraction,,"[0, 1]",200,200,1.0,,,,,,,,,,0.15801229063332875,0.20244417433348763,0.15801229063332875,0.20244417433348763,0.5464403198500484,4678.0
calibration_v1,commonsense,calibration,jev_compact,q1,True,noul,rater_fraction,,"[0, 1]",200,200,1.0,,,,,,,,,,0.15951380050481004,0.1998088983590495,0.15951380050481004,0.1998088983590495,0.5349074187102499,4678.0
calibration_v1,commonsense,calibration,jev_compact,q2,True,noul,rater_fraction,,"[0, 1]",200,200,1.0,,,,,,,,,,0.15935028537007573,0.2030532416899393,0.15935028537007573,0.2030532416899393,0.5467506333419677,4678.0
calibration_v1,commonsense,calibration,jev_verbose,q1,True,noul,rater_fraction,,"[0, 1]",200,200,1.0,,,,,,,,,,0.14898612189966692,0.187860617479563,0.14898612189966692,0.187860617479563,0.5229687826288852,4678.0
calibration_v1,commonsense,calibration,jev_verbose,q2,True,noul,rater_fraction,,"[0, 1]",200,200,1.0,,,,,,,,,,0.15277182040281428,0.19499990501391418,0.15277182040281428,0.19499990501391418,0.5415693178301785,4678.0
calibration_v1,commonsense,calibration,llm_direct,q1,True,noul,rater_fraction,,"[0, 1]",200,200,1.0,,,,,,,,,,0.13988814202549368,0.18805075336512211,0.13988814202549368,0.18805075336512211,0.5181779292557188,4678.0
calibration_v1,commonsense,calibration,llm_direct,q2,True,noul,rater_fraction,,"[0, 1]",200,200,1.0,,,,,,,,,,0.15003243599375685,0.18582171415084733,0.15003243599375685,0.18582171415084733,0.5310187024926727,4678.0
calibration_v1,conflict,calibration,jev_anchored,rating_directness_content,True,choice,category,"[""Yes - Direct Content"", ""Neutral - Content contains no opinion"", ""No - Indirect Content""]",,98,98,1.0,0.9387755102040817,0.32280701754385965,0.968421052631579,3,1,0.18032679688269004,98,0.09228624234511684,1.0,,,,,,
calibration_v1,conflict,calibration,jev_anchored,rating_directness_expression,True,choice,category,"[""Yes - Direct Expression"", ""No - Indirect Expression""]",,98,98,1.0,0.8571428571428571,0.6102272727272727,0.6102272727272727,2,2,0.32593616085087823,98,0.20612448979591835,1.0,,,,,,
calibration_v1,conflict,calibration,jev_anchored,rating_OI_content,True,choice,category,"[""Yes - Content opposes someone else"", ""No - Content does not oppose anyone""]",,98,98,1.0,0.6632653061224489,0.4502804691483937,0.4502804691483937,2,2,0.6641499357523291,98,0.44453265306122447,1.0,,,,,,
calibration_v1,conflict,calibration,jev_anchored,rating_OI_expression,True,choice,category,"[""Yes - Expression is emotional/forceful"", ""No - Expression is not emotional/forceful""]",,98,98,1.0,0.8163265306122449,0.6638719512195121,0.6638719512195121,2,2,0.7050410890126992,98,0.2995387755102041,1.0,,,,,,
calibration_v1,conflict,calibration,jev_compact,rating_directness_content,True,choice,category,"[""Yes - Direct Content"", ""Neutral - Content contains no opinion"", ""No - Indirect Content""]",,98,98,1.0,0.9285714285714286,0.32098765432098764,0.9629629629629629,3,1,0.16655647431994913,98,0.09171020408163272,1.0,,,,,,
calibration_v1,conflict,calibration,jev_compact,rating_directness_expression,True,choice,category,"[""Yes - Direct Expression"", ""No - Indirect Expression""]",,98,98,1.0,0.8469387755102041,0.6,0.6,2,2,0.32165797179379096,98,0.20290612244897951,1.0,,,,,,
calibration_v1,conflict,calibration,jev_compact,rating_OI_content,True,choice,category,"[""Yes - Content opposes someone else"", ""No - Content does not oppose anyone""]",,98,98,1.0,0.6632653061224489,0.4502804691483937,0.4502804691483937,2,2,0.6649129722149415,98,0.45366122448979573,1.0,,,,,,
calibration_v1,conflict,calibration,jev_compact,rating_OI_expression,True,choice,category,"[""Yes - Expression is emotional/forceful"", ""No - Expression is not emotional/forceful""]",,98,98,1.0,0.7959183673469388,0.6265243902439024,0.6265243902439024,2,2,0.7334241459588688,98,0.320738775510204,1.0,,,,,,
calibration_v1,conflict,calibration,jev_verbose,rating_directness_content,True,choice,category,"[""Yes - Direct Content"", ""Neutral - Content contains no opinion"", ""No - Indirect Content""]",,98,98,1.0,0.9387755102040817,0.32280701754385965,0.968421052631579,3,1,0.15040570767849232,98,0.08564693877551023,1.0,,,,,,
calibration_v1,conflict,calibration,jev_verbose,rating_directness_expression,True,choice,category,"[""Yes - Direct Expression"", ""No - Indirect Expression""]",,98,98,1.0,0.8979591836734694,0.6597222222222222,0.6597222222222222,2,2,0.21741726768375286,98,0.1337408163265306,1.0,,,,,,
calibration_v1,conflict,calibration,jev_verbose,rating_OI_content,True,choice,category,"[""Yes - Content opposes someone else"", ""No - Content does not oppose anyone""]",,98,98,1.0,0.7142857142857143,0.44899598393574297,0.44899598393574297,2,2,0.5641912186007627,98,0.3844183673469386,1.0,,,,,,
calibration_v1,conflict,calibration,jev_verbose,rating_OI_expression,True,choice,category,"[""Yes - Expression is emotional/forceful"", ""No - Expression is not emotional/forceful""]",,98,98,1.0,0.826530612244898,0.6902770031604388,0.6902770031604388,2,2,0.6318710587648556,98,0.27524693877551026,1.0,,,,,,
calibration_v1,conflict,calibration,llm_direct,rating_directness_content,True,choice,category,"[""Yes - Direct Content"", ""Neutral - Content contains no opinion"", ""No - Indirect Content""]",,98,98,1.0,0.9693877551020408,0.32815198618307423,0.9844559585492227,3,1,,0,,0.0,,,,,,
calibration_v1,conflict,calibration,llm_direct,rating_directness_expression,True,choice,category,"[""Yes - Direct Expression"", ""No - Indirect Expression""]",,98,98,1.0,0.8775510204081632,0.6329588014981273,0.6329588014981273,2,2,,0,,0.0,,,,,,
calibration_v1,conflict,calibration,llm_direct,rating_OI_content,True,choice,category,"[""Yes - Content opposes someone else"", ""No - Content does not oppose anyone""]",,98,98,1.0,0.6632653061224489,0.4502804691483937,0.4502804691483937,2,2,,0,,0.0,,,,,,
calibration_v1,conflict,calibration,llm_direct,rating_OI_expression,True,choice,category,"[""Yes - Expression is emotional/forceful"", ""No - Expression is not emotional/forceful""]",,98,98,1.0,0.826530612244898,0.7043478260869565,0.7043478260869565,2,2,,0,,0.0,,,,,,
calibration_v1,mbd,calibration,jev_anchored,type,True,choice,category,"[""fact"", ""opinion"", ""borderline"", ""quote"", ""other""]",,234,234,1.0,0.811965811965812,0.6762004279245659,0.6762004279245659,5,5,0.6652604997104697,234,0.27788993186636274,1.0,,,,,,
calibration_v1,mbd,calibration,jev_anchored,tone,True,choice,category,"[""positive"", ""negative"", ""neutral""]",,241,241,1.0,0.8049792531120332,0.5858941937773722,0.5858941937773722,3,3,0.5175612901429287,241,0.2766008914324517,1.0,,,,,,
calibration_v1,mbd,calibration,jev_anchored,focus,True,choice,category,"[""democrat"", ""republican"", ""both"", ""neither""]",,239,239,1.0,0.8828451882845189,0.8132434376123696,0.8132434376123696,4,4,0.3895462895769799,239,0.18343813264721082,1.0,,,,,,
calibration_v1,mbd,calibration,jev_compact,type,True,choice,category,"[""fact"", ""opinion"", ""borderline"", ""quote"", ""other""]",,234,234,1.0,0.7991452991452992,0.6692318578504599,0.6692318578504599,5,5,0.6059146395771446,234,0.28092249648343925,1.0,,,,,,
calibration_v1,mbd,calibration,jev_compact,tone,True,choice,category,"[""positive"", ""negative"", ""neutral""]",,241,241,1.0,0.8174273858921162,0.5997092639090789,0.5997092639090789,3,3,0.5205665214125195,241,0.27737842323651446,1.0,,,,,,
calibration_v1,mbd,calibration,jev_compact,focus,True,choice,category,"[""democrat"", ""republican"", ""both"", ""neither""]",,239,239,1.0,0.8744769874476988,0.8047388189082,0.8047388189082,4,4,0.38785386336058486,239,0.184330182856416,1.0,,,,,,
calibration_v1,mbd,calibration,jev_verbose,type,True,choice,category,"[""fact"", ""opinion"", ""borderline"", ""quote"", ""other""]",,234,234,1.0,0.7905982905982906,0.7171595655806182,0.7171595655806182,5,5,0.6874432389275373,234,0.2957486846362267,1.0,,,,,,
calibration_v1,mbd,calibration,jev_verbose,tone,True,choice,category,"[""positive"", ""negative"", ""neutral""]",,241,241,1.0,0.7634854771784232,0.5803437561717835,0.5803437561717835,3,3,0.6569149851342511,241,0.34474854771784236,1.0,,,,,,
calibration_v1,mbd,calibration,jev_verbose,focus,True,choice,category,"[""democrat"", ""republican"", ""both"", ""neither""]",,239,239,1.0,0.8535564853556485,0.7726016799292661,0.7726016799292661,4,4,0.3742737573232985,239,0.19086663550256808,1.0,,,,,,
calibration_v1,mbd,calibration,llm_direct,type,True,choice,category,"[""fact"", ""opinion"", ""borderline"", ""quote"", ""other""]",,234,234,1.0,0.8205128205128205,0.6966958501113925,0.6966958501113925,5,5,,0,,0.0,,,,,,
calibration_v1,mbd,calibration,llm_direct,tone,True,choice,category,"[""positive"", ""negative"", ""neutral""]",,241,241,1.0,0.8464730290456431,0.5872464692251356,0.5872464692251356,3,3,,0,,0.0,,,,,,
calibration_v1,mbd,calibration,llm_direct,focus,True,choice,category,"[""democrat"", ""republican"", ""both"", ""neither""]",,239,239,1.0,0.8075313807531381,0.7369929453262787,0.7369929453262787,4,4,,0,,0.0,,,,,,
calibration_v1,taskmap,calibration,jev_anchored,Q1concept_behav,True,noul,rater_fraction,,"[0, 1]",20,20,1.0,,,,,,,,,,0.05996277997364954,0.06654632024687493,0.05996277997364954,0.06654632024687493,0.16923964925256463,468.0
calibration_v1,taskmap,calibration,jev_anchored,Q2intel_manip_1,True,score,continuous_rating,,"[0, 1]",20,20,1.0,,,,,,,,,,0.06182011864946648,0.08005062200957257,0.06182011864946648,0.08005062200957257,,0.0
calibration_v1,taskmap,calibration,jev_anchored,Q3type_1_planning,True,noul,rater_fraction,,"[0, 1]",20,20,1.0,,,,,,,,,,0.11974461770113945,0.14598781469766897,0.11974461770113945,0.14598781469766897,0.5224772221746559,468.0
calibration_v1,taskmap,calibration,jev_anchored,Q4type_2_generate,True,noul,rater_fraction,,"[0, 1]",20,20,1.0,,,,,,,,,,0.09288767753985146,0.10989329933015628,0.09288767753985146,0.10989329933015628,0.45904251784947436,468.0
calibration_v1,taskmap,calibration,jev_anchored,Q5creativity_input_1,True,score,continuous_rating,,"[0, 1]",20,20,1.0,,,,,,,,,,0.2307065358554489,0.25485285411787967,0.2307065358554489,0.25485285411787967,,0.0
calibration_v1,taskmap,calibration,jev_anchored,Q6type_5_cc,True,noul,rater_fraction,,"[0, 1]",20,20,1.0,,,,,,,,,,0.08914143103273539,0.11859077085031201,0.08914143103273539,0.11859077085031201,0.3397060967131181,466.0
calibration_v1,taskmap,calibration,jev_anchored,Q7type_7_battle,True,noul,rater_fraction,,"[0, 1]",20,20,1.0,,,,,,,,,,0.08248750162880598,0.11752130910660526,0.08248750162880598,0.11752130910660526,0.5176660982641098,466.0
calibration_v1,taskmap,calibration,jev_anchored,Q8type_8_performance,True,noul,rater_fraction,,"[0, 1]",20,20,1.0,,,,,,,,,,0.10487586688673645,0.15707616115380937,0.10487586688673645,0.15707616115380937,0.4558365326521987,464.0
calibration_v1,taskmap,calibration,jev_anchored,Q9divisible_unitary,True,noul,rater_fraction,,"[0, 1]",20,20,1.0,,,,,,,,,,0.1624039800778931,0.18174997784356584,0.1624039800778931,0.18174997784356584,0.5866496450746181,446.0
calibration_v1,taskmap,calibration,jev_anchored,Q10maximizing,True,noul,rater_fraction,,"[0, 1]",20,20,1.0,,,,,,,,,,0.09425284498110587,0.1252803324275451,0.09425284498110587,0.1252803324275451,0.5431880533202007,468.0
calibration_v1,taskmap,calibration,jev_anchored,Q11optimizing,True,noul,rater_fraction,,"[0, 1]",20,20,1.0,,,,,,,,,,0.1267273487382183,0.1585473953770377,0.1267273487382183,0.1585473953770377,0.5591306392829375,466.0
calibration_v1,taskmap,calibration,jev_anchored,Q13outcome_multip,True,noul,rater_fraction,,"[0, 1]",20,20,1.0,,,,,,,,,,0.17993693625215362,0.21633857022575012,0.17993693625215362,0.21633857022575012,0.5474763956355464,466.0
calibration_v1,taskmap,calibration,jev_anchored,Q14sol_scheme_mul,True,noul,rater_fraction,,"[0, 1]",20,20,1.0,,,,,,,,,,0.15396954856737466,0.2129755393620284,0.15396954856737466,0.2129755393620284,0.6267413830803962,467.0
calibration_v1,taskmap,calibration,jev_anchored,Q15dec_verifiability,True,noul,rater_fraction,,"[0, 1]",20,20,1.0,,,,,,,,,,0.17794384238949457,0.22616463250107882,0.17794384238949457,0.22616463250107882,0.5235945750298991,461.0
calibration_v1,taskmap,calibration,jev_anchored,Q16shared_knowledge,True,noul,rater_fraction,,"[0, 1]",20,20,1.0,,,,,,,,,,0.18540228250010857,0.23495145725068128,0.18540228250010857,0.23495145725068128,0.6148316004876941,464.0
calibration_v1,taskmap,calibration,jev_anchored,Q17within_sys_sol,True,noul,rater_fraction,,"[0, 1]",20,20,1.0,,,,,,,,,,0.14700677583286276,0.1761112345076822,0.14700677583286276,0.1761112345076822,0.44911395161570905,457.0
calibration_v1,taskmap,calibration,jev_anchored,Q18ans_recog,True,noul,rater_fraction,,"[0, 1]",20,20,1.0,,,,,,,,,,0.18951164777251733,0.24645615344255573,0.18951164777251733,0.24645615344255573,0.6326129493202013,460.0
calibration_v1,taskmap,calibration,jev_anchored,Q19time_solvability,True,noul,rater_fraction,,"[0, 1]",20,20,1.0,,,,,,,,,,0.2634259255237516,0.32937550647146546,0.2634259255237516,0.32937550647146546,0.6981546056758512,458.0
calibration_v1,taskmap,calibration,jev_anchored,Q20type_3_type_4,True,noul,rater_fraction,,"[0, 1]",20,20,1.0,,,,,,,,,,0.17362633019154758,0.21603620747234192,0.17362633019154758,0.21603620747234192,0.4969976140783077,464.0
calibration_v1,taskmap,calibration,jev_anchored,Q21intellective_judg_1,True,score,continuous_rating,,"[0, 1]",20,20,1.0,,,,,,,,,,0.1208164281370803,0.1941760426593794,0.1208164281370803,0.1941760426593794,,0.0
calibration_v1,taskmap,calibration,jev_anchored,Q22confl_tradeoffs,True,noul,rater_fraction,,"[0, 1]",20,20,1.0,,,,,,,,,,0.11253525822004082,0.136169418934458,0.11253525822004082,0.136169418934458,0.4833814232208565,468.0
calibration_v1,taskmap,calibration,jev_anchored,Q23ss_out_uncert,True,noul,rater_fraction,,"[0, 1]",20,20,1.0,,,,,,,,,,0.19744862383992817,0.24616792718720756,0.19744862383992817,0.24616792718720756,0.5947309224392158,461.0
calibration_v1,taskmap,calibration,jev_anchored,Q24eureka_question,True,noul,rater_fraction,,"[0, 1]",20,20,1.0,,,,,,,,,,0.06903326021804283,0.08759021981495631,0.06903326021804283,0.08759021981495631,0.30508603385576494,463.0
calibration_v1,taskmap,calibration,jev_compact,Q1concept_behav,True,noul,rater_fraction,,"[0, 1]",20,20,1.0,,,,,,,,,,0.06396277997364955,0.07014224460002738,0.06396277997364955,0.07014224460002738,0.1717985366568552,468.0
calibration_v1,taskmap,calibration,jev_compact,Q2intel_manip_1,True,score,continuous_rating,,"[0, 1]",20,20,1.0,,,,,,,,,,0.05782011864946648,0.07227012971717191,0.05782011864946648,0.07227012971717191,,0.0
calibration_v1,taskmap,calibration,jev_compact,Q3type_1_planning,True,noul,rater_fraction,,"[0, 1]",20,20,1.0,,,,,,,,,,0.11924461770113944,0.14236882883870047,0.11924461770113944,0.14236882883870047,0.5197124370559218,468.0
calibration_v1,taskmap,calibration,jev_compact,Q4type_2_generate,True,noul,rater_fraction,,"[0, 1]",20,20,1.0,,,,,,,,,,0.09273550362680796,0.10965709977086502,0.09273550362680796,0.10965709977086502,0.45772154566747136,468.0
calibration_v1,taskmap,calibration,jev_compact,Q5creativity_input_1,True,score,continuous_rating,,"[0, 1]",20,20,1.0,,,,,,,,,,0.23362320252211558,0.2550040564773073,0.23362320252211558,0.2550040564773073,,0.0
calibration_v1,taskmap,calibration,jev_compact,Q6type_5_cc,True,noul,rater_fraction,,"[0, 1]",20,20,1.0,,,,,,,,,,0.08664143103273537,0.11893381833738435,0.08664143103273537,0.11893381833738435,0.34000940437219845,466.0
calibration_v1,taskmap,calibration,jev_compact,Q7type_7_battle,True,noul,rater_fraction,,"[0, 1]",20,20,1.0,,,,,,,,,,0.07874837119402336,0.11504019570278982,0.07874837119402336,0.11504019570278982,0.516588026922376,466.0
calibration_v1,taskmap,calibration,jev_compact,Q8type_8_performance,True,noul,rater_fraction,,"[0, 1]",20,20,1.0,,,,,,,,,,0.10837586688673646,0.15698040369021934,0.10837586688673646,0.15698040369021934,0.4572846993462635,464.0
calibration_v1,taskmap,calibration,jev_compact,Q9divisible_unitary,True,noul,rater_fraction,,"[0, 1]",20,20,1.0,,,,,,,,,,0.15840398007789314,0.18050044117738498,0.15840398007789314,0.18050044117738498,0.5847357748725871,446.0
calibration_v1,taskmap,calibration,jev_compact,Q10maximizing,True,noul,rater_fraction,,"[0, 1]",20,20,1.0,,,,,,,,,,0.10062241019849719,0.138924895998238,0.10062241019849719,0.138924895998238,0.551824700013633,468.0
calibration_v1,taskmap,calibration,jev_compact,Q11optimizing,True,noul,rater_fraction,,"[0, 1]",20,20,1.0,,,,,,,,,,0.12080427181514138,0.1484090617930523,0.12080427181514138,0.1484090617930523,0.5522440260740035,466.0
calibration_v1,taskmap,calibration,jev_compact,Q13outcome_multip,True,noul,rater_fraction,,"[0, 1]",20,20,1.0,,,,,,,,,,0.17443693625215365,0.2109961622188054,0.17443693625215365,0.2109961622188054,0.5385533799058084,466.0
calibration_v1,taskmap,calibration,jev_compact,Q14sol_scheme_mul,True,noul,rater_fraction,,"[0, 1]",20,20,1.0,,,,,,,,,,0.15686085291520074,0.21738950605715213,0.15686085291520074,0.21738950605715213,0.6319465866865442,467.0
calibration_v1,taskmap,calibration,jev_compact,Q15dec_verifiability,True,noul,rater_fraction,,"[0, 1]",20,20,1.0,,,,,,,,,,0.17922645108514673,0.2266807977374213,0.17922645108514673,0.2266807977374213,0.5230574519459944,461.0
calibration_v1,taskmap,calibration,jev_compact,Q16shared_knowledge,True,noul,rater_fraction,,"[0, 1]",20,20,1.0,,,,,,,,,,0.1919022825001086,0.2424496215903115,0.1919022825001086,0.2424496215903115,0.6242660675625896,464.0
calibration_v1,taskmap,calibration,jev_compact,Q17within_sys_sol,True,noul,rater_fraction,,"[0, 1]",20,20,1.0,,,,,,,,,,0.14113721061547146,0.1746439101700832,0.14113721061547146,0.1746439101700832,0.4479406841385075,457.0
calibration_v1,taskmap,calibration,jev_compact,Q18ans_recog,True,noul,rater_fraction,,"[0, 1]",20,20,1.0,,,,,,,,,,0.18501164777251736,0.24231101821159107,0.18501164777251736,0.24231101821159107,0.6275380997406151,460.0
calibration_v1,taskmap,calibration,jev_compact,Q19time_solvability,True,noul,rater_fraction,,"[0, 1]",20,20,1.0,,,,,,,,,,0.2569259255237516,0.31865554521053474,0.2569259255237516,0.31865554521053474,0.680405907317861,458.0
calibration_v1,taskmap,calibration,jev_compact,Q20type_3_type_4,True,noul,rater_fraction,,"[0, 1]",20,20,1.0,,,,,,,,,,0.17312633019154758,0.21444001185989925,0.17312633019154758,0.21444001185989925,0.4951373680715675,464.0
calibration_v1,taskmap,calibration,jev_compact,Q21intellective_judg_1,True,score,continuous_rating,,"[0, 1]",20,20,1.0,,,,,,,,,,0.12475650617498442,0.20271911597909106,0.12475650617498442,0.20271911597909106,,0.0
calibration_v1,taskmap,calibration,jev_compact,Q22confl_tradeoffs,True,noul,rater_fraction,,"[0, 1]",20,20,1.0,,,,,,,,,,0.12053525822004083,0.14238691278894228,0.12053525822004083,0.14238691278894228,0.4878501060175223,468.0
calibration_v1,taskmap,calibration,jev_compact,Q23ss_out_uncert,True,noul,rater_fraction,,"[0, 1]",20,20,1.0,,,,,,,,,,0.19332957622088057,0.23760590336475365,0.19332957622088057,0.23760590336475365,0.5866033639093114,461.0
calibration_v1,taskmap,calibration,jev_compact,Q24eureka_question,True,noul,rater_fraction,,"[0, 1]",20,20,1.0,,,,,,,,,,0.07222891239195588,0.09035081638535016,0.07222891239195588,0.09035081638535016,0.3072081984899004,463.0
calibration_v1,taskmap,calibration,jev_verbose,Q1concept_behav,True,noul,rater_fraction,,"[0, 1]",20,20,1.0,,,,,,,,,,0.05996277997364954,0.0653192249203612,0.05996277997364954,0.0653192249203612,0.165957590617826,468.0
calibration_v1,taskmap,calibration,jev_verbose,Q2intel_manip_1,True,score,continuous_rating,,"[0, 1]",20,20,1.0,,,,,,,,,,0.06412011864946647,0.0769329694881485,0.06412011864946647,0.0769329694881485,,0.0
calibration_v1,taskmap,calibration,jev_verbose,Q3type_1_planning,True,noul,rater_fraction,,"[0, 1]",20,20,1.0,,,,,,,,,,0.12624461770113943,0.155444231275954,0.12624461770113943,0.155444231275954,0.5343928016084216,468.0
calibration_v1,taskmap,calibration,jev_verbose,Q4type_2_generate,True,noul,rater_fraction,,"[0, 1]",20,20,1.0,,,,,,,,,,0.10123550362680797,0.11843771117513258,0.10123550362680797,0.11843771117513258,0.4713433306713782,468.0
calibration_v1,taskmap,calibration,jev_verbose,Q5creativity_input_1,True,score,continuous_rating,,"[0, 1]",20,20,1.0,,,,,,,,,,0.2342065358554489,0.2513114572574207,0.2342065358554489,0.2513114572574207,,0.0
calibration_v1,taskmap,calibration,jev_verbose,Q6type_5_cc,True,noul,rater_fraction,,"[0, 1]",20,20,1.0,,,,,,,,,,0.09700374987331509,0.14235066257518447,0.09700374987331509,0.14235066257518447,0.3524454893926928,466.0
calibration_v1,taskmap,calibration,jev_verbose,Q7type_7_battle,True,noul,rater_fraction,,"[0, 1]",20,20,1.0,,,,,,,,,,0.10393941203723814,0.1372871277191228,0.10393941203723814,0.1372871277191228,0.5397125406658212,466.0
calibration_v1,taskmap,calibration,jev_verbose,Q8type_8_performance,True,noul,rater_fraction,,"[0, 1]",20,20,1.0,,,,,,,,,,0.12144833065485239,0.18307125813874875,0.12144833065485239,0.18307125813874875,0.4777913774424275,464.0
calibration_v1,taskmap,calibration,jev_verbose,Q9divisible_unitary,True,noul,rater_fraction,,"[0, 1]",20,20,1.0,,,,,,,,,,0.13313125280516586,0.16705495276940246,0.13313125280516586,0.16705495276940246,0.5740202594210143,446.0
calibration_v1,taskmap,calibration,jev_verbose,Q10maximizing,True,noul,rater_fraction,,"[0, 1]",20,20,1.0,,,,,,,,,,0.10628907686516384,0.14040724018559528,0.10628907686516384,0.14040724018559528,0.5552705434124631,468.0
calibration_v1,taskmap,calibration,jev_verbose,Q11optimizing,True,noul,rater_fraction,,"[0, 1]",20,20,1.0,,,,,,,,,,0.13680427181514138,0.17739795938888717,0.13680427181514138,0.17739795938888717,0.5728832234003827,466.0
calibration_v1,taskmap,calibration,jev_verbose,Q13outcome_multip,True,noul,rater_fraction,,"[0, 1]",20,20,1.0,,,,,,,,,,0.17843693625215365,0.2231594236109637,0.17843693625215365,0.2231594236109637,0.549797158637736,466.0
calibration_v1,taskmap,calibration,jev_verbose,Q14sol_scheme_mul,True,noul,rater_fraction,,"[0, 1]",20,20,1.0,,,,,,,,,,0.15996954856737464,0.22118277842830864,0.15996954856737464,0.22118277842830864,0.6356254986165832,467.0
calibration_v1,taskmap,calibration,jev_verbose,Q15dec_verifiability,True,noul,rater_fraction,,"[0, 1]",20,20,1.0,,,,,,,,,,0.19041875877745446,0.24389243994209325,0.19041875877745446,0.24389243994209325,0.5360176717940253,461.0
calibration_v1,taskmap,calibration,jev_verbose,Q16shared_knowledge,True,noul,rater_fraction,,"[0, 1]",20,20,1.0,,,,,,,,,,0.12357619554358683,0.16811434123803345,0.12357619554358683,0.16811434123803345,0.5509790949866469,464.0
calibration_v1,taskmap,calibration,jev_verbose,Q17within_sys_sol,True,noul,rater_fraction,,"[0, 1]",20,20,1.0,,,,,,,,,,0.12350677583286278,0.1577137809796542,0.12350677583286278,0.1577137809796542,0.4298838130203908,457.0
calibration_v1,taskmap,calibration,jev_verbose,Q18ans_recog,True,noul,rater_fraction,,"[0, 1]",20,20,1.0,,,,,,,,,,0.20773892049979006,0.26716213665987976,0.20773892049979006,0.26716213665987976,0.6588383473124161,460.0
calibration_v1,taskmap,calibration,jev_verbose,Q19time_solvability,True,noul,rater_fraction,,"[0, 1]",20,20,1.0,,,,,,,,,,0.2553783064761326,0.3315218237289498,0.2553783064761326,0.3315218237289498,0.7016669445395028,458.0
calibration_v1,taskmap,calibration,jev_verbose,Q20type_3_type_4,True,noul,rater_fraction,,"[0, 1]",20,20,1.0,,,,,,,,,,0.18553937366980847,0.2565843823551762,0.18553937366980847,0.2565843823551762,0.5342930577587344,464.0
calibration_v1,taskmap,calibration,jev_verbose,Q21intellective_judg_1,True,score,continuous_rating,,"[0, 1]",20,20,1.0,,,,,,,,,,0.13567512378925423,0.21077281914732643,0.13567512378925423,0.21077281914732643,,0.0
calibration_v1,taskmap,calibration,jev_verbose,Q22confl_tradeoffs,True,noul,rater_fraction,,"[0, 1]",20,20,1.0,,,,,,,,,,0.12117162185640447,0.15194696500188037,0.12117162185640447,0.15194696500188037,0.49410348241711227,468.0
calibration_v1,taskmap,calibration,jev_verbose,Q23ss_out_uncert,True,noul,rater_fraction,,"[0, 1]",20,20,1.0,,,,,,,,,,0.16420619959750393,0.2071576494310828,0.16420619959750393,0.2071576494310828,0.5583960598954976,461.0
calibration_v1,taskmap,calibration,jev_verbose,Q24eureka_question,True,noul,rater_fraction,,"[0, 1]",20,20,1.0,,,,,,,,,,0.07703326021804283,0.09272378342043003,0.07703326021804283,0.09272378342043003,0.30816205959511844,463.0
calibration_v1,taskmap,calibration,llm_direct,Q1concept_behav,True,noul,rater_fraction,,"[0, 1]",20,20,1.0,,,,,,,,,,0.07596277997364954,0.14958695995374063,0.07596277997364954,0.14958695995374063,0.2235578055742231,468.0
calibration_v1,taskmap,calibration,llm_direct,Q2intel_manip_1,True,score,continuous_rating,,"[0, 1]",20,20,1.0,,,,,,,,,,0.06585379439401179,0.11466538388101566,0.06585379439401179,0.11466538388101566,,0.0
calibration_v1,taskmap,calibration,llm_direct,Q3type_1_planning,True,noul,rater_fraction,,"[0, 1]",20,20,1.0,,,,,,,,,,0.13341128436780608,0.17956480508130432,0.13341128436780608,0.17956480508130432,0.5866903736571671,468.0
calibration_v1,taskmap,calibration,llm_direct,Q4type_2_generate,True,noul,rater_fraction,,"[0, 1]",20,20,1.0,,,,,,,,,,0.09322101087318478,0.11636653172904837,0.09322101087318478,0.11636653172904837,0.8140471749795063,468.0
calibration_v1,taskmap,calibration,llm_direct,Q5creativity_input_1,True,score,continuous_rating,,"[0, 1]",20,20,1.0,,,,,,,,,,0.09563538961038962,0.11863703083626516,0.09563538961038962,0.11863703083626516,,0.0
calibration_v1,taskmap,calibration,llm_direct,Q6type_5_cc,True,noul,rater_fraction,,"[0, 1]",20,20,1.0,,,,,,,,,,0.09950374987331509,0.1965688109374278,0.09950374987331509,0.1965688109374278,0.4422746635397387,466.0
calibration_v1,taskmap,calibration,llm_direct,Q7type_7_battle,True,noul,rater_fraction,,"[0, 1]",20,20,1.0,,,,,,,,,,0.18938915794350578,0.25833460630603317,0.18938915794350578,0.25833460630603317,1.3917919553043119,466.0
calibration_v1,taskmap,calibration,llm_direct,Q8type_8_performance,True,noul,rater_fraction,,"[0, 1]",20,20,1.0,,,,,,,,,,0.1464866329322851,0.23625361361168654,0.1464866329322851,0.23625361361168654,2.1385308627720425,464.0
calibration_v1,taskmap,calibration,llm_direct,Q9divisible_unitary,True,noul,rater_fraction,,"[0, 1]",20,20,1.0,,,,,,,,,,0.22867990704947228,0.32539261865436164,0.22867990704947228,0.32539261865436164,0.8001697202375245,446.0
calibration_v1,taskmap,calibration,llm_direct,Q10maximizing,True,noul,rater_fraction,,"[0, 1]",20,20,1.0,,,,,,,,,,0.20610198859111906,0.28542644267898365,0.20610198859111906,0.28542644267898365,1.827285414844557,468.0
calibration_v1,taskmap,calibration,llm_direct,Q11optimizing,True,noul,rater_fraction,,"[0, 1]",20,20,1.0,,,,,,,,,,0.22857963413398194,0.28567083105362384,0.22857963413398194,0.28567083105362384,0.6942745138844909,466.0
calibration_v1,taskmap,calibration,llm_direct,Q13outcome_multip,True,noul,rater_fraction,,"[0, 1]",20,20,1.0,,,,,,,,,,0.15854299685821424,0.19992759731884108,0.15854299685821424,0.19992759731884108,0.5328266328300764,466.0
calibration_v1,taskmap,calibration,llm_direct,Q14sol_scheme_mul,True,noul,rater_fraction,,"[0, 1]",20,20,1.0,,,,,,,,,,0.1651434616108529,0.2282574969760157,0.1651434616108529,0.2282574969760157,0.6508254913097673,467.0
calibration_v1,taskmap,calibration,llm_direct,Q15dec_verifiability,True,noul,rater_fraction,,"[0, 1]",20,20,1.0,,,,,,,,,,0.17624819021558152,0.21488062897142907,0.17624819021558152,0.21488062897142907,0.5158868236510877,461.0
calibration_v1,taskmap,calibration,llm_direct,Q16shared_knowledge,True,noul,rater_fraction,,"[0, 1]",20,20,1.0,,,,,,,,,,0.23017940392940392,0.3108418566331215,0.23017940392940392,0.3108418566331215,0.7473492547262255,464.0
calibration_v1,taskmap,calibration,llm_direct,Q17within_sys_sol,True,noul,rater_fraction,,"[0, 1]",20,20,1.0,,,,,,,,,,0.11938782232260495,0.15136729979616448,0.11938782232260495,0.15136729979616448,0.4423463710335576,457.0
calibration_v1,taskmap,calibration,llm_direct,Q18ans_recog,True,noul,rater_fraction,,"[0, 1]",20,20,1.0,,,,,,,,,,0.14479538577364665,0.19053210546994193,0.14479538577364665,0.19053210546994193,0.5769239576892395,460.0
calibration_v1,taskmap,calibration,llm_direct,Q19time_solvability,True,noul,rater_fraction,,"[0, 1]",20,20,1.0,,,,,,,,,,0.18140023382414686,0.2380413995718442,0.18140023382414686,0.2380413995718442,0.5821370125475304,458.0
calibration_v1,taskmap,calibration,llm_direct,Q20type_3_type_4,True,noul,rater_fraction,,"[0, 1]",20,20,1.0,,,,,,,,,,0.21734682708595748,0.2699761588893483,0.21734682708595748,0.2699761588893483,0.5823521199624684,464.0
calibration_v1,taskmap,calibration,llm_direct,Q21intellective_judg_1,True,score,continuous_rating,,"[0, 1]",20,20,1.0,,,,,,,,,,0.17056085400107138,0.21153486850918005,0.17056085400107138,0.21153486850918005,,0.0
calibration_v1,taskmap,calibration,llm_direct,Q22confl_tradeoffs,True,noul,rater_fraction,,"[0, 1]",20,20,1.0,,,,,,,,,,0.1243962595375639,0.19604388131431139,0.1243962595375639,0.19604388131431139,0.5427961003780538,468.0
calibration_v1,taskmap,calibration,llm_direct,Q23ss_out_uncert,True,noul,rater_fraction,,"[0, 1]",20,20,1.0,,,,,,,,,,0.23375381864512298,0.3216893861340105,0.23375381864512298,0.3216893861340105,0.7066392951431321,461.0
calibration_v1,taskmap,calibration,llm_direct,Q24eureka_question,True,noul,rater_fraction,,"[0, 1]",20,20,1.0,,,,,,,,,,0.08397924177272004,0.10441460596847656,0.08397924177272004,0.10441460596847656,0.9788960954060816,463.0
calibration_v1,ucc,calibration,jev_anchored,healthy,True,choice,category,"[""0"", ""1""]",,205,205,1.0,0.5414634146341464,0.416060606060606,0.416060606060606,2,2,1.2046172010025544,205,0.6551795121951223,1.0,,,,,,
calibration_v1,ucc,calibration,jev_anchored,sarcastic,True,choice,category,"[""0"", ""1""]",,205,205,1.0,0.6926829268292682,0.4963144963144963,0.4963144963144963,2,2,0.6979092783973182,205,0.4043307317073172,1.0,,,,,,
calibration_v1,ucc,calibration,jev_anchored,generalisation,False,choice,category,"[""0"", ""1""]",,205,205,1.0,0.848780487804878,0.4891889719475926,0.4891889719475926,2,2,0.33744278625029883,205,0.2112156097560975,1.0,,,,,,
calibration_v1,ucc,calibration,jev_anchored,generalisation_unfair,True,choice,category,"[""0"", ""1""]",,205,205,1.0,0.8682926829268293,0.49904968775454794,0.49904968775454794,2,2,0.3264972820093375,205,0.20727804878048783,1.0,,,,,,
calibration_v1,ucc,calibration,jev_anchored,hostile,True,choice,category,"[""0"", ""1""]",,205,205,1.0,0.7853658536585366,0.4988888888888889,0.4988888888888889,2,2,0.5020405282013899,205,0.3237648780487804,1.0,,,,,,
calibration_v1,ucc,calibration,jev_anchored,antagonize,True,choice,category,"[""0"", ""1""]",,205,205,1.0,0.6878048780487804,0.4723294723294723,0.4723294723294723,2,2,0.7428079373979414,205,0.4714721951219516,1.0,,,,,,
calibration_v1,ucc,calibration,jev_anchored,condescending,True,choice,category,"[""0"", ""1""]",,205,205,1.0,0.6829268292682927,0.45835535140847933,0.45835535140847933,2,2,0.6603278385684348,205,0.4353453658536589,1.0,,,,,,
calibration_v1,ucc,calibration,jev_anchored,dismissive,True,choice,category,"[""0"", ""1""]",,205,205,1.0,0.7024390243902439,0.5123045123045123,0.5123045123045123,2,2,0.5467979430477553,205,0.375881951219512,1.0,,,,,,
calibration_v1,ucc,calibration,jev_compact,healthy,True,choice,category,"[""0"", ""1""]",,205,205,1.0,0.5414634146341464,0.416060606060606,0.416060606060606,2,2,1.2682243500227337,205,0.6517726829268294,1.0,,,,,,
calibration_v1,ucc,calibration,jev_compact,sarcastic,True,choice,category,"[""0"", ""1""]",,205,205,1.0,0.7024390243902439,0.5022885572139304,0.5022885572139304,2,2,0.6945389864980017,205,0.40414731707317086,1.0,,,,,,
calibration_v1,ucc,calibration,jev_compact,generalisation,False,choice,category,"[""0"", ""1""]",,205,205,1.0,0.8536585365853658,0.4915674603174603,0.4915674603174603,2,2,0.32426327249915715,205,0.2014458536585367,1.0,,,,,,
calibration_v1,ucc,calibration,jev_compact,generalisation_unfair,True,choice,category,"[""0"", ""1""]",,205,205,1.0,0.8634146341463415,0.4964912280701754,0.4964912280701754,2,2,0.31967104607907276,205,0.20156975609756086,1.0,,,,,,
calibration_v1,ucc,calibration,jev_compact,hostile,True,choice,category,"[""0"", ""1""]",,205,205,1.0,0.7804878048780488,0.49614943470424383,0.49614943470424383,2,2,0.4888546982928002,205,0.3118614634146342,1.0,,,,,,
calibration_v1,ucc,calibration,jev_compact,antagonize,True,choice,category,"[""0"", ""1""]",,205,205,1.0,0.7073170731707317,0.4831932773109243,0.4831932773109243,2,2,0.7420452974776367,205,0.46547121951219517,1.0,,,,,,
calibration_v1,ucc,calibration,jev_compact,condescending,True,choice,category,"[""0"", ""1""]",,205,205,1.0,0.697560975609756,0.46596638655462186,0.46596638655462186,2,2,0.6513285477630737,205,0.43060487804878056,1.0,,,,,,
calibration_v1,ucc,calibration,jev_compact,dismissive,True,choice,category,"[""0"", ""1""]",,205,205,1.0,0.7219512195121951,0.525019308158205,0.525019308158205,2,2,0.5496012427157912,205,0.3744360975609757,1.0,,,,,,
calibration_v1,ucc,calibration,jev_verbose,healthy,True,choice,category,"[""0"", ""1""]",,205,205,1.0,0.6439024390243903,0.48448103620517413,0.48448103620517413,2,2,1.099942197150802,205,0.5617336585365855,1.0,,,,,,
calibration_v1,ucc,calibration,jev_verbose,sarcastic,True,choice,category,"[""0"", ""1""]",,205,205,1.0,0.6926829268292682,0.48597014925373133,0.48597014925373133,2,2,0.7008432541963535,205,0.4438419512195124,1.0,,,,,,
calibration_v1,ucc,calibration,jev_verbose,generalisation,False,choice,category,"[""0"", ""1""]",,205,205,1.0,0.8585365853658536,0.4939994893182399,0.4939994893182399,2,2,0.3235698162579497,205,0.20319512195121953,1.0,,,,,,
calibration_v1,ucc,calibration,jev_verbose,generalisation_unfair,True,choice,category,"[""0"", ""1""]",,205,205,1.0,0.8634146341463415,0.4964912280701754,0.4964912280701754,2,2,0.3179082352149988,205,0.20201170731707302,1.0,,,,,,
calibration_v1,ucc,calibration,jev_verbose,hostile,True,choice,category,"[""0"", ""1""]",,205,205,1.0,0.7414634146341463,0.4753488821285432,0.4753488821285432,2,2,0.5586645049469967,205,0.36086731707317066,1.0,,,,,,
calibration_v1,ucc,calibration,jev_verbose,antagonize,True,choice,category,"[""0"", ""1""]",,205,205,1.0,0.7024390243902439,0.4916873297833421,0.4916873297833421,2,2,0.7235915222316817,205,0.45660390243902443,1.0,,,,,,
calibration_v1,ucc,calibration,jev_verbose,condescending,True,choice,category,"[""0"", ""1""]",,205,205,1.0,0.6829268292682927,0.4696517412935323,0.4696517412935323,2,2,0.744739610142542,205,0.48998048780487813,1.0,,,,,,
calibration_v1,ucc,calibration,jev_verbose,dismissive,True,choice,category,"[""0"", ""1""]",,205,205,1.0,0.6878048780487804,0.5121951219512195,0.5121951219512195,2,2,0.6816750459994589,205,0.463118048780488,1.0,,,,,,
calibration_v1,ucc,calibration,llm_direct,healthy,True,choice,category,"[""0"", ""1""]",,205,205,1.0,0.6536585365853659,0.4820469022454717,0.4820469022454717,2,2,,0,,0.0,,,,,,
calibration_v1,ucc,calibration,llm_direct,sarcastic,True,choice,category,"[""0"", ""1""]",,205,205,1.0,0.8195121951219512,0.5554187913955806,0.5554187913955806,2,2,,0,,0.0,,,,,,
calibration_v1,ucc,calibration,llm_direct,generalisation,False,choice,category,"[""0"", ""1""]",,205,205,1.0,0.8585365853658536,0.4939994893182399,0.4939994893182399,2,2,,0,,0.0,,,,,,
calibration_v1,ucc,calibration,llm_direct,generalisation_unfair,True,choice,category,"[""0"", ""1""]",,205,205,1.0,0.8731707317073171,0.5016828721017202,0.5016828721017202,2,2,,0,,0.0,,,,,,
calibration_v1,ucc,calibration,llm_direct,hostile,True,choice,category,"[""0"", ""1""]",,205,205,1.0,0.7219512195121951,0.46548648277754906,0.46548648277754906,2,2,,0,,0.0,,,,,,
calibration_v1,ucc,calibration,llm_direct,antagonize,True,choice,category,"[""0"", ""1""]",,205,205,1.0,0.7463414634146341,0.5059325176121616,0.5059325176121616,2,2,,0,,0.0,,,,,,
calibration_v1,ucc,calibration,llm_direct,condescending,True,choice,category,"[""0"", ""1""]",,205,205,1.0,0.7121951219512195,0.44673162252412973,0.44673162252412973,2,2,,0,,0.0,,,,,,
calibration_v1,ucc,calibration,llm_direct,dismissive,True,choice,category,"[""0"", ""1""]",,205,205,1.0,0.7170731707317073,0.5315947053261897,0.5315947053261897,2,2,,0,,0.0,,,,,,
confirmation_jev_v1,commonsense,confirmation,jev_native,q1,True,noul,rater_fraction,,"[0, 1]",1000,1000,1.0,,,,,,,,,,0.14673714748727787,0.1862951147739744,0.14673714748727787,0.1862951147739744,0.5178883622552801,23194.0
confirmation_jev_v1,commonsense,confirmation,jev_native,q2,True,noul,rater_fraction,,"[0, 1]",1000,1000,1.0,,,,,,,,,,0.1441691132079047,0.18532161818577497,0.1441691132079047,0.18532161818577497,0.5403756601870152,23194.0
confirmation_jev_v1,commonsense,confirmation,jev_threshold_calibrated,q1,True,noul,rater_fraction,,"[0, 1]",1000,1000,1.0,,,,,,,,,,0.138525607172361,0.1804295092315122,0.138525607172361,0.1804295092315122,0.5110974442674894,23194.0
confirmation_jev_v1,commonsense,confirmation,jev_threshold_calibrated,q2,True,noul,rater_fraction,,"[0, 1]",1000,1000,1.0,,,,,,,,,,0.12930462311149635,0.16873661079658567,0.12930462311149635,0.16873661079658567,0.5237904266686326,23194.0
confirmation_jev_v1,taskmap,confirmation,jev_native,Q1concept_behav,True,noul,rater_fraction,,"[0, 1]",62,62,1.0,,,,,,,,,,0.061454942906555815,0.08650076448305069,0.061454942906555815,0.08650076448305069,0.1637636875319181,1455.0
confirmation_jev_v1,taskmap,confirmation,jev_native,Q2intel_manip_1,True,score,continuous_rating,,"[0, 1]",62,62,1.0,,,,,,,,,,0.08436483171651475,0.11662606349020965,0.08436483171651475,0.11662606349020965,,0.0
confirmation_jev_v1,taskmap,confirmation,jev_native,Q3type_1_planning,True,noul,rater_fraction,,"[0, 1]",62,62,1.0,,,,,,,,,,0.09480371986332717,0.12884765547033097,0.09480371986332717,0.12884765547033097,0.4208441860373743,1456.0
confirmation_jev_v1,taskmap,confirmation,jev_native,Q4type_2_generate,True,noul,rater_fraction,,"[0, 1]",62,62,1.0,,,,,,,,,,0.08611002926220317,0.11907664716039035,0.08611002926220317,0.11907664716039035,0.3766664402596474,1455.0
confirmation_jev_v1,taskmap,confirmation,jev_native,Q5creativity_input_1,True,score,continuous_rating,,"[0, 1]",62,62,1.0,,,,,,,,,,0.21652689049042484,0.24530017407755336,0.21652689049042484,0.24530017407755336,,0.0
confirmation_jev_v1,taskmap,confirmation,jev_native,Q6type_5_cc,True,noul,rater_fraction,,"[0, 1]",62,62,1.0,,,,,,,,,,0.08184921761008718,0.11642348710804068,0.08184921761008718,0.11642348710804068,0.36215229011432665,1456.0
confirmation_jev_v1,taskmap,confirmation,jev_native,Q7type_7_battle,True,noul,rater_fraction,,"[0, 1]",62,62,1.0,,,,,,,,,,0.12147601443035856,0.15491720063478612,0.12147601443035856,0.15491720063478612,0.5437289596846581,1448.0
confirmation_jev_v1,taskmap,confirmation,jev_native,Q8type_8_performance,True,noul,rater_fraction,,"[0, 1]",62,62,1.0,,,,,,,,,,0.08488354303221064,0.13936521319822662,0.08488354303221064,0.13936521319822662,0.3793864915900066,1451.0
confirmation_jev_v1,taskmap,confirmation,jev_native,Q9divisible_unitary,True,noul,rater_fraction,,"[0, 1]",62,62,1.0,,,,,,,,,,0.16670124868692818,0.20405166372054506,0.16670124868692818,0.20405166372054506,0.600061788371067,1381.0
confirmation_jev_v1,taskmap,confirmation,jev_native,Q10maximizing,True,noul,rater_fraction,,"[0, 1]",62,62,1.0,,,,,,,,,,0.12322460965869102,0.16170699703337357,0.12322460965869102,0.16170699703337357,0.603816558067096,1453.0
confirmation_jev_v1,taskmap,confirmation,jev_native,Q11optimizing,True,noul,rater_fraction,,"[0, 1]",62,62,1.0,,,,,,,,,,0.1285608631927005,0.18023550444491143,0.1285608631927005,0.18023550444491143,0.5706300465297877,1456.0
confirmation_jev_v1,taskmap,confirmation,jev_native,Q13outcome_multip,True,noul,rater_fraction,,"[0, 1]",62,62,1.0,,,,,,,,,,0.23782471307716752,0.2903403738504048,0.23782471307716752,0.2903403738504048,0.5658223572440046,1448.0
confirmation_jev_v1,taskmap,confirmation,jev_native,Q14sol_scheme_mul,True,noul,rater_fraction,,"[0, 1]",62,62,1.0,,,,,,,,,,0.24444595596357002,0.3022820129920075,0.24444595596357002,0.3022820129920075,0.7815922592602378,1445.0
confirmation_jev_v1,taskmap,confirmation,jev_native,Q15dec_verifiability,True,noul,rater_fraction,,"[0, 1]",62,62,1.0,,,,,,,,,,0.15717766485870124,0.19845006966897283,0.15717766485870124,0.19845006966897283,0.4126943339600225,1442.0
confirmation_jev_v1,taskmap,confirmation,jev_native,Q16shared_knowledge,True,noul,rater_fraction,,"[0, 1]",62,62,1.0,,,,,,,,,,0.16793272918448232,0.2111062232247002,0.16793272918448232,0.2111062232247002,0.5529506697174559,1446.0
confirmation_jev_v1,taskmap,confirmation,jev_native,Q17within_sys_sol,True,noul,rater_fraction,,"[0, 1]",62,62,1.0,,,,,,,,,,0.13585070415014314,0.1592878812607364,0.13585070415014314,0.1592878812607364,0.44297300018025165,1426.0
confirmation_jev_v1,taskmap,confirmation,jev_native,Q18ans_recog,True,noul,rater_fraction,,"[0, 1]",62,62,1.0,,,,,,,,,,0.1690922166490558,0.22448095076528748,0.1690922166490558,0.22448095076528748,0.5714960297199885,1424.0
confirmation_jev_v1,taskmap,confirmation,jev_native,Q19time_solvability,True,noul,rater_fraction,,"[0, 1]",62,62,1.0,,,,,,,,,,0.2746605554073997,0.3345258539290151,0.2746605554073997,0.3345258539290151,0.6487675555299247,1435.0
confirmation_jev_v1,taskmap,confirmation,jev_native,Q20type_3_type_4,True,noul,rater_fraction,,"[0, 1]",62,62,1.0,,,,,,,,,,0.16842436120837243,0.21698949588458324,0.16842436120837243,0.21698949588458324,0.4049499448466222,1451.0
confirmation_jev_v1,taskmap,confirmation,jev_native,Q21intellective_judg_1,True,score,continuous_rating,,"[0, 1]",62,62,1.0,,,,,,,,,,0.08723976219873834,0.1298863948578256,0.08723976219873834,0.1298863948578256,,0.0
confirmation_jev_v1,taskmap,confirmation,jev_native,Q22confl_tradeoffs,True,noul,rater_fraction,,"[0, 1]",62,62,1.0,,,,,,,,,,0.09988979359947103,0.12839712047220275,0.09988979359947103,0.12839712047220275,0.4900088883029316,1456.0
confirmation_jev_v1,taskmap,confirmation,jev_native,Q23ss_out_uncert,True,noul,rater_fraction,,"[0, 1]",62,62,1.0,,,,,,,,,,0.1557962358663621,0.18829131190469367,0.1557962358663621,0.18829131190469367,0.5541234365913332,1436.0
confirmation_jev_v1,taskmap,confirmation,jev_native,Q24eureka_question,True,noul,rater_fraction,,"[0, 1]",62,62,1.0,,,,,,,,,,0.06607340363651724,0.09095601691132923,0.06607340363651724,0.09095601691132923,0.33088317799375117,1437.0
confirmation_jev_v1,taskmap,confirmation,jev_threshold_calibrated,Q1concept_behav,True,noul,rater_fraction,,"[0, 1]",62,62,1.0,,,,,,,,,,0.0389259909149036,0.07788745305787716,0.0389259909149036,0.07788745305787716,0.15332705598064061,1455.0
confirmation_jev_v1,taskmap,confirmation,jev_threshold_calibrated,Q2intel_manip_1,True,score,continuous_rating,,"[0, 1]",62,62,1.0,,,,,,,,,,0.05947896999252883,0.10098135660677442,0.05947896999252883,0.10098135660677442,,0.0
confirmation_jev_v1,taskmap,confirmation,jev_threshold_calibrated,Q3type_1_planning,True,noul,rater_fraction,,"[0, 1]",62,62,1.0,,,,,,,,,,0.09734165480468746,0.11930782446190796,0.09734165480468746,0.11930782446190796,0.4178597162831053,1456.0
confirmation_jev_v1,taskmap,confirmation,jev_threshold_calibrated,Q4type_2_generate,True,noul,rater_fraction,,"[0, 1]",62,62,1.0,,,,,,,,,,0.07847214547193507,0.09582250935207075,0.07847214547193507,0.09582250935207075,0.35502087066186017,1455.0
confirmation_jev_v1,taskmap,confirmation,jev_threshold_calibrated,Q5creativity_input_1,True,score,continuous_rating,,"[0, 1]",62,62,1.0,,,,,,,,,,0.093625391210507,0.11793592964543533,0.093625391210507,0.11793592964543533,,0.0
confirmation_jev_v1,taskmap,confirmation,jev_threshold_calibrated,Q6type_5_cc,True,noul,rater_fraction,,"[0, 1]",62,62,1.0,,,,,,,,,,0.06851691920885895,0.09293768136482536,0.06851691920885895,0.09293768136482536,0.3481114898213548,1456.0
confirmation_jev_v1,taskmap,confirmation,jev_threshold_calibrated,Q7type_7_battle,True,noul,rater_fraction,,"[0, 1]",62,62,1.0,,,,,,,,,,0.10866427725356678,0.13409125154247548,0.10866427725356678,0.13409125154247548,0.5211064799038585,1448.0
confirmation_jev_v1,taskmap,confirmation,jev_threshold_calibrated,Q8type_8_performance,True,noul,rater_fraction,,"[0, 1]",62,62,1.0,,,,,,,,,,0.08688515986235636,0.1349485395437878,0.08688515986235636,0.1349485395437878,0.37721648472270497,1451.0
confirmation_jev_v1,taskmap,confirmation,jev_threshold_calibrated,Q9divisible_unitary,True,noul,rater_fraction,,"[0, 1]",62,62,1.0,,,,,,,,,,0.1455736206658715,0.18174309118007895,0.1455736206658715,0.18174309118007895,0.5817720618833684,1381.0
confirmation_jev_v1,taskmap,confirmation,jev_threshold_calibrated,Q10maximizing,True,noul,rater_fraction,,"[0, 1]",62,62,1.0,,,,,,,,,,0.10577635482172652,0.13829347511047765,0.10577635482172652,0.13829347511047765,0.5814396710372084,1453.0
confirmation_jev_v1,taskmap,confirmation,jev_threshold_calibrated,Q11optimizing,True,noul,rater_fraction,,"[0, 1]",62,62,1.0,,,,,,,,,,0.1285608631927005,0.18023550444491143,0.1285608631927005,0.18023550444491143,0.5706300465297877,1456.0
confirmation_jev_v1,taskmap,confirmation,jev_threshold_calibrated,Q13outcome_multip,True,noul,rater_fraction,,"[0, 1]",62,62,1.0,,,,,,,,,,0.15766355913132707,0.20360191067095182,0.15766355913132707,0.20360191067095182,0.46837621510223,1448.0
confirmation_jev_v1,taskmap,confirmation,jev_threshold_calibrated,Q14sol_scheme_mul,True,noul,rater_fraction,,"[0, 1]",62,62,1.0,,,,,,,,,,0.17220826306998854,0.21788259431087728,0.17220826306998854,0.21788259431087728,0.6538936672271679,1445.0
confirmation_jev_v1,taskmap,confirmation,jev_threshold_calibrated,Q15dec_verifiability,True,noul,rater_fraction,,"[0, 1]",62,62,1.0,,,,,,,,,,0.092450405561219,0.11950056757523544,0.092450405561219,0.11950056757523544,0.3421696395777627,1442.0
confirmation_jev_v1,taskmap,confirmation,jev_threshold_calibrated,Q16shared_knowledge,True,noul,rater_fraction,,"[0, 1]",62,62,1.0,,,,,,,,,,0.16793272918448232,0.2111062232247002,0.16793272918448232,0.2111062232247002,0.5529506697174559,1446.0
confirmation_jev_v1,taskmap,confirmation,jev_threshold_calibrated,Q17within_sys_sol,True,noul,rater_fraction,,"[0, 1]",62,62,1.0,,,,,,,,,,0.09456178622032145,0.11963703317002994,0.09456178622032145,0.11963703317002994,0.41300249087345736,1426.0
confirmation_jev_v1,taskmap,confirmation,jev_threshold_calibrated,Q18ans_recog,True,noul,rater_fraction,,"[0, 1]",62,62,1.0,,,,,,,,,,0.1226135566340567,0.1512462613533204,0.1226135566340567,0.1512462613533204,0.5086516808624542,1424.0
confirmation_jev_v1,taskmap,confirmation,jev_threshold_calibrated,Q19time_solvability,True,noul,rater_fraction,,"[0, 1]",62,62,1.0,,,,,,,,,,0.14827764595151507,0.18840742986711403,0.14827764595151507,0.18840742986711403,0.4645660449502623,1435.0
confirmation_jev_v1,taskmap,confirmation,jev_threshold_calibrated,Q20type_3_type_4,True,noul,rater_fraction,,"[0, 1]",62,62,1.0,,,,,,,,,,0.11422540681078518,0.14781822287858876,0.11422540681078518,0.14781822287858876,0.34239325437083185,1451.0
confirmation_jev_v1,taskmap,confirmation,jev_threshold_calibrated,Q21intellective_judg_1,True,score,continuous_rating,,"[0, 1]",62,62,1.0,,,,,,,,,,0.05837112375252486,0.07844420466168485,0.05837112375252486,0.07844420466168485,,0.0
confirmation_jev_v1,taskmap,confirmation,jev_threshold_calibrated,Q22confl_tradeoffs,True,noul,rater_fraction,,"[0, 1]",62,62,1.0,,,,,,,,,,0.09988979359947103,0.12839712047220275,0.09988979359947103,0.12839712047220275,0.4900088883029316,1456.0
confirmation_jev_v1,taskmap,confirmation,jev_threshold_calibrated,Q23ss_out_uncert,True,noul,rater_fraction,,"[0, 1]",62,62,1.0,,,,,,,,,,0.14107385236332545,0.17580972988519697,0.14107385236332545,0.17580972988519697,0.5440143776376468,1436.0
confirmation_jev_v1,taskmap,confirmation,jev_threshold_calibrated,Q24eureka_question,True,noul,rater_fraction,,"[0, 1]",62,62,1.0,,,,,,,,,,0.060956451566890626,0.09215529573595152,0.060956451566890626,0.09215529573595152,0.32834249973529667,1437.0
confirmation_jev_v1,ucc,confirmation,jev_native,healthy,True,choice,category,"[""0"", ""1""]",,1001,1001,1.0,0.5854145854145855,0.46816736888059296,0.46816736888059296,2,2,0.7301294795507882,1001,0.5163730269730266,1.0,,,,,,
confirmation_jev_v1,ucc,confirmation,jev_native,sarcastic,True,choice,category,"[""0"", ""1""]",,1001,1001,1.0,0.6033966033966034,0.46581901424448574,0.46581901424448574,2,2,0.7379169856006309,1001,0.5206867132867135,1.0,,,,,,
confirmation_jev_v1,ucc,confirmation,jev_native,generalisation,False,choice,category,"[""0"", ""1""]",,1001,1001,1.0,0.8211788211788211,0.5177721260075626,0.5177721260075626,2,2,0.40176090856315383,1001,0.25055604395604425,1.0,,,,,,
confirmation_jev_v1,ucc,confirmation,jev_native,generalisation_unfair,True,choice,category,"[""0"", ""1""]",,1001,1001,1.0,0.8601398601398601,0.5401868913562747,0.5401868913562747,2,2,0.3434184781923596,1001,0.20352467532467525,1.0,,,,,,
confirmation_jev_v1,ucc,confirmation,jev_native,hostile,True,choice,category,"[""0"", ""1""]",,1001,1001,1.0,0.6843156843156843,0.46255216191602444,0.46255216191602444,2,2,0.6129187777960777,1001,0.41966673326673254,1.0,,,,,,
confirmation_jev_v1,ucc,confirmation,jev_native,antagonize,True,choice,category,"[""0"", ""1""]",,1001,1001,1.0,0.5914085914085914,0.4511686205116862,0.4511686205116862,2,2,0.7601088709947651,1001,0.5315830169830168,1.0,,,,,,
confirmation_jev_v1,ucc,confirmation,jev_native,condescending,True,choice,category,"[""0"", ""1""]",,1001,1001,1.0,0.6063936063936064,0.4676681783824641,0.4676681783824641,2,2,0.7185261111966171,1001,0.5032443556443553,1.0,,,,,,
confirmation_jev_v1,ucc,confirmation,jev_native,dismissive,True,choice,category,"[""0"", ""1""]",,1001,1001,1.0,0.6073926073926074,0.43760909562673966,0.43760909562673966,2,2,0.6799101434448501,1001,0.4831476523476518,1.0,,,,,,
confirmation_jev_v1,ucc,confirmation,jev_threshold_calibrated,healthy,True,choice,category,"[""0"", ""1""]",,1001,1001,1.0,0.9270729270729271,0.481078278900985,0.481078278900985,2,2,0.2344261969576802,1001,0.12830942809467275,1.0,,,,,,
confirmation_jev_v1,ucc,confirmation,jev_threshold_calibrated,sarcastic,True,choice,category,"[""0"", ""1""]",,1001,1001,1.0,0.7552447552447552,0.5477829387609092,0.5477829387609092,2,2,0.18566140935611816,1001,0.09434518964270998,1.0,,,,,,
confirmation_jev_v1,ucc,confirmation,jev_threshold_calibrated,generalisation,False,choice,category,"[""0"", ""1""]",,1001,1001,1.0,0.9820179820179821,0.6204499494438827,0.6204499494438827,2,2,0.40176090856315383,1001,0.25055604395604425,1.0,,,,,,
confirmation_jev_v1,ucc,confirmation,jev_threshold_calibrated,generalisation_unfair,True,choice,category,"[""0"", ""1""]",,1001,1001,1.0,0.981018981018981,0.4952092788703984,0.4952092788703984,2,2,0.3434184781923596,1001,0.20352467532467525,1.0,,,,,,
confirmation_jev_v1,ucc,confirmation,jev_threshold_calibrated,hostile,True,choice,category,"[""0"", ""1""]",,1001,1001,1.0,0.973026973026973,0.4931645569620253,0.4931645569620253,2,2,0.09741430216161026,1001,0.04120784743155186,1.0,,,,,,
confirmation_jev_v1,ucc,confirmation,jev_threshold_calibrated,antagonize,True,choice,category,"[""0"", ""1""]",,1001,1001,1.0,0.9040959040959041,0.6213353508606014,0.6213353508606014,2,2,0.158232067821573,1001,0.07948715631501696,1.0,,,,,,
confirmation_jev_v1,ucc,confirmation,jev_threshold_calibrated,condescending,True,choice,category,"[""0"", ""1""]",,1001,1001,1.0,0.9430569430569431,0.5022811134276018,0.5022811134276018,2,2,0.17504097768736288,1001,0.09161208504571629,1.0,,,,,,
confirmation_jev_v1,ucc,confirmation,jev_threshold_calibrated,dismissive,True,choice,category,"[""0"", ""1""]",,1001,1001,1.0,0.9410589410589411,0.5805975130843577,0.5805975130843577,2,2,0.13565615313435767,1001,0.061168318337782024,1.0,,,,,,
diagnostic_v1,babe,diagnostic,jev_ab_average,label_bias,True,choice,category,"[""Non-biased"", ""Biased""]",,1000,1000,1.0,0.807,0.8068375503798695,0.8068375503798695,2,2,0.548868447527094,1000,0.2791992000000002,1.0,,,,,,
diagnostic_v1,babe,diagnostic,jev_ab_judge,label_bias,True,choice,category,"[""Non-biased"", ""Biased""]",,1000,1000,1.0,0.818,0.8178572000448352,0.8178572000448352,2,2,0.5438518241580611,970,0.2718184536082477,0.97,,,,,,
diagnostic_v1,babe,diagnostic,jev_anchored,label_bias,True,choice,category,"[""Non-biased"", ""Biased""]",,1000,1000,1.0,0.783,0.7829216347101303,0.7829216347101303,2,2,0.6273067399307278,1000,0.32861700000000066,1.0,,,,,,
diagnostic_v1,babe,diagnostic,jev_boundary,label_bias,True,choice,category,"[""Non-biased"", ""Biased""]",,1000,1000,1.0,0.776,0.775999103996416,0.775999103996416,2,2,0.6171144103252004,1000,0.3246802000000009,1.0,,,,,,
diagnostic_v1,babe,diagnostic,jev_calibrated,label_bias,True,choice,category,"[""Non-biased"", ""Biased""]",,1000,1000,1.0,0.794,0.7929265311374164,0.7929265311374164,2,2,0.5298206506299806,1000,0.27210817796103637,1.0,,,,,,
diagnostic_v1,babe,diagnostic,jev_compact,label_bias,True,choice,category,"[""Non-biased"", ""Biased""]",,1000,1000,1.0,0.778,0.7779280486877749,0.7779280486877749,2,2,0.6609319365440073,1000,0.33112100000000044,1.0,,,,,,
diagnostic_v1,babe,diagnostic,jev_verbose,label_bias,True,choice,category,"[""Non-biased"", ""Biased""]",,1000,1000,1.0,0.81,0.8097801058023075,0.8097801058023075,2,2,0.6784218547180666,1000,0.2793718000000006,1.0,,,,,,
diagnostic_v1,babe,diagnostic,llm_ab_judge,label_bias,True,choice,category,"[""Non-biased"", ""Biased""]",,1000,1000,1.0,0.792,0.7908547204491797,0.7908547204491797,2,2,,0,,0.0,,,,,,
diagnostic_v1,babe,diagnostic,llm_direct,label_bias,True,choice,category,"[""Non-biased"", ""Biased""]",,1000,1000,1.0,0.793,0.7926846733882235,0.7926846733882235,2,2,,0,,0.0,,,,,,
diagnostic_v1,babe,diagnostic,llm_vote5,label_bias,True,choice,category,"[""Non-biased"", ""Biased""]",,1000,1000,1.0,0.799,0.7979231323724125,0.7979231323724125,2,2,,0,,0.0,,,,,,
diagnostic_v1,commonsense,diagnostic,jev_ab_average,q1,True,noul,rater_fraction,,"[0, 1]",1000,1000,1.0,,,,,,,,,,0.15553969709419765,0.1964864464963358,0.15553969709419765,0.1964864464963358,0.5373336513374739,23070.0
diagnostic_v1,commonsense,diagnostic,jev_ab_average,q2,True,noul,rater_fraction,,"[0, 1]",1000,1000,1.0,,,,,,,,,,0.15239391089628732,0.19345940124382266,0.15239391089628732,0.19345940124382266,0.5561831737351828,23070.0
diagnostic_v1,commonsense,diagnostic,jev_ab_judge,q1,True,noul,rater_fraction,,"[0, 1]",1000,1000,1.0,,,,,,,,,,0.15616088270158698,0.1977799896951376,0.15616088270158698,0.1977799896951376,0.5387153137237652,23070.0
diagnostic_v1,commonsense,diagnostic,jev_ab_judge,q2,True,noul,rater_fraction,,"[0, 1]",1000,1000,1.0,,,,,,,,,,0.15345049641435196,0.19636026843495089,0.15345049641435196,0.19636026843495089,0.558889820919337,23070.0
diagnostic_v1,commonsense,diagnostic,jev_anchored,q1,True,noul,rater_fraction,,"[0, 1]",1000,1000,1.0,,,,,,,,,,0.16805433873514725,0.20655233335427842,0.16805433873514725,0.20655233335427842,0.5487685692342228,23070.0
diagnostic_v1,commonsense,diagnostic,jev_anchored,q2,True,noul,rater_fraction,,"[0, 1]",1000,1000,1.0,,,,,,,,,,0.1614100149112585,0.20440432030218997,0.1614100149112585,0.20440432030218997,0.5670601888173308,23070.0
diagnostic_v1,commonsense,diagnostic,jev_boundary,q1,True,noul,rater_fraction,,"[0, 1]",1000,1000,1.0,,,,,,,,,,0.16546812635420835,0.20490736484484304,0.16546812635420835,0.20490736484484304,0.5468202580637865,23070.0
diagnostic_v1,commonsense,diagnostic,jev_boundary,q2,True,noul,rater_fraction,,"[0, 1]",1000,1000,1.0,,,,,,,,,,0.16186152975426185,0.20544802007689636,0.16186152975426185,0.20544802007689636,0.5673642914238953,23070.0
diagnostic_v1,commonsense,diagnostic,jev_calibrated,q1,True,noul,rater_fraction,,"[0, 1]",1000,1000,1.0,,,,,,,,,,0.14665761127104904,0.19127445941306476,0.14665761127104904,0.19127445941306476,0.531788836735634,23070.0
diagnostic_v1,commonsense,diagnostic,jev_calibrated,q2,True,noul,rater_fraction,,"[0, 1]",1000,1000,1.0,,,,,,,,,,0.13463770889871202,0.1752932483394409,0.13463770889871202,0.1752932483394409,0.5373215852217861,23070.0
diagnostic_v1,commonsense,diagnostic,jev_compact,q1,True,noul,rater_fraction,,"[0, 1]",1000,1000,1.0,,,,,,,,,,0.16733120453652103,0.2061354798401932,0.16733120453652103,0.2061354798401932,0.5482141818376328,23070.0
diagnostic_v1,commonsense,diagnostic,jev_compact,q2,True,noul,rater_fraction,,"[0, 1]",1000,1000,1.0,,,,,,,,,,0.16086848128427866,0.20329952664747683,0.16086848128427866,0.20329952664747683,0.5657109515749037,23070.0
diagnostic_v1,commonsense,diagnostic,jev_verbose,q1,True,noul,rater_fraction,,"[0, 1]",1000,1000,1.0,,,,,,,,,,0.15602690003334435,0.19677454815309484,0.15602690003334435,0.19677454815309484,0.5377996889903095,23070.0
diagnostic_v1,commonsense,diagnostic,jev_verbose,q2,True,noul,rater_fraction,,"[0, 1]",1000,1000,1.0,,,,,,,,,,0.1526362142376236,0.19369165772927366,0.1526362142376236,0.19369165772927366,0.5565265868760039,23070.0
diagnostic_v1,commonsense,diagnostic,llm_ab_judge,q1,True,noul,rater_fraction,,"[0, 1]",1000,1000,1.0,,,,,,,,,,0.13487733928508894,0.17892677898011106,0.13487733928508894,0.17892677898011106,0.5233110419563706,23070.0
diagnostic_v1,commonsense,diagnostic,llm_ab_judge,q2,True,noul,rater_fraction,,"[0, 1]",1000,1000,1.0,,,,,,,,,,0.14716423843100096,0.18581494096254808,0.14716423843100096,0.18581494096254808,0.5531751640523478,23070.0
diagnostic_v1,commonsense,diagnostic,llm_direct,q1,True,noul,rater_fraction,,"[0, 1]",1000,1000,1.0,,,,,,,,,,0.14536413142578505,0.1947475662557133,0.14536413142578505,0.1947475662557133,0.538660120796752,23070.0
diagnostic_v1,commonsense,diagnostic,llm_direct,q2,True,noul,rater_fraction,,"[0, 1]",1000,1000,1.0,,,,,,,,,,0.14702527366140836,0.18635260928684394,0.14702527366140836,0.18635260928684394,0.5535952880703063,23070.0
diagnostic_v1,commonsense,diagnostic,llm_vote5,q1,True,noul,rater_fraction,,"[0, 1]",1000,1000,1.0,,,,,,,,,,0.13401342223089377,0.1745031314947493,0.13401342223089377,0.1745031314947493,0.5179555316835036,23070.0
diagnostic_v1,commonsense,diagnostic,llm_vote5,q2,True,noul,rater_fraction,,"[0, 1]",1000,1000,1.0,,,,,,,,,,0.14426824664139368,0.18048675857884464,0.14426824664139368,0.18048675857884464,0.5462063276023162,23070.0
diagnostic_v1,conflict,diagnostic,jev_ab_average,rating_directness_content,True,choice,category,"[""Yes - Direct Content"", ""Neutral - Content contains no opinion"", ""No - Indirect Content""]",,797,797,1.0,0.8820577164366374,0.35908139794493166,0.5386220969173975,3,2,0.39528242047617074,797,0.17527735804866862,1.0,,,,,,
diagnostic_v1,conflict,diagnostic,jev_ab_average,rating_directness_expression,True,choice,category,"[""Yes - Direct Expression"", ""No - Indirect Expression""]",,802,802,1.0,0.800498753117207,0.5785601681555439,0.5785601681555439,2,2,0.44082922069410174,802,0.28004133416458893,1.0,,,,,,
diagnostic_v1,conflict,diagnostic,jev_ab_average,rating_OI_content,True,choice,category,"[""Yes - Content opposes someone else"", ""No - Content does not oppose anyone""]",,802,802,1.0,0.6571072319201995,0.528379554489215,0.528379554489215,2,2,1.5815902686151257,802,0.524079114713217,1.0,,,,,,
diagnostic_v1,conflict,diagnostic,jev_ab_average,rating_OI_expression,True,choice,category,"[""Yes - Expression is emotional/forceful"", ""No - Expression is not emotional/forceful""]",,802,802,1.0,0.8129675810473815,0.6513932678041543,0.6513932678041543,2,2,0.4742436008574254,802,0.2699174563591025,1.0,,,,,,
diagnostic_v1,conflict,diagnostic,jev_ab_judge,rating_directness_content,True,choice,category,"[""Yes - Direct Content"", ""Neutral - Content contains no opinion"", ""No - Indirect Content""]",,797,797,1.0,0.8820577164366374,0.35423643670462157,0.5313546550569324,3,2,0.3754423208195103,774,0.16123043199585144,0.9711417816813049,,,,,,
diagnostic_v1,conflict,diagnostic,jev_ab_judge,rating_directness_expression,True,choice,category,"[""Yes - Direct Expression"", ""No - Indirect Expression""]",,802,802,1.0,0.8054862842892768,0.5826929234710214,0.5826929234710214,2,2,0.4304109843765612,773,0.27084275549805986,0.9638403990024937,,,,,,
diagnostic_v1,conflict,diagnostic,jev_ab_judge,rating_OI_content,True,choice,category,"[""Yes - Content opposes someone else"", ""No - Content does not oppose anyone""]",,802,802,1.0,0.6596009975062345,0.5301214903329234,0.5301214903329234,2,2,1.6042950096693924,782,0.5246783248081843,0.9750623441396509,,,,,,
diagnostic_v1,conflict,diagnostic,jev_ab_judge,rating_OI_expression,True,choice,category,"[""Yes - Expression is emotional/forceful"", ""No - Expression is not emotional/forceful""]",,802,802,1.0,0.8067331670822943,0.6431513829283346,0.6431513829283346,2,2,0.4705371290428376,787,0.26599675984752247,0.9812967581047382,,,,,,
diagnostic_v1,conflict,diagnostic,jev_anchored,rating_directness_content,True,choice,category,"[""Yes - Direct Content"", ""Neutral - Content contains no opinion"", ""No - Indirect Content""]",,797,797,1.0,0.863237139272271,0.33754752239190666,0.50632128358786,3,2,0.4304877739529319,797,0.19598066468776407,1.0,,,,,,
diagnostic_v1,conflict,diagnostic,jev_anchored,rating_directness_expression,True,choice,category,"[""Yes - Direct Expression"", ""No - Indirect Expression""]",,802,802,1.0,0.71571072319202,0.5201385608565581,0.5201385608565581,2,2,0.6214503688012013,802,0.40051022443890366,1.0,,,,,,
diagnostic_v1,conflict,diagnostic,jev_anchored,rating_OI_content,True,choice,category,"[""Yes - Content opposes someone else"", ""No - Content does not oppose anyone""]",,802,802,1.0,0.5885286783042394,0.4694108307070513,0.4694108307070513,2,2,1.7229077386132121,802,0.6252304239401496,1.0,,,,,,
diagnostic_v1,conflict,diagnostic,jev_anchored,rating_OI_expression,True,choice,category,"[""Yes - Expression is emotional/forceful"", ""No - Expression is not emotional/forceful""]",,802,802,1.0,0.8117206982543641,0.6208963727488159,0.6208963727488159,2,2,0.5333375573134499,802,0.2707077306733171,1.0,,,,,,
diagnostic_v1,conflict,diagnostic,jev_boundary,rating_directness_content,True,choice,category,"[""Yes - Direct Content"", ""Neutral - Content contains no opinion"", ""No - Indirect Content""]",,797,797,1.0,0.8582183186951067,0.34068374778942784,0.5110256216841418,3,2,0.47258209464079687,797,0.21367498965934018,1.0,,,,,,
diagnostic_v1,conflict,diagnostic,jev_boundary,rating_directness_expression,True,choice,category,"[""Yes - Direct Expression"", ""No - Indirect Expression""]",,802,802,1.0,0.726932668329177,0.5248853722864678,0.5248853722864678,2,2,0.5847790494026627,802,0.3857763092269336,1.0,,,,,,
diagnostic_v1,conflict,diagnostic,jev_boundary,rating_OI_content,True,choice,category,"[""Yes - Content opposes someone else"", ""No - Content does not oppose anyone""]",,802,802,1.0,0.5897755610972568,0.4669309203016694,0.4669309203016694,2,2,1.740511651191382,802,0.6282812967581056,1.0,,,,,,
diagnostic_v1,conflict,diagnostic,jev_boundary,rating_OI_expression,True,choice,category,"[""Yes - Expression is emotional/forceful"", ""No - Expression is not emotional/forceful""]",,802,802,1.0,0.8129675810473815,0.6220594148989644,0.6220594148989644,2,2,0.5660588380364334,802,0.27561620947630966,1.0,,,,,,
diagnostic_v1,conflict,diagnostic,jev_calibrated,rating_directness_content,True,choice,category,"[""Yes - Direct Content"", ""Neutral - Content contains no opinion"", ""No - Indirect Content""]",,797,797,1.0,0.875784190715182,0.3558243727598566,0.5337365591397849,3,2,0.4214972631173918,797,0.18107055856974172,1.0,,,,,,
diagnostic_v1,conflict,diagnostic,jev_calibrated,rating_directness_expression,True,choice,category,"[""Yes - Direct Expression"", ""No - Indirect Expression""]",,802,802,1.0,0.8902743142144638,0.5631808278867102,0.5631808278867102,2,2,0.2964491446113774,802,0.16223180768160794,1.0,,,,,,
diagnostic_v1,conflict,diagnostic,jev_calibrated,rating_OI_content,True,choice,category,"[""Yes - Content opposes someone else"", ""No - Content does not oppose anyone""]",,802,802,1.0,0.8977556109725686,0.6416521360069747,0.6416521360069747,2,2,0.4701965233472582,802,0.19030354339839808,1.0,,,,,,
diagnostic_v1,conflict,diagnostic,jev_calibrated,rating_OI_expression,True,choice,category,"[""Yes - Expression is emotional/forceful"", ""No - Expression is not emotional/forceful""]",,802,802,1.0,0.9177057356608479,0.6032321899736148,0.6032321899736148,2,2,0.22892828575257446,802,0.1300438501802652,1.0,,,,,,
diagnostic_v1,conflict,diagnostic,jev_compact,rating_directness_content,True,choice,category,"[""Yes - Direct Content"", ""Neutral - Content contains no opinion"", ""No - Indirect Content""]",,797,797,1.0,0.863237139272271,0.34598012646793136,0.518970189701897,3,2,0.4272884854181115,797,0.19450692942632453,1.0,,,,,,
diagnostic_v1,conflict,diagnostic,jev_compact,rating_directness_expression,True,choice,category,"[""Yes - Direct Expression"", ""No - Indirect Expression""]",,802,802,1.0,0.7194513715710723,0.5199712701009537,0.5199712701009537,2,2,0.6150490782779987,802,0.3988740648379056,1.0,,,,,,
diagnostic_v1,conflict,diagnostic,jev_compact,rating_OI_content,True,choice,category,"[""Yes - Content opposes someone else"", ""No - Content does not oppose anyone""]",,802,802,1.0,0.5922693266832918,0.4685135833493773,0.4685135833493773,2,2,1.6989344366928407,802,0.6230795511221948,1.0,,,,,,
diagnostic_v1,conflict,diagnostic,jev_compact,rating_OI_expression,True,choice,category,"[""Yes - Expression is emotional/forceful"", ""No - Expression is not emotional/forceful""]",,802,802,1.0,0.8067331670822943,0.6080564252450633,0.6080564252450633,2,2,0.543376940177483,802,0.2729927680798009,1.0,,,,,,
diagnostic_v1,conflict,diagnostic,jev_verbose,rating_directness_content,True,choice,category,"[""Yes - Direct Content"", ""Neutral - Content contains no opinion"", ""No - Indirect Content""]",,797,797,1.0,0.875784190715182,0.3558243727598566,0.5337365591397849,3,2,0.4214972631173918,797,0.18107055856974172,1.0,,,,,,
diagnostic_v1,conflict,diagnostic,jev_verbose,rating_directness_expression,True,choice,category,"[""Yes - Direct Expression"", ""No - Indirect Expression""]",,802,802,1.0,0.7967581047381546,0.5786769800982998,0.5786769800982998,2,2,0.4770779782999892,802,0.2879259351620952,1.0,,,,,,
diagnostic_v1,conflict,diagnostic,jev_verbose,rating_OI_content,True,choice,category,"[""Yes - Content opposes someone else"", ""No - Content does not oppose anyone""]",,802,802,1.0,0.6658354114713217,0.5362041136918788,0.5362041136918788,2,2,1.7279837424018365,802,0.5144339152119713,1.0,,,,,,
diagnostic_v1,conflict,diagnostic,jev_verbose,rating_OI_expression,True,choice,category,"[""Yes - Expression is emotional/forceful"", ""No - Expression is not emotional/forceful""]",,802,802,1.0,0.8104738154613467,0.6444911052785068,0.6444911052785068,2,2,0.5146910753306493,802,0.26883491271820487,1.0,,,,,,
diagnostic_v1,conflict,diagnostic,llm_ab_judge,rating_directness_content,True,choice,category,"[""Yes - Direct Content"", ""Neutral - Content contains no opinion"", ""No - Indirect Content""]",,797,797,1.0,0.9523212045169385,0.3972228041995484,0.5958342062993226,3,2,,0,,0.0,,,,,,
diagnostic_v1,conflict,diagnostic,llm_ab_judge,rating_directness_expression,True,choice,category,"[""Yes - Direct Expression"", ""No - Indirect Expression""]",,802,802,1.0,0.8129675810473815,0.560210572493968,0.560210572493968,2,2,,0,,0.0,,,,,,
diagnostic_v1,conflict,diagnostic,llm_ab_judge,rating_OI_content,True,choice,category,"[""Yes - Content opposes someone else"", ""No - Content does not oppose anyone""]",,802,802,1.0,0.6197007481296758,0.5042710792708259,0.5042710792708259,2,2,,0,,0.0,,,,,,
diagnostic_v1,conflict,diagnostic,llm_ab_judge,rating_OI_expression,True,choice,category,"[""Yes - Expression is emotional/forceful"", ""No - Expression is not emotional/forceful""]",,802,802,1.0,0.844139650872818,0.6616410661428431,0.6616410661428431,2,2,,0,,0.0,,,,,,
diagnostic_v1,conflict,diagnostic,llm_direct,rating_directness_content,True,choice,category,"[""Yes - Direct Content"", ""Neutral - Content contains no opinion"", ""No - Indirect Content""]",,797,797,1.0,0.9598494353826851,0.3853016785120218,0.5779525177680327,3,2,,0,,0.0,,,,,,
diagnostic_v1,conflict,diagnostic,llm_direct,rating_directness_expression,True,choice,category,"[""Yes - Direct Expression"", ""No - Indirect Expression""]",,802,802,1.0,0.830423940149626,0.5525801952580195,0.5525801952580195,2,2,,0,,0.0,,,,,,
diagnostic_v1,conflict,diagnostic,llm_direct,rating_OI_content,True,choice,category,"[""Yes - Content opposes someone else"", ""No - Content does not oppose anyone""]",,802,802,1.0,0.5947630922693267,0.49035556815626624,0.49035556815626624,2,2,,0,,0.0,,,,,,
diagnostic_v1,conflict,diagnostic,llm_direct,rating_OI_expression,True,choice,category,"[""Yes - Expression is emotional/forceful"", ""No - Expression is not emotional/forceful""]",,802,802,1.0,0.8528678304239401,0.6740825435309676,0.6740825435309676,2,2,,0,,0.0,,,,,,
diagnostic_v1,conflict,diagnostic,llm_vote5,rating_directness_content,True,choice,category,"[""Yes - Direct Content"", ""Neutral - Content contains no opinion"", ""No - Indirect Content""]",,797,797,1.0,0.9598494353826851,0.38203370465581266,0.573050556983719,3,2,,0,,0.0,,,,,,
diagnostic_v1,conflict,diagnostic,llm_vote5,rating_directness_expression,True,choice,category,"[""Yes - Direct Expression"", ""No - Indirect Expression""]",,802,802,1.0,0.8179551122194514,0.5475649526282438,0.5475649526282438,2,2,,0,,0.0,,,,,,
diagnostic_v1,conflict,diagnostic,llm_vote5,rating_OI_content,True,choice,category,"[""Yes - Content opposes someone else"", ""No - Content does not oppose anyone""]",,802,802,1.0,0.6234413965087282,0.5052416554316297,0.5052416554316297,2,2,,0,,0.0,,,,,,
diagnostic_v1,conflict,diagnostic,llm_vote5,rating_OI_expression,True,choice,category,"[""Yes - Expression is emotional/forceful"", ""No - Expression is not emotional/forceful""]",,802,802,1.0,0.8428927680798005,0.64911037959915,0.64911037959915,2,2,,0,,0.0,,,,,,
diagnostic_v1,mbd,diagnostic,jev_ab_average,tone,True,choice,category,"[""positive"", ""negative"", ""neutral""]",,544,544,1.0,0.7150735294117647,0.6807235443304124,0.6807235443304124,3,3,0.8030708464583952,544,0.409008465983108,1.0,,,,,,
diagnostic_v1,mbd,diagnostic,jev_ab_average,focus,True,choice,category,"[""democrat"", ""republican"", ""both"", ""neither""]",,546,546,1.0,0.8534798534798534,0.8177586386451765,0.8177586386451765,4,4,0.32669071004798883,546,0.2007083333333334,1.0,,,,,,
diagnostic_v1,mbd,diagnostic,jev_ab_average,type,True,choice,category,"[""fact"", ""opinion"", ""borderline"", ""quote"", ""other""]",,508,508,1.0,0.781496062992126,0.6781118532561132,0.6781118532561132,5,5,0.6920822825378438,508,0.2931402780558635,1.0,,,,,,
diagnostic_v1,mbd,diagnostic,jev_ab_judge,tone,True,choice,category,"[""positive"", ""negative"", ""neutral""]",,544,544,1.0,0.7242647058823529,0.6873247402654036,0.6873247402654036,3,3,0.8030292457548599,528,0.40453845737653565,0.9705882352941176,,,,,,
diagnostic_v1,mbd,diagnostic,jev_ab_judge,focus,True,choice,category,"[""democrat"", ""republican"", ""both"", ""neither""]",,546,546,1.0,0.8516483516483516,0.8347573307747905,0.8347573307747905,4,4,0.3108327826246813,526,0.1883241444866921,0.9633699633699634,,,,,,
diagnostic_v1,mbd,diagnostic,jev_ab_judge,type,True,choice,category,"[""fact"", ""opinion"", ""borderline"", ""quote"", ""other""]",,508,508,1.0,0.7854330708661418,0.6857496847934208,0.6857496847934208,5,5,0.679808180658007,495,0.28380862673121215,0.9744094488188977,,,,,,
diagnostic_v1,mbd,diagnostic,jev_anchored,tone,True,choice,category,"[""positive"", ""negative"", ""neutral""]",,544,544,1.0,0.7444852941176471,0.7008894978206239,0.7008894978206239,3,3,0.7038669837748953,544,0.37558242938895825,1.0,,,,,,
diagnostic_v1,mbd,diagnostic,jev_anchored,focus,True,choice,category,"[""democrat"", ""republican"", ""both"", ""neither""]",,546,546,1.0,0.8351648351648352,0.7840982198460333,0.7840982198460333,4,4,0.3244623618029404,546,0.20868503811938163,1.0,,,,,,
diagnostic_v1,mbd,diagnostic,jev_anchored,type,True,choice,category,"[""fact"", ""opinion"", ""borderline"", ""quote"", ""other""]",,508,508,1.0,0.7933070866141733,0.6526481099208513,0.6526481099208513,5,5,0.6245381542715577,508,0.28399524960091704,1.0,,,,,,
diagnostic_v1,mbd,diagnostic,jev_boundary,tone,True,choice,category,"[""positive"", ""negative"", ""neutral""]",,544,544,1.0,0.7279411764705882,0.6814747129118386,0.6814747129118386,3,3,0.6808376608648851,544,0.3815248229097273,1.0,,,,,,
diagnostic_v1,mbd,diagnostic,jev_boundary,focus,True,choice,category,"[""democrat"", ""republican"", ""both"", ""neither""]",,546,546,1.0,0.8168498168498168,0.7670933784531236,0.7670933784531236,4,4,0.3446137044653382,546,0.22353388523186515,1.0,,,,,,
diagnostic_v1,mbd,diagnostic,jev_boundary,type,True,choice,category,"[""fact"", ""opinion"", ""borderline"", ""quote"", ""other""]",,508,508,1.0,0.8051181102362205,0.6772890150095793,0.6772890150095793,5,5,0.6045166848807175,508,0.2843668590381669,1.0,,,,,,
diagnostic_v1,mbd,diagnostic,jev_calibrated,tone,True,choice,category,"[""positive"", ""negative"", ""neutral""]",,544,544,1.0,0.8069852941176471,0.687888111634832,0.687888111634832,3,3,0.5448256996368863,544,0.2843060592334264,1.0,,,,,,
diagnostic_v1,mbd,diagnostic,jev_calibrated,focus,True,choice,category,"[""democrat"", ""republican"", ""both"", ""neither""]",,546,546,1.0,0.8626373626373627,0.8372298993518568,0.8372298993518568,4,4,0.3594136147018155,546,0.18899173937760846,1.0,,,,,,
diagnostic_v1,mbd,diagnostic,jev_calibrated,type,True,choice,category,"[""fact"", ""opinion"", ""borderline"", ""quote"", ""other""]",,508,508,1.0,0.781496062992126,0.6764734150318308,0.6764734150318308,5,5,0.7626988792869379,508,0.30005247508088145,1.0,,,,,,
diagnostic_v1,mbd,diagnostic,jev_compact,tone,True,choice,category,"[""positive"", ""negative"", ""neutral""]",,544,544,1.0,0.7444852941176471,0.6959917761687673,0.6959917761687673,3,3,0.7336936453838332,544,0.3745305147058828,1.0,,,,,,
diagnostic_v1,mbd,diagnostic,jev_compact,focus,True,choice,category,"[""democrat"", ""republican"", ""both"", ""neither""]",,546,546,1.0,0.8296703296703297,0.7763662457389349,0.7763662457389349,4,4,0.32985677050802725,546,0.2142174169265077,1.0,,,,,,
diagnostic_v1,mbd,diagnostic,jev_compact,type,True,choice,category,"[""fact"", ""opinion"", ""borderline"", ""quote"", ""other""]",,508,508,1.0,0.8051181102362205,0.6767092802817885,0.6767092802817885,5,5,0.6167415714268815,508,0.27647597517367306,1.0,,,,,,
diagnostic_v1,mbd,diagnostic,jev_verbose,tone,True,choice,category,"[""positive"", ""negative"", ""neutral""]",,544,544,1.0,0.71875,0.6898562423688169,0.6898562423688169,3,3,1.0010654616320114,544,0.4184741926093978,1.0,,,,,,
diagnostic_v1,mbd,diagnostic,jev_verbose,focus,True,choice,category,"[""democrat"", ""republican"", ""both"", ""neither""]",,546,546,1.0,0.8571428571428571,0.8317531520962893,0.8317531520962893,4,4,0.39265349967623575,546,0.2032306551660087,1.0,,,,,,
diagnostic_v1,mbd,diagnostic,jev_verbose,type,True,choice,category,"[""fact"", ""opinion"", ""borderline"", ""quote"", ""other""]",,508,508,1.0,0.781496062992126,0.6764734150318308,0.6764734150318308,5,5,0.7626988792869379,508,0.30005247508088145,1.0,,,,,,
diagnostic_v1,mbd,diagnostic,llm_ab_judge,tone,True,choice,category,"[""positive"", ""negative"", ""neutral""]",,544,544,1.0,0.7904411764705882,0.7451900808941926,0.7451900808941926,3,3,,0,,0.0,,,,,,
diagnostic_v1,mbd,diagnostic,llm_ab_judge,focus,True,choice,category,"[""democrat"", ""republican"", ""both"", ""neither""]",,546,546,1.0,0.8003663003663004,0.76436468728609,0.76436468728609,4,4,,0,,0.0,,,,,,
diagnostic_v1,mbd,diagnostic,llm_ab_judge,type,True,choice,category,"[""fact"", ""opinion"", ""borderline"", ""quote"", ""other""]",,508,508,1.0,0.8405511811023622,0.7561581073966177,0.7561581073966177,5,5,,0,,0.0,,,,,,
diagnostic_v1,mbd,diagnostic,llm_direct,tone,True,choice,category,"[""positive"", ""negative"", ""neutral""]",,544,544,1.0,0.7849264705882353,0.7317344114877216,0.7317344114877216,3,3,,0,,0.0,,,,,,
diagnostic_v1,mbd,diagnostic,llm_direct,focus,True,choice,category,"[""democrat"", ""republican"", ""both"", ""neither""]",,546,546,1.0,0.7490842490842491,0.6907027891094896,0.6907027891094896,4,4,,0,,0.0,,,,,,
diagnostic_v1,mbd,diagnostic,llm_direct,type,True,choice,category,"[""fact"", ""opinion"", ""borderline"", ""quote"", ""other""]",,508,508,1.0,0.8366141732283464,0.7253905387153343,0.7253905387153343,5,5,,0,,0.0,,,,,,
diagnostic_v1,mbd,diagnostic,llm_vote5,tone,True,choice,category,"[""positive"", ""negative"", ""neutral""]",,544,544,1.0,0.7996323529411765,0.7557167903645808,0.7557167903645808,3,3,,0,,0.0,,,,,,
diagnostic_v1,mbd,diagnostic,llm_vote5,focus,True,choice,category,"[""democrat"", ""republican"", ""both"", ""neither""]",,546,546,1.0,0.7893772893772893,0.7508064549670389,0.7508064549670389,4,4,,0,,0.0,,,,,,
diagnostic_v1,mbd,diagnostic,llm_vote5,type,True,choice,category,"[""fact"", ""opinion"", ""borderline"", ""quote"", ""other""]",,508,508,1.0,0.8385826771653543,0.7604854798363875,0.7604854798363875,5,5,,0,,0.0,,,,,,
diagnostic_v1,ucc,diagnostic,jev_ab_average,healthy,True,choice,category,"[""0"", ""1""]",,1002,1002,1.0,0.5598802395209581,0.444281932453421,0.444281932453421,2,2,1.0480026060779575,1002,0.6237432135728548,1.0,,,,,,
diagnostic_v1,ucc,diagnostic,jev_ab_average,sarcastic,True,choice,category,"[""0"", ""1""]",,1002,1002,1.0,0.6377245508982036,0.47231253345868096,0.47231253345868096,2,2,0.7778039166509673,1002,0.4952639221556882,1.0,,,,,,
diagnostic_v1,ucc,diagnostic,jev_ab_average,generalisation,False,choice,category,"[""0"", ""1""]",,1002,1002,1.0,0.8762475049900199,0.553225458468177,0.553225458468177,2,2,0.2944355647266129,1002,0.18025099800399264,1.0,,,,,,
diagnostic_v1,ucc,diagnostic,jev_ab_average,generalisation_unfair,True,choice,category,"[""0"", ""1""]",,1002,1002,1.0,0.8762475049900199,0.5361111111111111,0.5361111111111111,2,2,0.2698955267449203,1002,0.16597075848303464,1.0,,,,,,
diagnostic_v1,ucc,diagnostic,jev_ab_average,hostile,True,choice,category,"[""0"", ""1""]",,1002,1002,1.0,0.7145708582834331,0.470882785208381,0.470882785208381,2,2,0.6055335555230948,1002,0.39578108782435134,1.0,,,,,,
diagnostic_v1,ucc,diagnostic,jev_ab_average,antagonize,True,choice,category,"[""0"", ""1""]",,1002,1002,1.0,0.6197604790419161,0.4681343421861046,0.4681343421861046,2,2,0.8248716559501325,1002,0.5247149201596807,1.0,,,,,,
diagnostic_v1,ucc,diagnostic,jev_ab_average,condescending,True,choice,category,"[""0"", ""1""]",,1002,1002,1.0,0.6177644710578842,0.4700557747357984,0.4700557747357984,2,2,0.8002026992306239,1002,0.5263803393213567,1.0,,,,,,
diagnostic_v1,ucc,diagnostic,jev_ab_average,dismissive,True,choice,category,"[""0"", ""1""]",,1002,1002,1.0,0.5858283433133733,0.40629894503592934,0.40629894503592934,2,2,0.7666821413339246,1002,0.5329334830339321,1.0,,,,,,
diagnostic_v1,ucc,diagnostic,jev_ab_judge,healthy,True,choice,category,"[""0"", ""1""]",,1002,1002,1.0,0.5718562874251497,0.4530477214457034,0.4530477214457034,2,2,1.0637589912066847,958,0.6288868997912326,0.9560878243512974,,,,,,
diagnostic_v1,ucc,diagnostic,jev_ab_judge,sarcastic,True,choice,category,"[""0"", ""1""]",,1002,1002,1.0,0.6317365269461078,0.47043734200330856,0.47043734200330856,2,2,0.7826895257860793,956,0.4958447175732215,0.9540918163672655,,,,,,
diagnostic_v1,ucc,diagnostic,jev_ab_judge,generalisation,False,choice,category,"[""0"", ""1""]",,1002,1002,1.0,0.8662674650698603,0.5449159436008677,0.5449159436008677,2,2,0.2845173346161836,978,0.17227510224948933,0.9760479041916168,,,,,,
diagnostic_v1,ucc,diagnostic,jev_ab_judge,generalisation_unfair,True,choice,category,"[""0"", ""1""]",,1002,1002,1.0,0.8712574850299402,0.5323432044718609,0.5323432044718609,2,2,0.2569075007734823,970,0.15591262886598,0.9680638722554891,,,,,,
diagnostic_v1,ucc,diagnostic,jev_ab_judge,hostile,True,choice,category,"[""0"", ""1""]",,1002,1002,1.0,0.7155688622754491,0.47140453462608495,0.47140453462608495,2,2,0.602099548795119,967,0.3917351085832472,0.9650698602794411,,,,,,
diagnostic_v1,ucc,diagnostic,jev_ab_judge,antagonize,True,choice,category,"[""0"", ""1""]",,1002,1002,1.0,0.625748502994012,0.4717589618218447,0.4717589618218447,2,2,0.8307135402701964,964,0.5263255705394189,0.9620758483033932,,,,,,
diagnostic_v1,ucc,diagnostic,jev_ab_judge,condescending,True,choice,category,"[""0"", ""1""]",,1002,1002,1.0,0.6097804391217565,0.4636613162668127,0.4636613162668127,2,2,0.8060581302323628,957,0.5284330721003131,0.9550898203592815,,,,,,
diagnostic_v1,ucc,diagnostic,jev_ab_judge,dismissive,True,choice,category,"[""0"", ""1""]",,1002,1002,1.0,0.5848303393213573,0.4058023902928565,0.4058023902928565,2,2,0.7714886280840911,937,0.5349245997865532,0.935129740518962,,,,,,
diagnostic_v1,ucc,diagnostic,jev_anchored,healthy,True,choice,category,"[""0"", ""1""]",,1002,1002,1.0,0.5029940119760479,0.40877531386107174,0.40877531386107174,2,2,1.3335837333711404,1002,0.7151634730538908,1.0,,,,,,
diagnostic_v1,ucc,diagnostic,jev_anchored,sarcastic,True,choice,category,"[""0"", ""1""]",,1002,1002,1.0,0.627744510978044,0.45420931424591,0.45420931424591,2,2,0.7648151368134137,1002,0.5100554890219567,1.0,,,,,,
diagnostic_v1,ucc,diagnostic,jev_anchored,generalisation,False,choice,category,"[""0"", ""1""]",,1002,1002,1.0,0.8243512974051896,0.5023478417915839,0.5023478417915839,2,2,0.39109778675225315,1002,0.2442666666666671,1.0,,,,,,
diagnostic_v1,ucc,diagnostic,jev_anchored,generalisation_unfair,True,choice,category,"[""0"", ""1""]",,1002,1002,1.0,0.8502994011976048,0.5073875480157846,0.5073875480157846,2,2,0.34653942353887646,1002,0.21813552894211632,1.0,,,,,,
diagnostic_v1,ucc,diagnostic,jev_anchored,hostile,True,choice,category,"[""0"", ""1""]",,1002,1002,1.0,0.7225548902195609,0.475076320054272,0.475076320054272,2,2,0.6054525903203292,1002,0.38918463073852316,1.0,,,,,,
diagnostic_v1,ucc,diagnostic,jev_anchored,antagonize,True,choice,category,"[""0"", ""1""]",,1002,1002,1.0,0.6047904191616766,0.44964908874032566,0.44964908874032566,2,2,0.9065995181965721,1002,0.5554049900199599,1.0,,,,,,
diagnostic_v1,ucc,diagnostic,jev_anchored,condescending,True,choice,category,"[""0"", ""1""]",,1002,1002,1.0,0.6606786427145709,0.4805947211787091,0.4805947211787091,2,2,0.7397021824141352,1002,0.480574650698604,1.0,,,,,,
diagnostic_v1,ucc,diagnostic,jev_anchored,dismissive,True,choice,category,"[""0"", ""1""]",,1002,1002,1.0,0.6397205588822356,0.4308564955039296,0.4308564955039296,2,2,0.7049509463879317,1002,0.48615968063872345,1.0,,,,,,
diagnostic_v1,ucc,diagnostic,jev_boundary,healthy,True,choice,category,"[""0"", ""1""]",,1002,1002,1.0,0.5568862275449101,0.4359281254913098,0.4359281254913098,2,2,1.1619943402415147,1002,0.6514481037924156,1.0,,,,,,
diagnostic_v1,ucc,diagnostic,jev_boundary,sarcastic,True,choice,category,"[""0"", ""1""]",,1002,1002,1.0,0.6417165668662674,0.4602419111611946,0.4602419111611946,2,2,0.7402374127107133,1002,0.4942602794411184,1.0,,,,,,
diagnostic_v1,ucc,diagnostic,jev_boundary,generalisation,False,choice,category,"[""0"", ""1""]",,1002,1002,1.0,0.8532934131736527,0.5145780809728607,0.5145780809728607,2,2,0.3380592042150284,1002,0.21284890219560954,1.0,,,,,,
diagnostic_v1,ucc,diagnostic,jev_boundary,generalisation_unfair,True,choice,category,"[""0"", ""1""]",,1002,1002,1.0,0.8423153692614771,0.4975754036762466,0.4975754036762466,2,2,0.33152603934873526,1002,0.20962155688622794,1.0,,,,,,
diagnostic_v1,ucc,diagnostic,jev_boundary,hostile,True,choice,category,"[""0"", ""1""]",,1002,1002,1.0,0.7385229540918163,0.483614876826361,0.483614876826361,2,2,0.5721603346325159,1002,0.36853512974051983,1.0,,,,,,
diagnostic_v1,ucc,diagnostic,jev_boundary,antagonize,True,choice,category,"[""0"", ""1""]",,1002,1002,1.0,0.6067864271457086,0.4491647923561618,0.4491647923561618,2,2,0.8652135784947069,1002,0.5439684630738524,1.0,,,,,,
diagnostic_v1,ucc,diagnostic,jev_boundary,condescending,True,choice,category,"[""0"", ""1""]",,1002,1002,1.0,0.6487025948103793,0.46984126984126984,0.46984126984126984,2,2,0.7138402375176577,1002,0.4666826347305391,1.0,,,,,,
diagnostic_v1,ucc,diagnostic,jev_boundary,dismissive,True,choice,category,"[""0"", ""1""]",,1002,1002,1.0,0.6756487025948104,0.44370894865859806,0.44370894865859806,2,2,0.6301872805401182,1002,0.43555189620758544,1.0,,,,,,
diagnostic_v1,ucc,diagnostic,jev_calibrated,healthy,True,choice,category,"[""0"", ""1""]",,1002,1002,1.0,0.9271457085828343,0.5070326663476638,0.5070326663476638,2,2,0.23487982875976757,1002,0.12782123316564872,1.0,,,,,,
diagnostic_v1,ucc,diagnostic,jev_calibrated,sarcastic,True,choice,category,"[""0"", ""1""]",,1002,1002,1.0,0.9491017964071856,0.4869431643625192,0.4869431643625192,2,2,0.19332728108237918,1002,0.09472886223686991,1.0,,,,,,
diagnostic_v1,ucc,diagnostic,jev_calibrated,generalisation,False,choice,category,"[""0"", ""1""]",,1002,1002,1.0,0.872255489021956,0.5498209898209898,0.5498209898209898,2,2,0.321475704620142,1002,0.18610958083832388,1.0,,,,,,
diagnostic_v1,ucc,diagnostic,jev_calibrated,generalisation_unfair,True,choice,category,"[""0"", ""1""]",,1002,1002,1.0,0.872255489021956,0.5330848089468779,0.5330848089468779,2,2,0.2808107626935764,1002,0.17422055888223584,1.0,,,,,,
diagnostic_v1,ucc,diagnostic,jev_calibrated,hostile,True,choice,category,"[""0"", ""1""]",,1002,1002,1.0,0.9790419161676647,0.4947049924357035,0.4947049924357035,2,2,0.09810448365464103,1002,0.04068372169131858,1.0,,,,,,
diagnostic_v1,ucc,diagnostic,jev_calibrated,antagonize,True,choice,category,"[""0"", ""1""]",,1002,1002,1.0,0.9481037924151696,0.48668032786885246,0.48668032786885246,2,2,0.1785454267157786,1002,0.09188419178265375,1.0,,,,,,
diagnostic_v1,ucc,diagnostic,jev_calibrated,condescending,True,choice,category,"[""0"", ""1""]",,1002,1002,1.0,0.9530938123752495,0.48799182422074605,0.48799182422074605,2,2,0.1673964611713774,1002,0.08398714327978864,1.0,,,,,,
diagnostic_v1,ucc,diagnostic,jev_calibrated,dismissive,True,choice,category,"[""0"", ""1""]",,1002,1002,1.0,0.9760479041916168,0.49393939393939396,0.49393939393939396,2,2,0.13692956993055017,1002,0.05813312553428518,1.0,,,,,,
diagnostic_v1,ucc,diagnostic,jev_compact,healthy,True,choice,category,"[""0"", ""1""]",,1002,1002,1.0,0.5049900199600799,0.40889736770743634,0.40889736770743634,2,2,1.3652315292842971,1002,0.7161840319361273,1.0,,,,,,
diagnostic_v1,ucc,diagnostic,jev_compact,sarcastic,True,choice,category,"[""0"", ""1""]",,1002,1002,1.0,0.627744510978044,0.45239884837695876,0.45239884837695876,2,2,0.7589381844215424,1002,0.5090660678642719,1.0,,,,,,
diagnostic_v1,ucc,diagnostic,jev_compact,generalisation,False,choice,category,"[""0"", ""1""]",,1002,1002,1.0,0.8333333333333334,0.5075210651629442,0.5075210651629442,2,2,0.39809173477164655,1002,0.2371560878243519,1.0,,,,,,
diagnostic_v1,ucc,diagnostic,jev_compact,generalisation_unfair,True,choice,category,"[""0"", ""1""]",,1002,1002,1.0,0.8493013972055888,0.501369321271442,0.501369321271442,2,2,0.3418572046621509,1002,0.21474051896207594,1.0,,,,,,
diagnostic_v1,ucc,diagnostic,jev_compact,hostile,True,choice,category,"[""0"", ""1""]",,1002,1002,1.0,0.7265469061876247,0.47719084434626957,0.47719084434626957,2,2,0.6053587493480082,1002,0.3873956087824358,1.0,,,,,,
diagnostic_v1,ucc,diagnostic,jev_compact,antagonize,True,choice,category,"[""0"", ""1""]",,1002,1002,1.0,0.5978043912175649,0.4440039929778665,0.4440039929778665,2,2,0.9223798605362142,1002,0.5562393213572852,1.0,,,,,,
diagnostic_v1,ucc,diagnostic,jev_compact,condescending,True,choice,category,"[""0"", ""1""]",,1002,1002,1.0,0.6586826347305389,0.4775393960091721,0.4775393960091721,2,2,0.7420224699679923,1002,0.47916926147704664,1.0,,,,,,
diagnostic_v1,ucc,diagnostic,jev_compact,dismissive,True,choice,category,"[""0"", ""1""]",,1002,1002,1.0,0.6417165668662674,0.43183552011220566,0.43183552011220566,2,2,0.7027101030914475,1002,0.48462834331337346,1.0,,,,,,
diagnostic_v1,ucc,diagnostic,jev_verbose,healthy,True,choice,category,"[""0"", ""1""]",,1002,1002,1.0,0.5658682634730539,0.4518427224880684,0.4518427224880684,2,2,1.2013266971706749,1002,0.6384301397205582,1.0,,,,,,
diagnostic_v1,ucc,diagnostic,jev_verbose,sarcastic,True,choice,category,"[""0"", ""1""]",,1002,1002,1.0,0.6317365269461078,0.47043734200330856,0.47043734200330856,2,2,0.8066933299281365,1002,0.500406187624751,1.0,,,,,,
diagnostic_v1,ucc,diagnostic,jev_verbose,generalisation,False,choice,category,"[""0"", ""1""]",,1002,1002,1.0,0.872255489021956,0.5498209898209898,0.5498209898209898,2,2,0.321475704620142,1002,0.18610958083832388,1.0,,,,,,
diagnostic_v1,ucc,diagnostic,jev_verbose,generalisation_unfair,True,choice,category,"[""0"", ""1""]",,1002,1002,1.0,0.8712574850299402,0.5323432044718609,0.5323432044718609,2,2,0.2808107626935764,1002,0.17422055888223584,1.0,,,,,,
diagnostic_v1,ucc,diagnostic,jev_verbose,hostile,True,choice,category,"[""0"", ""1""]",,1002,1002,1.0,0.7045908183632734,0.46570012105839625,0.46570012105839625,2,2,0.6219793992735623,1002,0.40456846307385275,1.0,,,,,,
diagnostic_v1,ucc,diagnostic,jev_verbose,antagonize,True,choice,category,"[""0"", ""1""]",,1002,1002,1.0,0.6127744510978044,0.46391991395714405,0.46391991395714405,2,2,0.8363496419796271,1002,0.5318353293413183,1.0,,,,,,
diagnostic_v1,ucc,diagnostic,jev_verbose,condescending,True,choice,category,"[""0"", ""1""]",,1002,1002,1.0,0.6147704590818364,0.46512258264371376,0.46512258264371376,2,2,0.8276878772829991,1002,0.5390155688622756,1.0,,,,,,
diagnostic_v1,ucc,diagnostic,jev_verbose,dismissive,True,choice,category,"[""0"", ""1""]",,1002,1002,1.0,0.564870259481038,0.3958379430897907,0.3958379430897907,2,2,0.8257857924640893,1002,0.5728514970059883,1.0,,,,,,
diagnostic_v1,ucc,diagnostic,llm_ab_judge,healthy,True,choice,category,"[""0"", ""1""]",,1002,1002,1.0,0.7055888223552894,0.5349104326140146,0.5349104326140146,2,2,,0,,0.0,,,,,,
diagnostic_v1,ucc,diagnostic,llm_ab_judge,sarcastic,True,choice,category,"[""0"", ""1""]",,1002,1002,1.0,0.7594810379241517,0.5413647646921407,0.5413647646921407,2,2,,0,,0.0,,,,,,
diagnostic_v1,ucc,diagnostic,llm_ab_judge,generalisation,False,choice,category,"[""0"", ""1""]",,1002,1002,1.0,0.845309381237525,0.538475253703401,0.538475253703401,2,2,,0,,0.0,,,,,,
diagnostic_v1,ucc,diagnostic,llm_ab_judge,generalisation_unfair,True,choice,category,"[""0"", ""1""]",,1002,1002,1.0,0.8652694610778443,0.5441202737907072,0.5441202737907072,2,2,,0,,0.0,,,,,,
diagnostic_v1,ucc,diagnostic,llm_ab_judge,hostile,True,choice,category,"[""0"", ""1""]",,1002,1002,1.0,0.7604790419161677,0.5018230029830958,0.5018230029830958,2,2,,0,,0.0,,,,,,
diagnostic_v1,ucc,diagnostic,llm_ab_judge,antagonize,True,choice,category,"[""0"", ""1""]",,1002,1002,1.0,0.7744510978043913,0.557018779342723,0.557018779342723,2,2,,0,,0.0,,,,,,
diagnostic_v1,ucc,diagnostic,llm_ab_judge,condescending,True,choice,category,"[""0"", ""1""]",,1002,1002,1.0,0.7355289421157685,0.5273408226366596,0.5273408226366596,2,2,,0,,0.0,,,,,,
diagnostic_v1,ucc,diagnostic,llm_ab_judge,dismissive,True,choice,category,"[""0"", ""1""]",,1002,1002,1.0,0.7445109780439122,0.4839415764696415,0.4839415764696415,2,2,,0,,0.0,,,,,,
diagnostic_v1,ucc,diagnostic,llm_direct,healthy,True,choice,category,"[""0"", ""1""]",,1002,1002,1.0,0.687624750499002,0.5174828725235738,0.5174828725235738,2,2,,0,,0.0,,,,,,
diagnostic_v1,ucc,diagnostic,llm_direct,sarcastic,True,choice,category,"[""0"", ""1""]",,1002,1002,1.0,0.780439121756487,0.5590353347842786,0.5590353347842786,2,2,,0,,0.0,,,,,,
diagnostic_v1,ucc,diagnostic,llm_direct,generalisation,False,choice,category,"[""0"", ""1""]",,1002,1002,1.0,0.9021956087824351,0.5656581740976645,0.5656581740976645,2,2,,0,,0.0,,,,,,
diagnostic_v1,ucc,diagnostic,llm_direct,generalisation_unfair,True,choice,category,"[""0"", ""1""]",,1002,1002,1.0,0.906187624750499,0.547912066813862,0.547912066813862,2,2,,0,,0.0,,,,,,
diagnostic_v1,ucc,diagnostic,llm_direct,hostile,True,choice,category,"[""0"", ""1""]",,1002,1002,1.0,0.7564870259481038,0.4994923026531281,0.4994923026531281,2,2,,0,,0.0,,,,,,
diagnostic_v1,ucc,diagnostic,llm_direct,antagonize,True,choice,category,"[""0"", ""1""]",,1002,1002,1.0,0.7704590818363274,0.5441562757136528,0.5441562757136528,2,2,,0,,0.0,,,,,,
diagnostic_v1,ucc,diagnostic,llm_direct,condescending,True,choice,category,"[""0"", ""1""]",,1002,1002,1.0,0.7604790419161677,0.5371717591630292,0.5371717591630292,2,2,,0,,0.0,,,,,,
diagnostic_v1,ucc,diagnostic,llm_direct,dismissive,True,choice,category,"[""0"", ""1""]",,1002,1002,1.0,0.7714570858283433,0.478508101081129,0.478508101081129,2,2,,0,,0.0,,,,,,
diagnostic_v1,ucc,diagnostic,llm_vote5,healthy,True,choice,category,"[""0"", ""1""]",,1002,1002,1.0,0.7155688622754491,0.5344314037487427,0.5344314037487427,2,2,,0,,0.0,,,,,,
diagnostic_v1,ucc,diagnostic,llm_vote5,sarcastic,True,choice,category,"[""0"", ""1""]",,1002,1002,1.0,0.779441117764471,0.5453337795636115,0.5453337795636115,2,2,,0,,0.0,,,,,,
diagnostic_v1,ucc,diagnostic,llm_vote5,generalisation,False,choice,category,"[""0"", ""1""]",,1002,1002,1.0,0.844311377245509,0.5332298136645963,0.5332298136645963,2,2,,0,,0.0,,,,,,
diagnostic_v1,ucc,diagnostic,llm_vote5,generalisation_unfair,True,choice,category,"[""0"", ""1""]",,1002,1002,1.0,0.872255489021956,0.5498209898209898,0.5498209898209898,2,2,,0,,0.0,,,,,,
diagnostic_v1,ucc,diagnostic,llm_vote5,hostile,True,choice,category,"[""0"", ""1""]",,1002,1002,1.0,0.7734530938123753,0.5064307181529181,0.5064307181529181,2,2,,0,,0.0,,,,,,
diagnostic_v1,ucc,diagnostic,llm_vote5,antagonize,True,choice,category,"[""0"", ""1""]",,1002,1002,1.0,0.7914171656686627,0.5595604395604395,0.5595604395604395,2,2,,0,,0.0,,,,,,
diagnostic_v1,ucc,diagnostic,llm_vote5,condescending,True,choice,category,"[""0"", ""1""]",,1002,1002,1.0,0.7624750499001997,0.5360425210698749,0.5360425210698749,2,2,,0,,0.0,,,,,,
diagnostic_v1,ucc,diagnostic,llm_vote5,dismissive,True,choice,category,"[""0"", ""1""]",,1002,1002,1.0,0.7544910179640718,0.48316727053140096,0.48316727053140096,2,2,,0,,0.0,,,,,,
discovery_taskmap_v4,taskmap,discovery,jev_anchored,Q1concept_behav,True,noul,rater_fraction,,"[0, 1]",20,20,1.0,,,,,,,,,,0.07511029550159984,0.08186269759099066,0.07511029550159984,0.08186269759099066,0.173943862603914,462.0
discovery_taskmap_v4,taskmap,discovery,jev_anchored,Q2intel_manip_1,True,score,continuous_rating,,"[0, 1]",20,20,1.0,,,,,,,,,,0.0644672454357237,0.08207239157005759,0.0644672454357237,0.08207239157005759,,0.0
discovery_taskmap_v4,taskmap,discovery,jev_anchored,Q3type_1_planning,True,noul,rater_fraction,,"[0, 1]",20,20,1.0,,,,,,,,,,0.08062097684923772,0.1049899535874187,0.08062097684923772,0.1049899535874187,0.4867338141326377,463.0
discovery_taskmap_v4,taskmap,discovery,jev_anchored,Q4type_2_generate,True,noul,rater_fraction,,"[0, 1]",20,20,1.0,,,,,,,,,,0.08844249952945606,0.11692517743669444,0.08844249952945606,0.11692517743669444,0.39231102975632914,464.0
discovery_taskmap_v4,taskmap,discovery,jev_anchored,Q5creativity_input_1,True,score,continuous_rating,,"[0, 1]",20,20,1.0,,,,,,,,,,0.2479116883116883,0.27075244178784863,0.2479116883116883,0.27075244178784863,,0.0
discovery_taskmap_v4,taskmap,discovery,jev_anchored,Q6type_5_cc,True,noul,rater_fraction,,"[0, 1]",20,20,1.0,,,,,,,,,,0.08549416525503481,0.11593943740595429,0.08549416525503481,0.11593943740595429,0.39525322005277425,463.0
discovery_taskmap_v4,taskmap,discovery,jev_anchored,Q7type_7_battle,True,noul,rater_fraction,,"[0, 1]",20,20,1.0,,,,,,,,,,0.1167893374741201,0.14031793008029966,0.1167893374741201,0.14031793008029966,0.5088937259719233,462.0
discovery_taskmap_v4,taskmap,discovery,jev_anchored,Q8type_8_performance,True,noul,rater_fraction,,"[0, 1]",20,20,1.0,,,,,,,,,,0.06979314888010539,0.10132868954755715,0.06979314888010539,0.10132868954755715,0.2968469714066685,462.0
discovery_taskmap_v4,taskmap,discovery,jev_anchored,Q9divisible_unitary,True,noul,rater_fraction,,"[0, 1]",20,20,1.0,,,,,,,,,,0.17973390739695086,0.21429565864413236,0.17973390739695086,0.21429565864413236,0.5128622061233649,444.0
discovery_taskmap_v4,taskmap,discovery,jev_anchored,Q10maximizing,True,noul,rater_fraction,,"[0, 1]",20,20,1.0,,,,,,,,,,0.09911269527573875,0.11405847341411317,0.09911269527573875,0.11405847341411317,0.5278567948276445,464.0
discovery_taskmap_v4,taskmap,discovery,jev_anchored,Q11optimizing,True,noul,rater_fraction,,"[0, 1]",20,20,1.0,,,,,,,,,,0.13073593073593076,0.153204686409361,0.13073593073593076,0.153204686409361,0.5714905828746755,462.0
discovery_taskmap_v4,taskmap,discovery,jev_anchored,Q13outcome_multip,True,noul,rater_fraction,,"[0, 1]",20,20,1.0,,,,,,,,,,0.26682062864671563,0.32581187462907096,0.26682062864671563,0.32581187462907096,0.7334855258712517,459.0
discovery_taskmap_v4,taskmap,discovery,jev_anchored,Q14sol_scheme_mul,True,noul,rater_fraction,,"[0, 1]",20,20,1.0,,,,,,,,,,0.1862721155655938,0.2334904252404524,0.1862721155655938,0.2334904252404524,0.7013561804247401,461.0
discovery_taskmap_v4,taskmap,discovery,jev_anchored,Q15dec_verifiability,True,noul,rater_fraction,,"[0, 1]",20,20,1.0,,,,,,,,,,0.14378152644456993,0.16962603684072786,0.14378152644456993,0.16962603684072786,0.43624218106649676,460.0
discovery_taskmap_v4,taskmap,discovery,jev_anchored,Q16shared_knowledge,True,noul,rater_fraction,,"[0, 1]",20,20,1.0,,,,,,,,,,0.20840942028985507,0.2711015588250528,0.20840942028985507,0.2711015588250528,0.6648997375540795,462.0
discovery_taskmap_v4,taskmap,discovery,jev_anchored,Q17within_sys_sol,True,noul,rater_fraction,,"[0, 1]",20,20,1.0,,,,,,,,,,0.15076562205910032,0.1880294504678807,0.15076562205910032,0.1880294504678807,0.4689330322001616,460.0
discovery_taskmap_v4,taskmap,discovery,jev_anchored,Q18ans_recog,True,noul,rater_fraction,,"[0, 1]",20,20,1.0,,,,,,,,,,0.17696955580651236,0.21879627090457304,0.17696955580651236,0.21879627090457304,0.5937768078456026,456.0
discovery_taskmap_v4,taskmap,discovery,jev_anchored,Q19time_solvability,True,noul,rater_fraction,,"[0, 1]",20,20,1.0,,,,,,,,,,0.2846243647656691,0.3353727972520124,0.2846243647656691,0.3353727972520124,0.6919474402232251,459.0
discovery_taskmap_v4,taskmap,discovery,jev_anchored,Q20type_3_type_4,True,noul,rater_fraction,,"[0, 1]",20,20,1.0,,,,,,,,,,0.18894325239977414,0.24479304151571005,0.18894325239977414,0.24479304151571005,0.5152170041981508,460.0
discovery_taskmap_v4,taskmap,discovery,jev_anchored,Q21intellective_judg_1,True,score,continuous_rating,,"[0, 1]",20,20,1.0,,,,,,,,,,0.12441118953510258,0.17026697853879016,0.12441118953510258,0.17026697853879016,,0.0
discovery_taskmap_v4,taskmap,discovery,jev_anchored,Q22confl_tradeoffs,True,noul,rater_fraction,,"[0, 1]",20,20,1.0,,,,,,,,,,0.15262789384528513,0.18689385355036509,0.15262789384528513,0.18689385355036509,0.47924049672272395,463.0
discovery_taskmap_v4,taskmap,discovery,jev_anchored,Q23ss_out_uncert,True,noul,rater_fraction,,"[0, 1]",20,20,1.0,,,,,,,,,,0.11317414831545267,0.1419633409253251,0.11317414831545267,0.1419633409253251,0.5492062805709989,457.0
discovery_taskmap_v4,taskmap,discovery,jev_anchored,Q24eureka_question,True,noul,rater_fraction,,"[0, 1]",20,20,1.0,,,,,,,,,,0.06623197816676077,0.07714814678027439,0.06623197816676077,0.07714814678027439,0.2677563603369327,457.0
discovery_taskmap_v4,taskmap,discovery,jev_compact,Q1concept_behav,True,noul,rater_fraction,,"[0, 1]",20,20,1.0,,,,,,,,,,0.07911029550159984,0.08705141923684191,0.07911029550159984,0.08705141923684191,0.17737101200950722,462.0
discovery_taskmap_v4,taskmap,discovery,jev_compact,Q2intel_manip_1,True,score,continuous_rating,,"[0, 1]",20,20,1.0,,,,,,,,,,0.06430057876905702,0.08368315369088362,0.06430057876905702,0.08368315369088362,,0.0
discovery_taskmap_v4,taskmap,discovery,jev_compact,Q3type_1_planning,True,noul,rater_fraction,,"[0, 1]",20,20,1.0,,,,,,,,,,0.07762097684923772,0.10134386534177489,0.07762097684923772,0.10134386534177489,0.48375836658070126,463.0
discovery_taskmap_v4,taskmap,discovery,jev_compact,Q4type_2_generate,True,noul,rater_fraction,,"[0, 1]",20,20,1.0,,,,,,,,,,0.0896236589497459,0.12063844075637768,0.0896236589497459,0.12063844075637768,0.39251817185467097,464.0
discovery_taskmap_v4,taskmap,discovery,jev_compact,Q5creativity_input_1,True,score,continuous_rating,,"[0, 1]",20,20,1.0,,,,,,,,,,0.24491168831168833,0.26798111650866113,0.24491168831168833,0.26798111650866113,,0.0
discovery_taskmap_v4,taskmap,discovery,jev_compact,Q6type_5_cc,True,noul,rater_fraction,,"[0, 1]",20,20,1.0,,,,,,,,,,0.08699416525503481,0.11606655805886716,0.08699416525503481,0.11606655805886716,0.39487435729839165,463.0
discovery_taskmap_v4,taskmap,discovery,jev_compact,Q7type_7_battle,True,noul,rater_fraction,,"[0, 1]",20,20,1.0,,,,,,,,,,0.11078933747412009,0.1400917949041946,0.11078933747412009,0.1400917949041946,0.5081634243530903,462.0
discovery_taskmap_v4,taskmap,discovery,jev_compact,Q8type_8_performance,True,noul,rater_fraction,,"[0, 1]",20,20,1.0,,,,,,,,,,0.0737931488801054,0.10647171581762062,0.0737931488801054,0.10647171581762062,0.29951095186903526,462.0
discovery_taskmap_v4,taskmap,discovery,jev_compact,Q9divisible_unitary,True,noul,rater_fraction,,"[0, 1]",20,20,1.0,,,,,,,,,,0.18623390739695087,0.21938344191752274,0.18623390739695087,0.21938344191752274,0.517114268958223,444.0
discovery_taskmap_v4,taskmap,discovery,jev_compact,Q10maximizing,True,noul,rater_fraction,,"[0, 1]",20,20,1.0,,,,,,,,,,0.10061269527573875,0.1116460005047391,0.10061269527573875,0.1116460005047391,0.5258703224110388,464.0
discovery_taskmap_v4,taskmap,discovery,jev_compact,Q11optimizing,True,noul,rater_fraction,,"[0, 1]",20,20,1.0,,,,,,,,,,0.1362359307359307,0.1536278396957542,0.1362359307359307,0.1536278396957542,0.5722533308398348,462.0
discovery_taskmap_v4,taskmap,discovery,jev_compact,Q13outcome_multip,True,noul,rater_fraction,,"[0, 1]",20,20,1.0,,,,,,,,,,0.27182062864671563,0.3338271409459453,0.27182062864671563,0.3338271409459453,0.7447157340834218,459.0
discovery_taskmap_v4,taskmap,discovery,jev_compact,Q14sol_scheme_mul,True,noul,rater_fraction,,"[0, 1]",20,20,1.0,,,,,,,,,,0.186953933747412,0.236894918782477,0.186953933747412,0.236894918782477,0.7040824003734509,461.0
discovery_taskmap_v4,taskmap,discovery,jev_compact,Q15dec_verifiability,True,noul,rater_fraction,,"[0, 1]",20,20,1.0,,,,,,,,,,0.14694819311123658,0.16783436052788056,0.14694819311123658,0.16783436052788056,0.43521927614916145,460.0
discovery_taskmap_v4,taskmap,discovery,jev_compact,Q16shared_knowledge,True,noul,rater_fraction,,"[0, 1]",20,20,1.0,,,,,,,,,,0.21777305665349145,0.278121926833387,0.21777305665349145,0.278121926833387,0.6741675999469492,462.0
discovery_taskmap_v4,taskmap,discovery,jev_compact,Q17within_sys_sol,True,noul,rater_fraction,,"[0, 1]",20,20,1.0,,,,,,,,,,0.13976562205910031,0.17237784074562784,0.13976562205910031,0.17237784074562784,0.4552378048493421,460.0
discovery_taskmap_v4,taskmap,discovery,jev_compact,Q18ans_recog,True,noul,rater_fraction,,"[0, 1]",20,20,1.0,,,,,,,,,,0.17696955580651236,0.21403811891626226,0.17696955580651236,0.21403811891626226,0.5900106243480401,456.0
discovery_taskmap_v4,taskmap,discovery,jev_compact,Q19time_solvability,True,noul,rater_fraction,,"[0, 1]",20,20,1.0,,,,,,,,,,0.2807547995482778,0.3278839176403723,0.2807547995482778,0.3278839176403723,0.6783507238509618,459.0
discovery_taskmap_v4,taskmap,discovery,jev_compact,Q20type_3_type_4,True,noul,rater_fraction,,"[0, 1]",20,20,1.0,,,,,,,,,,0.19094325239977414,0.2300028142677532,0.19094325239977414,0.2300028142677532,0.5022391936187715,460.0
discovery_taskmap_v4,taskmap,discovery,jev_compact,Q21intellective_judg_1,True,score,continuous_rating,,"[0, 1]",20,20,1.0,,,,,,,,,,0.11907785620176922,0.16988338554626986,0.11907785620176922,0.16988338554626986,,0.0
discovery_taskmap_v4,taskmap,discovery,jev_compact,Q22confl_tradeoffs,True,noul,rater_fraction,,"[0, 1]",20,20,1.0,,,,,,,,,,0.15045398080180689,0.18279440351245368,0.15045398080180689,0.18279440351245368,0.47568986248943523,463.0
discovery_taskmap_v4,taskmap,discovery,jev_compact,Q23ss_out_uncert,True,noul,rater_fraction,,"[0, 1]",20,20,1.0,,,,,,,,,,0.12058719179371354,0.1515028793323578,0.12058719179371354,0.1515028793323578,0.555590600163398,457.0
discovery_taskmap_v4,taskmap,discovery,jev_compact,Q24eureka_question,True,noul,rater_fraction,,"[0, 1]",20,20,1.0,,,,,,,,,,0.06473197816676077,0.07358762048045565,0.06473197816676077,0.07358762048045565,0.26635090460656957,457.0
discovery_taskmap_v4,taskmap,discovery,jev_verbose,Q1concept_behav,True,noul,rater_fraction,,"[0, 1]",20,20,1.0,,,,,,,,,,0.06611029550159984,0.0733858693689219,0.06611029550159984,0.0733858693689219,0.1690520782890977,462.0
discovery_taskmap_v4,taskmap,discovery,jev_verbose,Q2intel_manip_1,True,score,continuous_rating,,"[0, 1]",20,20,1.0,,,,,,,,,,0.06913391210239037,0.07935967617984889,0.06913391210239037,0.07935967617984889,,0.0
discovery_taskmap_v4,taskmap,discovery,jev_verbose,Q3type_1_planning,True,noul,rater_fraction,,"[0, 1]",20,20,1.0,,,,,,,,,,0.09512097684923772,0.1244451577985942,0.09512097684923772,0.1244451577985942,0.5025332783510742,463.0
discovery_taskmap_v4,taskmap,discovery,jev_verbose,Q4type_2_generate,True,noul,rater_fraction,,"[0, 1]",20,20,1.0,,,,,,,,,,0.08679032561641256,0.11149135257865679,0.08679032561641256,0.11149135257865679,0.3907530482717745,464.0
discovery_taskmap_v4,taskmap,discovery,jev_verbose,Q5creativity_input_1,True,score,continuous_rating,,"[0, 1]",20,20,1.0,,,,,,,,,,0.2474116883116883,0.2686252759594301,0.2474116883116883,0.2686252759594301,,0.0
discovery_taskmap_v4,taskmap,discovery,jev_verbose,Q6type_5_cc,True,noul,rater_fraction,,"[0, 1]",20,20,1.0,,,,,,,,,,0.08966083192170149,0.1224502434623457,0.08966083192170149,0.1224502434623457,0.40006849251803683,463.0
discovery_taskmap_v4,taskmap,discovery,jev_verbose,Q7type_7_battle,True,noul,rater_fraction,,"[0, 1]",20,20,1.0,,,,,,,,,,0.13201661020139283,0.162817309559387,0.13201661020139283,0.162817309559387,0.5310150330265104,462.0
discovery_taskmap_v4,taskmap,discovery,jev_verbose,Q8type_8_performance,True,noul,rater_fraction,,"[0, 1]",20,20,1.0,,,,,,,,,,0.06678665537361189,0.09356263023247104,0.06678665537361189,0.09356263023247104,0.29213713045836504,462.0
discovery_taskmap_v4,taskmap,discovery,jev_verbose,Q9divisible_unitary,True,noul,rater_fraction,,"[0, 1]",20,20,1.0,,,,,,,,,,0.16523390739695087,0.1940610430097769,0.16523390739695087,0.1940610430097769,0.4931289701897625,444.0
discovery_taskmap_v4,taskmap,discovery,jev_verbose,Q10maximizing,True,noul,rater_fraction,,"[0, 1]",20,20,1.0,,,,,,,,,,0.10589662149444759,0.1286285750703159,0.10589662149444759,0.1286285750703159,0.5372523323128038,464.0
discovery_taskmap_v4,taskmap,discovery,jev_verbose,Q11optimizing,True,noul,rater_fraction,,"[0, 1]",20,20,1.0,,,,,,,,,,0.13323593073593074,0.16537353657231357,0.13323593073593074,0.16537353657231357,0.5807466624688035,462.0
discovery_taskmap_v4,taskmap,discovery,jev_verbose,Q13outcome_multip,True,noul,rater_fraction,,"[0, 1]",20,20,1.0,,,,,,,,,,0.26982062864671563,0.3205955560061939,0.26982062864671563,0.3205955560061939,0.7274076714138649,459.0
discovery_taskmap_v4,taskmap,discovery,jev_verbose,Q14sol_scheme_mul,True,noul,rater_fraction,,"[0, 1]",20,20,1.0,,,,,,,,,,0.18200155279503105,0.2319020112942968,0.18200155279503105,0.2319020112942968,0.6928629783771963,461.0
discovery_taskmap_v4,taskmap,discovery,jev_verbose,Q15dec_verifiability,True,noul,rater_fraction,,"[0, 1]",20,20,1.0,,,,,,,,,,0.13035728402032748,0.14811892765493123,0.13035728402032748,0.14811892765493123,0.41508177576395394,460.0
discovery_taskmap_v4,taskmap,discovery,jev_verbose,Q16shared_knowledge,True,noul,rater_fraction,,"[0, 1]",20,20,1.0,,,,,,,,,,0.17657608695652174,0.22849893206399166,0.17657608695652174,0.22849893206399166,0.6015408774101484,462.0
discovery_taskmap_v4,taskmap,discovery,jev_verbose,Q17within_sys_sol,True,noul,rater_fraction,,"[0, 1]",20,20,1.0,,,,,,,,,,0.16702959721437982,0.20066875273866758,0.16702959721437982,0.20066875273866758,0.47873196554927444,460.0
discovery_taskmap_v4,taskmap,discovery,jev_verbose,Q18ans_recog,True,noul,rater_fraction,,"[0, 1]",20,20,1.0,,,,,,,,,,0.18307561641257294,0.21926480503440693,0.18307561641257294,0.21926480503440693,0.5928230712508558,456.0
discovery_taskmap_v4,taskmap,discovery,jev_verbose,Q19time_solvability,True,noul,rater_fraction,,"[0, 1]",20,20,1.0,,,,,,,,,,0.2722547995482778,0.31433671559151705,0.2722547995482778,0.31433671559151705,0.6615159652716479,459.0
discovery_taskmap_v4,taskmap,discovery,jev_verbose,Q20type_3_type_4,True,noul,rater_fraction,,"[0, 1]",20,20,1.0,,,,,,,,,,0.16955194805194806,0.21237687969286784,0.16955194805194806,0.21237687969286784,0.4802354710113565,460.0
discovery_taskmap_v4,taskmap,discovery,jev_verbose,Q21intellective_judg_1,True,score,continuous_rating,,"[0, 1]",20,20,1.0,,,,,,,,,,0.11106336344814605,0.14880827340598268,0.11106336344814605,0.14880827340598268,,0.0
discovery_taskmap_v4,taskmap,discovery,jev_verbose,Q22confl_tradeoffs,True,noul,rater_fraction,,"[0, 1]",20,20,1.0,,,,,,,,,,0.1529136081309994,0.1953412161273994,0.1529136081309994,0.1953412161273994,0.49771006128557294,463.0
discovery_taskmap_v4,taskmap,discovery,jev_verbose,Q23ss_out_uncert,True,noul,rater_fraction,,"[0, 1]",20,20,1.0,,,,,,,,,,0.10002197440240919,0.12296015994103791,0.10002197440240919,0.12296015994103791,0.538511372241725,457.0
discovery_taskmap_v4,taskmap,discovery,jev_verbose,Q24eureka_question,True,noul,rater_fraction,,"[0, 1]",20,20,1.0,,,,,,,,,,0.08073197816676078,0.09398160153171509,0.08073197816676078,0.09398160153171509,0.2739984659239466,457.0
discovery_taskmap_v4,taskmap,discovery,llm_direct,Q1concept_behav,True,noul,rater_fraction,,"[0, 1]",20,20,1.0,,,,,,,,,,0.04632975719932242,0.05082809677854389,0.04632975719932242,0.05082809677854389,0.14942911039197684,462.0
discovery_taskmap_v4,taskmap,discovery,llm_direct,Q2intel_manip_1,True,score,continuous_rating,,"[0, 1]",20,20,1.0,,,,,,,,,,0.048804493694711085,0.06518451988543579,0.048804493694711085,0.06518451988543579,,0.0
discovery_taskmap_v4,taskmap,discovery,llm_direct,Q3type_1_planning,True,noul,rater_fraction,,"[0, 1]",20,20,1.0,,,,,,,,,,0.11312097684923772,0.1493141144425232,0.11312097684923772,0.1493141144425232,0.5354137823900442,463.0
discovery_taskmap_v4,taskmap,discovery,llm_direct,Q4type_2_generate,True,noul,rater_fraction,,"[0, 1]",20,20,1.0,,,,,,,,,,0.06876134010916621,0.08955010121143447,0.06876134010916621,0.08955010121143447,0.3480363897274763,464.0
discovery_taskmap_v4,taskmap,discovery,llm_direct,Q5creativity_input_1,True,score,continuous_rating,,"[0, 1]",20,20,1.0,,,,,,,,,,0.06413237342367775,0.07899745019695792,0.06413237342367775,0.07899745019695792,,0.0
discovery_taskmap_v4,taskmap,discovery,llm_direct,Q6type_5_cc,True,noul,rater_fraction,,"[0, 1]",20,20,1.0,,,,,,,,,,0.09266083192170149,0.12069152811421556,0.09266083192170149,0.12069152811421556,0.4007767271211052,463.0
discovery_taskmap_v4,taskmap,discovery,llm_direct,Q7type_7_battle,True,noul,rater_fraction,,"[0, 1]",20,20,1.0,,,,,,,,,,0.15684994353472614,0.19816727926260388,0.15684994353472614,0.19816727926260388,0.571949907690054,462.0
discovery_taskmap_v4,taskmap,discovery,llm_direct,Q8type_8_performance,True,noul,rater_fraction,,"[0, 1]",20,20,1.0,,,,,,,,,,0.07675766986636552,0.10435734530046277,0.07675766986636552,0.10435734530046277,0.30628950083127615,462.0
discovery_taskmap_v4,taskmap,discovery,llm_direct,Q9divisible_unitary,True,noul,rater_fraction,,"[0, 1]",20,20,1.0,,,,,,,,,,0.1724611801242236,0.21291804222611874,0.1724611801242236,0.21291804222611874,0.508481592776066,444.0
discovery_taskmap_v4,taskmap,discovery,llm_direct,Q10maximizing,True,noul,rater_fraction,,"[0, 1]",20,20,1.0,,,,,,,,,,0.20866163184641445,0.28313715501786463,0.20866163184641445,0.28313715501786463,0.7130636556207625,464.0
discovery_taskmap_v4,taskmap,discovery,llm_direct,Q11optimizing,True,noul,rater_fraction,,"[0, 1]",20,20,1.0,,,,,,,,,,0.21136269527573875,0.25867792452188215,0.21136269527573875,0.25867792452188215,0.6712549998919931,462.0
discovery_taskmap_v4,taskmap,discovery,llm_direct,Q13outcome_multip,True,noul,rater_fraction,,"[0, 1]",20,20,1.0,,,,,,,,,,0.2563206286467156,0.32011165396659474,0.2563206286467156,0.32011165396659474,0.7473944578193384,459.0
discovery_taskmap_v4,taskmap,discovery,llm_direct,Q14sol_scheme_mul,True,noul,rater_fraction,,"[0, 1]",20,20,1.0,,,,,,,,,,0.17247172030867683,0.21646169188672015,0.17247172030867683,0.21646169188672015,0.6655985853767832,461.0
discovery_taskmap_v4,taskmap,discovery,llm_direct,Q15dec_verifiability,True,noul,rater_fraction,,"[0, 1]",20,20,1.0,,,,,,,,,,0.1434088556371165,0.16562250377231047,0.1434088556371165,0.16562250377231047,0.43607876129002726,460.0
discovery_taskmap_v4,taskmap,discovery,llm_direct,Q16shared_knowledge,True,noul,rater_fraction,,"[0, 1]",20,20,1.0,,,,,,,,,,0.203481884057971,0.2692518429185717,0.203481884057971,0.2692518429185717,0.6634397975392088,462.0
discovery_taskmap_v4,taskmap,discovery,llm_direct,Q17within_sys_sol,True,noul,rater_fraction,,"[0, 1]",20,20,1.0,,,,,,,,,,0.10294781667607758,0.14805461909112722,0.10294781667607758,0.14805461909112722,0.4459143749944573,460.0
discovery_taskmap_v4,taskmap,discovery,llm_direct,Q18ans_recog,True,noul,rater_fraction,,"[0, 1]",20,20,1.0,,,,,,,,,,0.12755208921513267,0.167258882959124,0.12755208921513267,0.167258882959124,0.5435157281279139,456.0
discovery_taskmap_v4,taskmap,discovery,llm_direct,Q19time_solvability,True,noul,rater_fraction,,"[0, 1]",20,20,1.0,,,,,,,,,,0.17033450969320535,0.21142487727433087,0.17033450969320535,0.21142487727433087,0.53929970509868,459.0
discovery_taskmap_v4,taskmap,discovery,llm_direct,Q20type_3_type_4,True,noul,rater_fraction,,"[0, 1]",20,20,1.0,,,,,,,,,,0.20961716544325243,0.22944735857057233,0.20961716544325243,0.22944735857057233,0.5081170120472512,460.0
discovery_taskmap_v4,taskmap,discovery,llm_direct,Q21intellective_judg_1,True,score,continuous_rating,,"[0, 1]",20,20,1.0,,,,,,,,,,0.12466417278373798,0.14551737986561453,0.12466417278373798,0.14551737986561453,,0.0
discovery_taskmap_v4,taskmap,discovery,llm_direct,Q22confl_tradeoffs,True,noul,rater_fraction,,"[0, 1]",20,20,1.0,,,,,,,,,,0.14780491247882552,0.19333021017102237,0.14780491247882552,0.19333021017102237,0.4682586411955787,463.0
discovery_taskmap_v4,taskmap,discovery,llm_direct,Q23ss_out_uncert,True,noul,rater_fraction,,"[0, 1]",20,20,1.0,,,,,,,,,,0.16683563899868248,0.20544261370053016,0.16683563899868248,0.20544261370053016,0.6013323537404279,457.0
discovery_taskmap_v4,taskmap,discovery,llm_direct,Q24eureka_question,True,noul,rater_fraction,,"[0, 1]",20,20,1.0,,,,,,,,,,0.058628458498023714,0.068240673335159,0.058628458498023714,0.068240673335159,0.2640222466252119,457.0
discovery_v1,babe,discovery,jev_anchored,label_bias,True,choice,category,"[""Non-biased"", ""Biased""]",,32,0,0.0,0.0,0.0,0.0,2,2,,0,,0.0,,,,,,
discovery_v1,babe,discovery,jev_compact,label_bias,True,choice,category,"[""Non-biased"", ""Biased""]",,32,0,0.0,0.0,0.0,0.0,2,2,,0,,0.0,,,,,,
discovery_v1,babe,discovery,jev_verbose,label_bias,True,choice,category,"[""Non-biased"", ""Biased""]",,32,0,0.0,0.0,0.0,0.0,2,2,,0,,0.0,,,,,,
discovery_v1,babe,discovery,llm_direct,label_bias,True,choice,category,"[""Non-biased"", ""Biased""]",,32,32,1.0,0.875,0.8704453441295547,0.8704453441295547,2,2,,0,,0.0,,,,,,
discovery_v1,conflict,discovery,jev_anchored,rating_directness_content,True,choice,category,"[""Yes - Direct Content"", ""Neutral - Content contains no opinion"", ""No - Indirect Content""]",,32,0,0.0,0.0,0.0,0.0,3,1,,0,,0.0,,,,,,
discovery_v1,conflict,discovery,jev_anchored,rating_directness_expression,True,choice,category,"[""Yes - Direct Expression"", ""No - Indirect Expression""]",,32,0,0.0,0.0,0.0,0.0,2,2,,0,,0.0,,,,,,
discovery_v1,conflict,discovery,jev_anchored,rating_OI_content,True,choice,category,"[""Yes - Content opposes someone else"", ""No - Content does not oppose anyone""]",,32,0,0.0,0.0,0.0,0.0,2,2,,0,,0.0,,,,,,
discovery_v1,conflict,discovery,jev_anchored,rating_OI_expression,True,choice,category,"[""Yes - Expression is emotional/forceful"", ""No - Expression is not emotional/forceful""]",,32,0,0.0,0.0,0.0,0.0,2,2,,0,,0.0,,,,,,
discovery_v1,conflict,discovery,jev_compact,rating_directness_content,True,choice,category,"[""Yes - Direct Content"", ""Neutral - Content contains no opinion"", ""No - Indirect Content""]",,32,0,0.0,0.0,0.0,0.0,3,1,,0,,0.0,,,,,,
discovery_v1,conflict,discovery,jev_compact,rating_directness_expression,True,choice,category,"[""Yes - Direct Expression"", ""No - Indirect Expression""]",,32,0,0.0,0.0,0.0,0.0,2,2,,0,,0.0,,,,,,
discovery_v1,conflict,discovery,jev_compact,rating_OI_content,True,choice,category,"[""Yes - Content opposes someone else"", ""No - Content does not oppose anyone""]",,32,0,0.0,0.0,0.0,0.0,2,2,,0,,0.0,,,,,,
discovery_v1,conflict,discovery,jev_compact,rating_OI_expression,True,choice,category,"[""Yes - Expression is emotional/forceful"", ""No - Expression is not emotional/forceful""]",,32,0,0.0,0.0,0.0,0.0,2,2,,0,,0.0,,,,,,
discovery_v1,conflict,discovery,jev_verbose,rating_directness_content,True,choice,category,"[""Yes - Direct Content"", ""Neutral - Content contains no opinion"", ""No - Indirect Content""]",,32,0,0.0,0.0,0.0,0.0,3,1,,0,,0.0,,,,,,
discovery_v1,conflict,discovery,jev_verbose,rating_directness_expression,True,choice,category,"[""Yes - Direct Expression"", ""No - Indirect Expression""]",,32,0,0.0,0.0,0.0,0.0,2,2,,0,,0.0,,,,,,
discovery_v1,conflict,discovery,jev_verbose,rating_OI_content,True,choice,category,"[""Yes - Content opposes someone else"", ""No - Content does not oppose anyone""]",,32,0,0.0,0.0,0.0,0.0,2,2,,0,,0.0,,,,,,
discovery_v1,conflict,discovery,jev_verbose,rating_OI_expression,True,choice,category,"[""Yes - Expression is emotional/forceful"", ""No - Expression is not emotional/forceful""]",,32,0,0.0,0.0,0.0,0.0,2,2,,0,,0.0,,,,,,
discovery_v1,conflict,discovery,llm_direct,rating_directness_content,True,choice,category,"[""Yes - Direct Content"", ""Neutral - Content contains no opinion"", ""No - Indirect Content""]",,32,32,1.0,0.96875,0.328042328042328,0.9841269841269841,3,1,,0,,0.0,,,,,,
discovery_v1,conflict,discovery,llm_direct,rating_directness_expression,True,choice,category,"[""Yes - Direct Expression"", ""No - Indirect Expression""]",,32,32,1.0,0.90625,0.47540983606557374,0.47540983606557374,2,2,,0,,0.0,,,,,,
discovery_v1,conflict,discovery,llm_direct,rating_OI_content,True,choice,category,"[""Yes - Content opposes someone else"", ""No - Content does not oppose anyone""]",,32,32,1.0,0.65625,0.46907993966817496,0.46907993966817496,2,2,,0,,0.0,,,,,,
discovery_v1,conflict,discovery,llm_direct,rating_OI_expression,True,choice,category,"[""Yes - Expression is emotional/forceful"", ""No - Expression is not emotional/forceful""]",,32,32,1.0,0.75,0.5897435897435898,0.5897435897435898,2,2,,0,,0.0,,,,,,
discovery_v1,mbd,discovery,jev_anchored,type,True,choice,category,"[""fact"", ""opinion"", ""borderline"", ""quote"", ""other""]",,24,0,0.0,0.0,0.0,0.0,5,3,,0,,0.0,,,,,,
discovery_v1,mbd,discovery,jev_anchored,tone,True,choice,category,"[""positive"", ""negative"", ""neutral""]",,24,0,0.0,0.0,0.0,0.0,3,2,,0,,0.0,,,,,,
discovery_v1,mbd,discovery,jev_anchored,focus,True,choice,category,"[""democrat"", ""republican"", ""both"", ""neither""]",,24,0,0.0,0.0,0.0,0.0,4,1,,0,,0.0,,,,,,
discovery_v1,mbd,discovery,jev_compact,type,True,choice,category,"[""fact"", ""opinion"", ""borderline"", ""quote"", ""other""]",,24,0,0.0,0.0,0.0,0.0,5,3,,0,,0.0,,,,,,
discovery_v1,mbd,discovery,jev_compact,tone,True,choice,category,"[""positive"", ""negative"", ""neutral""]",,24,0,0.0,0.0,0.0,0.0,3,2,,0,,0.0,,,,,,
discovery_v1,mbd,discovery,jev_compact,focus,True,choice,category,"[""democrat"", ""republican"", ""both"", ""neither""]",,24,0,0.0,0.0,0.0,0.0,4,1,,0,,0.0,,,,,,
discovery_v1,mbd,discovery,jev_verbose,type,True,choice,category,"[""fact"", ""opinion"", ""borderline"", ""quote"", ""other""]",,24,0,0.0,0.0,0.0,0.0,5,3,,0,,0.0,,,,,,
discovery_v1,mbd,discovery,jev_verbose,tone,True,choice,category,"[""positive"", ""negative"", ""neutral""]",,24,0,0.0,0.0,0.0,0.0,3,2,,0,,0.0,,,,,,
discovery_v1,mbd,discovery,jev_verbose,focus,True,choice,category,"[""democrat"", ""republican"", ""both"", ""neither""]",,24,0,0.0,0.0,0.0,0.0,4,1,,0,,0.0,,,,,,
discovery_v1,mbd,discovery,llm_direct,type,True,choice,category,"[""fact"", ""opinion"", ""borderline"", ""quote"", ""other""]",,24,24,1.0,0.6666666666666666,0.37444444444444447,0.6240740740740741,5,3,,0,,0.0,,,,,,
discovery_v1,mbd,discovery,llm_direct,tone,True,choice,category,"[""positive"", ""negative"", ""neutral""]",,24,24,1.0,0.75,0.4444444444444445,0.6666666666666667,3,2,,0,,0.0,,,,,,
discovery_v1,mbd,discovery,llm_direct,focus,True,choice,category,"[""democrat"", ""republican"", ""both"", ""neither""]",,24,24,1.0,1.0,0.25,1.0,4,1,,0,,0.0,,,,,,
discovery_v2,babe,discovery,jev_anchored,label_bias,True,choice,category,"[""Non-biased"", ""Biased""]",,200,200,1.0,0.795,0.794377993430126,0.794377993430126,2,2,0.8892527209752413,200,0.328954,1.0,,,,,,
discovery_v2,babe,discovery,jev_compact,label_bias,True,choice,category,"[""Non-biased"", ""Biased""]",,200,200,1.0,0.765,0.7647117719206027,0.7647117719206027,2,2,0.917498980696454,200,0.347682,1.0,,,,,,
discovery_v2,babe,discovery,jev_verbose,label_bias,True,choice,category,"[""Non-biased"", ""Biased""]",,200,200,1.0,0.825,0.8242574878863197,0.8242574878863197,2,2,0.595697988470156,200,0.2601339999999998,1.0,,,,,,
discovery_v2,babe,discovery,llm_direct,label_bias,True,choice,category,"[""Non-biased"", ""Biased""]",,200,200,1.0,0.805,0.804172629359042,0.804172629359042,2,2,,0,,0.0,,,,,,
discovery_v2,commonsense,discovery,jev_anchored,q1,True,noul,rater_fraction,,"[0, 1]",200,200,1.0,,,,,,,,,,0.1562358963104762,0.19742767236932413,0.1562358963104762,0.19742767236932413,0.5150863783047268,4594.0
discovery_v2,commonsense,discovery,jev_anchored,q2,True,noul,rater_fraction,,"[0, 1]",200,200,1.0,,,,,,,,,,0.15449987688257646,0.20215828488682572,0.15449987688257646,0.20215828488682572,0.5494275129905407,4594.0
discovery_v2,commonsense,discovery,jev_compact,q1,True,noul,rater_fraction,,"[0, 1]",200,200,1.0,,,,,,,,,,0.15831288043746033,0.1984418748266035,0.15831288043746033,0.1984418748266035,0.5164000757406022,4594.0
discovery_v2,commonsense,discovery,jev_compact,q2,True,noul,rater_fraction,,"[0, 1]",200,200,1.0,,,,,,,,,,0.1542020136347132,0.20038725675473412,0.1542020136347132,0.20038725675473412,0.5484719355487759,4594.0
discovery_v2,commonsense,discovery,jev_verbose,q1,True,noul,rater_fraction,,"[0, 1]",200,200,1.0,,,,,,,,,,0.15426365609030485,0.20005041340285198,0.15426365609030485,0.20005041340285198,0.5154392656825576,4594.0
discovery_v2,commonsense,discovery,jev_verbose,q2,True,noul,rater_fraction,,"[0, 1]",200,200,1.0,,,,,,,,,,0.15433710620695903,0.20464576627603387,0.15433710620695903,0.20464576627603387,0.5516611796870453,4594.0
discovery_v2,commonsense,discovery,llm_direct,q1,True,noul,rater_fraction,,"[0, 1]",200,200,1.0,,,,,,,,,,0.16009961464652256,0.2093800769571158,0.16009961464652256,0.2093800769571158,0.5244860126237071,4594.0
discovery_v2,commonsense,discovery,llm_direct,q2,True,noul,rater_fraction,,"[0, 1]",200,200,1.0,,,,,,,,,,0.15166938886918838,0.18944650507326263,0.15166938886918838,0.18944650507326263,0.5378366039070641,4594.0
discovery_v2,conflict,discovery,jev_anchored,rating_directness_content,True,choice,category,"[""Yes - Direct Content"", ""Neutral - Content contains no opinion"", ""No - Indirect Content""]",,92,92,1.0,0.9130434782608695,0.3181818181818182,0.9545454545454546,3,1,0.24384309355039138,92,0.13026084583205802,1.0,,,,,,
discovery_v2,conflict,discovery,jev_anchored,rating_directness_expression,True,choice,category,"[""Yes - Direct Expression"", ""No - Indirect Expression""]",,92,92,1.0,0.8152173913043478,0.5430908559742915,0.5430908559742915,2,2,0.45067932333837357,92,0.2810565217391305,1.0,,,,,,
discovery_v2,conflict,discovery,jev_anchored,rating_OI_content,True,choice,category,"[""Yes - Content opposes someone else"", ""No - Content does not oppose anyone""]",,92,92,1.0,0.7934782608695652,0.48933683903009056,0.48933683903009056,2,2,0.5520021514739133,92,0.3155347826086955,1.0,,,,,,
discovery_v2,conflict,discovery,jev_anchored,rating_OI_expression,True,choice,category,"[""Yes - Expression is emotional/forceful"", ""No - Expression is not emotional/forceful""]",,92,92,1.0,0.7391304347826086,0.6166666666666667,0.6166666666666667,2,2,0.9748186325570106,92,0.3731456521739128,1.0,,,,,,
discovery_v2,conflict,discovery,jev_compact,rating_directness_content,True,choice,category,"[""Yes - Direct Content"", ""Neutral - Content contains no opinion"", ""No - Indirect Content""]",,92,92,1.0,0.9239130434782609,0.32015065913371,0.96045197740113,3,1,0.24386334294231846,92,0.12807391304347832,1.0,,,,,,
discovery_v2,conflict,discovery,jev_compact,rating_directness_expression,True,choice,category,"[""Yes - Direct Expression"", ""No - Indirect Expression""]",,92,92,1.0,0.8152173913043478,0.5430908559742915,0.5430908559742915,2,2,0.430503826083596,92,0.2772739130434783,1.0,,,,,,
discovery_v2,conflict,discovery,jev_compact,rating_OI_content,True,choice,category,"[""Yes - Content opposes someone else"", ""No - Content does not oppose anyone""]",,92,92,1.0,0.782608695652174,0.4837261503928171,0.4837261503928171,2,2,0.5028337937868916,92,0.315586956521739,1.0,,,,,,
discovery_v2,conflict,discovery,jev_compact,rating_OI_expression,True,choice,category,"[""Yes - Expression is emotional/forceful"", ""No - Expression is not emotional/forceful""]",,92,92,1.0,0.7608695652173914,0.6486111111111111,0.6486111111111111,2,2,0.9777637760580619,92,0.3809130434782606,1.0,,,,,,
discovery_v2,conflict,discovery,jev_verbose,rating_directness_content,True,choice,category,"[""Yes - Direct Content"", ""Neutral - Content contains no opinion"", ""No - Indirect Content""]",,92,92,1.0,0.8913043478260869,0.31417624521072796,0.9425287356321839,3,1,0.21304546885585643,92,0.11360869565217395,1.0,,,,,,
discovery_v2,conflict,discovery,jev_verbose,rating_directness_expression,True,choice,category,"[""Yes - Direct Expression"", ""No - Indirect Expression""]",,92,92,1.0,0.9130434782608695,0.6907563025210084,0.6907563025210084,2,2,0.2594719678688913,92,0.15787173913043479,1.0,,,,,,
discovery_v2,conflict,discovery,jev_verbose,rating_OI_content,True,choice,category,"[""Yes - Content opposes someone else"", ""No - Content does not oppose anyone""]",,92,92,1.0,0.8478260869565217,0.5689424364123159,0.5689424364123159,2,2,0.6216734073693493,92,0.24293043478260865,1.0,,,,,,
discovery_v2,conflict,discovery,jev_verbose,rating_OI_expression,True,choice,category,"[""Yes - Expression is emotional/forceful"", ""No - Expression is not emotional/forceful""]",,92,92,1.0,0.717391304347826,0.6116883116883117,0.6116883116883117,2,2,0.9141191941294611,92,0.43756739130434774,1.0,,,,,,
discovery_v2,conflict,discovery,llm_direct,rating_directness_content,True,choice,category,"[""Yes - Direct Content"", ""Neutral - Content contains no opinion"", ""No - Indirect Content""]",,92,92,1.0,0.967391304347826,0.3278084714548803,0.9834254143646409,3,1,,0,,0.0,,,,,,
discovery_v2,conflict,discovery,llm_direct,rating_directness_expression,True,choice,category,"[""Yes - Direct Expression"", ""No - Indirect Expression""]",,92,92,1.0,0.9347826086956522,0.6827586206896552,0.6827586206896552,2,2,,0,,0.0,,,,,,
discovery_v2,conflict,discovery,llm_direct,rating_OI_content,True,choice,category,"[""Yes - Content opposes someone else"", ""No - Content does not oppose anyone""]",,92,92,1.0,0.75,0.500825666430762,0.500825666430762,2,2,,0,,0.0,,,,,,
discovery_v2,conflict,discovery,llm_direct,rating_OI_expression,True,choice,category,"[""Yes - Expression is emotional/forceful"", ""No - Expression is not emotional/forceful""]",,92,92,1.0,0.782608695652174,0.6392156862745098,0.6392156862745098,2,2,,0,,0.0,,,,,,
discovery_v2,mbd,discovery,jev_anchored,type,True,choice,category,"[""fact"", ""opinion"", ""borderline"", ""quote"", ""other""]",,209,113,0.5406698564593302,0.4449760765550239,0.4540021297014474,0.4540021297014474,5,5,0.5655284026974803,113,0.29592682108471857,0.5406698564593302,,,,,,
discovery_v2,mbd,discovery,jev_anchored,tone,True,choice,category,"[""positive"", ""negative"", ""neutral""]",,210,114,0.5428571428571428,0.46190476190476193,0.6548309178743961,0.6548309178743961,3,3,0.4132708529948316,114,0.2508666666666667,0.5428571428571428,,,,,,
discovery_v2,mbd,discovery,jev_anchored,focus,True,choice,category,"[""democrat"", ""republican"", ""both"", ""neither""]",,204,108,0.5294117647058824,0.45098039215686275,0.5746938276776986,0.5746938276776986,4,4,0.34293353478193467,108,0.20171957132114252,0.5294117647058824,,,,,,
discovery_v2,mbd,discovery,jev_compact,type,True,choice,category,"[""fact"", ""opinion"", ""borderline"", ""quote"", ""other""]",,209,113,0.5406698564593302,0.4354066985645933,0.4347414103511665,0.4347414103511665,5,5,0.5587959296681877,113,0.3004976842709746,0.5406698564593302,,,,,,
discovery_v2,mbd,discovery,jev_compact,tone,True,choice,category,"[""positive"", ""negative"", ""neutral""]",,210,114,0.5428571428571428,0.45714285714285713,0.6488709737618035,0.6488709737618035,3,3,0.40756925363611,114,0.24732105263157889,0.5428571428571428,,,,,,
discovery_v2,mbd,discovery,jev_compact,focus,True,choice,category,"[""democrat"", ""republican"", ""both"", ""neither""]",,204,108,0.5294117647058824,0.46078431372549017,0.5930716586151369,0.5930716586151369,4,4,0.3267697202872435,108,0.19422338782512735,0.5294117647058824,,,,,,
discovery_v2,mbd,discovery,jev_verbose,type,True,choice,category,"[""fact"", ""opinion"", ""borderline"", ""quote"", ""other""]",,209,113,0.5406698564593302,0.41148325358851673,0.4158175118160698,0.4158175118160698,5,5,0.8297922060270393,113,0.3622668622399919,0.5406698564593302,,,,,,
discovery_v2,mbd,discovery,jev_verbose,tone,True,choice,category,"[""positive"", ""negative"", ""neutral""]",,210,114,0.5428571428571428,0.4238095238095238,0.5944473257906093,0.5944473257906093,3,3,0.7921777000110026,114,0.3000752595957806,0.5428571428571428,,,,,,
discovery_v2,mbd,discovery,jev_verbose,focus,True,choice,category,"[""democrat"", ""republican"", ""both"", ""neither""]",,204,108,0.5294117647058824,0.47549019607843135,0.6378802510864316,0.6378802510864316,4,4,0.4448381120053825,108,0.17535740740740738,0.5294117647058824,,,,,,
discovery_v2,mbd,discovery,llm_direct,type,True,choice,category,"[""fact"", ""opinion"", ""borderline"", ""quote"", ""other""]",,209,209,1.0,0.8660287081339713,0.5923953183953184,0.5923953183953184,5,5,,0,,0.0,,,,,,
discovery_v2,mbd,discovery,llm_direct,tone,True,choice,category,"[""positive"", ""negative"", ""neutral""]",,210,210,1.0,0.8571428571428571,0.753033519406662,0.753033519406662,3,3,,0,,0.0,,,,,,
discovery_v2,mbd,discovery,llm_direct,focus,True,choice,category,"[""democrat"", ""republican"", ""both"", ""neither""]",,204,204,1.0,0.8725490196078431,0.743499100123141,0.743499100123141,4,4,,0,,0.0,,,,,,
discovery_v2,ucc,discovery,jev_anchored,healthy,True,choice,category,"[""0"", ""1""]",,210,210,1.0,0.4857142857142857,0.40340909090909094,0.40340909090909094,2,2,1.0746317481703096,210,0.716584761904762,1.0,,,,,,
discovery_v2,ucc,discovery,jev_anchored,sarcastic,True,choice,category,"[""0"", ""1""]",,210,210,1.0,0.6904761904761905,0.44913031195770614,0.44913031195770614,2,2,0.6740147977146757,210,0.457757142857143,1.0,,,,,,
discovery_v2,ucc,discovery,jev_anchored,generalisation,False,choice,category,"[""0"", ""1""]",,210,210,1.0,0.8285714285714286,0.5238095238095238,0.5238095238095238,2,2,0.363619613065548,210,0.23235714285714287,1.0,,,,,,
discovery_v2,ucc,discovery,jev_anchored,generalisation_unfair,True,choice,category,"[""0"", ""1""]",,210,210,1.0,0.8142857142857143,0.4729390565673467,0.4729390565673467,2,2,0.33695618931828986,210,0.2177047619047619,1.0,,,,,,
discovery_v2,ucc,discovery,jev_anchored,hostile,True,choice,category,"[""0"", ""1""]",,210,210,1.0,0.7047619047619048,0.4427324088341037,0.4427324088341037,2,2,0.6220225415168159,210,0.41961904761904745,1.0,,,,,,
discovery_v2,ucc,discovery,jev_anchored,antagonize,True,choice,category,"[""0"", ""1""]",,210,210,1.0,0.5523809523809524,0.40692224492248524,0.40692224492248524,2,2,0.9705410779766035,210,0.6055266666666668,1.0,,,,,,
discovery_v2,ucc,discovery,jev_anchored,condescending,True,choice,category,"[""0"", ""1""]",,210,210,1.0,0.6619047619047619,0.423768115942029,0.423768115942029,2,2,0.6744729966809024,210,0.4544409523809523,1.0,,,,,,
discovery_v2,ucc,discovery,jev_anchored,dismissive,True,choice,category,"[""0"", ""1""]",,210,210,1.0,0.6619047619047619,0.423768115942029,0.423768115942029,2,2,0.637357791893568,210,0.446427619047619,1.0,,,,,,
discovery_v2,ucc,discovery,jev_compact,healthy,True,choice,category,"[""0"", ""1""]",,210,210,1.0,0.5,0.41261088467993284,0.41261088467993284,2,2,1.0237498356910117,210,0.687210476190476,1.0,,,,,,
discovery_v2,ucc,discovery,jev_compact,sarcastic,True,choice,category,"[""0"", ""1""]",,210,210,1.0,0.6952380952380952,0.46360153256704983,0.46360153256704983,2,2,0.6505331057213368,210,0.44049809523809513,1.0,,,,,,
discovery_v2,ucc,discovery,jev_compact,generalisation,False,choice,category,"[""0"", ""1""]",,210,210,1.0,0.8333333333333334,0.5053502927518676,0.5053502927518676,2,2,0.35632956159226836,210,0.2276676190476191,1.0,,,,,,
discovery_v2,ucc,discovery,jev_compact,generalisation_unfair,True,choice,category,"[""0"", ""1""]",,210,210,1.0,0.8428571428571429,0.4857142857142857,0.4857142857142857,2,2,0.3226451863019097,210,0.2043285714285714,1.0,,,,,,
discovery_v2,ucc,discovery,jev_compact,hostile,True,choice,category,"[""0"", ""1""]",,210,210,1.0,0.7333333333333333,0.45555555555555555,0.45555555555555555,2,2,0.6094040954413197,210,0.4047019047619047,1.0,,,,,,
discovery_v2,ucc,discovery,jev_compact,antagonize,True,choice,category,"[""0"", ""1""]",,210,210,1.0,0.5571428571428572,0.40952380952380957,0.40952380952380957,2,2,0.9439030459748358,210,0.5825961904761906,1.0,,,,,,
discovery_v2,ucc,discovery,jev_compact,condescending,True,choice,category,"[""0"", ""1""]",,210,210,1.0,0.6904761904761905,0.4363929146537842,0.4363929146537842,2,2,0.6484028296429989,210,0.4354161904761904,1.0,,,,,,
discovery_v2,ucc,discovery,jev_compact,dismissive,True,choice,category,"[""0"", ""1""]",,210,210,1.0,0.6619047619047619,0.4354624966869865,0.4354624966869865,2,2,0.6312906954965307,210,0.4436161904761905,1.0,,,,,,
discovery_v2,ucc,discovery,jev_verbose,healthy,True,choice,category,"[""0"", ""1""]",,210,210,1.0,0.5523809523809524,0.4460657761813896,0.4460657761813896,2,2,0.9194564097757649,210,0.612051428571429,1.0,,,,,,
discovery_v2,ucc,discovery,jev_verbose,sarcastic,True,choice,category,"[""0"", ""1""]",,210,210,1.0,0.638095238095238,0.4241593303506999,0.4241593303506999,2,2,0.7148124322910147,210,0.4833276190476191,1.0,,,,,,
discovery_v2,ucc,discovery,jev_verbose,generalisation,False,choice,category,"[""0"", ""1""]",,210,210,1.0,0.8761904761904762,0.5602448453608248,0.5602448453608248,2,2,0.28056528542531783,210,0.17762095238095232,1.0,,,,,,
discovery_v2,ucc,discovery,jev_verbose,generalisation_unfair,True,choice,category,"[""0"", ""1""]",,210,210,1.0,0.9095238095238095,0.5630270507063848,0.5630270507063848,2,2,0.24153085466591656,210,0.14314952380952384,1.0,,,,,,
discovery_v2,ucc,discovery,jev_verbose,hostile,True,choice,category,"[""0"", ""1""]",,210,210,1.0,0.7095238095238096,0.4448537378114843,0.4448537378114843,2,2,0.6636012663158277,210,0.42966571428571443,1.0,,,,,,
discovery_v2,ucc,discovery,jev_verbose,antagonize,True,choice,category,"[""0"", ""1""]",,210,210,1.0,0.5857142857142857,0.4168714691519581,0.4168714691519581,2,2,0.8674682852834498,210,0.5719866666666665,1.0,,,,,,
discovery_v2,ucc,discovery,jev_verbose,condescending,True,choice,category,"[""0"", ""1""]",,210,210,1.0,0.6285714285714286,0.41964285714285715,0.41964285714285715,2,2,0.7739113647720652,210,0.512201904761905,1.0,,,,,,
discovery_v2,ucc,discovery,jev_verbose,dismissive,True,choice,category,"[""0"", ""1""]",,210,210,1.0,0.6190476190476191,0.40476190476190477,0.40476190476190477,2,2,0.743862422528046,210,0.5175714285714281,1.0,,,,,,
discovery_v2,ucc,discovery,llm_direct,healthy,True,choice,category,"[""0"", ""1""]",,210,210,1.0,0.6714285714285714,0.5160158989946224,0.5160158989946224,2,2,,0,,0.0,,,,,,
discovery_v2,ucc,discovery,llm_direct,sarcastic,True,choice,category,"[""0"", ""1""]",,210,210,1.0,0.7952380952380952,0.48491244081912044,0.48491244081912044,2,2,,0,,0.0,,,,,,
discovery_v2,ucc,discovery,llm_direct,generalisation,False,choice,category,"[""0"", ""1""]",,210,210,1.0,0.8809523809523809,0.5369962077784637,0.5369962077784637,2,2,,0,,0.0,,,,,,
discovery_v2,ucc,discovery,llm_direct,generalisation_unfair,True,choice,category,"[""0"", ""1""]",,210,210,1.0,0.8857142857142857,0.5408163265306123,0.5408163265306123,2,2,,0,,0.0,,,,,,
discovery_v2,ucc,discovery,llm_direct,hostile,True,choice,category,"[""0"", ""1""]",,210,210,1.0,0.7333333333333333,0.43989331301200224,0.43989331301200224,2,2,,0,,0.0,,,,,,
discovery_v2,ucc,discovery,llm_direct,antagonize,True,choice,category,"[""0"", ""1""]",,210,210,1.0,0.7666666666666667,0.5301155303895155,0.5301155303895155,2,2,,0,,0.0,,,,,,
discovery_v2,ucc,discovery,llm_direct,condescending,True,choice,category,"[""0"", ""1""]",,210,210,1.0,0.7761904761904762,0.5083437110834371,0.5083437110834371,2,2,,0,,0.0,,,,,,
discovery_v2,ucc,discovery,llm_direct,dismissive,True,choice,category,"[""0"", ""1""]",,210,210,1.0,0.7904761904761904,0.4825268817204301,0.4825268817204301,2,2,,0,,0.0,,,,,,
discovery_v3,babe,discovery,jev_anchored,label_bias,True,choice,category,"[""Non-biased"", ""Biased""]",,200,200,1.0,0.79,0.7898108297467721,0.7898108297467721,2,2,0.9839932244212757,200,0.3330779999999999,1.0,,,,,,
discovery_v3,babe,discovery,jev_compact,label_bias,True,choice,category,"[""Non-biased"", ""Biased""]",,200,200,1.0,0.775,0.7747240369452579,0.7747240369452579,2,2,0.9641528650786582,200,0.32995300000000005,1.0,,,,,,
discovery_v3,babe,discovery,jev_verbose,label_bias,True,choice,category,"[""Non-biased"", ""Biased""]",,200,200,1.0,0.82,0.8191136569189026,0.8191136569189026,2,2,0.5950306571753302,200,0.2568159999999999,1.0,,,,,,
discovery_v3,babe,discovery,llm_direct,label_bias,True,choice,category,"[""Non-biased"", ""Biased""]",,200,200,1.0,0.805,0.804172629359042,0.804172629359042,2,2,,0,,0.0,,,,,,
discovery_v3,commonsense,discovery,jev_anchored,q1,True,noul,rater_fraction,,"[0, 1]",200,200,1.0,,,,,,,,,,0.15560697786050512,0.19471606939508948,0.15560697786050512,0.19471606939508948,0.5132064351404251,4594.0
discovery_v3,commonsense,discovery,jev_anchored,q2,True,noul,rater_fraction,,"[0, 1]",200,200,1.0,,,,,,,,,,0.15509223146286208,0.20060989402510043,0.15509223146286208,0.20060989402510043,0.5482818453870071,4594.0
discovery_v3,commonsense,discovery,jev_compact,q1,True,noul,rater_fraction,,"[0, 1]",200,200,1.0,,,,,,,,,,0.1587784064319337,0.19926303353714614,0.1587784064319337,0.19926303353714614,0.5165198929446744,4594.0
discovery_v3,commonsense,discovery,jev_compact,q2,True,noul,rater_fraction,,"[0, 1]",200,200,1.0,,,,,,,,,,0.15564045207315164,0.20247495114091058,0.15564045207315164,0.20247495114091058,0.5501600355379734,4594.0
discovery_v3,commonsense,discovery,jev_verbose,q1,True,noul,rater_fraction,,"[0, 1]",200,200,1.0,,,,,,,,,,0.1547548841604803,0.1996878299889492,0.1547548841604803,0.1996878299889492,0.5153748143127486,4594.0
discovery_v3,commonsense,discovery,jev_verbose,q2,True,noul,rater_fraction,,"[0, 1]",200,200,1.0,,,,,,,,,,0.15332201481044883,0.2038410094794249,0.15332201481044883,0.2038410094794249,0.5505554355555389,4594.0
discovery_v3,commonsense,discovery,llm_direct,q1,True,noul,rater_fraction,,"[0, 1]",200,200,1.0,,,,,,,,,,0.1612535820749751,0.21656338633493874,0.1612535820749751,0.21656338633493874,0.5296879574618983,4594.0
discovery_v3,commonsense,discovery,llm_direct,q2,True,noul,rater_fraction,,"[0, 1]",200,200,1.0,,,,,,,,,,0.15724011124211604,0.20134239307898066,0.15724011124211604,0.20134239307898066,0.5475265681529059,4594.0
discovery_v3,conflict,discovery,jev_anchored,rating_directness_content,True,choice,category,"[""Yes - Direct Content"", ""Neutral - Content contains no opinion"", ""No - Indirect Content""]",,92,92,1.0,0.9021739130434783,0.3161904761904762,0.9485714285714286,3,1,0.24304842438472085,92,0.1334130434782609,1.0,,,,,,
discovery_v3,conflict,discovery,jev_anchored,rating_directness_expression,True,choice,category,"[""Yes - Direct Expression"", ""No - Indirect Expression""]",,92,92,1.0,0.8260869565217391,0.551219512195122,0.551219512195122,2,2,0.4409216031013091,92,0.279541304347826,1.0,,,,,,
discovery_v3,conflict,discovery,jev_anchored,rating_OI_content,True,choice,category,"[""Yes - Content opposes someone else"", ""No - Content does not oppose anyone""]",,92,92,1.0,0.7717391304347826,0.4782608695652174,0.4782608695652174,2,2,0.5561031015538255,92,0.32926739130434773,1.0,,,,,,
discovery_v3,conflict,discovery,jev_anchored,rating_OI_expression,True,choice,category,"[""Yes - Expression is emotional/forceful"", ""No - Expression is not emotional/forceful""]",,92,92,1.0,0.7608695652173914,0.6486111111111111,0.6486111111111111,2,2,0.9991055506545653,92,0.38003695652173913,1.0,,,,,,
discovery_v3,conflict,discovery,jev_compact,rating_directness_content,True,choice,category,"[""Yes - Direct Content"", ""Neutral - Content contains no opinion"", ""No - Indirect Content""]",,92,92,1.0,0.9130434782608695,0.3181818181818182,0.9545454545454546,3,1,0.2559831580174769,92,0.13732391304347827,1.0,,,,,,
discovery_v3,conflict,discovery,jev_compact,rating_directness_expression,True,choice,category,"[""Yes - Direct Expression"", ""No - Indirect Expression""]",,92,92,1.0,0.8043478260869565,0.5353535353535354,0.5353535353535354,2,2,0.46663843515764175,92,0.29798478260869554,1.0,,,,,,
discovery_v3,conflict,discovery,jev_compact,rating_OI_content,True,choice,category,"[""Yes - Content opposes someone else"", ""No - Content does not oppose anyone""]",,92,92,1.0,0.782608695652174,0.4837261503928171,0.4837261503928171,2,2,0.5542764167367207,92,0.3380304347826087,1.0,,,,,,
discovery_v3,conflict,discovery,jev_compact,rating_OI_expression,True,choice,category,"[""Yes - Expression is emotional/forceful"", ""No - Expression is not emotional/forceful""]",,92,92,1.0,0.75,0.6258178603006189,0.6258178603006189,2,2,0.9642617699679726,92,0.36849130434782595,1.0,,,,,,
discovery_v3,conflict,discovery,jev_verbose,rating_directness_content,True,choice,category,"[""Yes - Direct Content"", ""Neutral - Content contains no opinion"", ""No - Indirect Content""]",,92,92,1.0,0.9130434782608695,0.3181818181818182,0.9545454545454546,3,1,0.21485062865478344,92,0.1156847826086957,1.0,,,,,,
discovery_v3,conflict,discovery,jev_verbose,rating_directness_expression,True,choice,category,"[""Yes - Direct Expression"", ""No - Indirect Expression""]",,92,92,1.0,0.9021739130434783,0.6733727810650887,0.6733727810650887,2,2,0.2638550013227707,92,0.1610347826086956,1.0,,,,,,
discovery_v3,conflict,discovery,jev_verbose,rating_OI_content,True,choice,category,"[""Yes - Content opposes someone else"", ""No - Content does not oppose anyone""]",,92,92,1.0,0.8369565217391305,0.5598086124401913,0.5598086124401913,2,2,0.6202488397727237,92,0.2430673913043478,1.0,,,,,,
discovery_v3,conflict,discovery,jev_verbose,rating_OI_expression,True,choice,category,"[""Yes - Expression is emotional/forceful"", ""No - Expression is not emotional/forceful""]",,92,92,1.0,0.717391304347826,0.6116883116883117,0.6116883116883117,2,2,0.9068633063933248,92,0.43464565217391304,1.0,,,,,,
discovery_v3,conflict,discovery,llm_direct,rating_directness_content,True,choice,category,"[""Yes - Direct Content"", ""Neutral - Content contains no opinion"", ""No - Indirect Content""]",,92,92,1.0,0.9565217391304348,0.3259259259259259,0.9777777777777777,3,1,,0,,0.0,,,,,,
discovery_v3,conflict,discovery,llm_direct,rating_directness_expression,True,choice,category,"[""Yes - Direct Expression"", ""No - Indirect Expression""]",,92,92,1.0,0.9239130434782609,0.6615869679453494,0.6615869679453494,2,2,,0,,0.0,,,,,,
discovery_v3,conflict,discovery,llm_direct,rating_OI_content,True,choice,category,"[""Yes - Content opposes someone else"", ""No - Content does not oppose anyone""]",,92,92,1.0,0.75,0.500825666430762,0.500825666430762,2,2,,0,,0.0,,,,,,
discovery_v3,conflict,discovery,llm_direct,rating_OI_expression,True,choice,category,"[""Yes - Expression is emotional/forceful"", ""No - Expression is not emotional/forceful""]",,92,92,1.0,0.75,0.6258178603006189,0.6258178603006189,2,2,,0,,0.0,,,,,,
discovery_v3,mbd,discovery,jev_anchored,type,True,choice,category,"[""fact"", ""opinion"", ""borderline"", ""quote"", ""other""]",,209,209,1.0,0.8421052631578947,0.5714137766124112,0.5714137766124112,5,5,0.5560189044331789,209,0.24618552193433996,1.0,,,,,,
discovery_v3,mbd,discovery,jev_anchored,tone,True,choice,category,"[""positive"", ""negative"", ""neutral""]",,210,210,1.0,0.8380952380952381,0.7537984502390388,0.7537984502390388,3,3,0.5172986315838504,210,0.2581533333333334,1.0,,,,,,
discovery_v3,mbd,discovery,jev_anchored,focus,True,choice,category,"[""democrat"", ""republican"", ""both"", ""neither""]",,204,204,1.0,0.9019607843137255,0.7898418233902105,0.7898418233902105,4,4,0.28259177763186,204,0.16436986571998458,1.0,,,,,,
discovery_v3,mbd,discovery,jev_compact,type,True,choice,category,"[""fact"", ""opinion"", ""borderline"", ""quote"", ""other""]",,209,209,1.0,0.84688995215311,0.5642776293055702,0.5642776293055702,5,5,0.43444795619495663,209,0.22643025587175197,1.0,,,,,,
discovery_v3,mbd,discovery,jev_compact,tone,True,choice,category,"[""positive"", ""negative"", ""neutral""]",,210,210,1.0,0.8238095238095238,0.7374271818716264,0.7374271818716264,3,3,0.44889841245687084,210,0.25987333333333335,1.0,,,,,,
discovery_v3,mbd,discovery,jev_compact,focus,True,choice,category,"[""democrat"", ""republican"", ""both"", ""neither""]",,204,204,1.0,0.9019607843137255,0.7898418233902105,0.7898418233902105,4,4,0.2800153539582062,204,0.16185931107470036,1.0,,,,,,
discovery_v3,mbd,discovery,jev_verbose,type,True,choice,category,"[""fact"", ""opinion"", ""borderline"", ""quote"", ""other""]",,209,209,1.0,0.8229665071770335,0.6047196978694662,0.6047196978694662,5,5,0.7863981728065204,209,0.28335392023760875,1.0,,,,,,
discovery_v3,mbd,discovery,jev_verbose,tone,True,choice,category,"[""positive"", ""negative"", ""neutral""]",,210,210,1.0,0.8,0.7143142571714001,0.7143142571714001,3,3,0.9503633585260276,210,0.3119285714285714,1.0,,,,,,
discovery_v3,mbd,discovery,jev_verbose,focus,True,choice,category,"[""democrat"", ""republican"", ""both"", ""neither""]",,204,204,1.0,0.9019607843137255,0.794354745704071,0.794354745704071,4,4,0.27425105238130126,204,0.1524622728573115,1.0,,,,,,
discovery_v3,mbd,discovery,llm_direct,type,True,choice,category,"[""fact"", ""opinion"", ""borderline"", ""quote"", ""other""]",,209,209,1.0,0.8421052631578947,0.5465718985691673,0.5465718985691673,5,5,,0,,0.0,,,,,,
discovery_v3,mbd,discovery,llm_direct,tone,True,choice,category,"[""positive"", ""negative"", ""neutral""]",,210,210,1.0,0.8714285714285714,0.7746303738353847,0.7746303738353847,3,3,,0,,0.0,,,,,,
discovery_v3,mbd,discovery,llm_direct,focus,True,choice,category,"[""democrat"", ""republican"", ""both"", ""neither""]",,204,204,1.0,0.8872549019607843,0.7818276820326,0.7818276820326,4,4,,0,,0.0,,,,,,
discovery_v3,taskmap,discovery,jev_anchored,Q1concept_behav,True,noul,rater_fraction,,"[0, 1]",20,20,1.0,,,,,,,,,,0.08011029550159984,0.08880084618847449,0.08011029550159984,0.08880084618847449,0.17809397712724157,462.0
discovery_v3,taskmap,discovery,jev_anchored,Q2intel_manip_1,True,score,continuous_rating,,"[0, 1]",20,20,1.0,,,,,,,,,,0.060800578769057034,0.07813686845306798,0.060800578769057034,0.07813686845306798,,0.0
discovery_v3,taskmap,discovery,jev_anchored,Q3type_1_planning,True,noul,rater_fraction,,"[0, 1]",20,20,1.0,,,,,,,,,,0.08062097684923772,0.10136868401193942,0.08062097684923772,0.10136868401193942,0.4847491336302477,463.0
discovery_v3,taskmap,discovery,jev_anchored,Q4type_2_generate,True,noul,rater_fraction,,"[0, 1]",20,20,1.0,,,,,,,,,,0.09129032561641257,0.12400503258636227,0.09129032561641257,0.12400503258636227,0.3952022495381106,464.0
discovery_v3,taskmap,discovery,jev_anchored,Q5creativity_input_1,True,score,continuous_rating,,"[0, 1]",20,20,1.0,,,,,,,,,,0.2484116883116883,0.27232754031434414,0.2484116883116883,0.27232754031434414,,0.0
discovery_v3,taskmap,discovery,jev_anchored,Q6type_5_cc,True,noul,rater_fraction,,"[0, 1]",20,20,1.0,,,,,,,,,,0.08449416525503481,0.11299880911340517,0.08449416525503481,0.11299880911340517,0.392430690247876,463.0
discovery_v3,taskmap,discovery,jev_anchored,Q7type_7_battle,True,noul,rater_fraction,,"[0, 1]",20,20,1.0,,,,,,,,,,0.10728933747412009,0.12958730228702248,0.10728933747412009,0.12958730228702248,0.5014097319016797,462.0
discovery_v3,taskmap,discovery,jev_anchored,Q8type_8_performance,True,noul,rater_fraction,,"[0, 1]",20,20,1.0,,,,,,,,,,0.07279314888010541,0.10711455190149385,0.07279314888010541,0.10711455190149385,0.3003260853624687,462.0
discovery_v3,taskmap,discovery,jev_anchored,Q9divisible_unitary,True,noul,rater_fraction,,"[0, 1]",20,20,1.0,,,,,,,,,,0.18823390739695087,0.2200140408159997,0.18823390739695087,0.2200140408159997,0.5174657896794856,444.0
discovery_v3,taskmap,discovery,jev_anchored,Q10maximizing,True,noul,rater_fraction,,"[0, 1]",20,20,1.0,,,,,,,,,,0.10347633163937511,0.11928296721095125,0.10347633163937511,0.11928296721095125,0.5303453362344288,464.0
discovery_v3,taskmap,discovery,jev_anchored,Q11optimizing,True,noul,rater_fraction,,"[0, 1]",20,20,1.0,,,,,,,,,,0.12866450216450215,0.1460812082920028,0.12866450216450215,0.1460812082920028,0.5672080790186799,462.0
discovery_v3,taskmap,discovery,jev_anchored,Q13outcome_multip,True,noul,rater_fraction,,"[0, 1]",20,20,1.0,,,,,,,,,,0.26582062864671563,0.3278959928527457,0.26582062864671563,0.3278959928527457,0.7352006343119102,459.0
discovery_v3,taskmap,discovery,jev_anchored,Q14sol_scheme_mul,True,noul,rater_fraction,,"[0, 1]",20,20,1.0,,,,,,,,,,0.1870626293995859,0.23438069423264518,0.1870626293995859,0.23438069423264518,0.7016189487259391,461.0
discovery_v3,taskmap,discovery,jev_anchored,Q15dec_verifiability,True,noul,rater_fraction,,"[0, 1]",20,20,1.0,,,,,,,,,,0.14144819311123658,0.16089005127305825,0.14144819311123658,0.16089005127305825,0.4296170486308705,460.0
discovery_v3,taskmap,discovery,jev_anchored,Q16shared_knowledge,True,noul,rater_fraction,,"[0, 1]",20,20,1.0,,,,,,,,,,0.20977305665349144,0.27456806633294223,0.20977305665349144,0.27456806633294223,0.6700551949857813,462.0
discovery_v3,taskmap,discovery,jev_anchored,Q17within_sys_sol,True,noul,rater_fraction,,"[0, 1]",20,20,1.0,,,,,,,,,,0.14926562205910032,0.18661089440056491,0.14926562205910032,0.18661089440056491,0.4678780524002644,460.0
discovery_v3,taskmap,discovery,jev_anchored,Q18ans_recog,True,noul,rater_fraction,,"[0, 1]",20,20,1.0,,,,,,,,,,0.17246955580651235,0.20847498294451108,0.17246955580651235,0.20847498294451108,0.5846243543956193,456.0
discovery_v3,taskmap,discovery,jev_anchored,Q19time_solvability,True,noul,rater_fraction,,"[0, 1]",20,20,1.0,,,,,,,,,,0.28812436476566916,0.3346421247894528,0.28812436476566916,0.3346421247894528,0.6917925465116535,459.0
discovery_v3,taskmap,discovery,jev_anchored,Q20type_3_type_4,True,noul,rater_fraction,,"[0, 1]",20,20,1.0,,,,,,,,,,0.18244325239977416,0.2284789342307032,0.18244325239977416,0.2284789342307032,0.4992009244609935,460.0
discovery_v3,taskmap,discovery,jev_anchored,Q21intellective_judg_1,True,score,continuous_rating,,"[0, 1]",20,20,1.0,,,,,,,,,,0.11991118953510257,0.16324255616058905,0.11991118953510257,0.16324255616058905,,0.0
discovery_v3,taskmap,discovery,jev_anchored,Q22confl_tradeoffs,True,noul,rater_fraction,,"[0, 1]",20,20,1.0,,,,,,,,,,0.14301919819311124,0.17476424779848398,0.14301919819311124,0.17476424779848398,0.4672431313982755,463.0
discovery_v3,taskmap,discovery,jev_anchored,Q23ss_out_uncert,True,noul,rater_fraction,,"[0, 1]",20,20,1.0,,,,,,,,,,0.11917414831545266,0.1524578509050064,0.11917414831545266,0.1524578509050064,0.5564134311321199,457.0
discovery_v3,taskmap,discovery,jev_anchored,Q24eureka_question,True,noul,rater_fraction,,"[0, 1]",20,20,1.0,,,,,,,,,,0.06773197816676077,0.07747760050889721,0.06773197816676077,0.07747760050889721,0.2684227929531903,457.0
discovery_v3,taskmap,discovery,jev_compact,Q1concept_behav,True,noul,rater_fraction,,"[0, 1]",20,20,1.0,,,,,,,,,,0.07611029550159985,0.08565186230674876,0.07611029550159985,0.08565186230674876,0.17571189908716994,462.0
discovery_v3,taskmap,discovery,jev_compact,Q2intel_manip_1,True,score,continuous_rating,,"[0, 1]",20,20,1.0,,,,,,,,,,0.06530057876905702,0.08457764159651687,0.06530057876905702,0.08457764159651687,,0.0
discovery_v3,taskmap,discovery,jev_compact,Q3type_1_planning,True,noul,rater_fraction,,"[0, 1]",20,20,1.0,,,,,,,,,,0.07662097684923772,0.10048901367532595,0.07662097684923772,0.10048901367532595,0.48297211844533927,463.0
discovery_v3,taskmap,discovery,jev_compact,Q4type_2_generate,True,noul,rater_fraction,,"[0, 1]",20,20,1.0,,,,,,,,,,0.08729032561641256,0.1142988092838874,0.08729032561641256,0.1142988092838874,0.38986507975867996,464.0
discovery_v3,taskmap,discovery,jev_compact,Q5creativity_input_1,True,score,continuous_rating,,"[0, 1]",20,20,1.0,,,,,,,,,,0.2424116883116883,0.2653022576159835,0.2424116883116883,0.2653022576159835,,0.0
discovery_v3,taskmap,discovery,jev_compact,Q6type_5_cc,True,noul,rater_fraction,,"[0, 1]",20,20,1.0,,,,,,,,,,0.09099416525503481,0.11872530368356099,0.09099416525503481,0.11872530368356099,0.3980487211642492,463.0
discovery_v3,taskmap,discovery,jev_compact,Q7type_7_battle,True,noul,rater_fraction,,"[0, 1]",20,20,1.0,,,,,,,,,,0.11178933747412009,0.13257060631174628,0.11178933747412009,0.13257060631174628,0.5033775370856105,462.0
discovery_v3,taskmap,discovery,jev_compact,Q8type_8_performance,True,noul,rater_fraction,,"[0, 1]",20,20,1.0,,,,,,,,,,0.0752931488801054,0.10629656244866445,0.0752931488801054,0.10629656244866445,0.299294484094023,462.0
discovery_v3,taskmap,discovery,jev_compact,Q9divisible_unitary,True,noul,rater_fraction,,"[0, 1]",20,20,1.0,,,,,,,,,,0.18123390739695086,0.21502496563160406,0.18123390739695086,0.21502496563160406,0.5135188950334552,444.0
discovery_v3,taskmap,discovery,jev_compact,Q10maximizing,True,noul,rater_fraction,,"[0, 1]",20,20,1.0,,,,,,,,,,0.09761269527573876,0.11237750614593058,0.09761269527573876,0.11237750614593058,0.5279473163784003,464.0
discovery_v3,taskmap,discovery,jev_compact,Q11optimizing,True,noul,rater_fraction,,"[0, 1]",20,20,1.0,,,,,,,,,,0.12973593073593073,0.14559687458348008,0.12973593073593073,0.14559687458348008,0.5679131622924958,462.0
discovery_v3,taskmap,discovery,jev_compact,Q13outcome_multip,True,noul,rater_fraction,,"[0, 1]",20,20,1.0,,,,,,,,,,0.2633206286467156,0.32600027206400434,0.2633206286467156,0.32600027206400434,0.7339898779035975,459.0
discovery_v3,taskmap,discovery,jev_compact,Q14sol_scheme_mul,True,noul,rater_fraction,,"[0, 1]",20,20,1.0,,,,,,,,,,0.182953933747412,0.22947302460944177,0.182953933747412,0.22947302460944177,0.6939025350928315,461.0
discovery_v3,taskmap,discovery,jev_compact,Q15dec_verifiability,True,noul,rater_fraction,,"[0, 1]",20,20,1.0,,,,,,,,,,0.14744819311123658,0.17021273736627063,0.14744819311123658,0.17021273736627063,0.43607387617772725,460.0
discovery_v3,taskmap,discovery,jev_compact,Q16shared_knowledge,True,noul,rater_fraction,,"[0, 1]",20,20,1.0,,,,,,,,,,0.2181063899868248,0.2830961838757017,0.2181063899868248,0.2830961838757017,0.6836018491226249,462.0
discovery_v3,taskmap,discovery,jev_compact,Q17within_sys_sol,True,noul,rater_fraction,,"[0, 1]",20,20,1.0,,,,,,,,,,0.1480513363448146,0.18751096558908195,0.1480513363448146,0.18751096558908195,0.46879703352167285,460.0
discovery_v3,taskmap,discovery,jev_compact,Q18ans_recog,True,noul,rater_fraction,,"[0, 1]",20,20,1.0,,,,,,,,,,0.16496955580651235,0.20532814800952717,0.16496955580651235,0.20532814800952717,0.5801075698118052,456.0
discovery_v3,taskmap,discovery,jev_compact,Q19time_solvability,True,noul,rater_fraction,,"[0, 1]",20,20,1.0,,,,,,,,,,0.2896243647656691,0.3407955806620574,0.2896243647656691,0.3407955806620574,0.699098276157025,459.0
discovery_v3,taskmap,discovery,jev_compact,Q20type_3_type_4,True,noul,rater_fraction,,"[0, 1]",20,20,1.0,,,,,,,,,,0.19044325239977417,0.24344769880739792,0.19044325239977417,0.24344769880739792,0.5136413910151822,460.0
discovery_v3,taskmap,discovery,jev_compact,Q21intellective_judg_1,True,score,continuous_rating,,"[0, 1]",20,20,1.0,,,,,,,,,,0.11757785620176923,0.16172983532082985,0.11757785620176923,0.16172983532082985,,0.0
discovery_v3,taskmap,discovery,jev_compact,Q22confl_tradeoffs,True,noul,rater_fraction,,"[0, 1]",20,20,1.0,,,,,,,,,,0.14512789384528516,0.1783804935182151,0.14512789384528516,0.1783804935182151,0.47331998958130156,463.0
discovery_v3,taskmap,discovery,jev_compact,Q23ss_out_uncert,True,noul,rater_fraction,,"[0, 1]",20,20,1.0,,,,,,,,,,0.12017414831545266,0.1542131748115101,0.12017414831545266,0.1542131748115101,0.5575732601933544,457.0
discovery_v3,taskmap,discovery,jev_compact,Q24eureka_question,True,noul,rater_fraction,,"[0, 1]",20,20,1.0,,,,,,,,,,0.07123197816676077,0.08135641633101783,0.07123197816676077,0.08135641633101783,0.2698024533426873,457.0
discovery_v3,taskmap,discovery,jev_verbose,Q1concept_behav,True,noul,rater_fraction,,"[0, 1]",20,0,0.0,,,,,,,,,,,,,,,0.0
discovery_v3,taskmap,discovery,jev_verbose,Q2intel_manip_1,True,score,continuous_rating,,"[0, 1]",20,0,0.0,,,,,,,,,,,,,,,0.0
discovery_v3,taskmap,discovery,jev_verbose,Q3type_1_planning,True,noul,rater_fraction,,"[0, 1]",20,0,0.0,,,,,,,,,,,,,,,0.0
discovery_v3,taskmap,discovery,jev_verbose,Q4type_2_generate,True,noul,rater_fraction,,"[0, 1]",20,0,0.0,,,,,,,,,,,,,,,0.0
discovery_v3,taskmap,discovery,jev_verbose,Q5creativity_input_1,True,score,continuous_rating,,"[0, 1]",20,0,0.0,,,,,,,,,,,,,,,0.0
discovery_v3,taskmap,discovery,jev_verbose,Q6type_5_cc,True,noul,rater_fraction,,"[0, 1]",20,0,0.0,,,,,,,,,,,,,,,0.0
discovery_v3,taskmap,discovery,jev_verbose,Q7type_7_battle,True,noul,rater_fraction,,"[0, 1]",20,0,0.0,,,,,,,,,,,,,,,0.0
discovery_v3,taskmap,discovery,jev_verbose,Q8type_8_performance,True,noul,rater_fraction,,"[0, 1]",20,0,0.0,,,,,,,,,,,,,,,0.0
discovery_v3,taskmap,discovery,jev_verbose,Q9divisible_unitary,True,noul,rater_fraction,,"[0, 1]",20,0,0.0,,,,,,,,,,,,,,,0.0
discovery_v3,taskmap,discovery,jev_verbose,Q10maximizing,True,noul,rater_fraction,,"[0, 1]",20,0,0.0,,,,,,,,,,,,,,,0.0
discovery_v3,taskmap,discovery,jev_verbose,Q11optimizing,True,noul,rater_fraction,,"[0, 1]",20,0,0.0,,,,,,,,,,,,,,,0.0
discovery_v3,taskmap,discovery,jev_verbose,Q13outcome_multip,True,noul,rater_fraction,,"[0, 1]",20,0,0.0,,,,,,,,,,,,,,,0.0
discovery_v3,taskmap,discovery,jev_verbose,Q14sol_scheme_mul,True,noul,rater_fraction,,"[0, 1]",20,0,0.0,,,,,,,,,,,,,,,0.0
discovery_v3,taskmap,discovery,jev_verbose,Q15dec_verifiability,True,noul,rater_fraction,,"[0, 1]",20,0,0.0,,,,,,,,,,,,,,,0.0
discovery_v3,taskmap,discovery,jev_verbose,Q16shared_knowledge,True,noul,rater_fraction,,"[0, 1]",20,0,0.0,,,,,,,,,,,,,,,0.0
discovery_v3,taskmap,discovery,jev_verbose,Q17within_sys_sol,True,noul,rater_fraction,,"[0, 1]",20,0,0.0,,,,,,,,,,,,,,,0.0
discovery_v3,taskmap,discovery,jev_verbose,Q18ans_recog,True,noul,rater_fraction,,"[0, 1]",20,0,0.0,,,,,,,,,,,,,,,0.0
discovery_v3,taskmap,discovery,jev_verbose,Q19time_solvability,True,noul,rater_fraction,,"[0, 1]",20,0,0.0,,,,,,,,,,,,,,,0.0
discovery_v3,taskmap,discovery,jev_verbose,Q20type_3_type_4,True,noul,rater_fraction,,"[0, 1]",20,0,0.0,,,,,,,,,,,,,,,0.0
discovery_v3,taskmap,discovery,jev_verbose,Q21intellective_judg_1,True,score,continuous_rating,,"[0, 1]",20,0,0.0,,,,,,,,,,,,,,,0.0
discovery_v3,taskmap,discovery,jev_verbose,Q22confl_tradeoffs,True,noul,rater_fraction,,"[0, 1]",20,0,0.0,,,,,,,,,,,,,,,0.0
discovery_v3,taskmap,discovery,jev_verbose,Q23ss_out_uncert,True,noul,rater_fraction,,"[0, 1]",20,0,0.0,,,,,,,,,,,,,,,0.0
discovery_v3,taskmap,discovery,jev_verbose,Q24eureka_question,True,noul,rater_fraction,,"[0, 1]",20,0,0.0,,,,,,,,,,,,,,,0.0
discovery_v3,taskmap,discovery,llm_direct,Q1concept_behav,True,noul,rater_fraction,,"[0, 1]",20,20,1.0,,,,,,,,,,0.04632975719932242,0.05082809677854389,0.04632975719932242,0.05082809677854389,0.14942911039197684,462.0
discovery_v3,taskmap,discovery,llm_direct,Q2intel_manip_1,True,score,continuous_rating,,"[0, 1]",20,20,1.0,,,,,,,,,,0.04630449369471108,0.05808632913771342,0.04630449369471108,0.05808632913771342,,0.0
discovery_v3,taskmap,discovery,llm_direct,Q3type_1_planning,True,noul,rater_fraction,,"[0, 1]",20,20,1.0,,,,,,,,,,0.1122876435159044,0.14917452230554737,0.1122876435159044,0.14917452230554737,0.5349886949317854,463.0
discovery_v3,taskmap,discovery,llm_direct,Q4type_2_generate,True,noul,rater_fraction,,"[0, 1]",20,20,1.0,,,,,,,,,,0.0787613401091662,0.10443735244427776,0.0787613401091662,0.10443735244427776,0.36886761330389833,464.0
discovery_v3,taskmap,discovery,llm_direct,Q5creativity_input_1,True,score,continuous_rating,,"[0, 1]",20,20,1.0,,,,,,,,,,0.07844106907585167,0.09060134868752041,0.07844106907585167,0.09060134868752041,,0.0
discovery_v3,taskmap,discovery,llm_direct,Q6type_5_cc,True,noul,rater_fraction,,"[0, 1]",20,20,1.0,,,,,,,,,,0.09335648409561453,0.11825939936535544,0.09335648409561453,0.11825939936535544,0.4043077841077349,463.0
discovery_v3,taskmap,discovery,llm_direct,Q7type_7_battle,True,noul,rater_fraction,,"[0, 1]",20,20,1.0,,,,,,,,,,0.14018327686805948,0.17980056057987023,0.14018327686805948,0.17980056057987023,0.5606223490115501,462.0
discovery_v3,taskmap,discovery,llm_direct,Q8type_8_performance,True,noul,rater_fraction,,"[0, 1]",20,20,1.0,,,,,,,,,,0.07125766986636552,0.08765893598791107,0.07125766986636552,0.08765893598791107,0.29401713703770194,462.0
discovery_v3,taskmap,discovery,llm_direct,Q9divisible_unitary,True,noul,rater_fraction,,"[0, 1]",20,20,1.0,,,,,,,,,,0.18723390739695087,0.25262601965226544,0.18723390739695087,0.25262601965226544,0.5523209565936029,444.0
discovery_v3,taskmap,discovery,llm_direct,Q10maximizing,True,noul,rater_fraction,,"[0, 1]",20,20,1.0,,,,,,,,,,0.17616163184641448,0.21221286166283598,0.17616163184641448,0.21221286166283598,0.6177837070450942,464.0
discovery_v3,taskmap,discovery,llm_direct,Q11optimizing,True,noul,rater_fraction,,"[0, 1]",20,20,1.0,,,,,,,,,,0.24190617353660832,0.2992255623836156,0.24190617353660832,0.2992255623836156,0.7244532490448926,462.0
discovery_v3,taskmap,discovery,llm_direct,Q13outcome_multip,True,noul,rater_fraction,,"[0, 1]",20,20,1.0,,,,,,,,,,0.19697280255975907,0.23555453770126067,0.19697280255975907,0.23555453770126067,0.6167936946238429,459.0
discovery_v3,taskmap,discovery,llm_direct,Q14sol_scheme_mul,True,noul,rater_fraction,,"[0, 1]",20,20,1.0,,,,,,,,,,0.1774717203086768,0.22980672700150986,0.1774717203086768,0.22980672700150986,0.6919756738842752,461.0
discovery_v3,taskmap,discovery,llm_direct,Q15dec_verifiability,True,noul,rater_fraction,,"[0, 1]",20,20,1.0,,,,,,,,,,0.1462815264445699,0.16870778486241078,0.1462815264445699,0.16870778486241078,0.4400399791594527,460.0
discovery_v3,taskmap,discovery,llm_direct,Q16shared_knowledge,True,noul,rater_fraction,,"[0, 1]",20,20,1.0,,,,,,,,,,0.20764855072463767,0.2894670886637552,0.20764855072463767,0.2894670886637552,0.711761856783345,462.0
discovery_v3,taskmap,discovery,llm_direct,Q17within_sys_sol,True,noul,rater_fraction,,"[0, 1]",20,20,1.0,,,,,,,,,,0.11794781667607757,0.15777284837225364,0.11794781667607757,0.15777284837225364,0.4609968544385971,460.0
discovery_v3,taskmap,discovery,llm_direct,Q18ans_recog,True,noul,rater_fraction,,"[0, 1]",20,20,1.0,,,,,,,,,,0.15933780350084698,0.19729416640578434,0.15933780350084698,0.19729416640578434,0.5762447362852926,456.0
discovery_v3,taskmap,discovery,llm_direct,Q19time_solvability,True,noul,rater_fraction,,"[0, 1]",20,20,1.0,,,,,,,,,,0.15685624882364013,0.21053538740482966,0.15685624882364013,0.21053538740482966,0.5347281430062305,459.0
discovery_v3,taskmap,discovery,llm_direct,Q20type_3_type_4,True,noul,rater_fraction,,"[0, 1]",20,20,1.0,,,,,,,,,,0.19005194805194806,0.22162812246436042,0.19005194805194806,0.22162812246436042,0.5019441402376501,460.0
discovery_v3,taskmap,discovery,llm_direct,Q21intellective_judg_1,True,score,continuous_rating,,"[0, 1]",20,20,1.0,,,,,,,,,,0.1548689346884999,0.18062357380216076,0.1548689346884999,0.18062357380216076,,0.0
discovery_v3,taskmap,discovery,llm_direct,Q22confl_tradeoffs,True,noul,rater_fraction,,"[0, 1]",20,20,1.0,,,,,,,,,,0.1574694146433277,0.20023635210283472,0.1574694146433277,0.20023635210283472,0.47961480089857145,463.0
discovery_v3,taskmap,discovery,llm_direct,Q23ss_out_uncert,True,noul,rater_fraction,,"[0, 1]",20,20,1.0,,,,,,,,,,0.16292259552042163,0.20881624793346654,0.16292259552042163,0.20881624793346654,0.6064288057661275,457.0
discovery_v3,taskmap,discovery,llm_direct,Q24eureka_question,True,noul,rater_fraction,,"[0, 1]",20,20,1.0,,,,,,,,,,0.058628458498023714,0.068240673335159,0.058628458498023714,0.068240673335159,0.2640222466252119,457.0
discovery_v3,ucc,discovery,jev_anchored,healthy,True,choice,category,"[""0"", ""1""]",,210,210,1.0,0.4380952380952381,0.372276826426183,0.372276826426183,2,2,1.4383953200608002,210,0.7699609523809526,1.0,,,,,,
discovery_v3,ucc,discovery,jev_anchored,sarcastic,True,choice,category,"[""0"", ""1""]",,210,210,1.0,0.6619047619047619,0.4465273395448977,0.4465273395448977,2,2,0.6929088066272934,210,0.4655647619047619,1.0,,,,,,
discovery_v3,ucc,discovery,jev_anchored,generalisation,False,choice,category,"[""0"", ""1""]",,210,210,1.0,0.8380952380952381,0.5302631578947369,0.5302631578947369,2,2,0.3753456830528104,210,0.23399714285714282,1.0,,,,,,
discovery_v3,ucc,discovery,jev_anchored,generalisation_unfair,True,choice,category,"[""0"", ""1""]",,210,210,1.0,0.8238095238095238,0.47708459519483143,0.47708459519483143,2,2,0.3602082304651181,210,0.23225142857142844,1.0,,,,,,
discovery_v3,ucc,discovery,jev_anchored,hostile,True,choice,category,"[""0"", ""1""]",,210,210,1.0,0.7,0.44061561878990313,0.44061561878990313,2,2,0.6408703464468917,210,0.4214771428571428,1.0,,,,,,
discovery_v3,ucc,discovery,jev_anchored,antagonize,True,choice,category,"[""0"", ""1""]",,210,210,1.0,0.5476190476190477,0.40431757785673766,0.40431757785673766,2,2,0.9927562933197372,210,0.6087580952380952,1.0,,,,,,
discovery_v3,ucc,discovery,jev_anchored,condescending,True,choice,category,"[""0"", ""1""]",,210,210,1.0,0.6857142857142857,0.4468390804597701,0.4468390804597701,2,2,0.6604366129028768,210,0.44071428571428595,1.0,,,,,,
discovery_v3,ucc,discovery,jev_anchored,dismissive,True,choice,category,"[""0"", ""1""]",,210,210,1.0,0.6047619047619047,0.40833022166400756,0.40833022166400756,2,2,0.7185517089958857,210,0.5064428571428573,1.0,,,,,,
discovery_v3,ucc,discovery,jev_compact,healthy,True,choice,category,"[""0"", ""1""]",,210,210,1.0,0.4523809523809524,0.3817046007322256,0.3817046007322256,2,2,1.4326575333867617,210,0.7706495238095239,1.0,,,,,,
discovery_v3,ucc,discovery,jev_compact,sarcastic,True,choice,category,"[""0"", ""1""]",,210,210,1.0,0.6904761904761905,0.46113457818483283,0.46113457818483283,2,2,0.6926363426035038,210,0.46374000000000026,1.0,,,,,,
discovery_v3,ucc,discovery,jev_compact,generalisation,False,choice,category,"[""0"", ""1""]",,210,210,1.0,0.8333333333333334,0.5053502927518676,0.5053502927518676,2,2,0.37308313367915036,210,0.23477047619047606,1.0,,,,,,
discovery_v3,ucc,discovery,jev_compact,generalisation_unfair,True,choice,category,"[""0"", ""1""]",,210,210,1.0,0.8142857142857143,0.4729390565673467,0.4729390565673467,2,2,0.3635920968500173,210,0.23495904761904735,1.0,,,,,,
discovery_v3,ucc,discovery,jev_compact,hostile,True,choice,category,"[""0"", ""1""]",,210,210,1.0,0.7095238095238096,0.4448537378114843,0.4448537378114843,2,2,0.6380941497921172,210,0.4163895238095236,1.0,,,,,,
discovery_v3,ucc,discovery,jev_compact,antagonize,True,choice,category,"[""0"", ""1""]",,210,210,1.0,0.5428571428571428,0.4017094017094017,0.4017094017094017,2,2,1.0025298350856051,210,0.6126676190476192,1.0,,,,,,
discovery_v3,ucc,discovery,jev_compact,condescending,True,choice,category,"[""0"", ""1""]",,210,210,1.0,0.6904761904761905,0.46113457818483283,0.46113457818483283,2,2,0.6595721654517488,210,0.44318285714285705,1.0,,,,,,
discovery_v3,ucc,discovery,jev_compact,dismissive,True,choice,category,"[""0"", ""1""]",,210,210,1.0,0.6047619047619047,0.40833022166400756,0.40833022166400756,2,2,0.7141104392021986,210,0.5047733333333333,1.0,,,,,,
discovery_v3,ucc,discovery,jev_verbose,healthy,True,choice,category,"[""0"", ""1""]",,210,210,1.0,0.5333333333333333,0.43929816913687886,0.43929816913687886,2,2,1.147574579285483,210,0.6699190476190479,1.0,,,,,,
discovery_v3,ucc,discovery,jev_verbose,sarcastic,True,choice,category,"[""0"", ""1""]",,210,210,1.0,0.6190476190476191,0.4151232418883164,0.4151232418883164,2,2,0.7813503984437021,210,0.5160000000000002,1.0,,,,,,
discovery_v3,ucc,discovery,jev_verbose,generalisation,False,choice,category,"[""0"", ""1""]",,210,210,1.0,0.8761904761904762,0.5602448453608248,0.5602448453608248,2,2,0.28175527303197984,210,0.17606095238095235,1.0,,,,,,
discovery_v3,ucc,discovery,jev_verbose,generalisation_unfair,True,choice,category,"[""0"", ""1""]",,210,210,1.0,0.8952380952380953,0.5790816326530612,0.5790816326530612,2,2,0.25643071403924217,210,0.1537390476190476,1.0,,,,,,
discovery_v3,ucc,discovery,jev_verbose,hostile,True,choice,category,"[""0"", ""1""]",,210,210,1.0,0.7,0.4266522210184182,0.4266522210184182,2,2,0.7098212873414509,210,0.4500942857142857,1.0,,,,,,
discovery_v3,ucc,discovery,jev_verbose,antagonize,True,choice,category,"[""0"", ""1""]",,210,210,1.0,0.5619047619047619,0.40436551979282276,0.40436551979282276,2,2,0.9119372561634631,210,0.591648571428572,1.0,,,,,,
discovery_v3,ucc,discovery,jev_verbose,condescending,True,choice,category,"[""0"", ""1""]",,210,210,1.0,0.6047619047619047,0.40833022166400756,0.40833022166400756,2,2,0.8471435732417303,210,0.5531999999999997,1.0,,,,,,
discovery_v3,ucc,discovery,jev_verbose,dismissive,True,choice,category,"[""0"", ""1""]",,210,210,1.0,0.5714285714285714,0.3832397859287299,0.3832397859287299,2,2,0.8639290701537063,210,0.5957076190476192,1.0,,,,,,
discovery_v3,ucc,discovery,llm_direct,healthy,True,choice,category,"[""0"", ""1""]",,210,210,1.0,0.6714285714285714,0.5235276709085528,0.5235276709085528,2,2,,0,,0.0,,,,,,
discovery_v3,ucc,discovery,llm_direct,sarcastic,True,choice,category,"[""0"", ""1""]",,210,210,1.0,0.7761904761904762,0.47553004941814125,0.47553004941814125,2,2,,0,,0.0,,,,,,
discovery_v3,ucc,discovery,llm_direct,generalisation,False,choice,category,"[""0"", ""1""]",,210,210,1.0,0.8761904761904762,0.5333333333333333,0.5333333333333333,2,2,,0,,0.0,,,,,,
discovery_v3,ucc,discovery,llm_direct,generalisation_unfair,True,choice,category,"[""0"", ""1""]",,210,210,1.0,0.8809523809523809,0.5369962077784637,0.5369962077784637,2,2,,0,,0.0,,,,,,
discovery_v3,ucc,discovery,llm_direct,hostile,True,choice,category,"[""0"", ""1""]",,210,210,1.0,0.7095238095238096,0.4304388422035481,0.4304388422035481,2,2,,0,,0.0,,,,,,
discovery_v3,ucc,discovery,llm_direct,antagonize,True,choice,category,"[""0"", ""1""]",,210,210,1.0,0.7761904761904762,0.53659796234565,0.53659796234565,2,2,,0,,0.0,,,,,,
discovery_v3,ucc,discovery,llm_direct,condescending,True,choice,category,"[""0"", ""1""]",,210,210,1.0,0.7619047619047619,0.49990474376071636,0.49990474376071636,2,2,,0,,0.0,,,,,,
discovery_v3,ucc,discovery,llm_direct,dismissive,True,choice,category,"[""0"", ""1""]",,210,210,1.0,0.7428571428571429,0.44368131868131866,0.44368131868131866,2,2,,0,,0.0,,,,,,
explanation_discovery_v2,babe,discovery,jev_explanation,label_bias,True,choice,category,"[""Non-biased"", ""Biased""]",,200,168,0.84,0.64,0.6886012225818051,0.6886012225818051,2,2,0.5218904215249209,168,0.3073237630532911,0.84,,,,,,
explanation_discovery_v2,babe,discovery,jev_grounded,label_bias,True,choice,category,"[""Non-biased"", ""Biased""]",,200,200,1.0,0.77,0.7691690084303493,0.7691690084303493,2,2,0.7870873297734893,200,0.3279349999999998,1.0,,,,,,
explanation_discovery_v2,commonsense,discovery,jev_explanation,q1,True,noul,rater_fraction,,"[0, 1]",200,200,1.0,,,,,,,,,,0.15402145418865293,0.1962923493879768,0.15402145418865293,0.1962923493879768,0.5145183218201567,4594.0
explanation_discovery_v2,commonsense,discovery,jev_explanation,q2,True,noul,rater_fraction,,"[0, 1]",200,200,1.0,,,,,,,,,,0.14366293799927218,0.18480396793933965,0.14366293799927218,0.18480396793933965,0.5352610386094171,4594.0
explanation_discovery_v2,commonsense,discovery,jev_grounded,q1,True,noul,rater_fraction,,"[0, 1]",200,200,1.0,,,,,,,,,,0.1559694598229871,0.19595480206191357,0.1559694598229871,0.19595480206191357,0.5134917677950176,4594.0
explanation_discovery_v2,commonsense,discovery,jev_grounded,q2,True,noul,rater_fraction,,"[0, 1]",200,200,1.0,,,,,,,,,,0.15014907078857617,0.19473002099522338,0.15014907078857617,0.19473002099522338,0.5426899325739221,4594.0
explanation_discovery_v2,conflict,discovery,jev_explanation,rating_directness_content,True,choice,category,"[""Yes - Direct Content"", ""Neutral - Content contains no opinion"", ""No - Indirect Content""]",,92,76,0.8260869565217391,0.7717391304347826,0.2903885480572597,0.8711656441717791,3,1,0.21665791337446083,76,0.11285263157894743,0.8260869565217391,,,,,,
explanation_discovery_v2,conflict,discovery,jev_explanation,rating_directness_expression,True,choice,category,"[""Yes - Direct Expression"", ""No - Indirect Expression""]",,92,76,0.8260869565217391,0.8043478260869565,0.4539877300613497,0.4539877300613497,2,2,0.1105819319402008,76,0.05269543783160009,0.8260869565217391,,,,,,
explanation_discovery_v2,conflict,discovery,jev_explanation,rating_OI_content,True,choice,category,"[""Yes - Content opposes someone else"", ""No - Content does not oppose anyone""]",,92,76,0.8260869565217391,0.7934782608695652,0.4451219512195122,0.4451219512195122,2,2,0.08239554513841171,76,0.030994485736593785,0.8260869565217391,,,,,,
explanation_discovery_v2,conflict,discovery,jev_explanation,rating_OI_expression,True,choice,category,"[""Yes - Expression is emotional/forceful"", ""No - Expression is not emotional/forceful""]",,92,76,0.8260869565217391,0.717391304347826,0.6064757160647571,0.6064757160647571,2,2,0.3783169265515564,76,0.2153256937492652,0.8260869565217391,,,,,,
explanation_discovery_v2,conflict,discovery,jev_grounded,rating_directness_content,True,choice,category,"[""Yes - Direct Content"", ""Neutral - Content contains no opinion"", ""No - Indirect Content""]",,92,92,1.0,0.9021739130434783,0.3161904761904762,0.9485714285714286,3,1,0.2543340468600145,92,0.14122173913043481,1.0,,,,,,
explanation_discovery_v2,conflict,discovery,jev_grounded,rating_directness_expression,True,choice,category,"[""Yes - Direct Expression"", ""No - Indirect Expression""]",,92,92,1.0,0.8369565217391305,0.5598086124401913,0.5598086124401913,2,2,0.4280976743938765,92,0.26885000000000003,1.0,,,,,,
explanation_discovery_v2,conflict,discovery,jev_grounded,rating_OI_content,True,choice,category,"[""Yes - Content opposes someone else"", ""No - Content does not oppose anyone""]",,92,92,1.0,0.8260869565217391,0.5073627844712182,0.5073627844712182,2,2,0.4665845254028452,92,0.28093043478260865,1.0,,,,,,
explanation_discovery_v2,conflict,discovery,jev_grounded,rating_OI_expression,True,choice,category,"[""Yes - Expression is emotional/forceful"", ""No - Expression is not emotional/forceful""]",,92,92,1.0,0.75,0.6390926147023708,0.6390926147023708,2,2,0.9812307867770405,92,0.37267608695652177,1.0,,,,,,
explanation_discovery_v2,mbd,discovery,jev_explanation,type,True,choice,category,"[""fact"", ""opinion"", ""borderline"", ""quote"", ""other""]",,209,209,1.0,0.8516746411483254,0.587661465582497,0.587661465582497,5,5,0.7019572992910265,209,0.24006383256468786,1.0,,,,,,
explanation_discovery_v2,mbd,discovery,jev_explanation,tone,True,choice,category,"[""positive"", ""negative"", ""neutral""]",,210,210,1.0,0.861904761904762,0.7513998682476943,0.7513998682476943,3,3,0.3230163751260414,210,0.20083694314666756,1.0,,,,,,
explanation_discovery_v2,mbd,discovery,jev_explanation,focus,True,choice,category,"[""democrat"", ""republican"", ""both"", ""neither""]",,204,204,1.0,0.9117647058823529,0.8152504902617571,0.8152504902617571,4,4,0.24112978180821285,204,0.14247574397170354,1.0,,,,,,
explanation_discovery_v2,mbd,discovery,jev_grounded,type,True,choice,category,"[""fact"", ""opinion"", ""borderline"", ""quote"", ""other""]",,209,209,1.0,0.8516746411483254,0.5769855920556812,0.5769855920556812,5,5,0.6129530661035216,209,0.23996239715798928,1.0,,,,,,
explanation_discovery_v2,mbd,discovery,jev_grounded,tone,True,choice,category,"[""positive"", ""negative"", ""neutral""]",,210,210,1.0,0.8333333333333334,0.7477696658237485,0.7477696658237485,3,3,0.4337065778704123,210,0.2549923809523809,1.0,,,,,,
explanation_discovery_v2,mbd,discovery,jev_grounded,focus,True,choice,category,"[""democrat"", ""republican"", ""both"", ""neither""]",,204,204,1.0,0.9068627450980392,0.807478291688818,0.807478291688818,4,4,0.2686360275621338,204,0.15360123416778199,1.0,,,,,,
explanation_discovery_v2,taskmap,discovery,jev_explanation,Q1concept_behav,True,noul,rater_fraction,,"[0, 1]",20,20,1.0,,,,,,,,,,0.02752890904225765,0.035012878055092324,0.02752890904225765,0.035012878055092324,0.13170930631014444,462.0
explanation_discovery_v2,taskmap,discovery,jev_explanation,Q2intel_manip_1,True,score,continuous_rating,,"[0, 1]",20,20,1.0,,,,,,,,,,0.03738415354902812,0.05275673982811935,0.03738415354902812,0.05275673982811935,,0.0
explanation_discovery_v2,taskmap,discovery,jev_explanation,Q3type_1_planning,True,noul,rater_fraction,,"[0, 1]",20,20,1.0,,,,,,,,,,0.06768262388610183,0.08568570472282695,0.06768262388610183,0.08568570472282695,0.4748017473811893,463.0
explanation_discovery_v2,taskmap,discovery,jev_explanation,Q4type_2_generate,True,noul,rater_fraction,,"[0, 1]",20,20,1.0,,,,,,,,,,0.09018590181862746,0.118838000269461,0.09018590181862746,0.118838000269461,0.36620875480685794,464.0
explanation_discovery_v2,taskmap,discovery,jev_explanation,Q5creativity_input_1,True,score,continuous_rating,,"[0, 1]",20,20,1.0,,,,,,,,,,0.10332036339225299,0.12159523231125037,0.10332036339225299,0.12159523231125037,,0.0
explanation_discovery_v2,taskmap,discovery,jev_explanation,Q6type_5_cc,True,noul,rater_fraction,,"[0, 1]",20,20,1.0,,,,,,,,,,0.08077992364144665,0.11239902108571992,0.08077992364144665,0.11239902108571992,0.3972583669692881,463.0
explanation_discovery_v2,taskmap,discovery,jev_explanation,Q7type_7_battle,True,noul,rater_fraction,,"[0, 1]",20,20,1.0,,,,,,,,,,0.1152893374741201,0.1325607848032416,0.1152893374741201,0.1325607848032416,0.5049914082481491,462.0
explanation_discovery_v2,taskmap,discovery,jev_explanation,Q8type_8_performance,True,noul,rater_fraction,,"[0, 1]",20,20,1.0,,,,,,,,,,0.08838252462949703,0.1134686034931123,0.08838252462949703,0.1134686034931123,0.3134908627072851,462.0
explanation_discovery_v2,taskmap,discovery,jev_explanation,Q9divisible_unitary,True,noul,rater_fraction,,"[0, 1]",20,20,1.0,,,,,,,,,,0.15751481757825575,0.19046548854844328,0.15751481757825575,0.19046548854844328,0.48996929459765093,444.0
explanation_discovery_v2,taskmap,discovery,jev_explanation,Q10maximizing,True,noul,rater_fraction,,"[0, 1]",20,20,1.0,,,,,,,,,,0.08159412859365539,0.1024332688010411,0.08159412859365539,0.1024332688010411,0.5219822095050749,464.0
explanation_discovery_v2,taskmap,discovery,jev_explanation,Q11optimizing,True,noul,rater_fraction,,"[0, 1]",20,20,1.0,,,,,,,,,,0.13490707380583986,0.1571230700521101,0.13490707380583986,0.1571230700521101,0.5759249412609121,462.0
explanation_discovery_v2,taskmap,discovery,jev_explanation,Q13outcome_multip,True,noul,rater_fraction,,"[0, 1]",20,20,1.0,,,,,,,,,,0.16517082727078783,0.22051759708789911,0.16517082727078783,0.22051759708789911,0.6077845053086014,459.0
explanation_discovery_v2,taskmap,discovery,jev_explanation,Q14sol_scheme_mul,True,noul,rater_fraction,,"[0, 1]",20,20,1.0,,,,,,,,,,0.14616654577570937,0.16570956817314772,0.14616654577570937,0.16570956817314772,0.6109306371199801,461.0
explanation_discovery_v2,taskmap,discovery,jev_explanation,Q15dec_verifiability,True,noul,rater_fraction,,"[0, 1]",20,20,1.0,,,,,,,,,,0.07310255532983925,0.10057932101738545,0.07310255532983925,0.10057932101738545,0.38301534793926306,460.0
explanation_discovery_v2,taskmap,discovery,jev_explanation,Q16shared_knowledge,True,noul,rater_fraction,,"[0, 1]",20,20,1.0,,,,,,,,,,0.19194660276102243,0.24099832523296727,0.19194660276102243,0.24099832523296727,0.6205941330992644,462.0
explanation_discovery_v2,taskmap,discovery,jev_explanation,Q17within_sys_sol,True,noul,rater_fraction,,"[0, 1]",20,20,1.0,,,,,,,,,,0.09294813688935179,0.14577203041441034,0.09294813688935179,0.14577203041441034,0.4271919673205142,460.0
explanation_discovery_v2,taskmap,discovery,jev_explanation,Q18ans_recog,True,noul,rater_fraction,,"[0, 1]",20,20,1.0,,,,,,,,,,0.09501896495338064,0.1134125962678997,0.09501896495338064,0.1134125962678997,0.5090807757873141,456.0
explanation_discovery_v2,taskmap,discovery,jev_explanation,Q19time_solvability,True,noul,rater_fraction,,"[0, 1]",20,20,1.0,,,,,,,,,,0.15155542716854442,0.17664192435471965,0.15155542716854442,0.17664192435471965,0.4970590248751231,459.0
explanation_discovery_v2,taskmap,discovery,jev_explanation,Q20type_3_type_4,True,noul,rater_fraction,,"[0, 1]",20,20,1.0,,,,,,,,,,0.12360077578026027,0.15991666641488156,0.12360077578026027,0.15991666641488156,0.42499361696583343,460.0
explanation_discovery_v2,taskmap,discovery,jev_explanation,Q21intellective_judg_1,True,score,continuous_rating,,"[0, 1]",20,20,1.0,,,,,,,,,,0.10224912344621213,0.14760861806048006,0.10224912344621213,0.14760861806048006,,0.0
explanation_discovery_v2,taskmap,discovery,jev_explanation,Q22confl_tradeoffs,True,noul,rater_fraction,,"[0, 1]",20,20,1.0,,,,,,,,,,0.15485942142832165,0.18839665241707315,0.15485942142832165,0.18839665241707315,0.47714392285895296,463.0
explanation_discovery_v2,taskmap,discovery,jev_explanation,Q23ss_out_uncert,True,noul,rater_fraction,,"[0, 1]",20,20,1.0,,,,,,,,,,0.11148999615750202,0.14706465820156206,0.11148999615750202,0.14706465820156206,0.5507230967071027,457.0
explanation_discovery_v2,taskmap,discovery,jev_explanation,Q24eureka_question,True,noul,rater_fraction,,"[0, 1]",20,20,1.0,,,,,,,,,,0.04109433057364781,0.049195965198059396,0.04109433057364781,0.049195965198059396,0.2512775914932967,457.0
explanation_discovery_v2,taskmap,discovery,jev_grounded,Q1concept_behav,True,noul,rater_fraction,,"[0, 1]",20,20,1.0,,,,,,,,,,0.06711029550159985,0.07964964357355893,0.06711029550159985,0.07964964357355893,0.16692253251853714,462.0
explanation_discovery_v2,taskmap,discovery,jev_grounded,Q2intel_manip_1,True,score,continuous_rating,,"[0, 1]",20,20,1.0,,,,,,,,,,0.05980057876905703,0.07854725498494837,0.05980057876905703,0.07854725498494837,,0.0
explanation_discovery_v2,taskmap,discovery,jev_grounded,Q3type_1_planning,True,noul,rater_fraction,,"[0, 1]",20,20,1.0,,,,,,,,,,0.08226383399209486,0.1100529674609761,0.08226383399209486,0.1100529674609761,0.48939625687368665,463.0
explanation_discovery_v2,taskmap,discovery,jev_grounded,Q4type_2_generate,True,noul,rater_fraction,,"[0, 1]",20,20,1.0,,,,,,,,,,0.0892613401091662,0.12314325053639708,0.0892613401091662,0.12314325053639708,0.3850324515503321,464.0
explanation_discovery_v2,taskmap,discovery,jev_grounded,Q5creativity_input_1,True,score,continuous_rating,,"[0, 1]",20,20,1.0,,,,,,,,,,0.2494116883116883,0.2736923455585666,0.2494116883116883,0.2736923455585666,,0.0
explanation_discovery_v2,taskmap,discovery,jev_grounded,Q6type_5_cc,True,noul,rater_fraction,,"[0, 1]",20,20,1.0,,,,,,,,,,0.08716083192170149,0.11893206732974698,0.08716083192170149,0.11893206732974698,0.3957944190015767,463.0
explanation_discovery_v2,taskmap,discovery,jev_grounded,Q7type_7_battle,True,noul,rater_fraction,,"[0, 1]",20,20,1.0,,,,,,,,,,0.1152893374741201,0.1325607848032416,0.1152893374741201,0.1325607848032416,0.5049914082481491,462.0
explanation_discovery_v2,taskmap,discovery,jev_grounded,Q8type_8_performance,True,noul,rater_fraction,,"[0, 1]",20,20,1.0,,,,,,,,,,0.0702931488801054,0.09427971981809645,0.0702931488801054,0.09427971981809645,0.29587437579503795,462.0
explanation_discovery_v2,taskmap,discovery,jev_grounded,Q9divisible_unitary,True,noul,rater_fraction,,"[0, 1]",20,20,1.0,,,,,,,,,,0.18623390739695087,0.21230461485951507,0.18623390739695087,0.21230461485951507,0.5115482701833298,444.0
explanation_discovery_v2,taskmap,discovery,jev_grounded,Q10maximizing,True,noul,rater_fraction,,"[0, 1]",20,20,1.0,,,,,,,,,,0.08356328816111426,0.10399158484492521,0.08356328816111426,0.10399158484492521,0.5228505468285829,464.0
explanation_discovery_v2,taskmap,discovery,jev_grounded,Q11optimizing,True,noul,rater_fraction,,"[0, 1]",20,20,1.0,,,,,,,,,,0.13866450216450216,0.15925603980531,0.13866450216450216,0.15925603980531,0.5769494494175987,462.0
explanation_discovery_v2,taskmap,discovery,jev_grounded,Q13outcome_multip,True,noul,rater_fraction,,"[0, 1]",20,20,1.0,,,,,,,,,,0.23782062864671563,0.3005485888402478,0.23782062864671563,0.3005485888402478,0.6948008079838075,459.0
explanation_discovery_v2,taskmap,discovery,jev_grounded,Q14sol_scheme_mul,True,noul,rater_fraction,,"[0, 1]",20,20,1.0,,,,,,,,,,0.16778990212685865,0.20854590914435533,0.16778990212685865,0.20854590914435533,0.6594254602761461,461.0
explanation_discovery_v2,taskmap,discovery,jev_grounded,Q15dec_verifiability,True,noul,rater_fraction,,"[0, 1]",20,20,1.0,,,,,,,,,,0.12444819311123659,0.13941174609446813,0.12444819311123659,0.13941174609446813,0.4148923798384532,460.0
explanation_discovery_v2,taskmap,discovery,jev_grounded,Q16shared_knowledge,True,noul,rater_fraction,,"[0, 1]",20,20,1.0,,,,,,,,,,0.2039094202898551,0.26605038350273247,0.2039094202898551,0.26605038350273247,0.6556877179302288,462.0
explanation_discovery_v2,taskmap,discovery,jev_grounded,Q17within_sys_sol,True,noul,rater_fraction,,"[0, 1]",20,20,1.0,,,,,,,,,,0.13052959721437984,0.1747637320153478,0.13052959721437984,0.1747637320153478,0.4560011172509063,460.0
explanation_discovery_v2,taskmap,discovery,jev_grounded,Q18ans_recog,True,noul,rater_fraction,,"[0, 1]",20,20,1.0,,,,,,,,,,0.13580288913984567,0.17403180140999247,0.13580288913984567,0.17403180140999247,0.5507635096529044,456.0
explanation_discovery_v2,taskmap,discovery,jev_grounded,Q19time_solvability,True,noul,rater_fraction,,"[0, 1]",20,20,1.0,,,,,,,,,,0.2737547995482778,0.3253141537133641,0.2737547995482778,0.3253141537133641,0.6715193046119073,459.0
explanation_discovery_v2,taskmap,discovery,jev_grounded,Q20type_3_type_4,True,noul,rater_fraction,,"[0, 1]",20,20,1.0,,,,,,,,,,0.1736171654432524,0.2167995493956133,0.1736171654432524,0.2167995493956133,0.4855293965577541,460.0
explanation_discovery_v2,taskmap,discovery,jev_grounded,Q21intellective_judg_1,True,score,continuous_rating,,"[0, 1]",20,20,1.0,,,,,,,,,,0.12357785620176924,0.1688090230799851,0.12357785620176924,0.1688090230799851,,0.0
explanation_discovery_v2,taskmap,discovery,jev_grounded,Q22confl_tradeoffs,True,noul,rater_fraction,,"[0, 1]",20,20,1.0,,,,,,,,,,0.1589539808018069,0.19209291253944943,0.1589539808018069,0.19209291253944943,0.4803425987223458,463.0
explanation_discovery_v2,taskmap,discovery,jev_grounded,Q23ss_out_uncert,True,noul,rater_fraction,,"[0, 1]",20,20,1.0,,,,,,,,,,0.1298170054583098,0.1668099259452467,0.1298170054583098,0.1668099259452467,0.5683145378698555,457.0
explanation_discovery_v2,taskmap,discovery,jev_grounded,Q24eureka_question,True,noul,rater_fraction,,"[0, 1]",20,20,1.0,,,,,,,,,,0.0724462638810465,0.08343266911981577,0.0724462638810465,0.08343266911981577,0.27311401757107145,457.0
explanation_discovery_v2,ucc,discovery,jev_explanation,healthy,True,choice,category,"[""0"", ""1""]",,210,210,1.0,0.8380952380952381,0.5849802371541502,0.5849802371541502,2,2,1.0323464888074398,210,0.2898109225334429,1.0,,,,,,
explanation_discovery_v2,ucc,discovery,jev_explanation,sarcastic,True,choice,category,"[""0"", ""1""]",,210,210,1.0,0.861904761904762,0.49498300024877684,0.49498300024877684,2,2,0.5438687841446067,210,0.18676508605203623,1.0,,,,,,
explanation_discovery_v2,ucc,discovery,jev_explanation,generalisation,False,choice,category,"[""0"", ""1""]",,210,210,1.0,0.9142857142857143,0.47761194029850745,0.47761194029850745,2,2,0.6014390809903846,210,0.30096571428571417,1.0,,,,,,
explanation_discovery_v2,ucc,discovery,jev_explanation,generalisation_unfair,True,choice,category,"[""0"", ""1""]",,210,210,1.0,0.9285714285714286,0.48148148148148145,0.48148148148148145,2,2,0.4310052032334364,210,0.25539999999999985,1.0,,,,,,
explanation_discovery_v2,ucc,discovery,jev_explanation,hostile,True,choice,category,"[""0"", ""1""]",,210,210,1.0,0.919047619047619,0.5314345714660716,0.5314345714660716,2,2,0.41462103024444213,210,0.15654252578780042,1.0,,,,,,
explanation_discovery_v2,ucc,discovery,jev_explanation,antagonize,True,choice,category,"[""0"", ""1""]",,210,210,1.0,0.9047619047619048,0.6173469387755102,0.6173469387755102,2,2,0.4048696652058487,210,0.1814590314270934,1.0,,,,,,
explanation_discovery_v2,ucc,discovery,jev_explanation,condescending,True,choice,category,"[""0"", ""1""]",,210,210,1.0,0.861904761904762,0.5231383603476627,0.5231383603476627,2,2,0.5675832524834288,210,0.2255657863489555,1.0,,,,,,
explanation_discovery_v2,ucc,discovery,jev_explanation,dismissive,True,choice,category,"[""0"", ""1""]",,210,210,1.0,0.8380952380952381,0.4835069444444445,0.4835069444444445,2,2,0.567779807940281,210,0.2078817747387066,1.0,,,,,,
explanation_discovery_v2,ucc,discovery,jev_grounded,healthy,True,choice,category,"[""0"", ""1""]",,210,210,1.0,0.48095238095238096,0.4003300935264992,0.4003300935264992,2,2,1.5942202837669674,210,0.7763342857142858,1.0,,,,,,
explanation_discovery_v2,ucc,discovery,jev_grounded,sarcastic,True,choice,category,"[""0"", ""1""]",,210,210,1.0,0.6,0.4154294803817603,0.4154294803817603,2,2,0.8484429016386776,210,0.5528780952380956,1.0,,,,,,
explanation_discovery_v2,ucc,discovery,jev_grounded,generalisation,False,choice,category,"[""0"", ""1""]",,210,210,1.0,0.8,0.48732852824924433,0.48732852824924433,2,2,0.45186500440313493,210,0.28298476190476174,1.0,,,,,,
explanation_discovery_v2,ucc,discovery,jev_grounded,generalisation_unfair,True,choice,category,"[""0"", ""1""]",,210,210,1.0,0.861904761904762,0.49498300024877684,0.49498300024877684,2,2,0.3528976794370191,210,0.22029238095238093,1.0,,,,,,
explanation_discovery_v2,ucc,discovery,jev_grounded,hostile,True,choice,category,"[""0"", ""1""]",,210,210,1.0,0.6523809523809524,0.4195600318049298,0.4195600318049298,2,2,0.8119261978740124,210,0.5142104761904764,1.0,,,,,,
explanation_discovery_v2,ucc,discovery,jev_grounded,antagonize,True,choice,category,"[""0"", ""1""]",,210,210,1.0,0.5,0.378014724549378,0.378014724549378,2,2,1.3513731914249263,210,0.7288714285714292,1.0,,,,,,
explanation_discovery_v2,ucc,discovery,jev_grounded,condescending,True,choice,category,"[""0"", ""1""]",,210,210,1.0,0.6285714285714286,0.4297451608411085,0.4297451608411085,2,2,0.755234788582798,210,0.4867371428571429,1.0,,,,,,
explanation_discovery_v2,ucc,discovery,jev_grounded,dismissive,True,choice,category,"[""0"", ""1""]",,210,210,1.0,0.6190476190476191,0.4151232418883164,0.4151232418883164,2,2,0.7667308782074603,210,0.5170561904761907,1.0,,,,,,
explanation_fallback_discovery_v3,babe,discovery,jev_explanation_fallback,label_bias,True,choice,category,"[""Non-biased"", ""Biased""]",,200,200,1.0,0.805,0.8046043237556051,0.8046043237556051,2,2,0.4956537312602415,200,0.263895065811251,1.0,,,,,,
explanation_fallback_discovery_v3,babe,discovery,jev_verbose,label_bias,True,choice,category,"[""Non-biased"", ""Biased""]",,200,200,1.0,0.795,0.794377993430126,0.794377993430126,2,2,0.6047345838013569,200,0.26247300000000007,1.0,,,,,,
explanation_fallback_discovery_v3,commonsense,discovery,jev_explanation_fallback,q1,True,noul,rater_fraction,,"[0, 1]",200,200,1.0,,,,,,,,,,0.15669189031379116,0.19981290819480896,0.15669189031379116,0.19981290819480896,0.5172872304121869,4594.0
explanation_fallback_discovery_v3,commonsense,discovery,jev_explanation_fallback,q2,True,noul,rater_fraction,,"[0, 1]",200,200,1.0,,,,,,,,,,0.14324817714450272,0.18548029157535978,0.14324817714450272,0.18548029157535978,0.5354074720720876,4594.0
explanation_fallback_discovery_v3,commonsense,discovery,jev_verbose,q1,True,noul,rater_fraction,,"[0, 1]",200,200,1.0,,,,,,,,,,0.15331506173423212,0.19887395528022717,0.15331506173423212,0.19887395528022717,0.5149930806153808,4594.0
explanation_fallback_discovery_v3,commonsense,discovery,jev_verbose,q2,True,noul,rater_fraction,,"[0, 1]",200,200,1.0,,,,,,,,,,0.1539982398558209,0.20307799196719215,0.1539982398558209,0.20307799196719215,0.5501413502719392,4594.0
explanation_fallback_discovery_v3,conflict,discovery,jev_explanation_fallback,rating_directness_content,True,choice,category,"[""Yes - Direct Content"", ""Neutral - Content contains no opinion"", ""No - Indirect Content""]",,92,92,1.0,0.9130434782608695,0.3181818181818182,0.9545454545454546,3,1,0.2262498301295617,92,0.1210565217391305,1.0,,,,,,
explanation_fallback_discovery_v3,conflict,discovery,jev_explanation_fallback,rating_directness_expression,True,choice,category,"[""Yes - Direct Expression"", ""No - Indirect Expression""]",,92,92,1.0,0.9021739130434783,0.6275303643724697,0.6275303643724697,2,2,0.19902431426308848,92,0.1044288273928243,1.0,,,,,,
explanation_fallback_discovery_v3,conflict,discovery,jev_explanation_fallback,rating_OI_content,True,choice,category,"[""Yes - Content opposes someone else"", ""No - Content does not oppose anyone""]",,92,92,1.0,0.9347826086956522,0.6079545454545454,0.6079545454545454,2,2,0.7313854292390347,92,0.08769789995989201,1.0,,,,,,
explanation_fallback_discovery_v3,conflict,discovery,jev_explanation_fallback,rating_OI_expression,True,choice,category,"[""Yes - Expression is emotional/forceful"", ""No - Expression is not emotional/forceful""]",,92,92,1.0,0.8478260869565217,0.6864654333008764,0.6864654333008764,2,2,0.8995382165061474,92,0.2689894944756732,1.0,,,,,,
explanation_fallback_discovery_v3,conflict,discovery,jev_verbose,rating_directness_content,True,choice,category,"[""Yes - Direct Content"", ""Neutral - Content contains no opinion"", ""No - Indirect Content""]",,92,92,1.0,0.9021739130434783,0.3161904761904762,0.9485714285714286,3,1,0.2090904496499586,92,0.11138695652173919,1.0,,,,,,
explanation_fallback_discovery_v3,conflict,discovery,jev_verbose,rating_directness_expression,True,choice,category,"[""Yes - Direct Expression"", ""No - Indirect Expression""]",,92,92,1.0,0.9021739130434783,0.6733727810650887,0.6733727810650887,2,2,0.26890716706065637,92,0.16468043478260871,1.0,,,,,,
explanation_fallback_discovery_v3,conflict,discovery,jev_verbose,rating_OI_content,True,choice,category,"[""Yes - Content opposes someone else"", ""No - Content does not oppose anyone""]",,92,92,1.0,0.8586956521739131,0.5787249031349067,0.5787249031349067,2,2,0.6263392111590386,92,0.23948478260869563,1.0,,,,,,
explanation_fallback_discovery_v3,conflict,discovery,jev_verbose,rating_OI_expression,True,choice,category,"[""Yes - Expression is emotional/forceful"", ""No - Expression is not emotional/forceful""]",,92,92,1.0,0.7282608695652174,0.6206498433118918,0.6206498433118918,2,2,1.2538001208583054,92,0.4307500000000001,1.0,,,,,,
explanation_fallback_discovery_v3,mbd,discovery,jev_explanation_fallback,type,True,choice,category,"[""fact"", ""opinion"", ""borderline"", ""quote"", ""other""]",,209,209,1.0,0.8373205741626795,0.6197504899743705,0.6197504899743705,5,5,0.8701539612202089,209,0.28536423546274187,1.0,,,,,,
explanation_fallback_discovery_v3,mbd,discovery,jev_explanation_fallback,tone,True,choice,category,"[""positive"", ""negative"", ""neutral""]",,210,210,1.0,0.8523809523809524,0.734670181968569,0.734670181968569,3,3,0.569153575279774,210,0.2303371480058402,1.0,,,,,,
explanation_fallback_discovery_v3,mbd,discovery,jev_explanation_fallback,focus,True,choice,category,"[""democrat"", ""republican"", ""both"", ""neither""]",,204,204,1.0,0.9068627450980392,0.7972665847665847,0.7972665847665847,4,4,0.4312816657489867,204,0.13944818803797696,1.0,,,,,,
explanation_fallback_discovery_v3,mbd,discovery,jev_verbose,type,True,choice,category,"[""fact"", ""opinion"", ""borderline"", ""quote"", ""other""]",,209,209,1.0,0.8373205741626795,0.6177174879914606,0.6177174879914606,5,5,0.87122221881451,209,0.28468193881202414,1.0,,,,,,
explanation_fallback_discovery_v3,mbd,discovery,jev_verbose,tone,True,choice,category,"[""positive"", ""negative"", ""neutral""]",,210,210,1.0,0.8,0.7146148425218192,0.7146148425218192,3,3,1.0313308636836191,210,0.3150209523809523,1.0,,,,,,
explanation_fallback_discovery_v3,mbd,discovery,jev_verbose,focus,True,choice,category,"[""democrat"", ""republican"", ""both"", ""neither""]",,204,204,1.0,0.9019607843137255,0.794354745704071,0.794354745704071,4,4,0.26559888855552727,204,0.15055980392156862,1.0,,,,,,
explanation_fallback_discovery_v3,taskmap,discovery,jev_explanation_fallback,Q1concept_behav,True,noul,rater_fraction,,"[0, 1]",20,20,1.0,,,,,,,,,,0.028778286666856882,0.03496952236218392,0.028778286666856882,0.03496952236218392,0.132910757646286,462.0
explanation_fallback_discovery_v3,taskmap,discovery,jev_explanation_fallback,Q2intel_manip_1,True,score,continuous_rating,,"[0, 1]",20,20,1.0,,,,,,,,,,0.046189115138428084,0.06427234674678865,0.046189115138428084,0.06427234674678865,,0.0
explanation_fallback_discovery_v3,taskmap,discovery,jev_explanation_fallback,Q3type_1_planning,True,noul,rater_fraction,,"[0, 1]",20,20,1.0,,,,,,,,,,0.06450425953248137,0.08705223454562168,0.06450425953248137,0.08705223454562168,0.4760944240291161,463.0
explanation_fallback_discovery_v3,taskmap,discovery,jev_explanation_fallback,Q4type_2_generate,True,noul,rater_fraction,,"[0, 1]",20,20,1.0,,,,,,,,,,0.08456944210172417,0.11081748524286282,0.08456944210172417,0.11081748524286282,0.3607141899517876,464.0
explanation_fallback_discovery_v3,taskmap,discovery,jev_explanation_fallback,Q5creativity_input_1,True,score,continuous_rating,,"[0, 1]",20,20,1.0,,,,,,,,,,0.09832498067868632,0.11488837729299535,0.09832498067868632,0.11488837729299535,,0.0
explanation_fallback_discovery_v3,taskmap,discovery,jev_explanation_fallback,Q6type_5_cc,True,noul,rater_fraction,,"[0, 1]",20,20,1.0,,,,,,,,,,0.07615660372628304,0.10264968034433969,0.07615660372628304,0.10264968034433969,0.383668652291171,463.0
explanation_fallback_discovery_v3,taskmap,discovery,jev_explanation_fallback,Q7type_7_battle,True,noul,rater_fraction,,"[0, 1]",20,20,1.0,,,,,,,,,,0.10966106082713874,0.13159340071843045,0.10966106082713874,0.13159340071843045,0.5019470075977842,462.0
explanation_fallback_discovery_v3,taskmap,discovery,jev_explanation_fallback,Q8type_8_performance,True,noul,rater_fraction,,"[0, 1]",20,20,1.0,,,,,,,,,,0.0625570447691177,0.08268244003144695,0.0625570447691177,0.08268244003144695,0.2887108517100164,462.0
explanation_fallback_discovery_v3,taskmap,discovery,jev_explanation_fallback,Q9divisible_unitary,True,noul,rater_fraction,,"[0, 1]",20,20,1.0,,,,,,,,,,0.13877680456676436,0.1695478906147474,0.13877680456676436,0.1695478906147474,0.4717779419009594,444.0
explanation_fallback_discovery_v3,taskmap,discovery,jev_explanation_fallback,Q10maximizing,True,noul,rater_fraction,,"[0, 1]",20,20,1.0,,,,,,,,,,0.07444162279064608,0.09336810199636122,0.07444162279064608,0.09336810199636122,0.5162244156905351,464.0
explanation_fallback_discovery_v3,taskmap,discovery,jev_explanation_fallback,Q11optimizing,True,noul,rater_fraction,,"[0, 1]",20,20,1.0,,,,,,,,,,0.13373593073593076,0.1601041911235814,0.13373593073593076,0.1601041911235814,0.5785374584994718,462.0
explanation_fallback_discovery_v3,taskmap,discovery,jev_explanation_fallback,Q13outcome_multip,True,noul,rater_fraction,,"[0, 1]",20,20,1.0,,,,,,,,,,0.17612657755126698,0.2277411746615765,0.17612657755126698,0.2277411746615765,0.6129924657476904,459.0
explanation_fallback_discovery_v3,taskmap,discovery,jev_explanation_fallback,Q14sol_scheme_mul,True,noul,rater_fraction,,"[0, 1]",20,20,1.0,,,,,,,,,,0.14471426495372394,0.16411346010727101,0.14471426495372394,0.16411346010727101,0.6093824467537016,461.0
explanation_fallback_discovery_v3,taskmap,discovery,jev_explanation_fallback,Q15dec_verifiability,True,noul,rater_fraction,,"[0, 1]",20,20,1.0,,,,,,,,,,0.06346660433966164,0.08172064500929749,0.06346660433966164,0.08172064500929749,0.37653014191854633,460.0
explanation_fallback_discovery_v3,taskmap,discovery,jev_explanation_fallback,Q16shared_knowledge,True,noul,rater_fraction,,"[0, 1]",20,20,1.0,,,,,,,,,,0.17638704170309127,0.23090163668700245,0.17638704170309127,0.23090163668700245,0.6022840612014121,462.0
explanation_fallback_discovery_v3,taskmap,discovery,jev_explanation_fallback,Q17within_sys_sol,True,noul,rater_fraction,,"[0, 1]",20,20,1.0,,,,,,,,,,0.08972589725589615,0.1143500870242572,0.08972589725589615,0.1143500870242572,0.41034533625560304,460.0
explanation_fallback_discovery_v3,taskmap,discovery,jev_explanation_fallback,Q18ans_recog,True,noul,rater_fraction,,"[0, 1]",20,20,1.0,,,,,,,,,,0.10878051750848843,0.12726238443469334,0.10878051750848843,0.12726238443469334,0.5176124875491034,456.0
explanation_fallback_discovery_v3,taskmap,discovery,jev_explanation_fallback,Q19time_solvability,True,noul,rater_fraction,,"[0, 1]",20,20,1.0,,,,,,,,,,0.14299905996317688,0.16196732793999244,0.14299905996317688,0.16196732793999244,0.4860405854798703,459.0
explanation_fallback_discovery_v3,taskmap,discovery,jev_explanation_fallback,Q20type_3_type_4,True,noul,rater_fraction,,"[0, 1]",20,20,1.0,,,,,,,,,,0.12614330027885773,0.1465655585278417,0.12614330027885773,0.1465655585278417,0.42250728914436175,460.0
explanation_fallback_discovery_v3,taskmap,discovery,jev_explanation_fallback,Q21intellective_judg_1,True,score,continuous_rating,,"[0, 1]",20,20,1.0,,,,,,,,,,0.09370252067628669,0.13152773204652324,0.09370252067628669,0.13152773204652324,,0.0
explanation_fallback_discovery_v3,taskmap,discovery,jev_explanation_fallback,Q22confl_tradeoffs,True,noul,rater_fraction,,"[0, 1]",20,20,1.0,,,,,,,,,,0.14869108359482558,0.18842027197162292,0.14869108359482558,0.18842027197162292,0.4906330145773133,463.0
explanation_fallback_discovery_v3,taskmap,discovery,jev_explanation_fallback,Q23ss_out_uncert,True,noul,rater_fraction,,"[0, 1]",20,20,1.0,,,,,,,,,,0.09451137495075151,0.11838120990338759,0.09451137495075151,0.11838120990338759,0.5369263373321321,457.0
explanation_fallback_discovery_v3,taskmap,discovery,jev_explanation_fallback,Q24eureka_question,True,noul,rater_fraction,,"[0, 1]",20,20,1.0,,,,,,,,,,0.050602688638886985,0.06283960955114508,0.050602688638886985,0.06283960955114508,0.2526308880363706,457.0
explanation_fallback_discovery_v3,taskmap,discovery,jev_verbose,Q1concept_behav,True,noul,rater_fraction,,"[0, 1]",20,20,1.0,,,,,,,,,,0.06411029550159986,0.07186223301650516,0.06411029550159986,0.07186223301650516,0.16801310381496481,462.0
explanation_fallback_discovery_v3,taskmap,discovery,jev_verbose,Q2intel_manip_1,True,score,continuous_rating,,"[0, 1]",20,20,1.0,,,,,,,,,,0.07163391210239037,0.08287183364730219,0.07163391210239037,0.08287183364730219,,0.0
explanation_fallback_discovery_v3,taskmap,discovery,jev_verbose,Q3type_1_planning,True,noul,rater_fraction,,"[0, 1]",20,20,1.0,,,,,,,,,,0.09712097684923772,0.12556845069058462,0.09712097684923772,0.12556845069058462,0.5045286228886231,463.0
explanation_fallback_discovery_v3,taskmap,discovery,jev_verbose,Q4type_2_generate,True,noul,rater_fraction,,"[0, 1]",20,20,1.0,,,,,,,,,,0.08979032561641256,0.11609071962790893,0.08979032561641256,0.11609071962790893,0.3922596246123359,464.0
explanation_fallback_discovery_v3,taskmap,discovery,jev_verbose,Q5creativity_input_1,True,score,continuous_rating,,"[0, 1]",20,20,1.0,,,,,,,,,,0.2479116883116883,0.269134599826321,0.2479116883116883,0.269134599826321,,0.0
explanation_fallback_discovery_v3,taskmap,discovery,jev_verbose,Q6type_5_cc,True,noul,rater_fraction,,"[0, 1]",20,20,1.0,,,,,,,,,,0.08916083192170149,0.12253212400234188,0.08916083192170149,0.12253212400234188,0.39931162124013553,463.0
explanation_fallback_discovery_v3,taskmap,discovery,jev_verbose,Q7type_7_battle,True,noul,rater_fraction,,"[0, 1]",20,20,1.0,,,,,,,,,,0.13684994353472615,0.1698092798375856,0.13684994353472615,0.1698092798375856,0.5381661445465056,462.0
explanation_fallback_discovery_v3,taskmap,discovery,jev_verbose,Q8type_8_performance,True,noul,rater_fraction,,"[0, 1]",20,20,1.0,,,,,,,,,,0.060786655373611886,0.07931709652315082,0.060786655373611886,0.07931709652315082,0.28608892315647083,462.0
explanation_fallback_discovery_v3,taskmap,discovery,jev_verbose,Q9divisible_unitary,True,noul,rater_fraction,,"[0, 1]",20,20,1.0,,,,,,,,,,0.16023390739695087,0.18515840098280512,0.16023390739695087,0.18515840098280512,0.48575832566152155,444.0
explanation_fallback_discovery_v3,taskmap,discovery,jev_verbose,Q10maximizing,True,noul,rater_fraction,,"[0, 1]",20,20,1.0,,,,,,,,,,0.09889662149444758,0.12146088201597624,0.09889662149444758,0.12146088201597624,0.532137286589448,464.0
explanation_fallback_discovery_v3,taskmap,discovery,jev_verbose,Q11optimizing,True,noul,rater_fraction,,"[0, 1]",20,20,1.0,,,,,,,,,,0.13373593073593076,0.1601041911235814,0.13373593073593076,0.1601041911235814,0.5785374584994718,462.0
explanation_fallback_discovery_v3,taskmap,discovery,jev_verbose,Q13outcome_multip,True,noul,rater_fraction,,"[0, 1]",20,20,1.0,,,,,,,,,,0.27282062864671563,0.32372821584762973,0.27282062864671563,0.32372821584762973,0.7302018931695942,459.0
explanation_fallback_discovery_v3,taskmap,discovery,jev_verbose,Q14sol_scheme_mul,True,noul,rater_fraction,,"[0, 1]",20,20,1.0,,,,,,,,,,0.17961024844720497,0.2299864880855609,0.17961024844720497,0.2299864880855609,0.6899620154192809,461.0
explanation_fallback_discovery_v3,taskmap,discovery,jev_verbose,Q15dec_verifiability,True,noul,rater_fraction,,"[0, 1]",20,20,1.0,,,,,,,,,,0.13135728402032748,0.14910616961848772,0.13135728402032748,0.14910616961848772,0.41609744996894354,460.0
explanation_fallback_discovery_v3,taskmap,discovery,jev_verbose,Q16shared_knowledge,True,noul,rater_fraction,,"[0, 1]",20,20,1.0,,,,,,,,,,0.17707608695652172,0.23306140466488975,0.17707608695652172,0.23306140466488975,0.6069254556677977,462.0
explanation_fallback_discovery_v3,taskmap,discovery,jev_verbose,Q17within_sys_sol,True,noul,rater_fraction,,"[0, 1]",20,20,1.0,,,,,,,,,,0.16002959721437984,0.186261050389574,0.16002959721437984,0.186261050389574,0.4673535552011035,460.0
explanation_fallback_discovery_v3,taskmap,discovery,jev_verbose,Q18ans_recog,True,noul,rater_fraction,,"[0, 1]",20,20,1.0,,,,,,,,,,0.19207561641257292,0.22811762618549136,0.19207561641257292,0.22811762618549136,0.6011746531081814,456.0
explanation_fallback_discovery_v3,taskmap,discovery,jev_verbose,Q19time_solvability,True,noul,rater_fraction,,"[0, 1]",20,20,1.0,,,,,,,,,,0.2652547995482778,0.30778609297954646,0.2652547995482778,0.30778609297954646,0.6514383808815635,459.0
explanation_fallback_discovery_v3,taskmap,discovery,jev_verbose,Q20type_3_type_4,True,noul,rater_fraction,,"[0, 1]",20,20,1.0,,,,,,,,,,0.18305194805194808,0.22717459837583204,0.18305194805194808,0.22717459837583204,0.4954682752802162,460.0
explanation_fallback_discovery_v3,taskmap,discovery,jev_verbose,Q21intellective_judg_1,True,score,continuous_rating,,"[0, 1]",20,20,1.0,,,,,,,,,,0.11639669678147939,0.15604898804053766,0.11639669678147939,0.15604898804053766,,0.0
explanation_fallback_discovery_v3,taskmap,discovery,jev_verbose,Q22confl_tradeoffs,True,noul,rater_fraction,,"[0, 1]",20,20,1.0,,,,,,,,,,0.1519136081309994,0.1958394423972419,0.1519136081309994,0.1958394423972419,0.49748613666860625,463.0
explanation_fallback_discovery_v3,taskmap,discovery,jev_verbose,Q23ss_out_uncert,True,noul,rater_fraction,,"[0, 1]",20,20,1.0,,,,,,,,,,0.09185530773574253,0.11327631914369757,0.09185530773574253,0.11327631914369757,0.5333446964361608,457.0
explanation_fallback_discovery_v3,taskmap,discovery,jev_verbose,Q24eureka_question,True,noul,rater_fraction,,"[0, 1]",20,20,1.0,,,,,,,,,,0.08127545642763034,0.09652698384768417,0.08127545642763034,0.09652698384768417,0.27538304034241257,457.0
explanation_fallback_discovery_v3,ucc,discovery,jev_explanation_fallback,healthy,True,choice,category,"[""0"", ""1""]",,210,210,1.0,0.8809523809523809,0.5052304212609556,0.5052304212609556,2,2,0.37390812046008615,210,0.21317482022264195,1.0,,,,,,
explanation_fallback_discovery_v3,ucc,discovery,jev_explanation_fallback,sarcastic,True,choice,category,"[""0"", ""1""]",,210,210,1.0,0.8857142857142857,0.4696969696969697,0.4696969696969697,2,2,0.33437528393061666,210,0.16823253730129215,1.0,,,,,,
explanation_fallback_discovery_v3,ucc,discovery,jev_explanation_fallback,generalisation,False,choice,category,"[""0"", ""1""]",,210,210,1.0,0.9571428571428572,0.5799066459213158,0.5799066459213158,2,2,0.28574668621374844,210,0.18087428571428563,1.0,,,,,,
explanation_fallback_discovery_v3,ucc,discovery,jev_explanation_fallback,generalisation_unfair,True,choice,category,"[""0"", ""1""]",,210,210,1.0,0.9619047619047619,0.49029126213592233,0.49029126213592233,2,2,0.27871284463519413,210,0.16849714285714293,1.0,,,,,,
explanation_fallback_discovery_v3,ucc,discovery,jev_explanation_fallback,hostile,True,choice,category,"[""0"", ""1""]",,210,210,1.0,0.9809523809523809,0.4951923076923077,0.4951923076923077,2,2,0.11394301190707909,210,0.04518777640867526,1.0,,,,,,
explanation_fallback_discovery_v3,ucc,discovery,jev_explanation_fallback,antagonize,True,choice,category,"[""0"", ""1""]",,210,210,1.0,0.9380952380952381,0.5506172839506173,0.5506172839506173,2,2,0.22847373269917906,210,0.11171551597939995,1.0,,,,,,
explanation_fallback_discovery_v3,ucc,discovery,jev_explanation_fallback,condescending,True,choice,category,"[""0"", ""1""]",,210,210,1.0,0.9238095238095239,0.4801980198019802,0.4801980198019802,2,2,0.2688186856796454,210,0.13946407737294836,1.0,,,,,,
explanation_fallback_discovery_v3,ucc,discovery,jev_explanation_fallback,dismissive,True,choice,category,"[""0"", ""1""]",,210,210,1.0,0.9428571428571428,0.4852941176470588,0.4852941176470588,2,2,0.19376835728727412,210,0.08912023141320688,1.0,,,,,,
explanation_fallback_discovery_v3,ucc,discovery,jev_verbose,healthy,True,choice,category,"[""0"", ""1""]",,210,210,1.0,0.5238095238095238,0.4331065759637188,0.4331065759637188,2,2,1.1501364527407985,210,0.6680895238095237,1.0,,,,,,
explanation_fallback_discovery_v3,ucc,discovery,jev_verbose,sarcastic,True,choice,category,"[""0"", ""1""]",,210,210,1.0,0.6142857142857143,0.41286113699906807,0.41286113699906807,2,2,0.7835988814381444,210,0.5132561904761904,1.0,,,,,,
explanation_fallback_discovery_v3,ucc,discovery,jev_verbose,generalisation,False,choice,category,"[""0"", ""1""]",,210,210,1.0,0.8857142857142857,0.5692307692307692,0.5692307692307692,2,2,0.27626483320194106,210,0.17369999999999994,1.0,,,,,,
explanation_fallback_discovery_v3,ucc,discovery,jev_verbose,generalisation_unfair,True,choice,category,"[""0"", ""1""]",,210,210,1.0,0.9095238095238095,0.5959493670886076,0.5959493670886076,2,2,0.26196697586242856,210,0.15561142857142868,1.0,,,,,,
explanation_fallback_discovery_v3,ucc,discovery,jev_verbose,hostile,True,choice,category,"[""0"", ""1""]",,210,210,1.0,0.719047619047619,0.43422074067309013,0.43422074067309013,2,2,0.7030960032528928,210,0.43779619047619034,1.0,,,,,,
explanation_fallback_discovery_v3,ucc,discovery,jev_verbose,antagonize,True,choice,category,"[""0"", ""1""]",,210,210,1.0,0.580952380952381,0.4225,0.4225,2,2,0.9007302893616972,210,0.582666666666667,1.0,,,,,,
explanation_fallback_discovery_v3,ucc,discovery,jev_verbose,condescending,True,choice,category,"[""0"", ""1""]",,210,210,1.0,0.6142857142857143,0.41286113699906807,0.41286113699906807,2,2,0.8519700005091827,210,0.5510780952380955,1.0,,,,,,
explanation_fallback_discovery_v3,ucc,discovery,jev_verbose,dismissive,True,choice,category,"[""0"", ""1""]",,210,210,1.0,0.5666666666666667,0.38105263157894737,0.38105263157894737,2,2,0.861499217614849,210,0.5928104761904762,1.0,,,,,,
grounded_calibration_v1,babe,calibration,jev_grounded,label_bias,True,choice,category,"[""Non-biased"", ""Biased""]",,201,201,1.0,0.746268656716418,0.7453610552202101,0.7453610552202101,2,2,0.7482869268676062,201,0.4001323383084576,1.0,,,,,,
grounded_calibration_v1,babe,calibration,llm_grounded,label_bias,True,choice,category,"[""Non-biased"", ""Biased""]",,201,201,1.0,0.8308457711442786,0.8296270442760272,0.8296270442760272,2,2,,0,,0.0,,,,,,
grounded_calibration_v1,commonsense,calibration,jev_grounded,q1,True,noul,rater_fraction,,"[0, 1]",200,200,1.0,,,,,,,,,,0.16064849725720998,0.2038151518919923,0.16064849725720998,0.2038151518919923,0.5388781576184133,4678.0
grounded_calibration_v1,commonsense,calibration,jev_grounded,q2,True,noul,rater_fraction,,"[0, 1]",200,200,1.0,,,,,,,,,,0.1615638285881276,0.20589539742470195,0.1615638285881276,0.20589539742470195,0.5499747491843083,4678.0
grounded_calibration_v1,commonsense,calibration,llm_grounded,q1,True,noul,rater_fraction,,"[0, 1]",200,200,1.0,,,,,,,,,,0.14041046539101143,0.19084300411654048,0.14041046539101143,0.19084300411654048,0.529346283853418,4678.0
grounded_calibration_v1,commonsense,calibration,llm_grounded,q2,True,noul,rater_fraction,,"[0, 1]",200,200,1.0,,,,,,,,,,0.14876974274059868,0.18854010684559872,0.14876974274059868,0.18854010684559872,0.5399364461332068,4678.0
grounded_calibration_v1,conflict,calibration,jev_grounded,rating_directness_content,True,choice,category,"[""Yes - Direct Content"", ""Neutral - Content contains no opinion"", ""No - Indirect Content""]",,98,98,1.0,0.9489795918367347,0.32460732984293195,0.9738219895287958,3,1,0.17464506660415585,98,0.08839299696615718,1.0,,,,,,
grounded_calibration_v1,conflict,calibration,jev_grounded,rating_directness_expression,True,choice,category,"[""Yes - Direct Expression"", ""No - Indirect Expression""]",,98,98,1.0,0.8469387755102041,0.6,0.6,2,2,0.323668653366514,98,0.1982428571428571,1.0,,,,,,
grounded_calibration_v1,conflict,calibration,jev_grounded,rating_OI_content,True,choice,category,"[""Yes - Content opposes someone else"", ""No - Content does not oppose anyone""]",,98,98,1.0,0.7040816326530612,0.4716490053913367,0.4716490053913367,2,2,0.5693255103917589,98,0.3827142857142858,1.0,,,,,,
grounded_calibration_v1,conflict,calibration,jev_grounded,rating_OI_expression,True,choice,category,"[""Yes - Expression is emotional/forceful"", ""No - Expression is not emotional/forceful""]",,98,98,1.0,0.7959183673469388,0.6597222222222222,0.6597222222222222,2,2,0.7024904334495818,98,0.303204081632653,1.0,,,,,,
grounded_calibration_v1,conflict,calibration,llm_grounded,rating_directness_content,True,choice,category,"[""Yes - Direct Content"", ""Neutral - Content contains no opinion"", ""No - Indirect Content""]",,98,98,1.0,0.9795918367346939,0.32989690721649484,0.9896907216494846,3,1,,0,,0.0,,,,,,
grounded_calibration_v1,conflict,calibration,llm_grounded,rating_directness_expression,True,choice,category,"[""Yes - Direct Expression"", ""No - Indirect Expression""]",,98,98,1.0,0.8571428571428571,0.6102272727272727,0.6102272727272727,2,2,,0,,0.0,,,,,,
grounded_calibration_v1,conflict,calibration,llm_grounded,rating_OI_content,True,choice,category,"[""Yes - Content opposes someone else"", ""No - Content does not oppose anyone""]",,98,98,1.0,0.7346938775510204,0.4883534136546185,0.4883534136546185,2,2,,0,,0.0,,,,,,
grounded_calibration_v1,conflict,calibration,llm_grounded,rating_OI_expression,True,choice,category,"[""Yes - Expression is emotional/forceful"", ""No - Expression is not emotional/forceful""]",,98,98,1.0,0.826530612244898,0.7043478260869565,0.7043478260869565,2,2,,0,,0.0,,,,,,
grounded_calibration_v1,mbd,calibration,jev_grounded,type,True,choice,category,"[""fact"", ""opinion"", ""borderline"", ""quote"", ""other""]",,234,234,1.0,0.8162393162393162,0.6820717787959167,0.6820717787959167,5,5,0.6552605341428379,234,0.26922742071496275,1.0,,,,,,
grounded_calibration_v1,mbd,calibration,jev_grounded,tone,True,choice,category,"[""positive"", ""negative"", ""neutral""]",,241,241,1.0,0.8215767634854771,0.5662655000156435,0.5662655000156435,3,3,0.5011503454313792,241,0.2655170124481327,1.0,,,,,,
grounded_calibration_v1,mbd,calibration,jev_grounded,focus,True,choice,category,"[""democrat"", ""republican"", ""both"", ""neither""]",,239,239,1.0,0.8870292887029289,0.8290451900178957,0.8290451900178957,4,4,0.3709704931006058,239,0.17407327909072556,1.0,,,,,,
grounded_calibration_v1,mbd,calibration,llm_grounded,type,True,choice,category,"[""fact"", ""opinion"", ""borderline"", ""quote"", ""other""]",,234,234,1.0,0.8333333333333334,0.7258549462408974,0.7258549462408974,5,5,,0,,0.0,,,,,,
grounded_calibration_v1,mbd,calibration,llm_grounded,tone,True,choice,category,"[""positive"", ""negative"", ""neutral""]",,241,241,1.0,0.8755186721991701,0.672055186775999,0.672055186775999,3,3,,0,,0.0,,,,,,
grounded_calibration_v1,mbd,calibration,llm_grounded,focus,True,choice,category,"[""democrat"", ""republican"", ""both"", ""neither""]",,239,239,1.0,0.8200836820083682,0.7443353428327852,0.7443353428327852,4,4,,0,,0.0,,,,,,
grounded_calibration_v1,taskmap,calibration,jev_grounded,Q1concept_behav,True,noul,rater_fraction,,"[0, 1]",20,20,1.0,,,,,,,,,,0.04812944664031621,0.05640136222349399,0.04812944664031621,0.05640136222349399,0.1563477325052584,468.0
grounded_calibration_v1,taskmap,calibration,jev_grounded,Q2intel_manip_1,True,score,continuous_rating,,"[0, 1]",20,20,1.0,,,,,,,,,,0.05323678531613315,0.06392001838849962,0.05323678531613315,0.06392001838849962,,0.0
grounded_calibration_v1,taskmap,calibration,jev_grounded,Q3type_1_planning,True,noul,rater_fraction,,"[0, 1]",20,20,1.0,,,,,,,,,,0.11024461770113943,0.13434121102339713,0.11024461770113943,0.13434121102339713,0.5125008546315912,468.0
grounded_calibration_v1,taskmap,calibration,jev_grounded,Q4type_2_generate,True,noul,rater_fraction,,"[0, 1]",20,20,1.0,,,,,,,,,,0.08388767753985145,0.10136038977039566,0.08388767753985145,0.10136038977039566,0.44431121116218764,468.0
grounded_calibration_v1,taskmap,calibration,jev_grounded,Q5creativity_input_1,True,score,continuous_rating,,"[0, 1]",20,20,1.0,,,,,,,,,,0.22612320252211554,0.2525063044238072,0.22612320252211554,0.2525063044238072,,0.0
grounded_calibration_v1,taskmap,calibration,jev_grounded,Q6type_5_cc,True,noul,rater_fraction,,"[0, 1]",20,20,1.0,,,,,,,,,,0.08676963616094051,0.1253171380909709,0.08676963616094051,0.1253171380909709,0.34222930685414,466.0
grounded_calibration_v1,taskmap,calibration,jev_grounded,Q7type_7_battle,True,noul,rater_fraction,,"[0, 1]",20,20,1.0,,,,,,,,,,0.08424837119402337,0.12082024560483481,0.08424837119402337,0.12082024560483481,0.5213288034755512,466.0
grounded_calibration_v1,taskmap,calibration,jev_grounded,Q8type_8_performance,True,noul,rater_fraction,,"[0, 1]",20,20,1.0,,,,,,,,,,0.11244833065485241,0.17463454432088926,0.11244833065485241,0.17463454432088926,0.4735094902422961,464.0
grounded_calibration_v1,taskmap,calibration,jev_grounded,Q9divisible_unitary,True,noul,rater_fraction,,"[0, 1]",20,20,1.0,,,,,,,,,,0.15040398007789313,0.17225278891468818,0.15040398007789313,0.17225278891468818,0.5790135765381561,446.0
grounded_calibration_v1,taskmap,calibration,jev_grounded,Q10maximizing,True,noul,rater_fraction,,"[0, 1]",20,20,1.0,,,,,,,,,,0.08481937989546687,0.10986009056708412,0.08481937989546687,0.10986009056708412,0.5377811315533454,468.0
grounded_calibration_v1,taskmap,calibration,jev_grounded,Q11optimizing,True,noul,rater_fraction,,"[0, 1]",20,20,1.0,,,,,,,,,,0.12406068207155166,0.14734329617067465,0.12406068207155166,0.14734329617067465,0.5504835974715315,466.0
grounded_calibration_v1,taskmap,calibration,jev_grounded,Q13outcome_multip,True,noul,rater_fraction,,"[0, 1]",20,20,1.0,,,,,,,,,,0.16570966352488092,0.2002657348972063,0.16570966352488092,0.2002657348972063,0.5299505537467912,466.0
grounded_calibration_v1,taskmap,calibration,jev_grounded,Q14sol_scheme_mul,True,noul,rater_fraction,,"[0, 1]",20,20,1.0,,,,,,,,,,0.12959162214596998,0.18525912941301462,0.12959162214596998,0.18525912941301462,0.5969212899700458,467.0
grounded_calibration_v1,taskmap,calibration,jev_grounded,Q15dec_verifiability,True,noul,rater_fraction,,"[0, 1]",20,20,1.0,,,,,,,,,,0.16072645108514677,0.20340720685023977,0.16072645108514677,0.20340720685023977,0.5022101822727555,461.0
grounded_calibration_v1,taskmap,calibration,jev_grounded,Q16shared_knowledge,True,noul,rater_fraction,,"[0, 1]",20,20,1.0,,,,,,,,,,0.1792356158334419,0.22122048056842245,0.1792356158334419,0.22122048056842245,0.6003088232970071,464.0
grounded_calibration_v1,taskmap,calibration,jev_grounded,Q17within_sys_sol,True,noul,rater_fraction,,"[0, 1]",20,20,1.0,,,,,,,,,,0.10910361377752682,0.1306746828415629,0.10910361377752682,0.1306746828415629,0.41281332886949146,457.0
grounded_calibration_v1,taskmap,calibration,jev_grounded,Q18ans_recog,True,noul,rater_fraction,,"[0, 1]",20,20,1.0,,,,,,,,,,0.16851164777251734,0.22464173726455194,0.16851164777251734,0.22464173726455194,0.6104323782036585,460.0
grounded_calibration_v1,taskmap,calibration,jev_grounded,Q19time_solvability,True,noul,rater_fraction,,"[0, 1]",20,20,1.0,,,,,,,,,,0.2431986527964789,0.30919694855459334,0.2431986527964789,0.30919694855459334,0.662964155812515,458.0
grounded_calibration_v1,taskmap,calibration,jev_grounded,Q20type_3_type_4,True,noul,rater_fraction,,"[0, 1]",20,20,1.0,,,,,,,,,,0.15362633019154756,0.204103531798443,0.15362633019154756,0.204103531798443,0.4831651913800062,464.0
grounded_calibration_v1,taskmap,calibration,jev_grounded,Q21intellective_judg_1,True,score,continuous_rating,,"[0, 1]",20,20,1.0,,,,,,,,,,0.1346659264648395,0.1962990411530225,0.1346659264648395,0.1962990411530225,,0.0
grounded_calibration_v1,taskmap,calibration,jev_grounded,Q22confl_tradeoffs,True,noul,rater_fraction,,"[0, 1]",20,20,1.0,,,,,,,,,,0.11603525822004084,0.1353416419334448,0.11603525822004084,0.1353416419334448,0.48358819635159,468.0
grounded_calibration_v1,taskmap,calibration,jev_grounded,Q23ss_out_uncert,True,noul,rater_fraction,,"[0, 1]",20,20,1.0,,,,,,,,,,0.21253953293083727,0.25811902195126885,0.21253953293083727,0.25811902195126885,0.6090803967831682,461.0
grounded_calibration_v1,taskmap,calibration,jev_grounded,Q24eureka_question,True,noul,rater_fraction,,"[0, 1]",20,20,1.0,,,,,,,,,,0.08103326021804283,0.09599532936931776,0.08103326021804283,0.09599532936931776,0.3117795461648936,463.0
grounded_calibration_v1,taskmap,calibration,llm_grounded,Q1concept_behav,True,noul,rater_fraction,,"[0, 1]",20,20,1.0,,,,,,,,,,0.07096277997364954,0.13128058470899395,0.07096277997364954,0.13128058470899395,0.19452430996182127,468.0
grounded_calibration_v1,taskmap,calibration,llm_grounded,Q2intel_manip_1,True,score,continuous_rating,,"[0, 1]",20,20,1.0,,,,,,,,,,0.05194075091575092,0.10207960880544464,0.05194075091575092,0.10207960880544464,,0.0
grounded_calibration_v1,taskmap,calibration,llm_grounded,Q3type_1_planning,True,noul,rater_fraction,,"[0, 1]",20,20,1.0,,,,,,,,,,0.1546431684257771,0.19792386210931276,0.1546431684257771,0.19792386210931276,0.570231323284066,468.0
grounded_calibration_v1,taskmap,calibration,llm_grounded,Q4type_2_generate,True,noul,rater_fraction,,"[0, 1]",20,20,1.0,,,,,,,,,,0.08322101087318479,0.09905228943366906,0.08322101087318479,0.09905228943366906,0.4335967881613402,468.0
grounded_calibration_v1,taskmap,calibration,llm_grounded,Q5creativity_input_1,True,score,continuous_rating,,"[0, 1]",20,20,1.0,,,,,,,,,,0.11677175324675323,0.13686636122762957,0.11677175324675323,0.13686636122762957,,0.0
grounded_calibration_v1,taskmap,calibration,llm_grounded,Q6type_5_cc,True,noul,rater_fraction,,"[0, 1]",20,20,1.0,,,,,,,,,,0.10164143103273537,0.18538556885324123,0.10164143103273537,0.18538556885324123,0.38942977169241455,466.0
grounded_calibration_v1,taskmap,calibration,llm_grounded,Q7type_7_battle,True,noul,rater_fraction,,"[0, 1]",20,20,1.0,,,,,,,,,,0.1827224912768391,0.25322852376201194,0.1827224912768391,0.25322852376201194,0.669600567379296,466.0
grounded_calibration_v1,taskmap,calibration,llm_grounded,Q8type_8_performance,True,noul,rater_fraction,,"[0, 1]",20,20,1.0,,,,,,,,,,0.10427648800474887,0.175700668104481,0.10427648800474887,0.175700668104481,0.47579869558491084,464.0
grounded_calibration_v1,taskmap,calibration,llm_grounded,Q9divisible_unitary,True,noul,rater_fraction,,"[0, 1]",20,20,1.0,,,,,,,,,,0.25563125280516585,0.32551897878189756,0.25563125280516585,0.32551897878189756,0.7741806528093518,446.0
grounded_calibration_v1,taskmap,calibration,llm_grounded,Q10maximizing,True,noul,rater_fraction,,"[0, 1]",20,20,1.0,,,,,,,,,,0.1803411190259016,0.22937142988693643,0.1803411190259016,0.22937142988693643,0.6652410566961425,468.0
grounded_calibration_v1,taskmap,calibration,llm_grounded,Q11optimizing,True,noul,rater_fraction,,"[0, 1]",20,20,1.0,,,,,,,,,,0.18336224282963412,0.23380580185231944,0.18336224282963412,0.23380580185231944,0.6300411291185036,466.0
grounded_calibration_v1,taskmap,calibration,llm_grounded,Q13outcome_multip,True,noul,rater_fraction,,"[0, 1]",20,20,1.0,,,,,,,,,,0.12032824059997974,0.14654656049162737,0.12032824059997974,0.14654656049162737,0.4867297763275321,466.0
grounded_calibration_v1,taskmap,calibration,llm_grounded,Q14sol_scheme_mul,True,noul,rater_fraction,,"[0, 1]",20,20,1.0,,,,,,,,,,0.16514346161085292,0.22974304766092518,0.16514346161085292,0.22974304766092518,0.6555224436451993,467.0
grounded_calibration_v1,taskmap,calibration,llm_grounded,Q15dec_verifiability,True,noul,rater_fraction,,"[0, 1]",20,20,1.0,,,,,,,,,,0.17472645108514673,0.21437720820709547,0.17472645108514673,0.21437720820709547,0.516970745595286,461.0
grounded_calibration_v1,taskmap,calibration,llm_grounded,Q16shared_knowledge,True,noul,rater_fraction,,"[0, 1]",20,20,1.0,,,,,,,,,,0.19693192676888327,0.27613977630546743,0.19693192676888327,0.27613977630546743,0.6780686325475664,464.0
grounded_calibration_v1,taskmap,calibration,llm_grounded,Q17within_sys_sol,True,noul,rater_fraction,,"[0, 1]",20,20,1.0,,,,,,,,,,0.11634434406173537,0.14623217955652268,0.11634434406173537,0.14623217955652268,0.43550652916128035,457.0
grounded_calibration_v1,taskmap,calibration,llm_grounded,Q18ans_recog,True,noul,rater_fraction,,"[0, 1]",20,20,1.0,,,,,,,,,,0.09943589019675977,0.12868427534850008,0.09943589019675977,0.12868427534850008,0.534831418489063,460.0
grounded_calibration_v1,taskmap,calibration,llm_grounded,Q19time_solvability,True,noul,rater_fraction,,"[0, 1]",20,20,1.0,,,,,,,,,,0.15299114291505594,0.1848269875122802,0.15299114291505594,0.1848269875122802,0.5242889701611008,458.0
grounded_calibration_v1,taskmap,calibration,llm_grounded,Q20type_3_type_4,True,noul,rater_fraction,,"[0, 1]",20,20,1.0,,,,,,,,,,0.20306111280024325,0.25846315747027976,0.20306111280024325,0.25846315747027976,0.5500979305758463,464.0
grounded_calibration_v1,taskmap,calibration,llm_grounded,Q21intellective_judg_1,True,score,continuous_rating,,"[0, 1]",20,20,1.0,,,,,,,,,,0.17841799685821425,0.21721175298694792,0.17841799685821425,0.21721175298694792,,0.0
grounded_calibration_v1,taskmap,calibration,llm_grounded,Q22confl_tradeoffs,True,noul,rater_fraction,,"[0, 1]",20,20,1.0,,,,,,,,,,0.13242656256786692,0.20161405672488497,0.13242656256786692,0.20161405672488497,0.5389842429780165,468.0
grounded_calibration_v1,taskmap,calibration,llm_grounded,Q23ss_out_uncert,True,noul,rater_fraction,,"[0, 1]",20,20,1.0,,,,,,,,,,0.2196629095542139,0.27653321005411197,0.2196629095542139,0.27653321005411197,0.6361999168512548,461.0
grounded_calibration_v1,taskmap,calibration,llm_grounded,Q24eureka_question,True,noul,rater_fraction,,"[0, 1]",20,20,1.0,,,,,,,,,,0.06938833268181095,0.08926886768406304,0.06938833268181095,0.08926886768406304,0.3096703296953822,463.0
grounded_calibration_v1,ucc,calibration,jev_grounded,healthy,True,choice,category,"[""0"", ""1""]",,205,205,1.0,0.5414634146341464,0.416060606060606,0.416060606060606,2,2,1.4966861060338754,205,0.6686497560975609,1.0,,,,,,
grounded_calibration_v1,ucc,calibration,jev_grounded,sarcastic,True,choice,category,"[""0"", ""1""]",,205,205,1.0,0.697560975609756,0.509190608588199,0.509190608588199,2,2,0.8021166416854698,205,0.45964975609756087,1.0,,,,,,
grounded_calibration_v1,ucc,calibration,jev_grounded,generalisation,False,choice,category,"[""0"", ""1""]",,205,205,1.0,0.8390243902439024,0.4845714285714286,0.4845714285714286,2,2,0.3808681600185228,205,0.23113463414634147,1.0,,,,,,
grounded_calibration_v1,ucc,calibration,jev_grounded,generalisation_unfair,True,choice,category,"[""0"", ""1""]",,205,205,1.0,0.8634146341463415,0.4964912280701754,0.4964912280701754,2,2,0.3138778775176592,205,0.1968526829268292,1.0,,,,,,
grounded_calibration_v1,ucc,calibration,jev_grounded,hostile,True,choice,category,"[""0"", ""1""]",,205,205,1.0,0.7609756097560976,0.4855313700384123,0.4855313700384123,2,2,0.7031899735841244,205,0.38533073170731696,1.0,,,,,,
grounded_calibration_v1,ucc,calibration,jev_grounded,antagonize,True,choice,category,"[""0"", ""1""]",,205,205,1.0,0.6292682926829268,0.44085558426643695,0.44085558426643695,2,2,1.367512229066811,205,0.5781414634146343,1.0,,,,,,
grounded_calibration_v1,ucc,calibration,jev_grounded,condescending,True,choice,category,"[""0"", ""1""]",,205,205,1.0,0.6682926829268293,0.45083517176173965,0.45083517176173965,2,2,0.7706117312191685,205,0.49120585365853664,1.0,,,,,,
grounded_calibration_v1,ucc,calibration,jev_grounded,dismissive,True,choice,category,"[""0"", ""1""]",,205,205,1.0,0.7073170731707317,0.5053088803088803,0.5053088803088803,2,2,0.6094112789803673,205,0.4046565853658538,1.0,,,,,,
grounded_calibration_v1,ucc,calibration,llm_grounded,healthy,True,choice,category,"[""0"", ""1""]",,205,205,1.0,0.6487804878048781,0.4791078486730661,0.4791078486730661,2,2,,0,,0.0,,,,,,
grounded_calibration_v1,ucc,calibration,llm_grounded,sarcastic,True,choice,category,"[""0"", ""1""]",,205,205,1.0,0.824390243902439,0.5592451027233636,0.5592451027233636,2,2,,0,,0.0,,,,,,
grounded_calibration_v1,ucc,calibration,llm_grounded,generalisation,False,choice,category,"[""0"", ""1""]",,205,205,1.0,0.8048780487804879,0.4694616977225673,0.4694616977225673,2,2,,0,,0.0,,,,,,
grounded_calibration_v1,ucc,calibration,llm_grounded,generalisation_unfair,True,choice,category,"[""0"", ""1""]",,205,205,1.0,0.8292682926829268,0.4801101369465981,0.4801101369465981,2,2,,0,,0.0,,,,,,
grounded_calibration_v1,ucc,calibration,llm_grounded,hostile,True,choice,category,"[""0"", ""1""]",,205,205,1.0,0.7170731707317073,0.4630599710982659,0.4630599710982659,2,2,,0,,0.0,,,,,,
grounded_calibration_v1,ucc,calibration,llm_grounded,antagonize,True,choice,category,"[""0"", ""1""]",,205,205,1.0,0.751219512195122,0.5089013105359576,0.5089013105359576,2,2,,0,,0.0,,,,,,
grounded_calibration_v1,ucc,calibration,llm_grounded,condescending,True,choice,category,"[""0"", ""1""]",,205,205,1.0,0.6878048780487804,0.43584451324389406,0.43584451324389406,2,2,,0,,0.0,,,,,,
grounded_calibration_v1,ucc,calibration,llm_grounded,dismissive,True,choice,category,"[""0"", ""1""]",,205,205,1.0,0.7024390243902439,0.5022885572139304,0.5022885572139304,2,2,,0,,0.0,,,,,,
grounded_discovery_v1,babe,discovery,jev_grounded,label_bias,True,choice,category,"[""Non-biased"", ""Biased""]",,200,200,1.0,0.78,0.7796474358974359,0.7796474358974359,2,2,0.7350469207103714,200,0.3351969999999998,1.0,,,,,,
grounded_discovery_v1,babe,discovery,llm_grounded,label_bias,True,choice,category,"[""Non-biased"", ""Biased""]",,200,200,1.0,0.825,0.823726423409131,0.823726423409131,2,2,,0,,0.0,,,,,,
grounded_discovery_v1,commonsense,discovery,jev_grounded,q1,True,noul,rater_fraction,,"[0, 1]",200,200,1.0,,,,,,,,,,0.1576132549167822,0.19892115796657783,0.1576132549167822,0.19892115796657783,0.5158695031911702,4594.0
grounded_discovery_v1,commonsense,discovery,jev_grounded,q2,True,noul,rater_fraction,,"[0, 1]",200,200,1.0,,,,,,,,,,0.15173182940926583,0.19793562077533952,0.15173182940926583,0.19793562077533952,0.5451456497754592,4594.0
grounded_discovery_v1,commonsense,discovery,llm_grounded,q1,True,noul,rater_fraction,,"[0, 1]",200,200,1.0,,,,,,,,,,0.16966481644412,0.22656912222423112,0.16966481644412,0.22656912222423112,0.5393456080076383,4594.0
grounded_discovery_v1,commonsense,discovery,llm_grounded,q2,True,noul,rater_fraction,,"[0, 1]",200,200,1.0,,,,,,,,,,0.15430186721820002,0.2003680796186062,0.15430186721820002,0.2003680796186062,0.5459121505429954,4594.0
grounded_discovery_v1,conflict,discovery,jev_grounded,rating_directness_content,True,choice,category,"[""Yes - Direct Content"", ""Neutral - Content contains no opinion"", ""No - Indirect Content""]",,92,92,1.0,0.9130434782608695,0.3181818181818182,0.9545454545454546,3,1,0.244017068048689,92,0.13120652173913047,1.0,,,,,,
grounded_discovery_v1,conflict,discovery,jev_grounded,rating_directness_expression,True,choice,category,"[""Yes - Direct Expression"", ""No - Indirect Expression""]",,92,92,1.0,0.8152173913043478,0.5430908559742915,0.5430908559742915,2,2,0.42869982464370454,92,0.27097391304347823,1.0,,,,,,
grounded_discovery_v1,conflict,discovery,jev_grounded,rating_OI_content,True,choice,category,"[""Yes - Content opposes someone else"", ""No - Content does not oppose anyone""]",,92,92,1.0,0.8043478260869565,0.4951219512195122,0.4951219512195122,2,2,0.47761183876507274,92,0.29845652173913045,1.0,,,,,,
grounded_discovery_v1,conflict,discovery,jev_grounded,rating_OI_expression,True,choice,category,"[""Yes - Expression is emotional/forceful"", ""No - Expression is not emotional/forceful""]",,92,92,1.0,0.75,0.6258178603006189,0.6258178603006189,2,2,0.9990493095818013,92,0.3765260869565218,1.0,,,,,,
grounded_discovery_v1,conflict,discovery,llm_grounded,rating_directness_content,True,choice,category,"[""Yes - Direct Content"", ""Neutral - Content contains no opinion"", ""No - Indirect Content""]",,92,92,1.0,0.967391304347826,0.3278084714548803,0.9834254143646409,3,1,,0,,0.0,,,,,,
grounded_discovery_v1,conflict,discovery,llm_grounded,rating_directness_expression,True,choice,category,"[""Yes - Direct Expression"", ""No - Indirect Expression""]",,92,92,1.0,0.9130434782608695,0.5770114942528736,0.5770114942528736,2,2,,0,,0.0,,,,,,
grounded_discovery_v1,conflict,discovery,llm_grounded,rating_OI_content,True,choice,category,"[""Yes - Content opposes someone else"", ""No - Content does not oppose anyone""]",,92,92,1.0,0.7717391304347826,0.5139622641509434,0.5139622641509434,2,2,,0,,0.0,,,,,,
grounded_discovery_v1,conflict,discovery,llm_grounded,rating_OI_expression,True,choice,category,"[""Yes - Expression is emotional/forceful"", ""No - Expression is not emotional/forceful""]",,92,92,1.0,0.8043478260869565,0.6595394736842105,0.6595394736842105,2,2,,0,,0.0,,,,,,
grounded_discovery_v1,mbd,discovery,jev_grounded,type,True,choice,category,"[""fact"", ""opinion"", ""borderline"", ""quote"", ""other""]",,209,209,1.0,0.84688995215311,0.5466969696969697,0.5466969696969697,5,5,0.47233795145695673,209,0.24682094025167808,1.0,,,,,,
grounded_discovery_v1,mbd,discovery,jev_grounded,tone,True,choice,category,"[""positive"", ""negative"", ""neutral""]",,210,210,1.0,0.8428571428571429,0.7583918583624206,0.7583918583624206,3,3,0.5033705258735593,210,0.25207238095238094,1.0,,,,,,
grounded_discovery_v1,mbd,discovery,jev_grounded,focus,True,choice,category,"[""democrat"", ""republican"", ""both"", ""neither""]",,204,204,1.0,0.8970588235294118,0.7835147170631042,0.7835147170631042,4,4,0.2909793561472255,204,0.16372254901960787,1.0,,,,,,
grounded_discovery_v1,mbd,discovery,llm_grounded,type,True,choice,category,"[""fact"", ""opinion"", ""borderline"", ""quote"", ""other""]",,209,209,1.0,0.8564593301435407,0.5928842744358613,0.5928842744358613,5,5,,0,,0.0,,,,,,
grounded_discovery_v1,mbd,discovery,llm_grounded,tone,True,choice,category,"[""positive"", ""negative"", ""neutral""]",,210,210,1.0,0.8666666666666667,0.7777827955910147,0.7777827955910147,3,3,,0,,0.0,,,,,,
grounded_discovery_v1,mbd,discovery,llm_grounded,focus,True,choice,category,"[""democrat"", ""republican"", ""both"", ""neither""]",,204,204,1.0,0.9117647058823529,0.8144395711500975,0.8144395711500975,4,4,,0,,0.0,,,,,,
grounded_discovery_v1,taskmap,discovery,jev_grounded,Q1concept_behav,True,noul,rater_fraction,,"[0, 1]",20,20,1.0,,,,,,,,,,0.06261029550159986,0.0739605504974347,0.06261029550159986,0.0739605504974347,0.16437140253425286,462.0
grounded_discovery_v1,taskmap,discovery,jev_grounded,Q2intel_manip_1,True,score,continuous_rating,,"[0, 1]",20,20,1.0,,,,,,,,,,0.06630057876905703,0.08692244730436804,0.06630057876905703,0.08692244730436804,,0.0
grounded_discovery_v1,taskmap,discovery,jev_grounded,Q3type_1_planning,True,noul,rater_fraction,,"[0, 1]",20,20,1.0,,,,,,,,,,0.07978764351590438,0.10602579993874528,0.07978764351590438,0.10602579993874528,0.4863587678698615,463.0
grounded_discovery_v1,taskmap,discovery,jev_grounded,Q4type_2_generate,True,noul,rater_fraction,,"[0, 1]",20,20,1.0,,,,,,,,,,0.0872613401091662,0.11928328708126835,0.0872613401091662,0.11928328708126835,0.3815658755008114,464.0
grounded_discovery_v1,taskmap,discovery,jev_grounded,Q5creativity_input_1,True,score,continuous_rating,,"[0, 1]",20,20,1.0,,,,,,,,,,0.2464116883116883,0.26967688300903925,0.2464116883116883,0.26967688300903925,,0.0
grounded_discovery_v1,taskmap,discovery,jev_grounded,Q6type_5_cc,True,noul,rater_fraction,,"[0, 1]",20,20,1.0,,,,,,,,,,0.08716083192170149,0.11629805476778986,0.08716083192170149,0.11629805476778986,0.39372205832247875,463.0
grounded_discovery_v1,taskmap,discovery,jev_grounded,Q7type_7_battle,True,noul,rater_fraction,,"[0, 1]",20,20,1.0,,,,,,,,,,0.1132893374741201,0.13171011574921015,0.1132893374741201,0.13171011574921015,0.5044506426113738,462.0
grounded_discovery_v1,taskmap,discovery,jev_grounded,Q8type_8_performance,True,noul,rater_fraction,,"[0, 1]",20,20,1.0,,,,,,,,,,0.07379314888010541,0.10291505981441854,0.07379314888010541,0.10291505981441854,0.3000066158088963,462.0
grounded_discovery_v1,taskmap,discovery,jev_grounded,Q9divisible_unitary,True,noul,rater_fraction,,"[0, 1]",20,20,1.0,,,,,,,,,,0.17923390739695086,0.21077104046108047,0.17923390739695086,0.21077104046108047,0.5095253895686661,444.0
grounded_discovery_v1,taskmap,discovery,jev_grounded,Q10maximizing,True,noul,rater_fraction,,"[0, 1]",20,20,1.0,,,,,,,,,,0.08869372294372294,0.10726825791346066,0.08869372294372294,0.10726825791346066,0.5251290711314364,464.0
grounded_discovery_v1,taskmap,discovery,jev_grounded,Q11optimizing,True,noul,rater_fraction,,"[0, 1]",20,20,1.0,,,,,,,,,,0.14316450216450216,0.1662336710796512,0.14316450216450216,0.1662336710796512,0.5811306707792895,462.0
grounded_discovery_v1,taskmap,discovery,jev_grounded,Q13outcome_multip,True,noul,rater_fraction,,"[0, 1]",20,20,1.0,,,,,,,,,,0.2308206286467156,0.28858649900900274,0.2308206286467156,0.28858649900900274,0.677839242066797,459.0
grounded_discovery_v1,taskmap,discovery,jev_grounded,Q14sol_scheme_mul,True,noul,rater_fraction,,"[0, 1]",20,20,1.0,,,,,,,,,,0.17078990212685866,0.21186887572485363,0.17078990212685866,0.21186887572485363,0.6635716333577072,461.0
grounded_discovery_v1,taskmap,discovery,jev_grounded,Q15dec_verifiability,True,noul,rater_fraction,,"[0, 1]",20,20,1.0,,,,,,,,,,0.12944819311123656,0.14847991844668287,0.12944819311123656,0.14847991844668287,0.41950651019357343,460.0
grounded_discovery_v1,taskmap,discovery,jev_grounded,Q16shared_knowledge,True,noul,rater_fraction,,"[0, 1]",20,20,1.0,,,,,,,,,,0.2030003293807642,0.26418974576983767,0.2030003293807642,0.26418974576983767,0.6529951775168699,462.0
grounded_discovery_v1,taskmap,discovery,jev_grounded,Q17within_sys_sol,True,noul,rater_fraction,,"[0, 1]",20,20,1.0,,,,,,,,,,0.1355730754752494,0.1758821060740462,0.1355730754752494,0.1758821060740462,0.4570170373547386,460.0
grounded_discovery_v1,taskmap,discovery,jev_grounded,Q18ans_recog,True,noul,rater_fraction,,"[0, 1]",20,20,1.0,,,,,,,,,,0.13580288913984567,0.17008892436453849,0.13580288913984567,0.17008892436453849,0.5471218790155438,456.0
grounded_discovery_v1,taskmap,discovery,jev_grounded,Q19time_solvability,True,noul,rater_fraction,,"[0, 1]",20,20,1.0,,,,,,,,,,0.2592547995482778,0.31039036443679907,0.2592547995482778,0.31039036443679907,0.6493764054618603,459.0
grounded_discovery_v1,taskmap,discovery,jev_grounded,Q20type_3_type_4,True,noul,rater_fraction,,"[0, 1]",20,20,1.0,,,,,,,,,,0.17809542631281763,0.22388110150434867,0.17809542631281763,0.22388110150434867,0.49233912233576577,460.0
grounded_discovery_v1,taskmap,discovery,jev_grounded,Q21intellective_judg_1,True,score,continuous_rating,,"[0, 1]",20,20,1.0,,,,,,,,,,0.11341118953510258,0.15491126405389596,0.11341118953510258,0.15491126405389596,,0.0
grounded_discovery_v1,taskmap,discovery,jev_grounded,Q22confl_tradeoffs,True,noul,rater_fraction,,"[0, 1]",20,20,1.0,,,,,,,,,,0.16223658949745906,0.19440815524894414,0.16223658949745906,0.19440815524894414,0.4832881562498722,463.0
grounded_discovery_v1,taskmap,discovery,jev_grounded,Q23ss_out_uncert,True,noul,rater_fraction,,"[0, 1]",20,20,1.0,,,,,,,,,,0.12817414831545265,0.16327508087212347,0.12817414831545265,0.16327508087212347,0.5656099539984536,457.0
grounded_discovery_v1,taskmap,discovery,jev_grounded,Q24eureka_question,True,noul,rater_fraction,,"[0, 1]",20,20,1.0,,,,,,,,,,0.0739462638810465,0.08359114938647946,0.0739462638810465,0.08359114938647946,0.2734367030147241,457.0
grounded_discovery_v1,taskmap,discovery,llm_grounded,Q1concept_behav,True,noul,rater_fraction,,"[0, 1]",20,20,1.0,,,,,,,,,,0.04632975719932242,0.05082809677854389,0.04632975719932242,0.05082809677854389,0.14942911039197684,462.0
grounded_discovery_v1,taskmap,discovery,llm_grounded,Q2intel_manip_1,True,score,continuous_rating,,"[0, 1]",20,20,1.0,,,,,,,,,,0.05282623282514587,0.07184301018906458,0.05282623282514587,0.07184301018906458,,0.0
grounded_discovery_v1,taskmap,discovery,llm_grounded,Q3type_1_planning,True,noul,rater_fraction,,"[0, 1]",20,20,1.0,,,,,,,,,,0.1152876435159044,0.15078584628015188,0.1152876435159044,0.15078584628015188,0.5387302372146981,463.0
grounded_discovery_v1,taskmap,discovery,llm_grounded,Q4type_2_generate,True,noul,rater_fraction,,"[0, 1]",20,20,1.0,,,,,,,,,,0.06626134010916619,0.08682612759699977,0.06626134010916619,0.08682612759699977,0.35372873604335975,464.0
grounded_discovery_v1,taskmap,discovery,llm_grounded,Q5creativity_input_1,True,score,continuous_rating,,"[0, 1]",20,20,1.0,,,,,,,,,,0.08369759081498211,0.09325834481027036,0.08369759081498211,0.09325834481027036,,0.0
grounded_discovery_v1,taskmap,discovery,llm_grounded,Q6type_5_cc,True,noul,rater_fraction,,"[0, 1]",20,20,1.0,,,,,,,,,,0.09599416525503482,0.12167816317370628,0.09599416525503482,0.12167816317370628,0.3949928460777544,463.0
grounded_discovery_v1,taskmap,discovery,llm_grounded,Q7type_7_battle,True,noul,rater_fraction,,"[0, 1]",20,20,1.0,,,,,,,,,,0.15434994353472614,0.1839196291607633,0.15434994353472614,0.1839196291607633,0.557315024119251,462.0
grounded_discovery_v1,taskmap,discovery,llm_grounded,Q8type_8_performance,True,noul,rater_fraction,,"[0, 1]",20,20,1.0,,,,,,,,,,0.09075766986636552,0.12182140829164642,0.09075766986636552,0.12182140829164642,0.32168599946283993,462.0
grounded_discovery_v1,taskmap,discovery,llm_grounded,Q9divisible_unitary,True,noul,rater_fraction,,"[0, 1]",20,20,1.0,,,,,,,,,,0.1399611801242236,0.17349859258991382,0.1399611801242236,0.17349859258991382,0.47411546343769156,444.0
grounded_discovery_v1,taskmap,discovery,llm_grounded,Q10maximizing,True,noul,rater_fraction,,"[0, 1]",20,20,1.0,,,,,,,,,,0.17385314323357803,0.26281420611660905,0.17385314323357803,0.26281420611660905,0.6785494459230034,464.0
grounded_discovery_v1,taskmap,discovery,llm_grounded,Q11optimizing,True,noul,rater_fraction,,"[0, 1]",20,20,1.0,,,,,,,,,,0.26190617353660833,0.32081794644831346,0.26190617353660833,0.32081794644831346,0.7518311718026146,462.0
grounded_discovery_v1,taskmap,discovery,llm_grounded,Q13outcome_multip,True,noul,rater_fraction,,"[0, 1]",20,20,1.0,,,,,,,,,,0.22314257481648786,0.29419222236895864,0.22314257481648786,0.29419222236895864,0.6840902491200122,459.0
grounded_discovery_v1,taskmap,discovery,llm_grounded,Q14sol_scheme_mul,True,noul,rater_fraction,,"[0, 1]",20,20,1.0,,,,,,,,,,0.17508041596085072,0.21604786170479676,0.17508041596085072,0.21604786170479676,0.6635267865584633,461.0
grounded_discovery_v1,taskmap,discovery,llm_grounded,Q15dec_verifiability,True,noul,rater_fraction,,"[0, 1]",20,20,1.0,,,,,,,,,,0.12878152644456992,0.14886335358187086,0.12878152644456992,0.14886335358187086,0.42293422878447234,460.0
grounded_discovery_v1,taskmap,discovery,llm_grounded,Q16shared_knowledge,True,noul,rater_fraction,,"[0, 1]",20,20,1.0,,,,,,,,,,0.1976485507246377,0.2656947295344772,0.1976485507246377,0.2656947295344772,0.6601915190942568,462.0
grounded_discovery_v1,taskmap,discovery,llm_grounded,Q17within_sys_sol,True,noul,rater_fraction,,"[0, 1]",20,20,1.0,,,,,,,,,,0.10694781667607756,0.15250949278486986,0.10694781667607756,0.15250949278486986,0.4521535320690891,460.0
grounded_discovery_v1,taskmap,discovery,llm_grounded,Q18ans_recog,True,noul,rater_fraction,,"[0, 1]",20,20,1.0,,,,,,,,,,0.13933780350084696,0.1664443153141265,0.13933780350084696,0.1664443153141265,0.5455545706347964,456.0
grounded_discovery_v1,taskmap,discovery,llm_grounded,Q19time_solvability,True,noul,rater_fraction,,"[0, 1]",20,20,1.0,,,,,,,,,,0.1468562488236401,0.18306144914838676,0.1468562488236401,0.18306144914838676,0.5016694764980979,459.0
grounded_discovery_v1,taskmap,discovery,llm_grounded,Q20type_3_type_4,True,noul,rater_fraction,,"[0, 1]",20,20,1.0,,,,,,,,,,0.15755194805194805,0.17885410875450086,0.15755194805194805,0.17885410875450086,0.45440061913751995,460.0
grounded_discovery_v1,taskmap,discovery,llm_grounded,Q21intellective_judg_1,True,score,continuous_rating,,"[0, 1]",20,20,1.0,,,,,,,,,,0.12841676077545644,0.15958745578984485,0.12841676077545644,0.15958745578984485,,0.0
grounded_discovery_v1,taskmap,discovery,llm_grounded,Q22confl_tradeoffs,True,noul,rater_fraction,,"[0, 1]",20,20,1.0,,,,,,,,,,0.15485036702428007,0.1968893195601695,0.15485036702428007,0.1968893195601695,0.4758022313155297,463.0
grounded_discovery_v1,taskmap,discovery,llm_grounded,Q23ss_out_uncert,True,noul,rater_fraction,,"[0, 1]",20,20,1.0,,,,,,,,,,0.1468356389986825,0.19112607971340823,0.1468356389986825,0.19112607971340823,0.5858334436798299,457.0
grounded_discovery_v1,taskmap,discovery,llm_grounded,Q24eureka_question,True,noul,rater_fraction,,"[0, 1]",20,20,1.0,,,,,,,,,,0.07358498023715415,0.08706609507871386,0.07358498023715415,0.08706609507871386,0.2758547133895769,457.0
grounded_discovery_v1,ucc,discovery,jev_grounded,healthy,True,choice,category,"[""0"", ""1""]",,210,210,1.0,0.46190476190476193,0.39245756419775213,0.39245756419775213,2,2,1.6711185178169825,210,0.7937400000000001,1.0,,,,,,
grounded_discovery_v1,ucc,discovery,jev_grounded,sarcastic,True,choice,category,"[""0"", ""1""]",,210,210,1.0,0.6190476190476191,0.4249726177437021,0.4249726177437021,2,2,0.8463322927430189,210,0.5526580952380951,1.0,,,,,,
grounded_discovery_v1,ucc,discovery,jev_grounded,generalisation,False,choice,category,"[""0"", ""1""]",,210,210,1.0,0.8095238095238095,0.4922630560928433,0.4922630560928433,2,2,0.4545248212587689,210,0.2834857142857141,1.0,,,,,,
grounded_discovery_v1,ucc,discovery,jev_grounded,generalisation_unfair,True,choice,category,"[""0"", ""1""]",,210,210,1.0,0.8523809523809524,0.5168831168831168,0.5168831168831168,2,2,0.3663597084485997,210,0.22675809523809512,1.0,,,,,,
grounded_discovery_v1,ucc,discovery,jev_grounded,hostile,True,choice,category,"[""0"", ""1""]",,210,210,1.0,0.6523809523809524,0.4195600318049298,0.4195600318049298,2,2,0.8419878962036615,210,0.5243676190476195,1.0,,,,,,
grounded_discovery_v1,ucc,discovery,jev_grounded,antagonize,True,choice,category,"[""0"", ""1""]",,210,210,1.0,0.5047619047619047,0.38067150635208713,0.38067150635208713,2,2,1.4507958260745808,210,0.7492800000000002,1.0,,,,,,
grounded_discovery_v1,ucc,discovery,jev_grounded,condescending,True,choice,category,"[""0"", ""1""]",,210,210,1.0,0.6333333333333333,0.4321334503950834,0.4321334503950834,2,2,0.7792940442972741,210,0.5075771428571426,1.0,,,,,,
grounded_discovery_v1,ucc,discovery,jev_grounded,dismissive,True,choice,category,"[""0"", ""1""]",,210,210,1.0,0.6190476190476191,0.4151232418883164,0.4151232418883164,2,2,0.7827328513798204,210,0.5298504761904765,1.0,,,,,,
grounded_discovery_v1,ucc,discovery,llm_grounded,healthy,True,choice,category,"[""0"", ""1""]",,210,210,1.0,0.6095238095238096,0.48896011396011396,0.48896011396011396,2,2,,0,,0.0,,,,,,
grounded_discovery_v1,ucc,discovery,llm_grounded,sarcastic,True,choice,category,"[""0"", ""1""]",,210,210,1.0,0.7857142857142857,0.49784791965566716,0.49784791965566716,2,2,,0,,0.0,,,,,,
grounded_discovery_v1,ucc,discovery,llm_grounded,generalisation,False,choice,category,"[""0"", ""1""]",,210,210,1.0,0.861904761904762,0.5231383603476627,0.5231383603476627,2,2,,0,,0.0,,,,,,
grounded_discovery_v1,ucc,discovery,llm_grounded,generalisation_unfair,True,choice,category,"[""0"", ""1""]",,210,210,1.0,0.8666666666666667,0.5264175257731959,0.5264175257731959,2,2,,0,,0.0,,,,,,
grounded_discovery_v1,ucc,discovery,llm_grounded,hostile,True,choice,category,"[""0"", ""1""]",,210,210,1.0,0.7,0.44061561878990313,0.44061561878990313,2,2,,0,,0.0,,,,,,
grounded_discovery_v1,ucc,discovery,llm_grounded,antagonize,True,choice,category,"[""0"", ""1""]",,210,210,1.0,0.7476190476190476,0.5176598049837486,0.5176598049837486,2,2,,0,,0.0,,,,,,
grounded_discovery_v1,ucc,discovery,llm_grounded,condescending,True,choice,category,"[""0"", ""1""]",,210,210,1.0,0.7428571428571429,0.48909713461885024,0.48909713461885024,2,2,,0,,0.0,,,,,,
grounded_discovery_v1,ucc,discovery,llm_grounded,dismissive,True,choice,category,"[""0"", ""1""]",,210,210,1.0,0.7,0.44061561878990313,0.44061561878990313,2,2,,0,,0.0,,,,,,
native_calibration_v1,babe,calibration,jev_native,label_bias,True,choice,category,"[""Non-biased"", ""Biased""]",,201,201,1.0,0.8208955223880597,0.8198924731182795,0.8198924731182795,2,2,0.45207125534287207,201,0.27580995024875626,1.0,,,,,,
native_calibration_v1,babe,calibration,llm_native,label_bias,True,choice,category,"[""Non-biased"", ""Biased""]",,201,201,1.0,0.8159203980099502,0.8150230070886706,0.8150230070886706,2,2,,0,,0.0,,,,,,
native_calibration_v1,commonsense,calibration,jev_native,q1,True,noul,rater_fraction,,"[0, 1]",200,200,1.0,,,,,,,,,,0.14752488921802098,0.18629111779000396,0.14752488921802098,0.18629111779000396,0.5208616625206131,4678.0
native_calibration_v1,commonsense,calibration,jev_native,q2,True,noul,rater_fraction,,"[0, 1]",200,200,1.0,,,,,,,,,,0.14891202332485753,0.19008038711107084,0.14891202332485753,0.19008038711107084,0.5349918232142751,4678.0
native_calibration_v1,commonsense,calibration,llm_native,q1,True,noul,rater_fraction,,"[0, 1]",200,200,1.0,,,,,,,,,,0.12349936629886966,0.1681127430374189,0.12349936629886966,0.1681127430374189,0.5034856601797669,4678.0
native_calibration_v1,commonsense,calibration,llm_native,q2,True,noul,rater_fraction,,"[0, 1]",200,200,1.0,,,,,,,,,,0.13568485804449293,0.17156047189485046,0.13568485804449293,0.17156047189485046,0.5210988300876344,4678.0
native_calibration_v1,conflict,calibration,jev_native,rating_directness_content,True,choice,category,"[""Yes - Direct Content"", ""Neutral - Content contains no opinion"", ""No - Indirect Content""]",,98,98,1.0,0.9387755102040817,0.32280701754385965,0.968421052631579,3,1,0.1391160090154548,98,0.0786489795918368,1.0,,,,,,
native_calibration_v1,conflict,calibration,jev_native,rating_directness_expression,True,choice,category,"[""Yes - Direct Expression"", ""No - Indirect Expression""]",,98,98,1.0,0.8877551020408163,0.6457443312520539,0.6457443312520539,2,2,0.3105178450355952,98,0.17338367346938774,1.0,,,,,,
native_calibration_v1,conflict,calibration,jev_native,rating_OI_content,True,choice,category,"[""Yes - Content opposes someone else"", ""No - Content does not oppose anyone""]",,98,98,1.0,0.7244897959183674,0.45364443526739623,0.45364443526739623,2,2,0.46136330494866795,98,0.3151081632653061,1.0,,,,,,
native_calibration_v1,conflict,calibration,jev_native,rating_OI_expression,True,choice,category,"[""Yes - Expression is emotional/forceful"", ""No - Expression is not emotional/forceful""]",,98,98,1.0,0.826530612244898,0.6902770031604388,0.6902770031604388,2,2,0.4191941103349004,98,0.261461224489796,1.0,,,,,,
native_calibration_v1,conflict,calibration,llm_native,rating_directness_content,True,choice,category,"[""Yes - Direct Content"", ""Neutral - Content contains no opinion"", ""No - Indirect Content""]",,98,98,1.0,1.0,0.3333333333333333,1.0,3,1,,0,,0.0,,,,,,
native_calibration_v1,conflict,calibration,llm_native,rating_directness_expression,True,choice,category,"[""Yes - Direct Expression"", ""No - Indirect Expression""]",,98,98,1.0,0.8877551020408163,0.6457443312520539,0.6457443312520539,2,2,,0,,0.0,,,,,,
native_calibration_v1,conflict,calibration,llm_native,rating_OI_content,True,choice,category,"[""Yes - Content opposes someone else"", ""No - Content does not oppose anyone""]",,98,98,1.0,0.7040816326530612,0.4716490053913367,0.4716490053913367,2,2,,0,,0.0,,,,,,
native_calibration_v1,conflict,calibration,llm_native,rating_OI_expression,True,choice,category,"[""Yes - Expression is emotional/forceful"", ""No - Expression is not emotional/forceful""]",,98,98,1.0,0.8775510204081632,0.763855421686747,0.763855421686747,2,2,,0,,0.0,,,,,,
native_calibration_v1,mbd,calibration,jev_native,type,True,choice,category,"[""fact"", ""opinion"", ""borderline"", ""quote"", ""other""]",,234,234,1.0,0.7991452991452992,0.7268915985818809,0.7268915985818809,5,5,0.6767929237126985,234,0.29045340829515914,1.0,,,,,,
native_calibration_v1,mbd,calibration,jev_native,tone,True,choice,category,"[""positive"", ""negative"", ""neutral""]",,241,241,1.0,0.7634854771784232,0.5819958438342839,0.5819958438342839,3,3,0.6257505434275075,241,0.330643153526971,1.0,,,,,,
native_calibration_v1,mbd,calibration,jev_native,focus,True,choice,category,"[""democrat"", ""republican"", ""both"", ""neither""]",,239,239,1.0,0.8493723849372385,0.7684715784500316,0.7684715784500316,4,4,0.37494420680177765,239,0.19379832635983263,1.0,,,,,,
native_calibration_v1,mbd,calibration,llm_native,type,True,choice,category,"[""fact"", ""opinion"", ""borderline"", ""quote"", ""other""]",,234,234,1.0,0.7948717948717948,0.7402926489547752,0.7402926489547752,5,5,,0,,0.0,,,,,,
native_calibration_v1,mbd,calibration,llm_native,tone,True,choice,category,"[""positive"", ""negative"", ""neutral""]",,241,241,1.0,0.8381742738589212,0.627302929628511,0.627302929628511,3,3,,0,,0.0,,,,,,
native_calibration_v1,mbd,calibration,llm_native,focus,True,choice,category,"[""democrat"", ""republican"", ""both"", ""neither""]",,239,239,1.0,0.8451882845188284,0.7758620423057893,0.7758620423057893,4,4,,0,,0.0,,,,,,
native_calibration_v1,taskmap,calibration,jev_native,Q1concept_behav,True,noul,rater_fraction,,"[0, 1]",20,20,1.0,,,,,,,,,,0.045174901185770756,0.05075990746760991,0.045174901185770756,0.05075990746760991,0.15570166765756974,468.0
native_calibration_v1,taskmap,calibration,jev_native,Q2intel_manip_1,True,score,continuous_rating,,"[0, 1]",20,20,1.0,,,,,,,,,,0.06412011864946647,0.07668276867494869,0.06412011864946647,0.07668276867494869,,0.0
native_calibration_v1,taskmap,calibration,jev_native,Q3type_1_planning,True,noul,rater_fraction,,"[0, 1]",20,20,1.0,,,,,,,,,,0.12074461770113945,0.14363250126174956,0.12074461770113945,0.14363250126174956,0.520279695048305,468.0
native_calibration_v1,taskmap,calibration,jev_native,Q4type_2_generate,True,noul,rater_fraction,,"[0, 1]",20,20,1.0,,,,,,,,,,0.09373550362680796,0.11018111071602038,0.09373550362680796,0.11018111071602038,0.4550322891562851,468.0
native_calibration_v1,taskmap,calibration,jev_native,Q5creativity_input_1,True,score,continuous_rating,,"[0, 1]",20,20,1.0,,,,,,,,,,0.23520653585544887,0.2536676771803644,0.23520653585544887,0.2536676771803644,,0.0
native_calibration_v1,taskmap,calibration,jev_native,Q6type_5_cc,True,noul,rater_fraction,,"[0, 1]",20,20,1.0,,,,,,,,,,0.09730809769940205,0.14175200016406272,0.09730809769940205,0.14175200016406272,0.353310265110114,466.0
native_calibration_v1,taskmap,calibration,jev_native,Q7type_7_battle,True,noul,rater_fraction,,"[0, 1]",20,20,1.0,,,,,,,,,,0.11593941203723815,0.15624836510417675,0.11593941203723815,0.15624836510417675,0.5493242296167031,466.0
native_calibration_v1,taskmap,calibration,jev_native,Q8type_8_performance,True,noul,rater_fraction,,"[0, 1]",20,20,1.0,,,,,,,,,,0.13099180891572196,0.19751568752489224,0.13099180891572196,0.19751568752489224,0.4921646034682679,464.0
native_calibration_v1,taskmap,calibration,jev_native,Q9divisible_unitary,True,noul,rater_fraction,,"[0, 1]",20,20,1.0,,,,,,,,,,0.1390442962834267,0.17767088237018067,0.1390442962834267,0.17767088237018067,0.582118674178095,446.0
native_calibration_v1,taskmap,calibration,jev_native,Q10maximizing,True,noul,rater_fraction,,"[0, 1]",20,20,1.0,,,,,,,,,,0.09260198859111902,0.12693681436855234,0.09260198859111902,0.12693681436855234,0.54688541141687,468.0
native_calibration_v1,taskmap,calibration,jev_native,Q11optimizing,True,noul,rater_fraction,,"[0, 1]",20,20,1.0,,,,,,,,,,0.11005343569474005,0.15362880171170656,0.11005343569474005,0.15362880171170656,0.5552817738851201,466.0
native_calibration_v1,taskmap,calibration,jev_native,Q13outcome_multip,True,noul,rater_fraction,,"[0, 1]",20,20,1.0,,,,,,,,,,0.16869780581737104,0.2134498558610199,0.16869780581737104,0.2134498558610199,0.5407549885531583,466.0
native_calibration_v1,taskmap,calibration,jev_native,Q14sol_scheme_mul,True,noul,rater_fraction,,"[0, 1]",20,20,1.0,,,,,,,,,,0.15596954856737466,0.21652576535274273,0.15596954856737466,0.21652576535274273,0.6313193518608041,467.0
native_calibration_v1,taskmap,calibration,jev_native,Q15dec_verifiability,True,noul,rater_fraction,,"[0, 1]",20,20,1.0,,,,,,,,,,0.17991875877745442,0.2266500027527607,0.17991875877745442,0.2266500027527607,0.518371133600039,461.0
native_calibration_v1,taskmap,calibration,jev_native,Q16shared_knowledge,True,noul,rater_fraction,,"[0, 1]",20,20,1.0,,,,,,,,,,0.13727407737190347,0.1868037084553113,0.13727407737190347,0.1868037084553113,0.5669476556507479,464.0
native_calibration_v1,taskmap,calibration,jev_native,Q17within_sys_sol,True,noul,rater_fraction,,"[0, 1]",20,20,1.0,,,,,,,,,,0.09060361377752682,0.12467857929775027,0.09060361377752682,0.12467857929775027,0.4055920852405219,457.0
native_calibration_v1,taskmap,calibration,jev_native,Q18ans_recog,True,noul,rater_fraction,,"[0, 1]",20,20,1.0,,,,,,,,,,0.20506811304637393,0.2646951060284081,0.20506811304637393,0.2646951060284081,0.6595086602985761,460.0
native_calibration_v1,taskmap,calibration,jev_native,Q19time_solvability,True,noul,rater_fraction,,"[0, 1]",20,20,1.0,,,,,,,,,,0.25315103374885983,0.3300761644147185,0.25315103374885983,0.3300761644147185,0.6978073275419565,458.0
native_calibration_v1,taskmap,calibration,jev_native,Q20type_3_type_4,True,noul,rater_fraction,,"[0, 1]",20,20,1.0,,,,,,,,,,0.1884741562785041,0.26082962598701687,0.1884741562785041,0.26082962598701687,0.5419182490209461,464.0
native_calibration_v1,taskmap,calibration,jev_native,Q21intellective_judg_1,True,score,continuous_rating,,"[0, 1]",20,20,1.0,,,,,,,,,,0.13367512378925422,0.20979176151840687,0.13367512378925422,0.20979176151840687,,0.0
native_calibration_v1,taskmap,calibration,jev_native,Q22confl_tradeoffs,True,noul,rater_fraction,,"[0, 1]",20,20,1.0,,,,,,,,,,0.11403525822004082,0.138864921150952,0.11403525822004082,0.138864921150952,0.4854689995117913,468.0
native_calibration_v1,taskmap,calibration,jev_native,Q23ss_out_uncert,True,noul,rater_fraction,,"[0, 1]",20,20,1.0,,,,,,,,,,0.18603953293083728,0.23055338810772155,0.18603953293083728,0.23055338810772155,0.5812030503736102,461.0
native_calibration_v1,taskmap,calibration,jev_native,Q24eureka_question,True,noul,rater_fraction,,"[0, 1]",20,20,1.0,,,,,,,,,,0.07327239065282544,0.09123350214433446,0.07327239065282544,0.09123350214433446,0.30770704278022804,463.0
native_calibration_v1,taskmap,calibration,llm_native,Q1concept_behav,True,noul,rater_fraction,,"[0, 1]",20,20,1.0,,,,,,,,,,0.054962779973649546,0.08472263720440171,0.054962779973649546,0.08472263720440171,0.16325963136868504,468.0
native_calibration_v1,taskmap,calibration,llm_native,Q2intel_manip_1,True,score,continuous_rating,,"[0, 1]",20,20,1.0,,,,,,,,,,0.056053069756330634,0.0777435940103685,0.056053069756330634,0.0777435940103685,,0.0
native_calibration_v1,taskmap,calibration,llm_native,Q3type_1_planning,True,noul,rater_fraction,,"[0, 1]",20,20,1.0,,,,,,,,,,0.14924461770113945,0.1784755082977368,0.14924461770113945,0.1784755082977368,0.5638465368972679,468.0
native_calibration_v1,taskmap,calibration,llm_native,Q4type_2_generate,True,noul,rater_fraction,,"[0, 1]",20,20,1.0,,,,,,,,,,0.07738767753985146,0.09220989498616751,0.07738767753985146,0.09220989498616751,0.43274476967997505,468.0
native_calibration_v1,taskmap,calibration,llm_native,Q5creativity_input_1,True,score,continuous_rating,,"[0, 1]",20,20,1.0,,,,,,,,,,0.086396259175607,0.10807919108353957,0.086396259175607,0.10807919108353957,,0.0
native_calibration_v1,taskmap,calibration,llm_native,Q6type_5_cc,True,noul,rater_fraction,,"[0, 1]",20,20,1.0,,,,,,,,,,0.05359795277186581,0.07552605804551446,0.05359795277186581,0.07552605804551446,0.3218682510396057,466.0
native_calibration_v1,taskmap,calibration,llm_native,Q7type_7_battle,True,noul,rater_fraction,,"[0, 1]",20,20,1.0,,,,,,,,,,0.13688915794350576,0.18073121046698046,0.13688915794350576,0.18073121046698046,0.5794578158938078,466.0
native_calibration_v1,taskmap,calibration,llm_native,Q8type_8_performance,True,noul,rater_fraction,,"[0, 1]",20,20,1.0,,,,,,,,,,0.11475267848093935,0.15825372842028795,0.11475267848093935,0.15825372842028795,0.45981837723447366,464.0
native_calibration_v1,taskmap,calibration,llm_native,Q9divisible_unitary,True,noul,rater_fraction,,"[0, 1]",20,20,1.0,,,,,,,,,,0.15672338531034186,0.22810553622124802,0.15672338531034186,0.22810553622124802,0.6257502365882361,446.0
native_calibration_v1,taskmap,calibration,llm_native,Q10maximizing,True,noul,rater_fraction,,"[0, 1]",20,20,1.0,,,,,,,,,,0.1577997111584068,0.21995881196577513,0.1577997111584068,0.21995881196577513,0.6500915729782847,468.0
native_calibration_v1,taskmap,calibration,llm_native,Q11optimizing,True,noul,rater_fraction,,"[0, 1]",20,20,1.0,,,,,,,,,,0.17096058651493434,0.20750759728923585,0.17096058651493434,0.20750759728923585,0.598568796796702,466.0
native_calibration_v1,taskmap,calibration,llm_native,Q13outcome_multip,True,noul,rater_fraction,,"[0, 1]",20,20,1.0,,,,,,,,,,0.12180386642343163,0.1460249751575393,0.12180386642343163,0.1460249751575393,0.4748997415869529,466.0
native_calibration_v1,taskmap,calibration,llm_native,Q14sol_scheme_mul,True,noul,rater_fraction,,"[0, 1]",20,20,1.0,,,,,,,,,,0.10775215726302682,0.1583755168294275,0.10775215726302682,0.1583755168294275,0.5845543988376881,467.0
native_calibration_v1,taskmap,calibration,llm_native,Q15dec_verifiability,True,noul,rater_fraction,,"[0, 1]",20,20,1.0,,,,,,,,,,0.16222645108514672,0.20505884941623057,0.16222645108514672,0.20505884941623057,0.5014714526073066,461.0
native_calibration_v1,taskmap,calibration,llm_native,Q16shared_knowledge,True,noul,rater_fraction,,"[0, 1]",20,20,1.0,,,,,,,,,,0.19871669996669997,0.2566329286712075,0.19871669996669997,0.2566329286712075,0.6541272009187155,464.0
native_calibration_v1,taskmap,calibration,llm_native,Q17within_sys_sol,True,noul,rater_fraction,,"[0, 1]",20,20,1.0,,,,,,,,,,0.09369518162996424,0.138516801031784,0.09369518162996424,0.138516801031784,0.409531162727133,457.0
native_calibration_v1,taskmap,calibration,llm_native,Q18ans_recog,True,noul,rater_fraction,,"[0, 1]",20,20,1.0,,,,,,,,,,0.1365768651638217,0.18198941572148422,0.1365768651638217,0.18198941572148422,0.5682086948616867,460.0
native_calibration_v1,taskmap,calibration,llm_native,Q19time_solvability,True,noul,rater_fraction,,"[0, 1]",20,20,1.0,,,,,,,,,,0.2227638701877832,0.293529499579468,0.2227638701877832,0.293529499579468,0.6510774773620598,458.0
native_calibration_v1,taskmap,calibration,llm_native,Q20type_3_type_4,True,noul,rater_fraction,,"[0, 1]",20,20,1.0,,,,,,,,,,0.1861408229451708,0.25644385076882376,0.1861408229451708,0.25644385076882376,0.5484642307016584,464.0
native_calibration_v1,taskmap,calibration,llm_native,Q21intellective_judg_1,True,score,continuous_rating,,"[0, 1]",20,20,1.0,,,,,,,,,,0.16219128878368008,0.21907594902292,0.16219128878368008,0.21907594902292,,0.0
native_calibration_v1,taskmap,calibration,llm_native,Q22confl_tradeoffs,True,noul,rater_fraction,,"[0, 1]",20,20,1.0,,,,,,,,,,0.1092019248867075,0.12508161783649993,0.1092019248867075,0.12508161783649993,0.4750407053124501,468.0
native_calibration_v1,taskmap,calibration,llm_native,Q23ss_out_uncert,True,noul,rater_fraction,,"[0, 1]",20,20,1.0,,,,,,,,,,0.15637286626417063,0.19528758615041727,0.15637286626417063,0.19528758615041727,0.5498415472174152,461.0
native_calibration_v1,taskmap,calibration,llm_native,Q24eureka_question,True,noul,rater_fraction,,"[0, 1]",20,20,1.0,,,,,,,,,,0.07916369500065153,0.08931814685306083,0.07916369500065153,0.08931814685306083,0.306829440400606,463.0
native_calibration_v1,ucc,calibration,jev_native,healthy,True,choice,category,"[""0"", ""1""]",,205,205,1.0,0.6487804878048781,0.48750000000000004,0.48750000000000004,2,2,0.6844934700621889,205,0.476116097560976,1.0,,,,,,
native_calibration_v1,ucc,calibration,jev_native,sarcastic,True,choice,category,"[""0"", ""1""]",,205,205,1.0,0.6,0.44234341825902335,0.44234341825902335,2,2,0.7247345735437746,205,0.5038878048780491,1.0,,,,,,
native_calibration_v1,ucc,calibration,jev_native,generalisation,False,choice,category,"[""0"", ""1""]",,205,205,1.0,0.8,0.46739750332678537,0.46739750332678537,2,2,0.4230036124968695,205,0.27163121951219493,1.0,,,,,,
native_calibration_v1,ucc,calibration,jev_native,generalisation_unfair,True,choice,category,"[""0"", ""1""]",,205,205,1.0,0.8292682926829268,0.4801101369465981,0.4801101369465981,2,2,0.3679168892618193,205,0.22675804878048764,1.0,,,,,,
native_calibration_v1,ucc,calibration,jev_native,hostile,True,choice,category,"[""0"", ""1""]",,205,205,1.0,0.7121951219512195,0.46064659977703454,0.46064659977703454,2,2,0.5553515995402626,205,0.37623121951219496,1.0,,,,,,
native_calibration_v1,ucc,calibration,jev_native,antagonize,True,choice,category,"[""0"", ""1""]",,205,205,1.0,0.6439024390243903,0.44862016874838806,0.44862016874838806,2,2,0.698129960334257,205,0.4817531707317073,1.0,,,,,,
native_calibration_v1,ucc,calibration,jev_native,condescending,True,choice,category,"[""0"", ""1""]",,205,205,1.0,0.6341463414634146,0.452866446033949,0.452866446033949,2,2,0.6794627127078458,205,0.47932390243902445,1.0,,,,,,
native_calibration_v1,ucc,calibration,jev_native,dismissive,True,choice,category,"[""0"", ""1""]",,205,205,1.0,0.6878048780487804,0.5121951219512195,0.5121951219512195,2,2,0.6039827980851357,205,0.4200263414634147,1.0,,,,,,
native_calibration_v1,ucc,calibration,llm_native,healthy,True,choice,category,"[""0"", ""1""]",,205,205,1.0,0.6878048780487804,0.503030303030303,0.503030303030303,2,2,,0,,0.0,,,,,,
native_calibration_v1,ucc,calibration,llm_native,sarcastic,True,choice,category,"[""0"", ""1""]",,205,205,1.0,0.8146341463414634,0.5516804788213628,0.5516804788213628,2,2,,0,,0.0,,,,,,
native_calibration_v1,ucc,calibration,llm_native,generalisation,False,choice,category,"[""0"", ""1""]",,205,205,1.0,0.8048780487804879,0.4694616977225673,0.4694616977225673,2,2,,0,,0.0,,,,,,
native_calibration_v1,ucc,calibration,llm_native,generalisation_unfair,True,choice,category,"[""0"", ""1""]",,205,205,1.0,0.8146341463414634,0.4736486486486487,0.4736486486486487,2,2,,0,,0.0,,,,,,
native_calibration_v1,ucc,calibration,llm_native,hostile,True,choice,category,"[""0"", ""1""]",,205,205,1.0,0.7317073170731707,0.4703837662642679,0.4703837662642679,2,2,,0,,0.0,,,,,,
native_calibration_v1,ucc,calibration,llm_native,antagonize,True,choice,category,"[""0"", ""1""]",,205,205,1.0,0.7560975609756098,0.5119047619047619,0.5119047619047619,2,2,,0,,0.0,,,,,,
native_calibration_v1,ucc,calibration,llm_native,condescending,True,choice,category,"[""0"", ""1""]",,205,205,1.0,0.7609756097560976,0.46910839807621163,0.46910839807621163,2,2,,0,,0.0,,,,,,
native_calibration_v1,ucc,calibration,llm_native,dismissive,True,choice,category,"[""0"", ""1""]",,205,205,1.0,0.7707317073170732,0.5474188548076472,0.5474188548076472,2,2,,0,,0.0,,,,,,
native_diagnostic_v1,babe,diagnostic,jev_native,label_bias,True,choice,category,"[""Non-biased"", ""Biased""]",,1000,1000,1.0,0.808,0.8078031904670382,0.8078031904670382,2,2,0.6946968469592923,1000,0.2803870000000008,1.0,,,,,,
native_diagnostic_v1,babe,diagnostic,jev_threshold_calibrated,label_bias,True,choice,category,"[""Non-biased"", ""Biased""]",,1000,1000,1.0,0.801,0.8009950248756219,0.8009950248756219,2,2,0.5286478134487256,1000,0.27255067221553536,1.0,,,,,,
native_diagnostic_v1,babe,diagnostic,llm_native,label_bias,True,choice,category,"[""Non-biased"", ""Biased""]",,1000,1000,1.0,0.792,0.7909161091096243,0.7909161091096243,2,2,,0,,0.0,,,,,,
native_diagnostic_v1,commonsense,diagnostic,jev_native,q1,True,noul,rater_fraction,,"[0, 1]",1000,1000,1.0,,,,,,,,,,0.15581415321255127,0.19770837985342257,0.15581415321255127,0.19770837985342257,0.538478279570172,23070.0
native_diagnostic_v1,commonsense,diagnostic,jev_native,q2,True,noul,rater_fraction,,"[0, 1]",1000,1000,1.0,,,,,,,,,,0.1495285707906243,0.19111505635477116,0.1495285707906243,0.19111505635477116,0.5536418782437553,23070.0
native_diagnostic_v1,commonsense,diagnostic,jev_threshold_calibrated,q1,True,noul,rater_fraction,,"[0, 1]",1000,1000,1.0,,,,,,,,,,0.14315088973271878,0.18893099930939974,0.14315088973271878,0.18893099930939974,0.5289330448064177,23070.0
native_diagnostic_v1,commonsense,diagnostic,jev_threshold_calibrated,q2,True,noul,rater_fraction,,"[0, 1]",1000,1000,1.0,,,,,,,,,,0.1329451315395204,0.17380530087447021,0.1329451315395204,0.17380530087447021,0.5359715880734942,23070.0
native_diagnostic_v1,commonsense,diagnostic,llm_native,q1,True,noul,rater_fraction,,"[0, 1]",1000,1000,1.0,,,,,,,,,,0.14011735004019357,0.1886978540785468,0.14011735004019357,0.1886978540785468,0.5314924423666577,23070.0
native_diagnostic_v1,commonsense,diagnostic,llm_native,q2,True,noul,rater_fraction,,"[0, 1]",1000,1000,1.0,,,,,,,,,,0.13980676861551755,0.18097866669054563,0.13980676861551755,0.18097866669054563,0.5463527276472399,23070.0
native_diagnostic_v1,conflict,diagnostic,jev_native,rating_directness_content,True,choice,category,"[""Yes - Direct Content"", ""Neutral - Content contains no opinion"", ""No - Indirect Content""]",,797,797,1.0,0.8745294855708908,0.3555854442202795,0.5333781663304192,3,2,0.39732439861564695,797,0.1808942047626055,1.0,,,,,,
native_diagnostic_v1,conflict,diagnostic,jev_native,rating_directness_expression,True,choice,category,"[""Yes - Direct Expression"", ""No - Indirect Expression""]",,802,802,1.0,0.78428927680798,0.5593616514489876,0.5593616514489876,2,2,0.4680593436999662,802,0.30278054862842907,1.0,,,,,,
native_diagnostic_v1,conflict,diagnostic,jev_native,rating_OI_content,True,choice,category,"[""Yes - Content opposes someone else"", ""No - Content does not oppose anyone""]",,802,802,1.0,0.6795511221945137,0.5424599818417121,0.5424599818417121,2,2,0.6359059311362464,802,0.4320775561097255,1.0,,,,,,
native_diagnostic_v1,conflict,diagnostic,jev_native,rating_OI_expression,True,choice,category,"[""Yes - Expression is emotional/forceful"", ""No - Expression is not emotional/forceful""]",,802,802,1.0,0.8266832917705735,0.6629263764540113,0.6629263764540113,2,2,0.3943019629676851,802,0.2466690773067331,1.0,,,,,,
native_diagnostic_v1,conflict,diagnostic,jev_threshold_calibrated,rating_directness_content,True,choice,category,"[""Yes - Direct Content"", ""Neutral - Content contains no opinion"", ""No - Indirect Content""]",,797,797,1.0,0.8745294855708908,0.3555854442202795,0.5333781663304192,3,2,0.39732439861564695,797,0.1808942047626055,1.0,,,,,,
native_diagnostic_v1,conflict,diagnostic,jev_threshold_calibrated,rating_directness_expression,True,choice,category,"[""Yes - Direct Expression"", ""No - Indirect Expression""]",,802,802,1.0,0.8129675810473815,0.5480977280923187,0.5480977280923187,2,2,0.26411045527129556,802,0.1503404656362622,1.0,,,,,,
native_diagnostic_v1,conflict,diagnostic,jev_threshold_calibrated,rating_OI_content,True,choice,category,"[""Yes - Content opposes someone else"", ""No - Content does not oppose anyone""]",,802,802,1.0,0.8678304239401496,0.6583393617876376,0.6583393617876376,2,2,0.2196355234219207,802,0.12611405861963254,1.0,,,,,,
native_diagnostic_v1,conflict,diagnostic,jev_threshold_calibrated,rating_OI_expression,True,choice,category,"[""Yes - Expression is emotional/forceful"", ""No - Expression is not emotional/forceful""]",,802,802,1.0,0.8541147132169576,0.6781602099089366,0.6781602099089366,2,2,0.21724546650205345,802,0.12406265616087896,1.0,,,,,,
native_diagnostic_v1,conflict,diagnostic,llm_native,rating_directness_content,True,choice,category,"[""Yes - Direct Content"", ""Neutral - Content contains no opinion"", ""No - Indirect Content""]",,797,797,1.0,0.9673776662484316,0.40620915032679733,0.609313725490196,3,2,,0,,0.0,,,,,,
native_diagnostic_v1,conflict,diagnostic,llm_native,rating_directness_expression,True,choice,category,"[""Yes - Direct Expression"", ""No - Indirect Expression""]",,802,802,1.0,0.7892768079800498,0.5313006822763755,0.5313006822763755,2,2,,0,,0.0,,,,,,
native_diagnostic_v1,conflict,diagnostic,llm_native,rating_OI_content,True,choice,category,"[""Yes - Content opposes someone else"", ""No - Content does not oppose anyone""]",,802,802,1.0,0.6346633416458853,0.511255316715024,0.511255316715024,2,2,,0,,0.0,,,,,,
native_diagnostic_v1,conflict,diagnostic,llm_native,rating_OI_expression,True,choice,category,"[""Yes - Expression is emotional/forceful"", ""No - Expression is not emotional/forceful""]",,802,802,1.0,0.8491271820448878,0.6644223819848606,0.6644223819848606,2,2,,0,,0.0,,,,,,
native_diagnostic_v1,mbd,diagnostic,jev_native,tone,True,choice,category,"[""positive"", ""negative"", ""neutral""]",,544,544,1.0,0.7077205882352942,0.6724961696270754,0.6724961696270754,3,3,0.9144157969479676,544,0.4069959558823532,1.0,,,,,,
native_diagnostic_v1,mbd,diagnostic,jev_native,focus,True,choice,category,"[""democrat"", ""republican"", ""both"", ""neither""]",,546,546,1.0,0.8589743589743589,0.8389794722230516,0.8389794722230516,4,4,0.3621615339461177,546,0.20529859291475458,1.0,,,,,,
native_diagnostic_v1,mbd,diagnostic,jev_native,type,True,choice,category,"[""fact"", ""opinion"", ""borderline"", ""quote"", ""other""]",,508,508,1.0,0.7854330708661418,0.6813736978067715,0.6813736978067715,5,5,0.755835443784741,508,0.2958624383097663,1.0,,,,,,
native_diagnostic_v1,mbd,diagnostic,jev_threshold_calibrated,tone,True,choice,category,"[""positive"", ""negative"", ""neutral""]",,544,544,1.0,0.7977941176470589,0.6764560694302385,0.6764560694302385,3,3,0.5220518233371533,544,0.2815163875129113,1.0,,,,,,
native_diagnostic_v1,mbd,diagnostic,jev_threshold_calibrated,focus,True,choice,category,"[""democrat"", ""republican"", ""both"", ""neither""]",,546,546,1.0,0.8626373626373627,0.8432046705513756,0.8432046705513756,4,4,0.3332954329514046,546,0.19105214313191307,1.0,,,,,,
native_diagnostic_v1,mbd,diagnostic,jev_threshold_calibrated,type,True,choice,category,"[""fact"", ""opinion"", ""borderline"", ""quote"", ""other""]",,508,508,1.0,0.7854330708661418,0.6813736978067715,0.6813736978067715,5,5,0.755835443784741,508,0.2958624383097663,1.0,,,,,,
native_diagnostic_v1,mbd,diagnostic,llm_native,tone,True,choice,category,"[""positive"", ""negative"", ""neutral""]",,544,544,1.0,0.7849264705882353,0.7425577195235671,0.7425577195235671,3,3,,0,,0.0,,,,,,
native_diagnostic_v1,mbd,diagnostic,llm_native,focus,True,choice,category,"[""democrat"", ""republican"", ""both"", ""neither""]",,546,546,1.0,0.7857142857142857,0.7382118046849916,0.7382118046849916,4,4,,0,,0.0,,,,,,
native_diagnostic_v1,mbd,diagnostic,llm_native,type,True,choice,category,"[""fact"", ""opinion"", ""borderline"", ""quote"", ""other""]",,508,508,1.0,0.8287401574803149,0.7662141508157723,0.7662141508157723,5,5,,0,,0.0,,,,,,
native_diagnostic_v1,ucc,diagnostic,jev_native,healthy,True,choice,category,"[""0"", ""1""]",,1002,1002,1.0,0.5728542914171657,0.4562550398880194,0.4562550398880194,2,2,0.7360456274025546,1002,0.5238720558882237,1.0,,,,,,
native_diagnostic_v1,ucc,diagnostic,jev_native,sarcastic,True,choice,category,"[""0"", ""1""]",,1002,1002,1.0,0.5678642714570858,0.4356427529888303,0.4356427529888303,2,2,0.7843223647950047,1002,0.5563956087824354,1.0,,,,,,
native_diagnostic_v1,ucc,diagnostic,jev_native,generalisation,False,choice,category,"[""0"", ""1""]",,1002,1002,1.0,0.8253493013972056,0.5203813973080089,0.5203813973080089,2,2,0.4075758630331415,1002,0.25490878243513004,1.0,,,,,,
native_diagnostic_v1,ucc,diagnostic,jev_native,generalisation_unfair,True,choice,category,"[""0"", ""1""]",,1002,1002,1.0,0.8552894211576846,0.5364707458772409,0.5364707458772409,2,2,0.3447877970218329,1002,0.20419361277445114,1.0,,,,,,
native_diagnostic_v1,ucc,diagnostic,jev_native,hostile,True,choice,category,"[""0"", ""1""]",,1002,1002,1.0,0.6696606786427146,0.44794674913737,0.44794674913737,2,2,0.6147478134307904,1002,0.4253756487025941,1.0,,,,,,
native_diagnostic_v1,ucc,diagnostic,jev_native,antagonize,True,choice,category,"[""0"", ""1""]",,1002,1002,1.0,0.5848303393213573,0.4543398123324397,0.4543398123324397,2,2,0.7688530249215277,1002,0.5435772455089822,1.0,,,,,,
native_diagnostic_v1,ucc,diagnostic,jev_native,condescending,True,choice,category,"[""0"", ""1""]",,1002,1002,1.0,0.5828343313373253,0.44598412698412704,0.44598412698412704,2,2,0.7401500538791731,1002,0.5252179640718552,1.0,,,,,,
native_diagnostic_v1,ucc,diagnostic,jev_native,dismissive,True,choice,category,"[""0"", ""1""]",,1002,1002,1.0,0.5978043912175649,0.41031194005657295,0.41031194005657295,2,2,0.691363414669361,1002,0.4945592814371252,1.0,,,,,,
native_diagnostic_v1,ucc,diagnostic,jev_threshold_calibrated,healthy,True,choice,category,"[""0"", ""1""]",,1002,1002,1.0,0.935129740518962,0.48323878287777206,0.48323878287777206,2,2,0.21363820634221095,1002,0.11390284680091947,1.0,,,,,,
native_diagnostic_v1,ucc,diagnostic,jev_threshold_calibrated,sarcastic,True,choice,category,"[""0"", ""1""]",,1002,1002,1.0,0.7365269461077845,0.5280061664953751,0.5280061664953751,2,2,0.18005519529635067,1002,0.08804986593284324,1.0,,,,,,
native_diagnostic_v1,ucc,diagnostic,jev_threshold_calibrated,generalisation,False,choice,category,"[""0"", ""1""]",,1002,1002,1.0,0.9840319361277445,0.632327309421154,0.632327309421154,2,2,0.4075758630331415,1002,0.25490878243513004,1.0,,,,,,
native_diagnostic_v1,ucc,diagnostic,jev_threshold_calibrated,generalisation_unfair,True,choice,category,"[""0"", ""1""]",,1002,1002,1.0,0.9820359281437125,0.4954682779456193,0.4954682779456193,2,2,0.3447877970218329,1002,0.20419361277445114,1.0,,,,,,
native_diagnostic_v1,ucc,diagnostic,jev_threshold_calibrated,hostile,True,choice,category,"[""0"", ""1""]",,1002,1002,1.0,0.9770459081836327,0.49419485108531047,0.49419485108531047,2,2,0.09882065968595607,1002,0.040525104748551574,1.0,,,,,,
native_diagnostic_v1,ucc,diagnostic,jev_threshold_calibrated,antagonize,True,choice,category,"[""0"", ""1""]",,1002,1002,1.0,0.9031936127744511,0.6200078974427142,0.6200078974427142,2,2,0.17582570305296782,1002,0.09001434610973279,1.0,,,,,,
native_diagnostic_v1,ucc,diagnostic,jev_threshold_calibrated,condescending,True,choice,category,"[""0"", ""1""]",,1002,1002,1.0,0.9520958083832335,0.48773006134969327,0.48773006134969327,2,2,0.16918838267012126,1002,0.08470619023452797,1.0,,,,,,
native_diagnostic_v1,ucc,diagnostic,jev_threshold_calibrated,dismissive,True,choice,category,"[""0"", ""1""]",,1002,1002,1.0,0.9530938123752495,0.575649447192712,0.575649447192712,2,2,0.13346155278931202,1002,0.055968840682283506,1.0,,,,,,
native_diagnostic_v1,ucc,diagnostic,llm_native,healthy,True,choice,category,"[""0"", ""1""]",,1002,1002,1.0,0.6636726546906188,0.5085053890995364,0.5085053890995364,2,2,,0,,0.0,,,,,,
native_diagnostic_v1,ucc,diagnostic,llm_native,sarcastic,True,choice,category,"[""0"", ""1""]",,1002,1002,1.0,0.7764471057884231,0.5458430458430459,0.5458430458430459,2,2,,0,,0.0,,,,,,
native_diagnostic_v1,ucc,diagnostic,llm_native,generalisation,False,choice,category,"[""0"", ""1""]",,1002,1002,1.0,0.8512974051896207,0.5383188147653373,0.5383188147653373,2,2,,0,,0.0,,,,,,
native_diagnostic_v1,ucc,diagnostic,llm_native,generalisation_unfair,True,choice,category,"[""0"", ""1""]",,1002,1002,1.0,0.8672654690618763,0.5457176458557038,0.5457176458557038,2,2,,0,,0.0,,,,,,
native_diagnostic_v1,ucc,diagnostic,llm_native,hostile,True,choice,category,"[""0"", ""1""]",,1002,1002,1.0,0.7295409181636726,0.47878513337389794,0.47878513337389794,2,2,,0,,0.0,,,,,,
native_diagnostic_v1,ucc,diagnostic,llm_native,antagonize,True,choice,category,"[""0"", ""1""]",,1002,1002,1.0,0.7524950099800399,0.5434744268077601,0.5434744268077601,2,2,,0,,0.0,,,,,,
native_diagnostic_v1,ucc,diagnostic,llm_native,condescending,True,choice,category,"[""0"", ""1""]",,1002,1002,1.0,0.7285429141716567,0.5066362550233517,0.5066362550233517,2,2,,0,,0.0,,,,,,
native_diagnostic_v1,ucc,diagnostic,llm_native,dismissive,True,choice,category,"[""0"", ""1""]",,1002,1002,1.0,0.7335329341317365,0.4693417698921959,0.4693417698921959,2,2,,0,,0.0,,,,,,
native_discovery_v1,babe,discovery,jev_native,label_bias,True,choice,category,"[""Non-biased"", ""Biased""]",,200,200,1.0,0.815,0.813953488372093,0.813953488372093,2,2,0.5948665203812555,200,0.259405,1.0,,,,,,
native_discovery_v1,babe,discovery,llm_native,label_bias,True,choice,category,"[""Non-biased"", ""Biased""]",,200,200,1.0,0.8,0.7975503593481121,0.7975503593481121,2,2,,0,,0.0,,,,,,
native_discovery_v1,commonsense,discovery,jev_native,q1,True,noul,rater_fraction,,"[0, 1]",200,200,1.0,,,,,,,,,,0.1555570262712431,0.19877056646631758,0.1555570262712431,0.19877056646631758,0.5142026326429356,4594.0
native_discovery_v1,commonsense,discovery,jev_native,q2,True,noul,rater_fraction,,"[0, 1]",200,200,1.0,,,,,,,,,,0.14874892403753953,0.1950139457944875,0.14874892403753953,0.1950139457944875,0.5420992793688442,4594.0
native_discovery_v1,commonsense,discovery,llm_native,q1,True,noul,rater_fraction,,"[0, 1]",200,200,1.0,,,,,,,,,,0.1472904579495045,0.19680256829053872,0.1472904579495045,0.19680256829053872,0.5118608905560834,4594.0
native_discovery_v1,commonsense,discovery,llm_native,q2,True,noul,rater_fraction,,"[0, 1]",200,200,1.0,,,,,,,,,,0.13920316654631987,0.17810520494547447,0.13920316654631987,0.17810520494547447,0.5295498908549325,4594.0
native_discovery_v1,conflict,discovery,jev_native,rating_directness_content,True,choice,category,"[""Yes - Direct Content"", ""Neutral - Content contains no opinion"", ""No - Indirect Content""]",,92,92,1.0,0.9021739130434783,0.3161904761904762,0.9485714285714286,3,1,0.21367385031382272,92,0.11291521739130442,1.0,,,,,,
native_discovery_v1,conflict,discovery,jev_native,rating_directness_expression,True,choice,category,"[""Yes - Direct Expression"", ""No - Indirect Expression""]",,92,92,1.0,0.9021739130434783,0.6733727810650887,0.6733727810650887,2,2,0.3426725982588097,92,0.19983478260869553,1.0,,,,,,
native_discovery_v1,conflict,discovery,jev_native,rating_OI_content,True,choice,category,"[""Yes - Content opposes someone else"", ""No - Content does not oppose anyone""]",,92,92,1.0,0.8478260869565217,0.5689424364123159,0.5689424364123159,2,2,0.3585858557053849,92,0.21842826086956516,1.0,,,,,,
native_discovery_v1,conflict,discovery,jev_native,rating_OI_expression,True,choice,category,"[""Yes - Expression is emotional/forceful"", ""No - Expression is not emotional/forceful""]",,92,92,1.0,0.717391304347826,0.6116883116883117,0.6116883116883117,2,2,0.5653972940630256,92,0.38501086956521746,1.0,,,,,,
native_discovery_v1,conflict,discovery,llm_native,rating_directness_content,True,choice,category,"[""Yes - Direct Content"", ""Neutral - Content contains no opinion"", ""No - Indirect Content""]",,92,92,1.0,0.9891304347826086,0.331511839708561,0.994535519125683,3,1,,0,,0.0,,,,,,
native_discovery_v1,conflict,discovery,llm_native,rating_directness_expression,True,choice,category,"[""Yes - Direct Expression"", ""No - Indirect Expression""]",,92,92,1.0,0.9565217391304348,0.7386363636363636,0.7386363636363636,2,2,,0,,0.0,,,,,,
native_discovery_v1,conflict,discovery,llm_native,rating_OI_content,True,choice,category,"[""Yes - Content opposes someone else"", ""No - Content does not oppose anyone""]",,92,92,1.0,0.7717391304347826,0.5139622641509434,0.5139622641509434,2,2,,0,,0.0,,,,,,
native_discovery_v1,conflict,discovery,llm_native,rating_OI_expression,True,choice,category,"[""Yes - Expression is emotional/forceful"", ""No - Expression is not emotional/forceful""]",,92,92,1.0,0.782608695652174,0.6217105263157895,0.6217105263157895,2,2,,0,,0.0,,,,,,
native_discovery_v1,mbd,discovery,jev_native,type,True,choice,category,"[""fact"", ""opinion"", ""borderline"", ""quote"", ""other""]",,209,209,1.0,0.8421052631578947,0.6232823806151767,0.6232823806151767,5,5,0.8637664870947177,209,0.2801781966394405,1.0,,,,,,
native_discovery_v1,mbd,discovery,jev_native,tone,True,choice,category,"[""positive"", ""negative"", ""neutral""]",,210,210,1.0,0.8047619047619048,0.7177707369269465,0.7177707369269465,3,3,0.9366503721011493,210,0.3064333333333333,1.0,,,,,,
native_discovery_v1,mbd,discovery,jev_native,focus,True,choice,category,"[""democrat"", ""republican"", ""both"", ""neither""]",,204,204,1.0,0.9019607843137255,0.794354745704071,0.794354745704071,4,4,0.264284400391845,204,0.1483549019607843,1.0,,,,,,
native_discovery_v1,mbd,discovery,llm_native,type,True,choice,category,"[""fact"", ""opinion"", ""borderline"", ""quote"", ""other""]",,209,209,1.0,0.861244019138756,0.6001131654333625,0.6001131654333625,5,5,,0,,0.0,,,,,,
native_discovery_v1,mbd,discovery,llm_native,tone,True,choice,category,"[""positive"", ""negative"", ""neutral""]",,210,210,1.0,0.8666666666666667,0.782069975698259,0.782069975698259,3,3,,0,,0.0,,,,,,
native_discovery_v1,mbd,discovery,llm_native,focus,True,choice,category,"[""democrat"", ""republican"", ""both"", ""neither""]",,204,204,1.0,0.8970588235294118,0.781042300359993,0.781042300359993,4,4,,0,,0.0,,,,,,
native_discovery_v1,taskmap,discovery,jev_native,Q1concept_behav,True,noul,rater_fraction,,"[0, 1]",20,20,1.0,,,,,,,,,,0.05461029550159985,0.06316659008009975,0.05461029550159985,0.06316659008009975,0.15896957697230452,462.0
native_discovery_v1,taskmap,discovery,jev_native,Q2intel_manip_1,True,score,continuous_rating,,"[0, 1]",20,20,1.0,,,,,,,,,,0.06913391210239037,0.07866403668220054,0.06913391210239037,0.07866403668220054,,0.0
native_discovery_v1,taskmap,discovery,jev_native,Q3type_1_planning,True,noul,rater_fraction,,"[0, 1]",20,20,1.0,,,,,,,,,,0.08962097684923771,0.1199446641756414,0.08962097684923771,0.1199446641756414,0.49708171965910686,463.0
native_discovery_v1,taskmap,discovery,jev_native,Q4type_2_generate,True,noul,rater_fraction,,"[0, 1]",20,20,1.0,,,,,,,,,,0.08692800677583287,0.1137018186118573,0.08692800677583287,0.1137018186118573,0.3831654514373992,464.0
native_discovery_v1,taskmap,discovery,jev_native,Q5creativity_input_1,True,score,continuous_rating,,"[0, 1]",20,20,1.0,,,,,,,,,,0.24891168831168833,0.2701421221450058,0.24891168831168833,0.2701421221450058,,0.0
native_discovery_v1,taskmap,discovery,jev_native,Q6type_5_cc,True,noul,rater_fraction,,"[0, 1]",20,20,1.0,,,,,,,,,,0.08866083192170149,0.12017248102497774,0.08866083192170149,0.12017248102497774,0.3988988269504402,463.0
native_discovery_v1,taskmap,discovery,jev_native,Q7type_7_battle,True,noul,rater_fraction,,"[0, 1]",20,20,1.0,,,,,,,,,,0.13451661020139283,0.16515756699261558,0.13451661020139283,0.16515756699261558,0.5313656506454222,462.0
native_discovery_v1,taskmap,discovery,jev_native,Q8type_8_performance,True,noul,rater_fraction,,"[0, 1]",20,20,1.0,,,,,,,,,,0.06031695840391492,0.08183529704164492,0.06031695840391492,0.08183529704164492,0.28948948145884673,462.0
native_discovery_v1,taskmap,discovery,jev_native,Q9divisible_unitary,True,noul,rater_fraction,,"[0, 1]",20,20,1.0,,,,,,,,,,0.14023390739695088,0.17274980659682673,0.14023390739695088,0.17274980659682673,0.47450468489354347,444.0
native_discovery_v1,taskmap,discovery,jev_native,Q10maximizing,True,noul,rater_fraction,,"[0, 1]",20,20,1.0,,,,,,,,,,0.09802705627705628,0.11517576626327221,0.09802705627705628,0.11517576626327221,0.5322147843899656,464.0
native_discovery_v1,taskmap,discovery,jev_native,Q11optimizing,True,noul,rater_fraction,,"[0, 1]",20,20,1.0,,,,,,,,,,0.15237229437229438,0.19820506155311515,0.15237229437229438,0.19820506155311515,0.6079316096852393,462.0
native_discovery_v1,taskmap,discovery,jev_native,Q13outcome_multip,True,noul,rater_fraction,,"[0, 1]",20,20,1.0,,,,,,,,,,0.2343206286467156,0.2912428198190266,0.2343206286467156,0.2912428198190266,0.6818875205097342,459.0
native_discovery_v1,taskmap,discovery,jev_native,Q14sol_scheme_mul,True,noul,rater_fraction,,"[0, 1]",20,20,1.0,,,,,,,,,,0.17950155279503105,0.23237264376749484,0.17950155279503105,0.23237264376749484,0.6949573424575879,461.0
native_discovery_v1,taskmap,discovery,jev_native,Q15dec_verifiability,True,noul,rater_fraction,,"[0, 1]",20,20,1.0,,,,,,,,,,0.11794819311123658,0.13719286727691304,0.11794819311123658,0.13719286727691304,0.4070496442743936,460.0
native_discovery_v1,taskmap,discovery,jev_native,Q16shared_knowledge,True,noul,rater_fraction,,"[0, 1]",20,20,1.0,,,,,,,,,,0.18790942028985508,0.24077178288375484,0.18790942028985508,0.24077178288375484,0.6185818163901252,462.0
native_discovery_v1,taskmap,discovery,jev_native,Q17within_sys_sol,True,noul,rater_fraction,,"[0, 1]",20,20,1.0,,,,,,,,,,0.1235730754752494,0.15389041682456825,0.1235730754752494,0.15389041682456825,0.4377554644177588,460.0
native_discovery_v1,taskmap,discovery,jev_native,Q18ans_recog,True,noul,rater_fraction,,"[0, 1]",20,20,1.0,,,,,,,,,,0.16707561641257293,0.20338506349059995,0.16707561641257293,0.20338506349059995,0.5768356527380466,456.0
native_discovery_v1,taskmap,discovery,jev_native,Q19time_solvability,True,noul,rater_fraction,,"[0, 1]",20,20,1.0,,,,,,,,,,0.2782547995482778,0.3267881064180935,0.2782547995482778,0.3267881064180935,0.6741776448407435,459.0
native_discovery_v1,taskmap,discovery,jev_native,Q20type_3_type_4,True,noul,rater_fraction,,"[0, 1]",20,20,1.0,,,,,,,,,,0.17372586109542631,0.22062116423765213,0.17372586109542631,0.22062116423765213,0.48588650376603754,460.0
native_discovery_v1,taskmap,discovery,jev_native,Q21intellective_judg_1,True,score,continuous_rating,,"[0, 1]",20,20,1.0,,,,,,,,,,0.09971487859966119,0.13790368223165597,0.09971487859966119,0.13790368223165597,,0.0
native_discovery_v1,taskmap,discovery,jev_native,Q22confl_tradeoffs,True,noul,rater_fraction,,"[0, 1]",20,20,1.0,,,,,,,,,,0.1486962168266516,0.1810184122985408,0.1486962168266516,0.1810184122985408,0.47490000299753565,463.0
native_discovery_v1,taskmap,discovery,jev_native,Q23ss_out_uncert,True,noul,rater_fraction,,"[0, 1]",20,20,1.0,,,,,,,,,,0.09720830980613589,0.12662111568323195,0.09720830980613589,0.12662111568323195,0.5397883853873094,457.0
native_discovery_v1,taskmap,discovery,jev_native,Q24eureka_question,True,noul,rater_fraction,,"[0, 1]",20,20,1.0,,,,,,,,,,0.06648974214191605,0.07654322044472724,0.06648974214191605,0.07654322044472724,0.26569517927201247,457.0
native_discovery_v1,taskmap,discovery,llm_native,Q1concept_behav,True,noul,rater_fraction,,"[0, 1]",20,20,1.0,,,,,,,,,,0.0518059476755129,0.07146541083586204,0.0518059476755129,0.07146541083586204,0.1550639670547337,462.0
native_discovery_v1,taskmap,discovery,llm_native,Q2intel_manip_1,True,score,continuous_rating,,"[0, 1]",20,20,1.0,,,,,,,,,,0.04931174007152268,0.07252149669234045,0.04931174007152268,0.07252149669234045,,0.0
native_discovery_v1,taskmap,discovery,llm_native,Q3type_1_planning,True,noul,rater_fraction,,"[0, 1]",20,20,1.0,,,,,,,,,,0.11812097684923772,0.15364709004771487,0.11812097684923772,0.15364709004771487,0.5436587698418787,463.0
native_discovery_v1,taskmap,discovery,llm_native,Q4type_2_generate,True,noul,rater_fraction,,"[0, 1]",20,20,1.0,,,,,,,,,,0.0687613401091662,0.08341044148519376,0.0687613401091662,0.08341044148519376,0.35323680450784445,464.0
native_discovery_v1,taskmap,discovery,llm_native,Q5creativity_input_1,True,score,continuous_rating,,"[0, 1]",20,20,1.0,,,,,,,,,,0.08663237342367777,0.10682061468401957,0.08663237342367777,0.10682061468401957,,0.0
native_discovery_v1,taskmap,discovery,llm_native,Q6type_5_cc,True,noul,rater_fraction,,"[0, 1]",20,20,1.0,,,,,,,,,,0.09729851308112178,0.12425215558554394,0.09729851308112178,0.12425215558554394,0.41223442117678893,463.0
native_discovery_v1,taskmap,discovery,llm_native,Q7type_7_battle,True,noul,rater_fraction,,"[0, 1]",20,20,1.0,,,,,,,,,,0.12598037831733483,0.1571207727737154,0.12598037831733483,0.1571207727737154,0.5262796942152896,462.0
native_discovery_v1,taskmap,discovery,llm_native,Q8type_8_performance,True,noul,rater_fraction,,"[0, 1]",20,20,1.0,,,,,,,,,,0.06972068511198945,0.0811761429860817,0.06972068511198945,0.0811761429860817,0.2890290729894269,462.0
native_discovery_v1,taskmap,discovery,llm_native,Q9divisible_unitary,True,noul,rater_fraction,,"[0, 1]",20,20,1.0,,,,,,,,,,0.13450663466967813,0.18913413786249483,0.13450663466967813,0.18913413786249483,0.48685197925475704,444.0
native_discovery_v1,taskmap,discovery,llm_native,Q10maximizing,True,noul,rater_fraction,,"[0, 1]",20,20,1.0,,,,,,,,,,0.16352705627705627,0.19968173140170253,0.16352705627705627,0.19968173140170253,0.6011370500372513,464.0
native_discovery_v1,taskmap,discovery,llm_native,Q11optimizing,True,noul,rater_fraction,,"[0, 1]",20,20,1.0,,,,,,,,,,0.22978402032749862,0.3110620908535366,0.22978402032749862,0.3110620908535366,0.7676918182715755,462.0
native_discovery_v1,taskmap,discovery,llm_native,Q13outcome_multip,True,noul,rater_fraction,,"[0, 1]",20,20,1.0,,,,,,,,,,0.23393967626576323,0.31436820278283145,0.23393967626576323,0.31436820278283145,0.7252372357410531,459.0
native_discovery_v1,taskmap,discovery,llm_native,Q14sol_scheme_mul,True,noul,rater_fraction,,"[0, 1]",20,20,1.0,,,,,,,,,,0.16652969132316958,0.21674285306696853,0.16652969132316958,0.21674285306696853,0.6771197349777953,461.0
native_discovery_v1,taskmap,discovery,llm_native,Q15dec_verifiability,True,noul,rater_fraction,,"[0, 1]",20,20,1.0,,,,,,,,,,0.13406102955016,0.17170366944425972,0.13406102955016,0.17170366944425972,0.4412342611684863,460.0
native_discovery_v1,taskmap,discovery,llm_native,Q16shared_knowledge,True,noul,rater_fraction,,"[0, 1]",20,20,1.0,,,,,,,,,,0.2464580745341615,0.3283588385754644,0.2464580745341615,0.3283588385754644,0.7653295872014703,462.0
native_discovery_v1,taskmap,discovery,llm_native,Q17within_sys_sol,True,noul,rater_fraction,,"[0, 1]",20,20,1.0,,,,,,,,,,0.0937811500094109,0.13276633237642244,0.0937811500094109,0.13276633237642244,0.4272415443562927,460.0
native_discovery_v1,taskmap,discovery,llm_native,Q18ans_recog,True,noul,rater_fraction,,"[0, 1]",20,20,1.0,,,,,,,,,,0.11656724073028421,0.15688881321106993,0.11656724073028421,0.15688881321106993,0.5408673883140092,456.0
native_discovery_v1,taskmap,discovery,llm_native,Q19time_solvability,True,noul,rater_fraction,,"[0, 1]",20,20,1.0,,,,,,,,,,0.16392146621494447,0.2097244360417304,0.16392146621494447,0.2097244360417304,0.5333913140409564,459.0
native_discovery_v1,taskmap,discovery,llm_native,Q20type_3_type_4,True,noul,rater_fraction,,"[0, 1]",20,20,1.0,,,,,,,,,,0.16885629587803502,0.2064310948568706,0.16885629587803502,0.2064310948568706,0.47473258387981604,460.0
native_discovery_v1,taskmap,discovery,llm_native,Q21intellective_judg_1,True,score,continuous_rating,,"[0, 1]",20,20,1.0,,,,,,,,,,0.1255909843779409,0.16840608918105246,0.1255909843779409,0.16840608918105246,,0.0
native_discovery_v1,taskmap,discovery,llm_native,Q22confl_tradeoffs,True,noul,rater_fraction,,"[0, 1]",20,20,1.0,,,,,,,,,,0.15068370035761341,0.18292363524372565,0.15068370035761341,0.18292363524372565,0.4667181455400012,463.0
native_discovery_v1,taskmap,discovery,llm_native,Q23ss_out_uncert,True,noul,rater_fraction,,"[0, 1]",20,20,1.0,,,,,,,,,,0.14118864106907586,0.18262148536808218,0.14118864106907586,0.18262148536808218,0.5819651950473119,457.0
native_discovery_v1,taskmap,discovery,llm_native,Q24eureka_question,True,noul,rater_fraction,,"[0, 1]",20,20,1.0,,,,,,,,,,0.08858498023715415,0.10839062111407456,0.08858498023715415,0.10839062111407456,0.28821688161619347,457.0
native_discovery_v1,ucc,discovery,jev_native,healthy,True,choice,category,"[""0"", ""1""]",,210,210,1.0,0.5476190476190477,0.4430330271643541,0.4430330271643541,2,2,0.7697000770496246,210,0.5524961904761905,1.0,,,,,,
native_discovery_v1,ucc,discovery,jev_native,sarcastic,True,choice,category,"[""0"", ""1""]",,210,210,1.0,0.5571428571428572,0.3938359353176697,0.3938359353176697,2,2,0.7969224726735173,210,0.5666095238095239,1.0,,,,,,
native_discovery_v1,ucc,discovery,jev_native,generalisation,False,choice,category,"[""0"", ""1""]",,210,210,1.0,0.8285714285714286,0.5238095238095238,0.5238095238095238,2,2,0.4031142994513328,210,0.25372095238095227,1.0,,,,,,
native_discovery_v1,ucc,discovery,jev_native,generalisation_unfair,True,choice,category,"[""0"", ""1""]",,210,210,1.0,0.8761904761904762,0.5602448453608248,0.5602448453608248,2,2,0.3421712395478064,210,0.19966857142857145,1.0,,,,,,
native_discovery_v1,ucc,discovery,jev_native,hostile,True,choice,category,"[""0"", ""1""]",,210,210,1.0,0.6428571428571429,0.415345781209399,0.415345781209399,2,2,0.6689495377026823,210,0.46549333333333354,1.0,,,,,,
native_discovery_v1,ucc,discovery,jev_native,antagonize,True,choice,category,"[""0"", ""1""]",,210,210,1.0,0.5428571428571428,0.4087976539589443,0.4087976539589443,2,2,0.8292790486744072,210,0.5926266666666667,1.0,,,,,,
native_discovery_v1,ucc,discovery,jev_native,condescending,True,choice,category,"[""0"", ""1""]",,210,210,1.0,0.580952380952381,0.39694556846364704,0.39694556846364704,2,2,0.7371666995430881,210,0.528164761904762,1.0,,,,,,
native_discovery_v1,ucc,discovery,jev_native,dismissive,True,choice,category,"[""0"", ""1""]",,210,210,1.0,0.580952380952381,0.38759278897136795,0.38759278897136795,2,2,0.7079674186528433,210,0.5106990476190477,1.0,,,,,,
native_discovery_v1,ucc,discovery,llm_native,healthy,True,choice,category,"[""0"", ""1""]",,210,210,1.0,0.6333333333333333,0.498122226015705,0.498122226015705,2,2,,0,,0.0,,,,,,
native_discovery_v1,ucc,discovery,llm_native,sarcastic,True,choice,category,"[""0"", ""1""]",,210,210,1.0,0.7428571428571429,0.45989712326157367,0.45989712326157367,2,2,,0,,0.0,,,,,,
native_discovery_v1,ucc,discovery,llm_native,generalisation,False,choice,category,"[""0"", ""1""]",,210,210,1.0,0.8333333333333334,0.5053502927518676,0.5053502927518676,2,2,,0,,0.0,,,,,,
native_discovery_v1,ucc,discovery,llm_native,generalisation_unfair,True,choice,category,"[""0"", ""1""]",,210,210,1.0,0.8523809523809524,0.5168831168831168,0.5168831168831168,2,2,,0,,0.0,,,,,,
native_discovery_v1,ucc,discovery,llm_native,hostile,True,choice,category,"[""0"", ""1""]",,210,210,1.0,0.6857142857142857,0.4209558823529412,0.4209558823529412,2,2,,0,,0.0,,,,,,
native_discovery_v1,ucc,discovery,llm_native,antagonize,True,choice,category,"[""0"", ""1""]",,210,210,1.0,0.7238095238095238,0.5028571428571429,0.5028571428571429,2,2,,0,,0.0,,,,,,
native_discovery_v1,ucc,discovery,llm_native,condescending,True,choice,category,"[""0"", ""1""]",,210,210,1.0,0.7476190476190476,0.49175761450294536,0.49175761450294536,2,2,,0,,0.0,,,,,,
native_discovery_v1,ucc,discovery,llm_native,dismissive,True,choice,category,"[""0"", ""1""]",,210,210,1.0,0.7142857142857143,0.4469803370786517,0.4469803370786517,2,2,,0,,0.0,,,,,,
routing_diagnostic_v1_b025,babe,diagnostic,jev_grounded,label_bias,True,choice,category,"[""Non-biased"", ""Biased""]",,1000,1000,1.0,0.782,0.7819441777094936,0.7819441777094936,2,2,0.5915112839931391,1000,0.3196008000000009,1.0,,,,,,
routing_diagnostic_v1_b025,babe,diagnostic,jev_targeted_llm,label_bias,True,choice,category,"[""Non-biased"", ""Biased""]",,1000,1000,1.0,0.779,0.7756051300119509,0.7756051300119509,2,2,0.47434834860083575,760,0.30877057985295603,0.76,,,,,,
routing_diagnostic_v1_b025,commonsense,diagnostic,jev_grounded,q1,True,noul,rater_fraction,,"[0, 1]",1000,1000,1.0,,,,,,,,,,0.16930834583403329,0.20844459611825716,0.16930834583403329,0.20844459611825716,0.549924991966463,23070.0
routing_diagnostic_v1_b025,commonsense,diagnostic,jev_grounded,q2,True,noul,rater_fraction,,"[0, 1]",1000,1000,1.0,,,,,,,,,,0.16079412264078427,0.20232669267940182,0.16079412264078427,0.20232669267940182,0.5640391363623246,23070.0
routing_diagnostic_v1_b025,commonsense,diagnostic,jev_targeted_llm,q1,True,noul,rater_fraction,,"[0, 1]",1000,1000,1.0,,,,,,,,,,0.14892622007822567,0.1920182474950256,0.14892622007822567,0.1920182474950256,0.5327740613601039,23070.0
routing_diagnostic_v1_b025,commonsense,diagnostic,jev_targeted_llm,q2,True,noul,rater_fraction,,"[0, 1]",1000,1000,1.0,,,,,,,,,,0.1427904325378905,0.18161263531121966,0.1427904325378905,0.18161263531121966,0.5434280657434497,23070.0
routing_diagnostic_v1_b025,conflict,diagnostic,jev_grounded,rating_directness_content,True,choice,category,"[""Yes - Direct Content"", ""Neutral - Content contains no opinion"", ""No - Indirect Content""]",,797,797,1.0,0.8707653701380176,0.3577698466287258,0.5366547699430887,3,2,0.3925607428550237,797,0.1899479211464998,1.0,,,,,,
routing_diagnostic_v1_b025,conflict,diagnostic,jev_grounded,rating_directness_expression,True,choice,category,"[""Yes - Direct Expression"", ""No - Indirect Expression""]",,802,802,1.0,0.7331670822942643,0.5317465514230837,0.5317465514230837,2,2,0.5995234885007277,802,0.38682967581047417,1.0,,,,,,
routing_diagnostic_v1_b025,conflict,diagnostic,jev_grounded,rating_OI_content,True,choice,category,"[""Yes - Content opposes someone else"", ""No - Content does not oppose anyone""]",,802,802,1.0,0.6221945137157108,0.4840406897122802,0.4840406897122802,2,2,1.4583962058306101,802,0.569091271820449,1.0,,,,,,
routing_diagnostic_v1_b025,conflict,diagnostic,jev_grounded,rating_OI_expression,True,choice,category,"[""Yes - Expression is emotional/forceful"", ""No - Expression is not emotional/forceful""]",,802,802,1.0,0.8179551122194514,0.6267722358221135,0.6267722358221135,2,2,0.5309663594347644,802,0.26647880299251897,1.0,,,,,,
routing_diagnostic_v1_b025,conflict,diagnostic,jev_targeted_llm,rating_directness_content,True,choice,category,"[""Yes - Direct Content"", ""Neutral - Content contains no opinion"", ""No - Indirect Content""]",,797,797,1.0,0.8820577164366374,0.35154812595279394,0.5273221889291909,3,2,0.3824377502269537,605,0.19315112298374054,0.7590966122961104,,,,,,
routing_diagnostic_v1_b025,conflict,diagnostic,jev_targeted_llm,rating_directness_expression,True,choice,category,"[""Yes - Direct Expression"", ""No - Indirect Expression""]",,802,802,1.0,0.8665835411471322,0.5490001313887795,0.5490001313887795,2,2,0.2929403971396629,610,0.1714070417551512,0.7605985037406484,,,,,,
routing_diagnostic_v1_b025,conflict,diagnostic,jev_targeted_llm,rating_OI_content,True,choice,category,"[""Yes - Content opposes someone else"", ""No - Content does not oppose anyone""]",,802,802,1.0,0.7630922693266833,0.5468764868208202,0.5468764868208202,2,2,0.4921888085687622,610,0.19422672744178052,0.7605985037406484,,,,,,
routing_diagnostic_v1_b025,conflict,diagnostic,jev_targeted_llm,rating_OI_expression,True,choice,category,"[""Yes - Expression is emotional/forceful"", ""No - Expression is not emotional/forceful""]",,802,802,1.0,0.8877805486284289,0.6767577250335871,0.6767577250335871,2,2,0.28097233113442216,610,0.15246552872010966,0.7605985037406484,,,,,,
routing_diagnostic_v1_b025,mbd,diagnostic,jev_grounded,tone,True,choice,category,"[""positive"", ""negative"", ""neutral""]",,544,544,1.0,0.7591911764705882,0.7099713924820114,0.7099713924820114,3,3,0.7161950737222738,544,0.3653328194301905,1.0,,,,,,
routing_diagnostic_v1_b025,mbd,diagnostic,jev_grounded,focus,True,choice,category,"[""democrat"", ""republican"", ""both"", ""neither""]",,546,546,1.0,0.8333333333333334,0.7851776741843505,0.7851776741843505,4,4,0.3351527752719908,546,0.21564646744949775,1.0,,,,,,
routing_diagnostic_v1_b025,mbd,diagnostic,jev_grounded,type,True,choice,category,"[""fact"", ""opinion"", ""borderline"", ""quote"", ""other""]",,508,508,1.0,0.7952755905511811,0.6550487902005387,0.6550487902005387,5,5,0.6280065813704835,508,0.2837344259825651,1.0,,,,,,
routing_diagnostic_v1_b025,mbd,diagnostic,jev_targeted_llm,tone,True,choice,category,"[""positive"", ""negative"", ""neutral""]",,544,544,1.0,0.7738970588235294,0.7013869864104638,0.7013869864104638,3,3,0.5051631079771131,396,0.29075035469771143,0.7279411764705882,,,,,,
routing_diagnostic_v1_b025,mbd,diagnostic,jev_targeted_llm,focus,True,choice,category,"[""democrat"", ""republican"", ""both"", ""neither""]",,546,546,1.0,0.8021978021978022,0.7379528580794039,0.7379528580794039,4,4,0.37392593228805965,397,0.24151730787764678,0.7271062271062271,,,,,,
routing_diagnostic_v1_b025,mbd,diagnostic,jev_targeted_llm,type,True,choice,category,"[""fact"", ""opinion"", ""borderline"", ""quote"", ""other""]",,508,508,1.0,0.8051181102362205,0.6875777275880983,0.6875777275880983,5,5,0.6064464318269229,367,0.27115840351051373,0.7224409448818898,,,,,,
routing_diagnostic_v1_b025,ucc,diagnostic,jev_grounded,healthy,True,choice,category,"[""0"", ""1""]",,1002,1002,1.0,0.5049900199600799,0.4054436873133757,0.4054436873133757,2,2,1.9720052190230282,1002,0.7394578842315367,1.0,,,,,,
routing_diagnostic_v1_b025,ucc,diagnostic,jev_grounded,sarcastic,True,choice,category,"[""0"", ""1""]",,1002,1002,1.0,0.5768463073852296,0.42732051869625,0.42732051869625,2,2,1.0044716101809887,1002,0.5953161676646715,1.0,,,,,,
routing_diagnostic_v1_b025,ucc,diagnostic,jev_grounded,generalisation,False,choice,category,"[""0"", ""1""]",,1002,1002,1.0,0.7944111776447106,0.4902501185395922,0.4902501185395922,2,2,0.5176769090913286,1002,0.2859626746506994,1.0,,,,,,
routing_diagnostic_v1_b025,ucc,diagnostic,jev_grounded,generalisation_unfair,True,choice,category,"[""0"", ""1""]",,1002,1002,1.0,0.8592814371257484,0.5183923914710845,0.5183923914710845,2,2,0.3498869413017999,1002,0.21457105788423217,1.0,,,,,,
routing_diagnostic_v1_b025,ucc,diagnostic,jev_grounded,hostile,True,choice,category,"[""0"", ""1""]",,1002,1002,1.0,0.6746506986027944,0.450454572984031,0.450454572984031,2,2,0.8302454900150393,1002,0.47156447105788457,1.0,,,,,,
routing_diagnostic_v1_b025,ucc,diagnostic,jev_grounded,antagonize,True,choice,category,"[""0"", ""1""]",,1002,1002,1.0,0.5449101796407185,0.4233850409639527,0.4233850409639527,2,2,1.6607411054701802,1002,0.6819928143712561,1.0,,,,,,
routing_diagnostic_v1_b025,ucc,diagnostic,jev_grounded,condescending,True,choice,category,"[""0"", ""1""]",,1002,1002,1.0,0.6117764471057884,0.4520379630631935,0.4520379630631935,2,2,0.9683395480503146,1002,0.5542604790419162,1.0,,,,,,
routing_diagnostic_v1_b025,ucc,diagnostic,jev_grounded,dismissive,True,choice,category,"[""0"", ""1""]",,1002,1002,1.0,0.6197604790419161,0.419004905012,0.419004905012,2,2,0.7885484037563537,1002,0.5225788423153701,1.0,,,,,,
routing_diagnostic_v1_b025,ucc,diagnostic,jev_targeted_llm,healthy,True,choice,category,"[""0"", ""1""]",,1002,1002,1.0,0.8333333333333334,0.538265411710168,0.538265411710168,2,2,0.31889245437590696,762,0.18605684806762357,0.7604790419161677,,,,,,
routing_diagnostic_v1_b025,ucc,diagnostic,jev_targeted_llm,sarcastic,True,choice,category,"[""0"", ""1""]",,1002,1002,1.0,0.8642714570858283,0.5433305183576628,0.5433305183576628,2,2,0.21547714264791884,762,0.10570780042859347,0.7604790419161677,,,,,,
routing_diagnostic_v1_b025,ucc,diagnostic,jev_targeted_llm,generalisation,False,choice,category,"[""0"", ""1""]",,1002,1002,1.0,0.935129740518962,0.571724478053592,0.571724478053592,2,2,0.4698295559582703,762,0.2915627296587933,0.7604790419161677,,,,,,
routing_diagnostic_v1_b025,ucc,diagnostic,jev_targeted_llm,generalisation_unfair,True,choice,category,"[""0"", ""1""]",,1002,1002,1.0,0.9500998003992016,0.5839008670808279,0.5839008670808279,2,2,0.35057726998620214,762,0.21771706036745428,0.7604790419161677,,,,,,
routing_diagnostic_v1_b025,ucc,diagnostic,jev_targeted_llm,hostile,True,choice,category,"[""0"", ""1""]",,1002,1002,1.0,0.9241516966067864,0.5579240682688958,0.5579240682688958,2,2,0.10521471822521838,762,0.04410731730541988,0.7604790419161677,,,,,,
routing_diagnostic_v1_b025,ucc,diagnostic,jev_targeted_llm,antagonize,True,choice,category,"[""0"", ""1""]",,1002,1002,1.0,0.8762475049900199,0.541973251544598,0.541973251544598,2,2,0.2550514586727412,762,0.14454259225609048,0.7604790419161677,,,,,,
routing_diagnostic_v1_b025,ucc,diagnostic,jev_targeted_llm,condescending,True,choice,category,"[""0"", ""1""]",,1002,1002,1.0,0.8552894211576846,0.550712940543449,0.550712940543449,2,2,0.19964149010797655,762,0.10236007237174904,0.7604790419161677,,,,,,
routing_diagnostic_v1_b025,ucc,diagnostic,jev_targeted_llm,dismissive,True,choice,category,"[""0"", ""1""]",,1002,1002,1.0,0.8483033932135728,0.4952810180275716,0.4952810180275716,2,2,0.1437880426912918,762,0.06243849070218185,0.7604790419161677,,,,,,
routing_discovery_v1_b01,babe,discovery,jev_explanation,label_bias,True,choice,category,"[""Non-biased"", ""Biased""]",,200,184,0.92,0.695,0.7168949771689497,0.7168949771689497,2,2,0.5478887372457892,184,0.3321050476451278,0.92,,,,,,
routing_discovery_v1_b01,babe,discovery,jev_grounded,label_bias,True,choice,category,"[""Non-biased"", ""Biased""]",,200,200,1.0,0.77,0.7691690084303493,0.7691690084303493,2,2,0.7973004331708354,200,0.3275049999999999,1.0,,,,,,
routing_discovery_v1_b01,babe,discovery,jev_targeted_llm,label_bias,True,choice,category,"[""Non-biased"", ""Biased""]",,200,200,1.0,0.75,0.7469379491851402,0.7469379491851402,2,2,0.5478887372457892,184,0.3321050476451278,0.92,,,,,,
routing_discovery_v1_b01,commonsense,discovery,jev_explanation,q1,True,noul,rater_fraction,,"[0, 1]",200,192,0.96,,,,,,,,,,0.14802350610060458,0.19253189024671183,0.14802350610060458,0.19253189024671183,0.5115171333329301,4427.0
routing_discovery_v1_b01,commonsense,discovery,jev_explanation,q2,True,noul,rater_fraction,,"[0, 1]",200,192,0.96,,,,,,,,,,0.13659483382911952,0.17677115821608008,0.13659483382911952,0.17677115821608008,0.5307565416386953,4427.0
routing_discovery_v1_b01,commonsense,discovery,jev_grounded,q1,True,noul,rater_fraction,,"[0, 1]",200,200,1.0,,,,,,,,,,0.15650048435401162,0.1974136956297864,0.15650048435401162,0.1974136956297864,0.5146039005639742,4594.0
routing_discovery_v1_b01,commonsense,discovery,jev_grounded,q2,True,noul,rater_fraction,,"[0, 1]",200,200,1.0,,,,,,,,,,0.1485781747694043,0.19342156585306208,0.1485781747694043,0.19342156585306208,0.5419011280199416,4594.0
routing_discovery_v1_b01,commonsense,discovery,jev_targeted_llm,q1,True,noul,rater_fraction,,"[0, 1]",200,200,1.0,,,,,,,,,,0.14992111086039428,0.19456607668691614,0.14992111086039428,0.19456607668691614,0.51250253228368,4594.0
routing_discovery_v1_b01,commonsense,discovery,jev_targeted_llm,q2,True,noul,rater_fraction,,"[0, 1]",200,200,1.0,,,,,,,,,,0.1387898632575464,0.1785247134746488,0.1387898632575464,0.1785247134746488,0.5307000995886436,4594.0
routing_discovery_v1_b01,conflict,discovery,jev_explanation,rating_directness_content,True,choice,category,"[""Yes - Direct Content"", ""Neutral - Content contains no opinion"", ""No - Indirect Content""]",,92,92,1.0,0.8913043478260869,0.31417624521072796,0.9425287356321839,3,1,0.24227887588323202,92,0.13458695652173913,1.0,,,,,,
routing_discovery_v1_b01,conflict,discovery,jev_explanation,rating_directness_expression,True,choice,category,"[""Yes - Direct Expression"", ""No - Indirect Expression""]",,92,92,1.0,0.9456521739130435,0.4860335195530726,0.4860335195530726,2,2,0.23160638929016306,92,0.10664531713122807,1.0,,,,,,
routing_discovery_v1_b01,conflict,discovery,jev_explanation,rating_OI_content,True,choice,category,"[""Yes - Content opposes someone else"", ""No - Content does not oppose anyone""]",,92,92,1.0,0.9130434782608695,0.5770114942528736,0.5770114942528736,2,2,0.09360520325359832,92,0.03916359631834953,1.0,,,,,,
routing_discovery_v1_b01,conflict,discovery,jev_explanation,rating_OI_expression,True,choice,category,"[""Yes - Expression is emotional/forceful"", ""No - Expression is not emotional/forceful""]",,92,92,1.0,0.8260869565217391,0.6166666666666667,0.6166666666666667,2,2,0.4542356905735075,92,0.24736882599925328,1.0,,,,,,
routing_discovery_v1_b01,conflict,discovery,jev_grounded,rating_directness_content,True,choice,category,"[""Yes - Direct Content"", ""Neutral - Content contains no opinion"", ""No - Indirect Content""]",,92,92,1.0,0.8913043478260869,0.31417624521072796,0.9425287356321839,3,1,0.24227887588323202,92,0.13458695652173913,1.0,,,,,,
routing_discovery_v1_b01,conflict,discovery,jev_grounded,rating_directness_expression,True,choice,category,"[""Yes - Direct Expression"", ""No - Indirect Expression""]",,92,92,1.0,0.8152173913043478,0.5430908559742915,0.5430908559742915,2,2,0.43269038862058845,92,0.27517391304347827,1.0,,,,,,
routing_discovery_v1_b01,conflict,discovery,jev_grounded,rating_OI_content,True,choice,category,"[""Yes - Content opposes someone else"", ""No - Content does not oppose anyone""]",,92,92,1.0,0.8260869565217391,0.5073627844712182,0.5073627844712182,2,2,0.46408615791888286,92,0.2778891304347826,1.0,,,,,,
routing_discovery_v1_b01,conflict,discovery,jev_grounded,rating_OI_expression,True,choice,category,"[""Yes - Expression is emotional/forceful"", ""No - Expression is not emotional/forceful""]",,92,92,1.0,0.7717391304347826,0.6583554376657825,0.6583554376657825,2,2,0.9898331518844046,92,0.36934565217391296,1.0,,,,,,
routing_discovery_v1_b01,conflict,discovery,jev_targeted_llm,rating_directness_content,True,choice,category,"[""Yes - Direct Content"", ""Neutral - Content contains no opinion"", ""No - Indirect Content""]",,92,92,1.0,0.8913043478260869,0.31417624521072796,0.9425287356321839,3,1,0.24227887588323202,92,0.13458695652173913,1.0,,,,,,
routing_discovery_v1_b01,conflict,discovery,jev_targeted_llm,rating_directness_expression,True,choice,category,"[""Yes - Direct Expression"", ""No - Indirect Expression""]",,92,92,1.0,0.9456521739130435,0.4860335195530726,0.4860335195530726,2,2,0.23160638929016306,92,0.10664531713122807,1.0,,,,,,
routing_discovery_v1_b01,conflict,discovery,jev_targeted_llm,rating_OI_content,True,choice,category,"[""Yes - Content opposes someone else"", ""No - Content does not oppose anyone""]",,92,92,1.0,0.9130434782608695,0.5770114942528736,0.5770114942528736,2,2,0.09360520325359832,92,0.03916359631834953,1.0,,,,,,
routing_discovery_v1_b01,conflict,discovery,jev_targeted_llm,rating_OI_expression,True,choice,category,"[""Yes - Expression is emotional/forceful"", ""No - Expression is not emotional/forceful""]",,92,92,1.0,0.8260869565217391,0.6166666666666667,0.6166666666666667,2,2,0.4542356905735075,92,0.24736882599925328,1.0,,,,,,
routing_discovery_v1_b01,mbd,discovery,jev_explanation,type,True,choice,category,"[""fact"", ""opinion"", ""borderline"", ""quote"", ""other""]",,209,193,0.9234449760765551,0.7799043062200957,0.5552884615384615,0.5552884615384615,5,5,0.46690641162255586,193,0.245120207253886,0.9234449760765551,,,,,,
routing_discovery_v1_b01,mbd,discovery,jev_explanation,tone,True,choice,category,"[""positive"", ""negative"", ""neutral""]",,210,194,0.9238095238095239,0.7857142857142857,0.7283380311097192,0.7283380311097192,3,3,0.39011808681109106,194,0.21087228318458492,0.9238095238095239,,,,,,
routing_discovery_v1_b01,mbd,discovery,jev_explanation,focus,True,choice,category,"[""democrat"", ""republican"", ""both"", ""neither""]",,204,188,0.9215686274509803,0.8235294117647058,0.7749769585253456,0.7749769585253456,4,4,0.3055412799167144,188,0.17369574468085108,0.9215686274509803,,,,,,
routing_discovery_v1_b01,mbd,discovery,jev_grounded,type,True,choice,category,"[""fact"", ""opinion"", ""borderline"", ""quote"", ""other""]",,209,209,1.0,0.84688995215311,0.5716290764251929,0.5716290764251929,5,5,0.4653183090301429,209,0.24243975905202508,1.0,,,,,,
routing_discovery_v1_b01,mbd,discovery,jev_grounded,tone,True,choice,category,"[""positive"", ""negative"", ""neutral""]",,210,210,1.0,0.8285714285714286,0.7418744007670183,0.7418744007670183,3,3,0.507085148353862,210,0.2539247619047618,1.0,,,,,,
routing_discovery_v1_b01,mbd,discovery,jev_grounded,focus,True,choice,category,"[""democrat"", ""republican"", ""both"", ""neither""]",,204,204,1.0,0.9019607843137255,0.7898418233902105,0.7898418233902105,4,4,0.2817773657787381,204,0.16008529411764708,1.0,,,,,,
routing_discovery_v1_b01,mbd,discovery,jev_targeted_llm,type,True,choice,category,"[""fact"", ""opinion"", ""borderline"", ""quote"", ""other""]",,209,209,1.0,0.84688995215311,0.5716290764251929,0.5716290764251929,5,5,0.46690641162255586,193,0.245120207253886,0.9234449760765551,,,,,,
routing_discovery_v1_b01,mbd,discovery,jev_targeted_llm,tone,True,choice,category,"[""positive"", ""negative"", ""neutral""]",,210,210,1.0,0.861904761904762,0.7471381306865178,0.7471381306865178,3,3,0.39011808681109106,194,0.21087228318458492,0.9238095238095239,,,,,,
routing_discovery_v1_b01,mbd,discovery,jev_targeted_llm,focus,True,choice,category,"[""democrat"", ""republican"", ""both"", ""neither""]",,204,204,1.0,0.9019607843137255,0.7898418233902105,0.7898418233902105,4,4,0.3055412799167144,188,0.17369574468085108,0.9215686274509803,,,,,,
routing_discovery_v1_b01,taskmap,discovery,jev_explanation,Q1concept_behav,True,noul,rater_fraction,,"[0, 1]",20,20,1.0,,,,,,,,,,0.028644807866875278,0.034433258716591295,0.028644807866875278,0.034433258716591295,0.13151409001728542,462.0
routing_discovery_v1_b01,taskmap,discovery,jev_explanation,Q2intel_manip_1,True,score,continuous_rating,,"[0, 1]",20,20,1.0,,,,,,,,,,0.0386513697333578,0.055506246372659634,0.0386513697333578,0.055506246372659634,,0.0
routing_discovery_v1_b01,taskmap,discovery,jev_explanation,Q3type_1_planning,True,noul,rater_fraction,,"[0, 1]",20,20,1.0,,,,,,,,,,0.06264176461091883,0.07880009282154436,0.06264176461091883,0.07880009282154436,0.47122762389982187,463.0
routing_discovery_v1_b01,taskmap,discovery,jev_explanation,Q4type_2_generate,True,noul,rater_fraction,,"[0, 1]",20,20,1.0,,,,,,,,,,0.08859567804853616,0.12298330918809164,0.08859567804853616,0.12298330918809164,0.36638371717608054,464.0
routing_discovery_v1_b01,taskmap,discovery,jev_explanation,Q5creativity_input_1,True,score,continuous_rating,,"[0, 1]",20,20,1.0,,,,,,,,,,0.10363542665035155,0.12330108095043879,0.10363542665035155,0.12330108095043879,,0.0
routing_discovery_v1_b01,taskmap,discovery,jev_explanation,Q6type_5_cc,True,noul,rater_fraction,,"[0, 1]",20,20,1.0,,,,,,,,,,0.07795353446626747,0.10859427073578974,0.07795353446626747,0.10859427073578974,0.3917948556462558,463.0
routing_discovery_v1_b01,taskmap,discovery,jev_explanation,Q7type_7_battle,True,noul,rater_fraction,,"[0, 1]",20,20,1.0,,,,,,,,,,0.11178933747412009,0.12806001009242984,0.11178933747412009,0.12806001009242984,0.5031656128740916,462.0
routing_discovery_v1_b01,taskmap,discovery,jev_explanation,Q8type_8_performance,True,noul,rater_fraction,,"[0, 1]",20,20,1.0,,,,,,,,,,0.0891704213477911,0.11991450155381661,0.0891704213477911,0.11991450155381661,0.3163237906568637,462.0
routing_discovery_v1_b01,taskmap,discovery,jev_explanation,Q9divisible_unitary,True,noul,rater_fraction,,"[0, 1]",20,20,1.0,,,,,,,,,,0.15443580508385155,0.19400495135396978,0.15443580508385155,0.19400495135396978,0.49210440924447185,444.0
routing_discovery_v1_b01,taskmap,discovery,jev_explanation,Q10maximizing,True,noul,rater_fraction,,"[0, 1]",20,20,1.0,,,,,,,,,,0.09040890333318985,0.10657192901820993,0.09040890333318985,0.10657192901820993,0.5241718226840886,464.0
routing_discovery_v1_b01,taskmap,discovery,jev_explanation,Q11optimizing,True,noul,rater_fraction,,"[0, 1]",20,20,1.0,,,,,,,,,,0.1391271378083228,0.1582201851475163,0.1391271378083228,0.1582201851475163,0.5770741242058974,462.0
routing_discovery_v1_b01,taskmap,discovery,jev_explanation,Q13outcome_multip,True,noul,rater_fraction,,"[0, 1]",20,20,1.0,,,,,,,,,,0.16271111285922174,0.21403990615939564,0.16271111285922174,0.21403990615939564,0.6013445802812297,459.0
routing_discovery_v1_b01,taskmap,discovery,jev_explanation,Q14sol_scheme_mul,True,noul,rater_fraction,,"[0, 1]",20,20,1.0,,,,,,,,,,0.1457689233027132,0.1634798243934582,0.1457689233027132,0.1634798243934582,0.6092992362924782,461.0
routing_discovery_v1_b01,taskmap,discovery,jev_explanation,Q15dec_verifiability,True,noul,rater_fraction,,"[0, 1]",20,20,1.0,,,,,,,,,,0.06894579194641924,0.09640018649385827,0.06894579194641924,0.09640018649385827,0.38162746777077716,460.0
routing_discovery_v1_b01,taskmap,discovery,jev_explanation,Q16shared_knowledge,True,noul,rater_fraction,,"[0, 1]",20,20,1.0,,,,,,,,,,0.1851742667719677,0.23095748379643288,0.1851742667719677,0.23095748379643288,0.6087336022069721,462.0
routing_discovery_v1_b01,taskmap,discovery,jev_explanation,Q17within_sys_sol,True,noul,rater_fraction,,"[0, 1]",20,20,1.0,,,,,,,,,,0.08525149466635809,0.1376582425823988,0.08525149466635809,0.1376582425823988,0.42051605558436567,460.0
routing_discovery_v1_b01,taskmap,discovery,jev_explanation,Q18ans_recog,True,noul,rater_fraction,,"[0, 1]",20,20,1.0,,,,,,,,,,0.08921515594761394,0.10895184338448646,0.08921515594761394,0.10895184338448646,0.507275144616742,456.0
routing_discovery_v1_b01,taskmap,discovery,jev_explanation,Q19time_solvability,True,noul,rater_fraction,,"[0, 1]",20,20,1.0,,,,,,,,,,0.14331393308007578,0.16664077566765081,0.14331393308007578,0.16664077566765081,0.4886461237674006,459.0
routing_discovery_v1_b01,taskmap,discovery,jev_explanation,Q20type_3_type_4,True,noul,rater_fraction,,"[0, 1]",20,20,1.0,,,,,,,,,,0.12183391520330786,0.16021948540759928,0.12183391520330786,0.16021948540759928,0.4249929456502043,460.0
routing_discovery_v1_b01,taskmap,discovery,jev_explanation,Q21intellective_judg_1,True,score,continuous_rating,,"[0, 1]",20,20,1.0,,,,,,,,,,0.09362000114876642,0.13657604732395096,0.09362000114876642,0.13657604732395096,,0.0
routing_discovery_v1_b01,taskmap,discovery,jev_explanation,Q22confl_tradeoffs,True,noul,rater_fraction,,"[0, 1]",20,20,1.0,,,,,,,,,,0.1549110362163392,0.1884609325749712,0.1549110362163392,0.1884609325749712,0.47747425085387846,463.0
routing_discovery_v1_b01,taskmap,discovery,jev_explanation,Q23ss_out_uncert,True,noul,rater_fraction,,"[0, 1]",20,20,1.0,,,,,,,,,,0.10957595900901185,0.14557311211725762,0.10957595900901185,0.14557311211725762,0.5503655053085634,457.0
routing_discovery_v1_b01,taskmap,discovery,jev_explanation,Q24eureka_question,True,noul,rater_fraction,,"[0, 1]",20,20,1.0,,,,,,,,,,0.04248255566495915,0.05006093419668967,0.04248255566495915,0.05006093419668967,0.25177349208021244,457.0
routing_discovery_v1_b01,taskmap,discovery,jev_grounded,Q1concept_behav,True,noul,rater_fraction,,"[0, 1]",20,20,1.0,,,,,,,,,,0.06511029550159986,0.07788202042542974,0.06511029550159986,0.07788202042542974,0.16680210760953162,462.0
routing_discovery_v1_b01,taskmap,discovery,jev_grounded,Q2intel_manip_1,True,score,continuous_rating,,"[0, 1]",20,20,1.0,,,,,,,,,,0.0614672454357237,0.07933396571954783,0.0614672454357237,0.07933396571954783,,0.0
routing_discovery_v1_b01,taskmap,discovery,jev_grounded,Q3type_1_planning,True,noul,rater_fraction,,"[0, 1]",20,20,1.0,,,,,,,,,,0.08162097684923772,0.10706604878061625,0.08162097684923772,0.10706604878061625,0.4874567508627409,463.0
routing_discovery_v1_b01,taskmap,discovery,jev_grounded,Q4type_2_generate,True,noul,rater_fraction,,"[0, 1]",20,20,1.0,,,,,,,,,,0.0907613401091662,0.1311562755023151,0.0907613401091662,0.1311562755023151,0.38451294914461687,464.0
routing_discovery_v1_b01,taskmap,discovery,jev_grounded,Q5creativity_input_1,True,score,continuous_rating,,"[0, 1]",20,20,1.0,,,,,,,,,,0.2499116883116883,0.2749755085828193,0.2499116883116883,0.2749755085828193,,0.0
routing_discovery_v1_b01,taskmap,discovery,jev_grounded,Q6type_5_cc,True,noul,rater_fraction,,"[0, 1]",20,20,1.0,,,,,,,,,,0.08366083192170148,0.11380644547960458,0.08366083192170148,0.11380644547960458,0.3907172061362663,463.0
routing_discovery_v1_b01,taskmap,discovery,jev_grounded,Q7type_7_battle,True,noul,rater_fraction,,"[0, 1]",20,20,1.0,,,,,,,,,,0.11178933747412009,0.12806001009242984,0.11178933747412009,0.12806001009242984,0.5031656128740916,462.0
routing_discovery_v1_b01,taskmap,discovery,jev_grounded,Q8type_8_performance,True,noul,rater_fraction,,"[0, 1]",20,20,1.0,,,,,,,,,,0.0707931488801054,0.10557228461103979,0.0707931488801054,0.10557228461103979,0.3006783076832636,462.0
routing_discovery_v1_b01,taskmap,discovery,jev_grounded,Q9divisible_unitary,True,noul,rater_fraction,,"[0, 1]",20,20,1.0,,,,,,,,,,0.18473390739695086,0.21573134252648418,0.18473390739695086,0.21573134252648418,0.5139820986355126,444.0
routing_discovery_v1_b01,taskmap,discovery,jev_grounded,Q10maximizing,True,noul,rater_fraction,,"[0, 1]",20,20,1.0,,,,,,,,,,0.09289662149444758,0.1087436672175879,0.09289662149444758,0.1087436672175879,0.5253729841669625,464.0
routing_discovery_v1_b01,taskmap,discovery,jev_grounded,Q11optimizing,True,noul,rater_fraction,,"[0, 1]",20,20,1.0,,,,,,,,,,0.14266450216450216,0.16069859678759343,0.14266450216450216,0.16069859678759343,0.5783335370506129,462.0
routing_discovery_v1_b01,taskmap,discovery,jev_grounded,Q13outcome_multip,True,noul,rater_fraction,,"[0, 1]",20,20,1.0,,,,,,,,,,0.2383206286467156,0.2957715318763285,0.2383206286467156,0.2957715318763285,0.6888658735278628,459.0
routing_discovery_v1_b01,taskmap,discovery,jev_grounded,Q14sol_scheme_mul,True,noul,rater_fraction,,"[0, 1]",20,20,1.0,,,,,,,,,,0.16628990212685862,0.2060348927309464,0.16628990212685862,0.2060348927309464,0.6557565114817911,461.0
routing_discovery_v1_b01,taskmap,discovery,jev_grounded,Q15dec_verifiability,True,noul,rater_fraction,,"[0, 1]",20,20,1.0,,,,,,,,,,0.12178152644456992,0.1381195117518158,0.12178152644456992,0.1381195117518158,0.41416765537464406,460.0
routing_discovery_v1_b01,taskmap,discovery,jev_grounded,Q16shared_knowledge,True,noul,rater_fraction,,"[0, 1]",20,20,1.0,,,,,,,,,,0.19690942028985509,0.25766014164192436,0.19690942028985509,0.25766014164192436,0.644278955115821,462.0
routing_discovery_v1_b01,taskmap,discovery,jev_grounded,Q17within_sys_sol,True,noul,rater_fraction,,"[0, 1]",20,20,1.0,,,,,,,,,,0.13452959721437985,0.1733690364066403,0.13452959721437985,0.1733690364066403,0.454924394859004,460.0
routing_discovery_v1_b01,taskmap,discovery,jev_grounded,Q18ans_recog,True,noul,rater_fraction,,"[0, 1]",20,20,1.0,,,,,,,,,,0.13430288913984567,0.1673384738607966,0.13430288913984567,0.1673384738607966,0.5449119509446337,456.0
routing_discovery_v1_b01,taskmap,discovery,jev_grounded,Q19time_solvability,True,noul,rater_fraction,,"[0, 1]",20,20,1.0,,,,,,,,,,0.25825479954827785,0.3071740585075826,0.25825479954827785,0.3071740585075826,0.6443876924463855,459.0
routing_discovery_v1_b01,taskmap,discovery,jev_grounded,Q20type_3_type_4,True,noul,rater_fraction,,"[0, 1]",20,20,1.0,,,,,,,,,,0.17209542631281763,0.21073169967589933,0.17209542631281763,0.21073169967589933,0.48050279529303996,460.0
routing_discovery_v1_b01,taskmap,discovery,jev_grounded,Q21intellective_judg_1,True,score,continuous_rating,,"[0, 1]",20,20,1.0,,,,,,,,,,0.11407785620176925,0.15340914698485483,0.11407785620176925,0.15340914698485483,,0.0
routing_discovery_v1_b01,taskmap,discovery,jev_grounded,Q22confl_tradeoffs,True,noul,rater_fraction,,"[0, 1]",20,20,1.0,,,,,,,,,,0.1594539808018069,0.19181914275749393,0.1594539808018069,0.19181914275749393,0.4804148639599606,463.0
routing_discovery_v1_b01,taskmap,discovery,jev_grounded,Q23ss_out_uncert,True,noul,rater_fraction,,"[0, 1]",20,20,1.0,,,,,,,,,,0.13067414831545265,0.1609524397193278,0.13067414831545265,0.1609524397193278,0.5641094368629728,457.0
routing_discovery_v1_b01,taskmap,discovery,jev_grounded,Q24eureka_question,True,noul,rater_fraction,,"[0, 1]",20,20,1.0,,,,,,,,,,0.0749462638810465,0.0850620588090032,0.0749462638810465,0.0850620588090032,0.27395248412310275,457.0
routing_discovery_v1_b01,taskmap,discovery,jev_targeted_llm,Q1concept_behav,True,noul,rater_fraction,,"[0, 1]",20,20,1.0,,,,,,,,,,0.028644807866875278,0.034433258716591295,0.028644807866875278,0.034433258716591295,0.13151409001728542,462.0
routing_discovery_v1_b01,taskmap,discovery,jev_targeted_llm,Q2intel_manip_1,True,score,continuous_rating,,"[0, 1]",20,20,1.0,,,,,,,,,,0.0386513697333578,0.055506246372659634,0.0386513697333578,0.055506246372659634,,0.0
routing_discovery_v1_b01,taskmap,discovery,jev_targeted_llm,Q3type_1_planning,True,noul,rater_fraction,,"[0, 1]",20,20,1.0,,,,,,,,,,0.06264176461091883,0.07880009282154436,0.06264176461091883,0.07880009282154436,0.47122762389982187,463.0
routing_discovery_v1_b01,taskmap,discovery,jev_targeted_llm,Q4type_2_generate,True,noul,rater_fraction,,"[0, 1]",20,20,1.0,,,,,,,,,,0.08859567804853616,0.12298330918809164,0.08859567804853616,0.12298330918809164,0.36638371717608054,464.0
routing_discovery_v1_b01,taskmap,discovery,jev_targeted_llm,Q5creativity_input_1,True,score,continuous_rating,,"[0, 1]",20,20,1.0,,,,,,,,,,0.10363542665035155,0.12330108095043879,0.10363542665035155,0.12330108095043879,,0.0
routing_discovery_v1_b01,taskmap,discovery,jev_targeted_llm,Q6type_5_cc,True,noul,rater_fraction,,"[0, 1]",20,20,1.0,,,,,,,,,,0.07795353446626747,0.10859427073578974,0.07795353446626747,0.10859427073578974,0.3917948556462558,463.0
routing_discovery_v1_b01,taskmap,discovery,jev_targeted_llm,Q7type_7_battle,True,noul,rater_fraction,,"[0, 1]",20,20,1.0,,,,,,,,,,0.11178933747412009,0.12806001009242984,0.11178933747412009,0.12806001009242984,0.5031656128740916,462.0
routing_discovery_v1_b01,taskmap,discovery,jev_targeted_llm,Q8type_8_performance,True,noul,rater_fraction,,"[0, 1]",20,20,1.0,,,,,,,,,,0.0891704213477911,0.11991450155381661,0.0891704213477911,0.11991450155381661,0.3163237906568637,462.0
routing_discovery_v1_b01,taskmap,discovery,jev_targeted_llm,Q9divisible_unitary,True,noul,rater_fraction,,"[0, 1]",20,20,1.0,,,,,,,,,,0.15443580508385155,0.19400495135396978,0.15443580508385155,0.19400495135396978,0.49210440924447185,444.0
routing_discovery_v1_b01,taskmap,discovery,jev_targeted_llm,Q10maximizing,True,noul,rater_fraction,,"[0, 1]",20,20,1.0,,,,,,,,,,0.09040890333318985,0.10657192901820993,0.09040890333318985,0.10657192901820993,0.5241718226840886,464.0
routing_discovery_v1_b01,taskmap,discovery,jev_targeted_llm,Q11optimizing,True,noul,rater_fraction,,"[0, 1]",20,20,1.0,,,,,,,,,,0.1391271378083228,0.1582201851475163,0.1391271378083228,0.1582201851475163,0.5770741242058974,462.0
routing_discovery_v1_b01,taskmap,discovery,jev_targeted_llm,Q13outcome_multip,True,noul,rater_fraction,,"[0, 1]",20,20,1.0,,,,,,,,,,0.16271111285922174,0.21403990615939564,0.16271111285922174,0.21403990615939564,0.6013445802812297,459.0
routing_discovery_v1_b01,taskmap,discovery,jev_targeted_llm,Q14sol_scheme_mul,True,noul,rater_fraction,,"[0, 1]",20,20,1.0,,,,,,,,,,0.1457689233027132,0.1634798243934582,0.1457689233027132,0.1634798243934582,0.6092992362924782,461.0
routing_discovery_v1_b01,taskmap,discovery,jev_targeted_llm,Q15dec_verifiability,True,noul,rater_fraction,,"[0, 1]",20,20,1.0,,,,,,,,,,0.06894579194641924,0.09640018649385827,0.06894579194641924,0.09640018649385827,0.38162746777077716,460.0
routing_discovery_v1_b01,taskmap,discovery,jev_targeted_llm,Q16shared_knowledge,True,noul,rater_fraction,,"[0, 1]",20,20,1.0,,,,,,,,,,0.1851742667719677,0.23095748379643288,0.1851742667719677,0.23095748379643288,0.6087336022069721,462.0
routing_discovery_v1_b01,taskmap,discovery,jev_targeted_llm,Q17within_sys_sol,True,noul,rater_fraction,,"[0, 1]",20,20,1.0,,,,,,,,,,0.08525149466635809,0.1376582425823988,0.08525149466635809,0.1376582425823988,0.42051605558436567,460.0
routing_discovery_v1_b01,taskmap,discovery,jev_targeted_llm,Q18ans_recog,True,noul,rater_fraction,,"[0, 1]",20,20,1.0,,,,,,,,,,0.08921515594761394,0.10895184338448646,0.08921515594761394,0.10895184338448646,0.507275144616742,456.0
routing_discovery_v1_b01,taskmap,discovery,jev_targeted_llm,Q19time_solvability,True,noul,rater_fraction,,"[0, 1]",20,20,1.0,,,,,,,,,,0.14331393308007578,0.16664077566765081,0.14331393308007578,0.16664077566765081,0.4886461237674006,459.0
routing_discovery_v1_b01,taskmap,discovery,jev_targeted_llm,Q20type_3_type_4,True,noul,rater_fraction,,"[0, 1]",20,20,1.0,,,,,,,,,,0.12183391520330786,0.16021948540759928,0.12183391520330786,0.16021948540759928,0.4249929456502043,460.0
routing_discovery_v1_b01,taskmap,discovery,jev_targeted_llm,Q21intellective_judg_1,True,score,continuous_rating,,"[0, 1]",20,20,1.0,,,,,,,,,,0.09362000114876642,0.13657604732395096,0.09362000114876642,0.13657604732395096,,0.0
routing_discovery_v1_b01,taskmap,discovery,jev_targeted_llm,Q22confl_tradeoffs,True,noul,rater_fraction,,"[0, 1]",20,20,1.0,,,,,,,,,,0.1549110362163392,0.1884609325749712,0.1549110362163392,0.1884609325749712,0.47747425085387846,463.0
routing_discovery_v1_b01,taskmap,discovery,jev_targeted_llm,Q23ss_out_uncert,True,noul,rater_fraction,,"[0, 1]",20,20,1.0,,,,,,,,,,0.10957595900901185,0.14557311211725762,0.10957595900901185,0.14557311211725762,0.5503655053085634,457.0
routing_discovery_v1_b01,taskmap,discovery,jev_targeted_llm,Q24eureka_question,True,noul,rater_fraction,,"[0, 1]",20,20,1.0,,,,,,,,,,0.04248255566495915,0.05006093419668967,0.04248255566495915,0.05006093419668967,0.25177349208021244,457.0
routing_discovery_v1_b01,ucc,discovery,jev_explanation,healthy,True,choice,category,"[""0"", ""1""]",,210,194,0.9238095238095239,0.8238095238095238,0.5293040293040293,0.5293040293040293,2,2,0.3328097946318363,194,0.1891360071163494,0.9238095238095239,,,,,,
routing_discovery_v1_b01,ucc,discovery,jev_explanation,sarcastic,True,choice,category,"[""0"", ""1""]",,210,194,0.9238095238095239,0.8523809523809524,0.4601542416452442,0.4601542416452442,2,2,0.1404714792066819,194,0.056004327891091436,0.9238095238095239,,,,,,
routing_discovery_v1_b01,ucc,discovery,jev_explanation,generalisation,False,choice,category,"[""0"", ""1""]",,210,194,0.9238095238095239,0.8857142857142857,0.4696969696969697,0.4696969696969697,2,2,0.46135495610042104,194,0.296363917525773,0.9238095238095239,,,,,,
routing_discovery_v1_b01,ucc,discovery,jev_explanation,generalisation_unfair,True,choice,category,"[""0"", ""1""]",,210,194,0.9238095238095239,0.9047619047619048,0.475,0.475,2,2,0.3582867082568013,194,0.22516597938144328,0.9238095238095239,,,,,,
routing_discovery_v1_b01,ucc,discovery,jev_explanation,hostile,True,choice,category,"[""0"", ""1""]",,210,194,0.9238095238095239,0.9142857142857143,0.47761194029850745,0.47761194029850745,2,2,0.07944054276137617,194,0.02450376263332884,0.9238095238095239,,,,,,
routing_discovery_v1_b01,ucc,discovery,jev_explanation,antagonize,True,choice,category,"[""0"", ""1""]",,210,194,0.9238095238095239,0.9,0.7460097154753643,0.7460097154753643,2,2,0.13059635665289898,194,0.05292169234627578,0.9238095238095239,,,,,,
routing_discovery_v1_b01,ucc,discovery,jev_explanation,condescending,True,choice,category,"[""0"", ""1""]",,210,194,0.9238095238095239,0.8761904761904762,0.5501700680272109,0.5501700680272109,2,2,0.11166409704626007,194,0.0425612446962938,0.9238095238095239,,,,,,
routing_discovery_v1_b01,ucc,discovery,jev_explanation,dismissive,True,choice,category,"[""0"", ""1""]",,210,194,0.9238095238095239,0.8476190476190476,0.514104778353483,0.514104778353483,2,2,0.12082787927797844,194,0.045757889002111626,0.9238095238095239,,,,,,
routing_discovery_v1_b01,ucc,discovery,jev_grounded,healthy,True,choice,category,"[""0"", ""1""]",,210,210,1.0,0.4523809523809524,0.386105391596126,0.386105391596126,2,2,1.7679224997626892,210,0.7990704761904759,1.0,,,,,,
routing_discovery_v1_b01,ucc,discovery,jev_grounded,sarcastic,True,choice,category,"[""0"", ""1""]",,210,210,1.0,0.6190476190476191,0.4249726177437021,0.4249726177437021,2,2,0.8559208067092462,210,0.5607933333333331,1.0,,,,,,
routing_discovery_v1_b01,ucc,discovery,jev_grounded,generalisation,False,choice,category,"[""0"", ""1""]",,210,210,1.0,0.7714285714285715,0.45513513513513515,0.45513513513513515,2,2,0.4706663876350732,210,0.3071847619047618,1.0,,,,,,
routing_discovery_v1_b01,ucc,discovery,jev_grounded,generalisation_unfair,True,choice,category,"[""0"", ""1""]",,210,210,1.0,0.8380952380952381,0.4835069444444445,0.4835069444444445,2,2,0.3618666839137519,210,0.22915999999999997,1.0,,,,,,
routing_discovery_v1_b01,ucc,discovery,jev_grounded,hostile,True,choice,category,"[""0"", ""1""]",,210,210,1.0,0.6190476190476191,0.40476190476190477,0.40476190476190477,2,2,0.8283971480371211,210,0.5283876190476193,1.0,,,,,,
routing_discovery_v1_b01,ucc,discovery,jev_grounded,antagonize,True,choice,category,"[""0"", ""1""]",,210,210,1.0,0.48095238095238096,0.36731252936786535,0.36731252936786535,2,2,1.3080955412653097,210,0.7595733333333338,1.0,,,,,,
routing_discovery_v1_b01,ucc,discovery,jev_grounded,condescending,True,choice,category,"[""0"", ""1""]",,210,210,1.0,0.6761904761904762,0.4537943696450428,0.4537943696450428,2,2,0.7565388645480539,210,0.4877361904761904,1.0,,,,,,
routing_discovery_v1_b01,ucc,discovery,jev_grounded,dismissive,True,choice,category,"[""0"", ""1""]",,210,210,1.0,0.6285714285714286,0.41964285714285715,0.41964285714285715,2,2,0.7828929278392069,210,0.5279723809523807,1.0,,,,,,
routing_discovery_v1_b01,ucc,discovery,jev_targeted_llm,healthy,True,choice,category,"[""0"", ""1""]",,210,210,1.0,0.8904761904761904,0.5740365111561866,0.5740365111561866,2,2,0.3328097946318363,194,0.1891360071163494,0.9238095238095239,,,,,,
routing_discovery_v1_b01,ucc,discovery,jev_targeted_llm,sarcastic,True,choice,category,"[""0"", ""1""]",,210,210,1.0,0.9095238095238095,0.4763092269326683,0.4763092269326683,2,2,0.1404714792066819,194,0.056004327891091436,0.9238095238095239,,,,,,
routing_discovery_v1_b01,ucc,discovery,jev_targeted_llm,generalisation,False,choice,category,"[""0"", ""1""]",,210,210,1.0,0.9523809523809523,0.4878048780487805,0.4878048780487805,2,2,0.46135495610042104,194,0.296363917525773,0.9238095238095239,,,,,,
routing_discovery_v1_b01,ucc,discovery,jev_targeted_llm,generalisation_unfair,True,choice,category,"[""0"", ""1""]",,210,210,1.0,0.9714285714285714,0.4927536231884058,0.4927536231884058,2,2,0.3582867082568013,194,0.22516597938144328,0.9238095238095239,,,,,,
routing_discovery_v1_b01,ucc,discovery,jev_targeted_llm,hostile,True,choice,category,"[""0"", ""1""]",,210,210,1.0,0.9809523809523809,0.4951923076923077,0.4951923076923077,2,2,0.07944054276137617,194,0.02450376263332884,0.9238095238095239,,,,,,
routing_discovery_v1_b01,ucc,discovery,jev_targeted_llm,antagonize,True,choice,category,"[""0"", ""1""]",,210,210,1.0,0.9714285714285714,0.7426470588235294,0.7426470588235294,2,2,0.13059635665289898,194,0.05292169234627578,0.9238095238095239,,,,,,
routing_discovery_v1_b01,ucc,discovery,jev_targeted_llm,condescending,True,choice,category,"[""0"", ""1""]",,210,210,1.0,0.9380952380952381,0.5506172839506173,0.5506172839506173,2,2,0.11166409704626007,194,0.0425612446962938,0.9238095238095239,,,,,,
routing_discovery_v1_b01,ucc,discovery,jev_targeted_llm,dismissive,True,choice,category,"[""0"", ""1""]",,210,210,1.0,0.9142857142857143,0.5275,0.5275,2,2,0.12082787927797844,194,0.045757889002111626,0.9238095238095239,,,,,,
routing_discovery_v1_b025,babe,discovery,jev_explanation,label_bias,True,choice,category,"[""Non-biased"", ""Biased""]",,200,152,0.76,0.58,0.6584867075664622,0.6584867075664622,2,2,0.5241077021228715,152,0.3235299433955657,0.76,,,,,,
routing_discovery_v1_b025,babe,discovery,jev_grounded,label_bias,True,choice,category,"[""Non-biased"", ""Biased""]",,200,200,1.0,0.785,0.7845637415766928,0.7845637415766928,2,2,0.716453478918703,200,0.3216469999999998,1.0,,,,,,
routing_discovery_v1_b025,babe,discovery,jev_targeted_llm,label_bias,True,choice,category,"[""Non-biased"", ""Biased""]",,200,200,1.0,0.77,0.7685185185185186,0.7685185185185186,2,2,0.5241077021228715,152,0.3235299433955657,0.76,,,,,,
routing_discovery_v1_b025,commonsense,discovery,jev_explanation,q1,True,noul,rater_fraction,,"[0, 1]",200,160,0.8,,,,,,,,,,0.15055179797625923,0.19517900103358993,0.15055179797625923,0.19517900103358993,0.5164398140079074,3715.0
routing_discovery_v1_b025,commonsense,discovery,jev_explanation,q2,True,noul,rater_fraction,,"[0, 1]",200,160,0.8,,,,,,,,,,0.13872512569349485,0.18244716461555607,0.13872512569349485,0.18244716461555607,0.5392689408015101,3715.0
routing_discovery_v1_b025,commonsense,discovery,jev_grounded,q1,True,noul,rater_fraction,,"[0, 1]",200,200,1.0,,,,,,,,,,0.15846318276671004,0.19939103042556056,0.15846318276671004,0.19939103042556056,0.5162675569775018,4594.0
routing_discovery_v1_b025,commonsense,discovery,jev_grounded,q2,True,noul,rater_fraction,,"[0, 1]",200,200,1.0,,,,,,,,,,0.1524158120932485,0.19773068947760777,0.1524158120932485,0.19773068947760777,0.5455032283742731,4594.0
routing_discovery_v1_b025,commonsense,discovery,jev_targeted_llm,q1,True,noul,rater_fraction,,"[0, 1]",200,200,1.0,,,,,,,,,,0.1583205016902361,0.20748032472235062,0.1583205016902361,0.20748032472235062,0.5228227609878491,4594.0
routing_discovery_v1_b025,commonsense,discovery,jev_targeted_llm,q2,True,noul,rater_fraction,,"[0, 1]",200,200,1.0,,,,,,,,,,0.14679727264162706,0.19072453249061086,0.14679727264162706,0.19072453249061086,0.5393614048189972,4594.0
routing_discovery_v1_b025,conflict,discovery,jev_explanation,rating_directness_content,True,choice,category,"[""Yes - Direct Content"", ""Neutral - Content contains no opinion"", ""No - Indirect Content""]",,92,76,0.8260869565217391,0.7717391304347826,0.2903885480572597,0.8711656441717791,3,1,0.21729466691636795,76,0.11136578947368422,0.8260869565217391,,,,,,
routing_discovery_v1_b025,conflict,discovery,jev_explanation,rating_directness_expression,True,choice,category,"[""Yes - Direct Expression"", ""No - Indirect Expression""]",,92,76,0.8260869565217391,0.7934782608695652,0.4506172839506173,0.4506172839506173,2,2,0.12028554883698127,76,0.06134324428877219,0.8260869565217391,,,,,,
routing_discovery_v1_b025,conflict,discovery,jev_explanation,rating_OI_content,True,choice,category,"[""Yes - Content opposes someone else"", ""No - Content does not oppose anyone""]",,92,76,0.8260869565217391,0.782608695652174,0.44171779141104295,0.44171779141104295,2,2,0.08373040330177484,76,0.03149312184200416,0.8260869565217391,,,,,,
routing_discovery_v1_b025,conflict,discovery,jev_explanation,rating_OI_expression,True,choice,category,"[""Yes - Expression is emotional/forceful"", ""No - Expression is not emotional/forceful""]",,92,76,0.8260869565217391,0.717391304347826,0.6064757160647571,0.6064757160647571,2,2,0.38346546128976816,76,0.21812864068070606,0.8260869565217391,,,,,,
routing_discovery_v1_b025,conflict,discovery,jev_grounded,rating_directness_content,True,choice,category,"[""Yes - Direct Content"", ""Neutral - Content contains no opinion"", ""No - Indirect Content""]",,92,92,1.0,0.9021739130434783,0.3161904761904762,0.9485714285714286,3,1,0.255139538122707,92,0.14049565217391313,1.0,,,,,,
routing_discovery_v1_b025,conflict,discovery,jev_grounded,rating_directness_expression,True,choice,category,"[""Yes - Direct Expression"", ""No - Indirect Expression""]",,92,92,1.0,0.7934782608695652,0.5279503105590062,0.5279503105590062,2,2,0.45224566444206,92,0.28757608695652176,1.0,,,,,,
routing_discovery_v1_b025,conflict,discovery,jev_grounded,rating_OI_content,True,choice,category,"[""Yes - Content opposes someone else"", ""No - Content does not oppose anyone""]",,92,92,1.0,0.8043478260869565,0.4951219512195122,0.4951219512195122,2,2,0.481052832540515,92,0.300486956521739,1.0,,,,,,
routing_discovery_v1_b025,conflict,discovery,jev_grounded,rating_OI_expression,True,choice,category,"[""Yes - Expression is emotional/forceful"", ""No - Expression is not emotional/forceful""]",,92,92,1.0,0.7608695652173914,0.6351838500360489,0.6351838500360489,2,2,0.9973665407793222,92,0.36908478260869554,1.0,,,,,,
routing_discovery_v1_b025,conflict,discovery,jev_targeted_llm,rating_directness_content,True,choice,category,"[""Yes - Direct Content"", ""Neutral - Content contains no opinion"", ""No - Indirect Content""]",,92,92,1.0,0.9456521739130435,0.3240223463687151,0.9720670391061452,3,1,0.21729466691636795,76,0.11136578947368422,0.8260869565217391,,,,,,
routing_discovery_v1_b025,conflict,discovery,jev_targeted_llm,rating_directness_expression,True,choice,category,"[""Yes - Direct Expression"", ""No - Indirect Expression""]",,92,92,1.0,0.9239130434782609,0.480225988700565,0.480225988700565,2,2,0.12028554883698127,76,0.06134324428877219,0.8260869565217391,,,,,,
routing_discovery_v1_b025,conflict,discovery,jev_targeted_llm,rating_OI_content,True,choice,category,"[""Yes - Content opposes someone else"", ""No - Content does not oppose anyone""]",,92,92,1.0,0.9239130434782609,0.5911111111111111,0.5911111111111111,2,2,0.08373040330177484,76,0.03149312184200416,0.8260869565217391,,,,,,
routing_discovery_v1_b025,conflict,discovery,jev_targeted_llm,rating_OI_expression,True,choice,category,"[""Yes - Expression is emotional/forceful"", ""No - Expression is not emotional/forceful""]",,92,92,1.0,0.8478260869565217,0.6864654333008764,0.6864654333008764,2,2,0.38346546128976816,76,0.21812864068070606,0.8260869565217391,,,,,,
routing_discovery_v1_b025,mbd,discovery,jev_explanation,type,True,choice,category,"[""fact"", ""opinion"", ""borderline"", ""quote"", ""other""]",,209,172,0.8229665071770335,0.7081339712918661,0.5394664576141422,0.5394664576141422,5,5,0.43217581637041985,172,0.2258399446663012,0.8229665071770335,,,,,,
routing_discovery_v1_b025,mbd,discovery,jev_explanation,tone,True,choice,category,"[""positive"", ""negative"", ""neutral""]",,210,172,0.819047619047619,0.6857142857142857,0.6292517006802721,0.6292517006802721,3,3,0.4074031058946146,172,0.21807467475334422,0.819047619047619,,,,,,
routing_discovery_v1_b025,mbd,discovery,jev_explanation,focus,True,choice,category,"[""democrat"", ""republican"", ""both"", ""neither""]",,204,165,0.8088235294117647,0.7205882352941176,0.6548171191553545,0.6548171191553545,4,4,0.3205638772484334,165,0.17961363113844284,0.8088235294117647,,,,,,
routing_discovery_v1_b025,mbd,discovery,jev_grounded,type,True,choice,category,"[""fact"", ""opinion"", ""borderline"", ""quote"", ""other""]",,209,209,1.0,0.8516746411483254,0.5731233292987561,0.5731233292987561,5,5,0.5447949217923984,209,0.2424788061368604,1.0,,,,,,
routing_discovery_v1_b025,mbd,discovery,jev_grounded,tone,True,choice,category,"[""positive"", ""negative"", ""neutral""]",,210,210,1.0,0.8380952380952381,0.7538888888888889,0.7538888888888889,3,3,0.5083508505721044,210,0.2542914285714285,1.0,,,,,,
routing_discovery_v1_b025,mbd,discovery,jev_grounded,focus,True,choice,category,"[""democrat"", ""republican"", ""both"", ""neither""]",,204,204,1.0,0.9068627450980392,0.807478291688818,0.807478291688818,4,4,0.2818682250306764,204,0.15322475067570135,1.0,,,,,,
routing_discovery_v1_b025,mbd,discovery,jev_targeted_llm,type,True,choice,category,"[""fact"", ""opinion"", ""borderline"", ""quote"", ""other""]",,209,209,1.0,0.8421052631578947,0.5710002841716396,0.5710002841716396,5,5,0.43217581637041985,172,0.2258399446663012,0.8229665071770335,,,,,,
routing_discovery_v1_b025,mbd,discovery,jev_targeted_llm,tone,True,choice,category,"[""positive"", ""negative"", ""neutral""]",,210,210,1.0,0.8476190476190476,0.7256159478381701,0.7256159478381701,3,3,0.4074031058946146,172,0.21807467475334422,0.819047619047619,,,,,,
routing_discovery_v1_b025,mbd,discovery,jev_targeted_llm,focus,True,choice,category,"[""democrat"", ""republican"", ""both"", ""neither""]",,204,204,1.0,0.9117647058823529,0.8152504902617571,0.8152504902617571,4,4,0.3205638772484334,165,0.17961363113844284,0.8088235294117647,,,,,,
routing_discovery_v1_b025,taskmap,discovery,jev_explanation,Q1concept_behav,True,noul,rater_fraction,,"[0, 1]",20,20,1.0,,,,,,,,,,0.026721457762901385,0.03325713885377415,0.026721457762901385,0.03325713885377415,0.1312596525893075,462.0
routing_discovery_v1_b025,taskmap,discovery,jev_explanation,Q2intel_manip_1,True,score,continuous_rating,,"[0, 1]",20,20,1.0,,,,,,,,,,0.03358250499603902,0.047027192470147985,0.03358250499603902,0.047027192470147985,,0.0
routing_discovery_v1_b025,taskmap,discovery,jev_explanation,Q3type_1_planning,True,noul,rater_fraction,,"[0, 1]",20,20,1.0,,,,,,,,,,0.06049266043315269,0.07844248215176552,0.06049266043315269,0.07844248215176552,0.47109333299352296,463.0
routing_discovery_v1_b025,taskmap,discovery,jev_explanation,Q4type_2_generate,True,noul,rater_fraction,,"[0, 1]",20,20,1.0,,,,,,,,,,0.08667190209696948,0.11501071319652377,0.08667190209696948,0.11501071319652377,0.36254599827000783,464.0
routing_discovery_v1_b025,taskmap,discovery,jev_explanation,Q5creativity_input_1,True,score,continuous_rating,,"[0, 1]",20,20,1.0,,,,,,,,,,0.10079985732746448,0.11890849124584865,0.10079985732746448,0.11890849124584865,,0.0
routing_discovery_v1_b025,taskmap,discovery,jev_explanation,Q6type_5_cc,True,noul,rater_fraction,,"[0, 1]",20,20,1.0,,,,,,,,,,0.07739473674434137,0.10752586339919679,0.07739473674434137,0.10752586339919679,0.3919593849505334,463.0
routing_discovery_v1_b025,taskmap,discovery,jev_explanation,Q7type_7_battle,True,noul,rater_fraction,,"[0, 1]",20,20,1.0,,,,,,,,,,0.11178933747412009,0.12799180237682958,0.11178933747412009,0.12799180237682958,0.5023200457410862,462.0
routing_discovery_v1_b025,taskmap,discovery,jev_explanation,Q8type_8_performance,True,noul,rater_fraction,,"[0, 1]",20,20,1.0,,,,,,,,,,0.09049393656044571,0.11841375350717245,0.09049393656044571,0.11841375350717245,0.3162107780254014,462.0
routing_discovery_v1_b025,taskmap,discovery,jev_explanation,Q9divisible_unitary,True,noul,rater_fraction,,"[0, 1]",20,20,1.0,,,,,,,,,,0.15532334950122653,0.19115130688426696,0.15532334950122653,0.19115130688426696,0.4900518780682081,444.0
routing_discovery_v1_b025,taskmap,discovery,jev_explanation,Q10maximizing,True,noul,rater_fraction,,"[0, 1]",20,20,1.0,,,,,,,,,,0.0832617763161119,0.10285500371255077,0.0832617763161119,0.10285500371255077,0.5233114112197491,464.0
routing_discovery_v1_b025,taskmap,discovery,jev_explanation,Q11optimizing,True,noul,rater_fraction,,"[0, 1]",20,20,1.0,,,,,,,,,,0.14029925890854295,0.16241381840266667,0.14029925890854295,0.16241381840266667,0.5794473798439544,462.0
routing_discovery_v1_b025,taskmap,discovery,jev_explanation,Q13outcome_multip,True,noul,rater_fraction,,"[0, 1]",20,20,1.0,,,,,,,,,,0.16345647666343688,0.2114010434408582,0.16345647666343688,0.2114010434408582,0.5996159851301183,459.0
routing_discovery_v1_b025,taskmap,discovery,jev_explanation,Q14sol_scheme_mul,True,noul,rater_fraction,,"[0, 1]",20,20,1.0,,,,,,,,,,0.1475648417471643,0.16862915786985944,0.1475648417471643,0.16862915786985944,0.6136863790961219,461.0
routing_discovery_v1_b025,taskmap,discovery,jev_explanation,Q15dec_verifiability,True,noul,rater_fraction,,"[0, 1]",20,20,1.0,,,,,,,,,,0.06927207143098468,0.096846936674537,0.06927207143098468,0.096846936674537,0.3815255307614525,460.0
routing_discovery_v1_b025,taskmap,discovery,jev_explanation,Q16shared_knowledge,True,noul,rater_fraction,,"[0, 1]",20,20,1.0,,,,,,,,,,0.19169371662473972,0.23567216542275865,0.19169371662473972,0.23567216542275865,0.6144380364531102,462.0
routing_discovery_v1_b025,taskmap,discovery,jev_explanation,Q17within_sys_sol,True,noul,rater_fraction,,"[0, 1]",20,20,1.0,,,,,,,,,,0.08964690012406903,0.1468409255553499,0.08964690012406903,0.1468409255553499,0.4274837273171767,460.0
routing_discovery_v1_b025,taskmap,discovery,jev_explanation,Q18ans_recog,True,noul,rater_fraction,,"[0, 1]",20,20,1.0,,,,,,,,,,0.09889117315730603,0.12001130179788787,0.09889117315730603,0.12001130179788787,0.5130823729681339,456.0
routing_discovery_v1_b025,taskmap,discovery,jev_explanation,Q19time_solvability,True,noul,rater_fraction,,"[0, 1]",20,20,1.0,,,,,,,,,,0.15348635663426263,0.17806512002757183,0.15348635663426263,0.17806512002757183,0.4999576775209815,459.0
routing_discovery_v1_b025,taskmap,discovery,jev_explanation,Q20type_3_type_4,True,noul,rater_fraction,,"[0, 1]",20,20,1.0,,,,,,,,,,0.12980425061230377,0.1664777710667871,0.12980425061230377,0.1664777710667871,0.42926425549998126,460.0
routing_discovery_v1_b025,taskmap,discovery,jev_explanation,Q21intellective_judg_1,True,score,continuous_rating,,"[0, 1]",20,20,1.0,,,,,,,,,,0.09406963056675036,0.1401272873198469,0.09406963056675036,0.1401272873198469,,0.0
routing_discovery_v1_b025,taskmap,discovery,jev_explanation,Q22confl_tradeoffs,True,noul,rater_fraction,,"[0, 1]",20,20,1.0,,,,,,,,,,0.15872317132176345,0.18909127057362232,0.15872317132176345,0.18909127057362232,0.47847006036554696,463.0
routing_discovery_v1_b025,taskmap,discovery,jev_explanation,Q23ss_out_uncert,True,noul,rater_fraction,,"[0, 1]",20,20,1.0,,,,,,,,,,0.11364232479293812,0.14986478900901967,0.11364232479293812,0.14986478900901967,0.5528680117052417,457.0
routing_discovery_v1_b025,taskmap,discovery,jev_explanation,Q24eureka_question,True,noul,rater_fraction,,"[0, 1]",20,20,1.0,,,,,,,,,,0.04447590958673046,0.05231375401975358,0.04447590958673046,0.05231375401975358,0.2528398345213211,457.0
routing_discovery_v1_b025,taskmap,discovery,jev_grounded,Q1concept_behav,True,noul,rater_fraction,,"[0, 1]",20,20,1.0,,,,,,,,,,0.06561029550159986,0.07760365669250445,0.06561029550159986,0.07760365669250445,0.16623631973916084,462.0
routing_discovery_v1_b025,taskmap,discovery,jev_grounded,Q2intel_manip_1,True,score,continuous_rating,,"[0, 1]",20,20,1.0,,,,,,,,,,0.05930057876905703,0.07345195063598897,0.05930057876905703,0.07345195063598897,,0.0
routing_discovery_v1_b025,taskmap,discovery,jev_grounded,Q3type_1_planning,True,noul,rater_fraction,,"[0, 1]",20,20,1.0,,,,,,,,,,0.08026383399209486,0.10584244907603615,0.08026383399209486,0.10584244907603615,0.48603449900063794,463.0
routing_discovery_v1_b025,taskmap,discovery,jev_grounded,Q4type_2_generate,True,noul,rater_fraction,,"[0, 1]",20,20,1.0,,,,,,,,,,0.0867613401091662,0.11961136735398065,0.0867613401091662,0.11961136735398065,0.3777231519634756,464.0
routing_discovery_v1_b025,taskmap,discovery,jev_grounded,Q5creativity_input_1,True,score,continuous_rating,,"[0, 1]",20,20,1.0,,,,,,,,,,0.2474116883116883,0.2703976869506448,0.2474116883116883,0.2703976869506448,,0.0
routing_discovery_v1_b025,taskmap,discovery,jev_grounded,Q6type_5_cc,True,noul,rater_fraction,,"[0, 1]",20,20,1.0,,,,,,,,,,0.08666083192170149,0.11252817541627465,0.08666083192170149,0.11252817541627465,0.39094813195813327,463.0
routing_discovery_v1_b025,taskmap,discovery,jev_grounded,Q7type_7_battle,True,noul,rater_fraction,,"[0, 1]",20,20,1.0,,,,,,,,,,0.11178933747412009,0.12799180237682958,0.11178933747412009,0.12799180237682958,0.5023200457410862,462.0
routing_discovery_v1_b025,taskmap,discovery,jev_grounded,Q8type_8_performance,True,noul,rater_fraction,,"[0, 1]",20,20,1.0,,,,,,,,,,0.0717931488801054,0.10010610798929027,0.0717931488801054,0.10010610798929027,0.2983298176341924,462.0
routing_discovery_v1_b025,taskmap,discovery,jev_grounded,Q9divisible_unitary,True,noul,rater_fraction,,"[0, 1]",20,20,1.0,,,,,,,,,,0.18423390739695086,0.21189865680874745,0.18423390739695086,0.21189865680874745,0.5111205839416911,444.0
routing_discovery_v1_b025,taskmap,discovery,jev_grounded,Q10maximizing,True,noul,rater_fraction,,"[0, 1]",20,20,1.0,,,,,,,,,,0.08480966497270845,0.10416657557356947,0.08480966497270845,0.10416657557356947,0.5240576766357461,464.0
routing_discovery_v1_b025,taskmap,discovery,jev_grounded,Q11optimizing,True,noul,rater_fraction,,"[0, 1]",20,20,1.0,,,,,,,,,,0.14316450216450216,0.1642640215796588,0.14316450216450216,0.1642640215796588,0.5801869816877311,462.0
routing_discovery_v1_b025,taskmap,discovery,jev_grounded,Q13outcome_multip,True,noul,rater_fraction,,"[0, 1]",20,20,1.0,,,,,,,,,,0.2363206286467156,0.2922621665523754,0.2363206286467156,0.2922621665523754,0.683269367438217,459.0
routing_discovery_v1_b025,taskmap,discovery,jev_grounded,Q14sol_scheme_mul,True,noul,rater_fraction,,"[0, 1]",20,20,1.0,,,,,,,,,,0.1698808112177677,0.21027394146118875,0.1698808112177677,0.21027394146118875,0.662626846778126,461.0
routing_discovery_v1_b025,taskmap,discovery,jev_grounded,Q15dec_verifiability,True,noul,rater_fraction,,"[0, 1]",20,20,1.0,,,,,,,,,,0.12494819311123657,0.14023974423095512,0.12494819311123657,0.14023974423095512,0.4158441287693297,460.0
routing_discovery_v1_b025,taskmap,discovery,jev_grounded,Q16shared_knowledge,True,noul,rater_fraction,,"[0, 1]",20,20,1.0,,,,,,,,,,0.1999094202898551,0.2606173090085807,0.1999094202898551,0.2606173090085807,0.6480650026484864,462.0
routing_discovery_v1_b025,taskmap,discovery,jev_grounded,Q17within_sys_sol,True,noul,rater_fraction,,"[0, 1]",20,20,1.0,,,,,,,,,,0.13252959721437985,0.1755055183906858,0.13252959721437985,0.1755055183906858,0.45649927662071543,460.0
routing_discovery_v1_b025,taskmap,discovery,jev_grounded,Q18ans_recog,True,noul,rater_fraction,,"[0, 1]",20,20,1.0,,,,,,,,,,0.13997680218332392,0.17706239310697608,0.13997680218332392,0.17706239310697608,0.5534594904488691,456.0
routing_discovery_v1_b025,taskmap,discovery,jev_grounded,Q19time_solvability,True,noul,rater_fraction,,"[0, 1]",20,20,1.0,,,,,,,,,,0.2776243647656691,0.3265612151982835,0.2776243647656691,0.3265612151982835,0.6707737842705881,459.0
routing_discovery_v1_b025,taskmap,discovery,jev_grounded,Q20type_3_type_4,True,noul,rater_fraction,,"[0, 1]",20,20,1.0,,,,,,,,,,0.1801171654432524,0.21968336900928634,0.1801171654432524,0.21968336900928634,0.48815834299389754,460.0
routing_discovery_v1_b025,taskmap,discovery,jev_grounded,Q21intellective_judg_1,True,score,continuous_rating,,"[0, 1]",20,20,1.0,,,,,,,,,,0.11691118953510257,0.1594627007204627,0.11691118953510257,0.1594627007204627,,0.0
routing_discovery_v1_b025,taskmap,discovery,jev_grounded,Q22confl_tradeoffs,True,noul,rater_fraction,,"[0, 1]",20,20,1.0,,,,,,,,,,0.16273658949745906,0.19193556892157002,0.16273658949745906,0.19193556892157002,0.4808827784067741,463.0
routing_discovery_v1_b025,taskmap,discovery,jev_grounded,Q23ss_out_uncert,True,noul,rater_fraction,,"[0, 1]",20,20,1.0,,,,,,,,,,0.13317414831545266,0.16762546789895597,0.13317414831545266,0.16762546789895597,0.5693499571749644,457.0
routing_discovery_v1_b025,taskmap,discovery,jev_grounded,Q24eureka_question,True,noul,rater_fraction,,"[0, 1]",20,20,1.0,,,,,,,,,,0.07994626388104649,0.08989104767160637,0.07994626388104649,0.08989104767160637,0.27726247795451264,457.0
routing_discovery_v1_b025,taskmap,discovery,jev_targeted_llm,Q1concept_behav,True,noul,rater_fraction,,"[0, 1]",20,20,1.0,,,,,,,,,,0.026721457762901385,0.03325713885377415,0.026721457762901385,0.03325713885377415,0.1312596525893075,462.0
routing_discovery_v1_b025,taskmap,discovery,jev_targeted_llm,Q2intel_manip_1,True,score,continuous_rating,,"[0, 1]",20,20,1.0,,,,,,,,,,0.03358250499603902,0.047027192470147985,0.03358250499603902,0.047027192470147985,,0.0
routing_discovery_v1_b025,taskmap,discovery,jev_targeted_llm,Q3type_1_planning,True,noul,rater_fraction,,"[0, 1]",20,20,1.0,,,,,,,,,,0.06049266043315269,0.07844248215176552,0.06049266043315269,0.07844248215176552,0.47109333299352296,463.0
routing_discovery_v1_b025,taskmap,discovery,jev_targeted_llm,Q4type_2_generate,True,noul,rater_fraction,,"[0, 1]",20,20,1.0,,,,,,,,,,0.08667190209696948,0.11501071319652377,0.08667190209696948,0.11501071319652377,0.36254599827000783,464.0
routing_discovery_v1_b025,taskmap,discovery,jev_targeted_llm,Q5creativity_input_1,True,score,continuous_rating,,"[0, 1]",20,20,1.0,,,,,,,,,,0.10079985732746448,0.11890849124584865,0.10079985732746448,0.11890849124584865,,0.0
routing_discovery_v1_b025,taskmap,discovery,jev_targeted_llm,Q6type_5_cc,True,noul,rater_fraction,,"[0, 1]",20,20,1.0,,,,,,,,,,0.07739473674434137,0.10752586339919679,0.07739473674434137,0.10752586339919679,0.3919593849505334,463.0
routing_discovery_v1_b025,taskmap,discovery,jev_targeted_llm,Q7type_7_battle,True,noul,rater_fraction,,"[0, 1]",20,20,1.0,,,,,,,,,,0.11178933747412009,0.12799180237682958,0.11178933747412009,0.12799180237682958,0.5023200457410862,462.0
routing_discovery_v1_b025,taskmap,discovery,jev_targeted_llm,Q8type_8_performance,True,noul,rater_fraction,,"[0, 1]",20,20,1.0,,,,,,,,,,0.09049393656044571,0.11841375350717245,0.09049393656044571,0.11841375350717245,0.3162107780254014,462.0
routing_discovery_v1_b025,taskmap,discovery,jev_targeted_llm,Q9divisible_unitary,True,noul,rater_fraction,,"[0, 1]",20,20,1.0,,,,,,,,,,0.15532334950122653,0.19115130688426696,0.15532334950122653,0.19115130688426696,0.4900518780682081,444.0
routing_discovery_v1_b025,taskmap,discovery,jev_targeted_llm,Q10maximizing,True,noul,rater_fraction,,"[0, 1]",20,20,1.0,,,,,,,,,,0.0832617763161119,0.10285500371255077,0.0832617763161119,0.10285500371255077,0.5233114112197491,464.0
routing_discovery_v1_b025,taskmap,discovery,jev_targeted_llm,Q11optimizing,True,noul,rater_fraction,,"[0, 1]",20,20,1.0,,,,,,,,,,0.14029925890854295,0.16241381840266667,0.14029925890854295,0.16241381840266667,0.5794473798439544,462.0
routing_discovery_v1_b025,taskmap,discovery,jev_targeted_llm,Q13outcome_multip,True,noul,rater_fraction,,"[0, 1]",20,20,1.0,,,,,,,,,,0.16345647666343688,0.2114010434408582,0.16345647666343688,0.2114010434408582,0.5996159851301183,459.0
routing_discovery_v1_b025,taskmap,discovery,jev_targeted_llm,Q14sol_scheme_mul,True,noul,rater_fraction,,"[0, 1]",20,20,1.0,,,,,,,,,,0.1475648417471643,0.16862915786985944,0.1475648417471643,0.16862915786985944,0.6136863790961219,461.0
routing_discovery_v1_b025,taskmap,discovery,jev_targeted_llm,Q15dec_verifiability,True,noul,rater_fraction,,"[0, 1]",20,20,1.0,,,,,,,,,,0.06927207143098468,0.096846936674537,0.06927207143098468,0.096846936674537,0.3815255307614525,460.0
routing_discovery_v1_b025,taskmap,discovery,jev_targeted_llm,Q16shared_knowledge,True,noul,rater_fraction,,"[0, 1]",20,20,1.0,,,,,,,,,,0.19169371662473972,0.23567216542275865,0.19169371662473972,0.23567216542275865,0.6144380364531102,462.0
routing_discovery_v1_b025,taskmap,discovery,jev_targeted_llm,Q17within_sys_sol,True,noul,rater_fraction,,"[0, 1]",20,20,1.0,,,,,,,,,,0.08964690012406903,0.1468409255553499,0.08964690012406903,0.1468409255553499,0.4274837273171767,460.0
routing_discovery_v1_b025,taskmap,discovery,jev_targeted_llm,Q18ans_recog,True,noul,rater_fraction,,"[0, 1]",20,20,1.0,,,,,,,,,,0.09889117315730603,0.12001130179788787,0.09889117315730603,0.12001130179788787,0.5130823729681339,456.0
routing_discovery_v1_b025,taskmap,discovery,jev_targeted_llm,Q19time_solvability,True,noul,rater_fraction,,"[0, 1]",20,20,1.0,,,,,,,,,,0.15348635663426263,0.17806512002757183,0.15348635663426263,0.17806512002757183,0.4999576775209815,459.0
routing_discovery_v1_b025,taskmap,discovery,jev_targeted_llm,Q20type_3_type_4,True,noul,rater_fraction,,"[0, 1]",20,20,1.0,,,,,,,,,,0.12980425061230377,0.1664777710667871,0.12980425061230377,0.1664777710667871,0.42926425549998126,460.0
routing_discovery_v1_b025,taskmap,discovery,jev_targeted_llm,Q21intellective_judg_1,True,score,continuous_rating,,"[0, 1]",20,20,1.0,,,,,,,,,,0.09406963056675036,0.1401272873198469,0.09406963056675036,0.1401272873198469,,0.0
routing_discovery_v1_b025,taskmap,discovery,jev_targeted_llm,Q22confl_tradeoffs,True,noul,rater_fraction,,"[0, 1]",20,20,1.0,,,,,,,,,,0.15872317132176345,0.18909127057362232,0.15872317132176345,0.18909127057362232,0.47847006036554696,463.0
routing_discovery_v1_b025,taskmap,discovery,jev_targeted_llm,Q23ss_out_uncert,True,noul,rater_fraction,,"[0, 1]",20,20,1.0,,,,,,,,,,0.11364232479293812,0.14986478900901967,0.11364232479293812,0.14986478900901967,0.5528680117052417,457.0
routing_discovery_v1_b025,taskmap,discovery,jev_targeted_llm,Q24eureka_question,True,noul,rater_fraction,,"[0, 1]",20,20,1.0,,,,,,,,,,0.04447590958673046,0.05231375401975358,0.04447590958673046,0.05231375401975358,0.2528398345213211,457.0
routing_discovery_v1_b025,ucc,discovery,jev_explanation,healthy,True,choice,category,"[""0"", ""1""]",,210,162,0.7714285714285715,0.6952380952380952,0.5321037463976945,0.5321037463976945,2,2,0.31707932307058995,162,0.1751864856056448,0.7714285714285715,,,,,,
routing_discovery_v1_b025,ucc,discovery,jev_explanation,sarcastic,True,choice,category,"[""0"", ""1""]",,210,162,0.7714285714285715,0.7142857142857143,0.4178272980501393,0.4178272980501393,2,2,0.140225580546026,162,0.055099375888735785,0.7714285714285715,,,,,,
routing_discovery_v1_b025,ucc,discovery,jev_explanation,generalisation,False,choice,category,"[""0"", ""1""]",,210,162,0.7714285714285715,0.7380952380952381,0.4246575342465753,0.4246575342465753,2,2,0.43898152022150444,162,0.2762086419753086,0.7714285714285715,,,,,,
routing_discovery_v1_b025,ucc,discovery,jev_explanation,generalisation_unfair,True,choice,category,"[""0"", ""1""]",,210,162,0.7714285714285715,0.7523809523809524,0.42934782608695654,0.42934782608695654,2,2,0.3606999201827634,162,0.22588271604938265,0.7714285714285715,,,,,,
routing_discovery_v1_b025,ucc,discovery,jev_explanation,hostile,True,choice,category,"[""0"", ""1""]",,210,162,0.7714285714285715,0.7666666666666667,0.43513513513513513,0.43513513513513513,2,2,0.06788872031601643,162,0.017052723659900647,0.7714285714285715,,,,,,
routing_discovery_v1_b025,ucc,discovery,jev_explanation,antagonize,True,choice,category,"[""0"", ""1""]",,210,162,0.7714285714285715,0.7476190476190476,0.6777777777777778,0.6777777777777778,2,2,0.14312265635059174,162,0.061093574096737636,0.7714285714285715,,,,,,
routing_discovery_v1_b025,ucc,discovery,jev_explanation,condescending,True,choice,category,"[""0"", ""1""]",,210,162,0.7714285714285715,0.7380952380952381,0.525414364640884,0.525414364640884,2,2,0.10322580875012863,162,0.03785068176990042,0.7714285714285715,,,,,,
routing_discovery_v1_b025,ucc,discovery,jev_explanation,dismissive,True,choice,category,"[""0"", ""1""]",,210,162,0.7714285714285715,0.7095238095238096,0.41620111731843573,0.41620111731843573,2,2,0.11446274642000498,162,0.04057781128983123,0.7714285714285715,,,,,,
routing_discovery_v1_b025,ucc,discovery,jev_grounded,healthy,True,choice,category,"[""0"", ""1""]",,210,210,1.0,0.4714285714285714,0.3987774367439581,0.3987774367439581,2,2,1.674268576908717,210,0.7819542857142859,1.0,,,,,,
routing_discovery_v1_b025,ucc,discovery,jev_grounded,sarcastic,True,choice,category,"[""0"", ""1""]",,210,210,1.0,0.6238095238095238,0.42735839287563426,0.42735839287563426,2,2,0.8440157358899432,210,0.551611428571429,1.0,,,,,,
routing_discovery_v1_b025,ucc,discovery,jev_grounded,generalisation,False,choice,category,"[""0"", ""1""]",,210,210,1.0,0.8047619047619048,0.4897777777777778,0.4897777777777778,2,2,0.44721623239957403,210,0.2862209523809524,1.0,,,,,,
routing_discovery_v1_b025,ucc,discovery,jev_grounded,generalisation_unfair,True,choice,category,"[""0"", ""1""]",,210,210,1.0,0.8380952380952381,0.5081289611463213,0.5081289611463213,2,2,0.3591081392107052,210,0.22725523809523812,1.0,,,,,,
routing_discovery_v1_b025,ucc,discovery,jev_grounded,hostile,True,choice,category,"[""0"", ""1""]",,210,210,1.0,0.6523809523809524,0.4195600318049298,0.4195600318049298,2,2,0.809218788871142,210,0.5147466666666669,1.0,,,,,,
routing_discovery_v1_b025,ucc,discovery,jev_grounded,antagonize,True,choice,category,"[""0"", ""1""]",,210,210,1.0,0.5095238095238095,0.3833214540270848,0.3833214540270848,2,2,1.369166003824877,210,0.7441380952380952,1.0,,,,,,
routing_discovery_v1_b025,ucc,discovery,jev_grounded,condescending,True,choice,category,"[""0"", ""1""]",,210,210,1.0,0.6571428571428571,0.4441176470588235,0.4441176470588235,2,2,0.7625563725961181,210,0.49156000000000005,1.0,,,,,,
routing_discovery_v1_b025,ucc,discovery,jev_grounded,dismissive,True,choice,category,"[""0"", ""1""]",,210,210,1.0,0.6238095238095238,0.4173836698858648,0.4173836698858648,2,2,0.7993606463467501,210,0.536224761904762,1.0,,,,,,
routing_discovery_v1_b025,ucc,discovery,jev_targeted_llm,healthy,True,choice,category,"[""0"", ""1""]",,210,210,1.0,0.8476190476190476,0.5938104448742747,0.5938104448742747,2,2,0.31707932307058995,162,0.1751864856056448,0.7714285714285715,,,,,,
routing_discovery_v1_b025,ucc,discovery,jev_targeted_llm,sarcastic,True,choice,category,"[""0"", ""1""]",,210,210,1.0,0.8904761904761904,0.5108860759493671,0.5108860759493671,2,2,0.140225580546026,162,0.055099375888735785,0.7714285714285715,,,,,,
routing_discovery_v1_b025,ucc,discovery,jev_targeted_llm,generalisation,False,choice,category,"[""0"", ""1""]",,210,210,1.0,0.9333333333333333,0.4827586206896552,0.4827586206896552,2,2,0.43898152022150444,162,0.2762086419753086,0.7714285714285715,,,,,,
routing_discovery_v1_b025,ucc,discovery,jev_targeted_llm,generalisation_unfair,True,choice,category,"[""0"", ""1""]",,210,210,1.0,0.9476190476190476,0.48655256723716384,0.48655256723716384,2,2,0.3606999201827634,162,0.22588271604938265,0.7714285714285715,,,,,,
routing_discovery_v1_b025,ucc,discovery,jev_targeted_llm,hostile,True,choice,category,"[""0"", ""1""]",,210,210,1.0,0.9095238095238095,0.5238095238095237,0.5238095238095237,2,2,0.06788872031601643,162,0.017052723659900647,0.7714285714285715,,,,,,
routing_discovery_v1_b025,ucc,discovery,jev_targeted_llm,antagonize,True,choice,category,"[""0"", ""1""]",,210,210,1.0,0.9095238095238095,0.6239751201583262,0.6239751201583262,2,2,0.14312265635059174,162,0.061093574096737636,0.7714285714285715,,,,,,
routing_discovery_v1_b025,ucc,discovery,jev_targeted_llm,condescending,True,choice,category,"[""0"", ""1""]",,210,210,1.0,0.8952380952380953,0.5490042951971886,0.5490042951971886,2,2,0.10322580875012863,162,0.03785068176990042,0.7714285714285715,,,,,,
routing_discovery_v1_b025,ucc,discovery,jev_targeted_llm,dismissive,True,choice,category,"[""0"", ""1""]",,210,210,1.0,0.8809523809523809,0.5052304212609556,0.5052304212609556,2,2,0.11446274642000498,162,0.04057781128983123,0.7714285714285715,,,,,,
routing_discovery_v1_b05,babe,discovery,jev_explanation,label_bias,True,choice,category,"[""Non-biased"", ""Biased""]",,200,104,0.52,0.375,0.49355888093689004,0.49355888093689004,2,2,0.6002529933286056,104,0.33902201225328166,0.52,,,,,,
routing_discovery_v1_b05,babe,discovery,jev_grounded,label_bias,True,choice,category,"[""Non-biased"", ""Biased""]",,200,200,1.0,0.78,0.7798018216394755,0.7798018216394755,2,2,0.7951914123607624,200,0.32645399999999997,1.0,,,,,,
routing_discovery_v1_b05,babe,discovery,jev_targeted_llm,label_bias,True,choice,category,"[""Non-biased"", ""Biased""]",,200,200,1.0,0.76,0.7596153846153846,0.7596153846153846,2,2,0.6002529933286056,104,0.33902201225328166,0.52,,,,,,
routing_discovery_v1_b05,commonsense,discovery,jev_explanation,q1,True,noul,rater_fraction,,"[0, 1]",200,112,0.56,,,,,,,,,,0.14995815804549142,0.1988934955748662,0.14995815804549142,0.1988934955748662,0.5129240682210665,2629.0
routing_discovery_v1_b05,commonsense,discovery,jev_explanation,q2,True,noul,rater_fraction,,"[0, 1]",200,112,0.56,,,,,,,,,,0.1402708383848141,0.18546186859613692,0.1402708383848141,0.18546186859613692,0.5446882751360625,2629.0
routing_discovery_v1_b05,commonsense,discovery,jev_grounded,q1,True,noul,rater_fraction,,"[0, 1]",200,200,1.0,,,,,,,,,,0.15473628820533272,0.19624599793435174,0.15473628820533272,0.19624599793435174,0.5134947294799587,4594.0
routing_discovery_v1_b05,commonsense,discovery,jev_grounded,q2,True,noul,rater_fraction,,"[0, 1]",200,200,1.0,,,,,,,,,,0.1483258745153799,0.1936942714871603,0.1483258745153799,0.1936942714871603,0.5422290047235029,4594.0
routing_discovery_v1_b05,commonsense,discovery,jev_targeted_llm,q1,True,noul,rater_fraction,,"[0, 1]",200,200,1.0,,,,,,,,,,0.15341093931829014,0.20316041373010027,0.15341093931829014,0.20316041373010027,0.5180131033631853,4594.0
routing_discovery_v1_b05,commonsense,discovery,jev_targeted_llm,q2,True,noul,rater_fraction,,"[0, 1]",200,200,1.0,,,,,,,,,,0.1455579084527877,0.1857362785153176,0.1455579084527877,0.1857362785153176,0.5353553516173324,4594.0
routing_discovery_v1_b05,conflict,discovery,jev_explanation,rating_directness_content,True,choice,category,"[""Yes - Direct Content"", ""Neutral - Content contains no opinion"", ""No - Indirect Content""]",,92,44,0.4782608695652174,0.45652173913043476,0.20895522388059704,0.6268656716417911,3,1,0.2544165817911033,44,0.12358636363636365,0.4782608695652174,,,,,,
routing_discovery_v1_b05,conflict,discovery,jev_explanation,rating_directness_expression,True,choice,category,"[""Yes - Direct Expression"", ""No - Indirect Expression""]",,92,44,0.4782608695652174,0.4673913043478261,0.3282442748091603,0.3282442748091603,2,2,0.11827973187967494,44,0.058312875724141476,0.4782608695652174,,,,,,
routing_discovery_v1_b05,conflict,discovery,jev_explanation,rating_OI_content,True,choice,category,"[""Yes - Content opposes someone else"", ""No - Content does not oppose anyone""]",,92,44,0.4782608695652174,0.4673913043478261,0.3233082706766917,0.3233082706766917,2,2,0.03325831013097386,44,0.004362154238625151,0.4782608695652174,,,,,,
routing_discovery_v1_b05,conflict,discovery,jev_explanation,rating_OI_expression,True,choice,category,"[""Yes - Expression is emotional/forceful"", ""No - Expression is not emotional/forceful""]",,92,44,0.4782608695652174,0.40217391304347827,0.404408457040036,0.404408457040036,2,2,0.3684711151133906,44,0.2234344541490603,0.4782608695652174,,,,,,
routing_discovery_v1_b05,conflict,discovery,jev_grounded,rating_directness_content,True,choice,category,"[""Yes - Direct Content"", ""Neutral - Content contains no opinion"", ""No - Indirect Content""]",,92,92,1.0,0.9239130434782609,0.32015065913371,0.96045197740113,3,1,0.25036662602371806,92,0.1324239130434783,1.0,,,,,,
routing_discovery_v1_b05,conflict,discovery,jev_grounded,rating_directness_expression,True,choice,category,"[""Yes - Direct Expression"", ""No - Indirect Expression""]",,92,92,1.0,0.8260869565217391,0.551219512195122,0.551219512195122,2,2,0.4313163070076786,92,0.2728391304347827,1.0,,,,,,
routing_discovery_v1_b05,conflict,discovery,jev_grounded,rating_OI_content,True,choice,category,"[""Yes - Content opposes someone else"", ""No - Content does not oppose anyone""]",,92,92,1.0,0.8152173913043478,0.5011164274322168,0.5011164274322168,2,2,0.4841950509867661,92,0.30014565217391304,1.0,,,,,,
routing_discovery_v1_b05,conflict,discovery,jev_grounded,rating_OI_expression,True,choice,category,"[""Yes - Expression is emotional/forceful"", ""No - Expression is not emotional/forceful""]",,92,92,1.0,0.7608695652173914,0.6201201201201201,0.6201201201201201,2,2,0.9977741748860135,92,0.3755130434782607,1.0,,,,,,
routing_discovery_v1_b05,conflict,discovery,jev_targeted_llm,rating_directness_content,True,choice,category,"[""Yes - Direct Content"", ""Neutral - Content contains no opinion"", ""No - Indirect Content""]",,92,92,1.0,0.9782608695652174,0.32967032967032966,0.989010989010989,3,1,0.2544165817911033,44,0.12358636363636365,0.4782608695652174,,,,,,
routing_discovery_v1_b05,conflict,discovery,jev_targeted_llm,rating_directness_expression,True,choice,category,"[""Yes - Direct Expression"", ""No - Indirect Expression""]",,92,92,1.0,0.9130434782608695,0.4772727272727273,0.4772727272727273,2,2,0.11827973187967494,44,0.058312875724141476,0.4782608695652174,,,,,,
routing_discovery_v1_b05,conflict,discovery,jev_targeted_llm,rating_OI_content,True,choice,category,"[""Yes - Content opposes someone else"", ""No - Content does not oppose anyone""]",,92,92,1.0,0.8478260869565217,0.5689424364123159,0.5689424364123159,2,2,0.03325831013097386,44,0.004362154238625151,0.4782608695652174,,,,,,
routing_discovery_v1_b05,conflict,discovery,jev_targeted_llm,rating_OI_expression,True,choice,category,"[""Yes - Expression is emotional/forceful"", ""No - Expression is not emotional/forceful""]",,92,92,1.0,0.8152173913043478,0.6520578420467186,0.6520578420467186,2,2,0.3684711151133906,44,0.2234344541490603,0.4782608695652174,,,,,,
routing_discovery_v1_b05,mbd,discovery,jev_explanation,type,True,choice,category,"[""fact"", ""opinion"", ""borderline"", ""quote"", ""other""]",,209,127,0.6076555023923444,0.5358851674641149,0.45348399246704324,0.45348399246704324,5,5,0.4728496384952855,127,0.17838514726522361,0.6076555023923444,,,,,,
routing_discovery_v1_b05,mbd,discovery,jev_explanation,tone,True,choice,category,"[""positive"", ""negative"", ""neutral""]",,210,127,0.6047619047619047,0.5095238095238095,0.5054023544589582,0.5054023544589582,3,3,0.36049021563241823,127,0.2279750746655216,0.6047619047619047,,,,,,
routing_discovery_v1_b05,mbd,discovery,jev_explanation,focus,True,choice,category,"[""democrat"", ""republican"", ""both"", ""neither""]",,204,120,0.5882352941176471,0.5098039215686274,0.5210992907801418,0.5210992907801418,4,4,0.37783608628851856,120,0.2192016666666667,0.5882352941176471,,,,,,
routing_discovery_v1_b05,mbd,discovery,jev_grounded,type,True,choice,category,"[""fact"", ""opinion"", ""borderline"", ""quote"", ""other""]",,209,209,1.0,0.84688995215311,0.5716290764251929,0.5716290764251929,5,5,0.5575182012522303,209,0.24663051353513865,1.0,,,,,,
routing_discovery_v1_b05,mbd,discovery,jev_grounded,tone,True,choice,category,"[""positive"", ""negative"", ""neutral""]",,210,210,1.0,0.8285714285714286,0.7433308610988173,0.7433308610988173,3,3,0.41946249229842975,210,0.24628337759509467,1.0,,,,,,
routing_discovery_v1_b05,mbd,discovery,jev_grounded,focus,True,choice,category,"[""democrat"", ""republican"", ""both"", ""neither""]",,204,204,1.0,0.9019607843137255,0.7898418233902105,0.7898418233902105,4,4,0.2825113552826671,204,0.1592107843137255,1.0,,,,,,
routing_discovery_v1_b05,mbd,discovery,jev_targeted_llm,type,True,choice,category,"[""fact"", ""opinion"", ""borderline"", ""quote"", ""other""]",,209,209,1.0,0.8516746411483254,0.5842182596638043,0.5842182596638043,5,5,0.4728496384952855,127,0.17838514726522361,0.6076555023923444,,,,,,
routing_discovery_v1_b05,mbd,discovery,jev_targeted_llm,tone,True,choice,category,"[""positive"", ""negative"", ""neutral""]",,210,210,1.0,0.8571428571428571,0.7422418200408997,0.7422418200408997,3,3,0.36049021563241823,127,0.2279750746655216,0.6047619047619047,,,,,,
routing_discovery_v1_b05,mbd,discovery,jev_targeted_llm,focus,True,choice,category,"[""democrat"", ""republican"", ""both"", ""neither""]",,204,204,1.0,0.8970588235294118,0.7641293489119576,0.7641293489119576,4,4,0.37783608628851856,120,0.2192016666666667,0.5882352941176471,,,,,,
routing_discovery_v1_b05,taskmap,discovery,jev_explanation,Q1concept_behav,True,noul,rater_fraction,,"[0, 1]",20,9,0.45,,,,,,,,,,0.03483626103266542,0.044314740388248806,0.03483626103266542,0.044314740388248806,0.21224374622198938,210.0
routing_discovery_v1_b05,taskmap,discovery,jev_explanation,Q2intel_manip_1,True,score,continuous_rating,,"[0, 1]",20,9,0.45,,,,,,,,,,0.05026864708814258,0.0771309228202312,0.05026864708814258,0.0771309228202312,,0.0
routing_discovery_v1_b05,taskmap,discovery,jev_explanation,Q3type_1_planning,True,noul,rater_fraction,,"[0, 1]",20,9,0.45,,,,,,,,,,0.06756977060707747,0.078504618252491,0.06756977060707747,0.078504618252491,0.4321038098808921,210.0
routing_discovery_v1_b05,taskmap,discovery,jev_explanation,Q4type_2_generate,True,noul,rater_fraction,,"[0, 1]",20,9,0.45,,,,,,,,,,0.10537637780912604,0.15455467899656092,0.10537637780912604,0.15455467899656092,0.32263594271791085,210.0
routing_discovery_v1_b05,taskmap,discovery,jev_explanation,Q5creativity_input_1,True,score,continuous_rating,,"[0, 1]",20,9,0.45,,,,,,,,,,0.11354701641789106,0.1365681020650865,0.11354701641789106,0.1365681020650865,,0.0
routing_discovery_v1_b05,taskmap,discovery,jev_explanation,Q6type_5_cc,True,noul,rater_fraction,,"[0, 1]",20,9,0.45,,,,,,,,,,0.060608784572181294,0.08919121788645719,0.060608784572181294,0.08919121788645719,0.2626267606095837,209.0
routing_discovery_v1_b05,taskmap,discovery,jev_explanation,Q7type_7_battle,True,noul,rater_fraction,,"[0, 1]",20,9,0.45,,,,,,,,,,0.1135870088044001,0.13238089816557463,0.1135870088044001,0.13238089816557463,0.5118018250570052,209.0
routing_discovery_v1_b05,taskmap,discovery,jev_explanation,Q8type_8_performance,True,noul,rater_fraction,,"[0, 1]",20,9,0.45,,,,,,,,,,0.07683493686851202,0.08660695219264439,0.07683493686851202,0.08660695219264439,0.21358226499400423,208.0
routing_discovery_v1_b05,taskmap,discovery,jev_explanation,Q9divisible_unitary,True,noul,rater_fraction,,"[0, 1]",20,9,0.45,,,,,,,,,,0.18476101330876002,0.2180302077921534,0.18476101330876002,0.2180302077921534,0.5664199625041328,201.0
routing_discovery_v1_b05,taskmap,discovery,jev_explanation,Q10maximizing,True,noul,rater_fraction,,"[0, 1]",20,9,0.45,,,,,,,,,,0.08226391927907453,0.10461686479577442,0.08226391927907453,0.10461686479577442,0.45928821700647443,210.0
routing_discovery_v1_b05,taskmap,discovery,jev_explanation,Q11optimizing,True,noul,rater_fraction,,"[0, 1]",20,9,0.45,,,,,,,,,,0.14457039481373624,0.16849016258069546,0.14457039481373624,0.16849016258069546,0.5578288614001584,208.0
routing_discovery_v1_b05,taskmap,discovery,jev_explanation,Q13outcome_multip,True,noul,rater_fraction,,"[0, 1]",20,9,0.45,,,,,,,,,,0.1850957800412682,0.21769997029009894,0.1850957800412682,0.21769997029009894,0.5917418509291892,207.0
routing_discovery_v1_b05,taskmap,discovery,jev_explanation,Q14sol_scheme_mul,True,noul,rater_fraction,,"[0, 1]",20,9,0.45,,,,,,,,,,0.16028917149702038,0.18683773205512227,0.16028917149702038,0.18683773205512227,0.6798991791345633,207.0
routing_discovery_v1_b05,taskmap,discovery,jev_explanation,Q15dec_verifiability,True,noul,rater_fraction,,"[0, 1]",20,9,0.45,,,,,,,,,,0.060999465848421815,0.10428232881190669,0.060999465848421815,0.10428232881190669,0.3550991824985824,207.0
routing_discovery_v1_b05,taskmap,discovery,jev_explanation,Q16shared_knowledge,True,noul,rater_fraction,,"[0, 1]",20,9,0.45,,,,,,,,,,0.1649260465322474,0.21922066773737972,0.1649260465322474,0.21922066773737972,0.6341634532114216,210.0
routing_discovery_v1_b05,taskmap,discovery,jev_explanation,Q17within_sys_sol,True,noul,rater_fraction,,"[0, 1]",20,9,0.45,,,,,,,,,,0.07297630453547341,0.10792191878327219,0.07297630453547341,0.10792191878327219,0.34474508288567496,206.0
routing_discovery_v1_b05,taskmap,discovery,jev_explanation,Q18ans_recog,True,noul,rater_fraction,,"[0, 1]",20,9,0.45,,,,,,,,,,0.07503476788132035,0.09475332497673761,0.07503476788132035,0.09475332497673761,0.49063325489668425,205.0
routing_discovery_v1_b05,taskmap,discovery,jev_explanation,Q19time_solvability,True,noul,rater_fraction,,"[0, 1]",20,9,0.45,,,,,,,,,,0.1263670007399307,0.15192893573194224,0.1263670007399307,0.15192893573194224,0.4473294715407488,208.0
routing_discovery_v1_b05,taskmap,discovery,jev_explanation,Q20type_3_type_4,True,noul,rater_fraction,,"[0, 1]",20,9,0.45,,,,,,,,,,0.12382425842205223,0.1654296349860868,0.12382425842205223,0.1654296349860868,0.4196730583041411,209.0
routing_discovery_v1_b05,taskmap,discovery,jev_explanation,Q21intellective_judg_1,True,score,continuous_rating,,"[0, 1]",20,9,0.45,,,,,,,,,,0.084918419856578,0.1301881881041576,0.084918419856578,0.1301881881041576,,0.0
routing_discovery_v1_b05,taskmap,discovery,jev_explanation,Q22confl_tradeoffs,True,noul,rater_fraction,,"[0, 1]",20,9,0.45,,,,,,,,,,0.1454419080970979,0.1712628608544877,0.1454419080970979,0.1712628608544877,0.3530378225739676,209.0
routing_discovery_v1_b05,taskmap,discovery,jev_explanation,Q23ss_out_uncert,True,noul,rater_fraction,,"[0, 1]",20,9,0.45,,,,,,,,,,0.10411007304561183,0.13074959443063108,0.10411007304561183,0.13074959443063108,0.5701514379155721,207.0
routing_discovery_v1_b05,taskmap,discovery,jev_explanation,Q24eureka_question,True,noul,rater_fraction,,"[0, 1]",20,9,0.45,,,,,,,,,,0.0493930673728189,0.058969861004088235,0.0493930673728189,0.058969861004088235,0.23754017066369187,205.0
routing_discovery_v1_b05,taskmap,discovery,jev_grounded,Q1concept_behav,True,noul,rater_fraction,,"[0, 1]",20,20,1.0,,,,,,,,,,0.06411029550159984,0.07780203487368363,0.06411029550159984,0.07780203487368363,0.16536123186810395,462.0
routing_discovery_v1_b05,taskmap,discovery,jev_grounded,Q2intel_manip_1,True,score,continuous_rating,,"[0, 1]",20,20,1.0,,,,,,,,,,0.060467245435723696,0.0831682263509698,0.060467245435723696,0.0831682263509698,,0.0
routing_discovery_v1_b05,taskmap,discovery,jev_grounded,Q3type_1_planning,True,noul,rater_fraction,,"[0, 1]",20,20,1.0,,,,,,,,,,0.0790971673254282,0.10453227406301654,0.0790971673254282,0.10453227406301654,0.4849925481506654,463.0
routing_discovery_v1_b05,taskmap,discovery,jev_grounded,Q4type_2_generate,True,noul,rater_fraction,,"[0, 1]",20,20,1.0,,,,,,,,,,0.09176134010916619,0.1306933645650733,0.09176134010916619,0.1306933645650733,0.38942611196363386,464.0
routing_discovery_v1_b05,taskmap,discovery,jev_grounded,Q5creativity_input_1,True,score,continuous_rating,,"[0, 1]",20,20,1.0,,,,,,,,,,0.24891168831168833,0.2734325023670067,0.24891168831168833,0.2734325023670067,,0.0
routing_discovery_v1_b05,taskmap,discovery,jev_grounded,Q6type_5_cc,True,noul,rater_fraction,,"[0, 1]",20,20,1.0,,,,,,,,,,0.08816083192170149,0.11537902013847001,0.08816083192170149,0.11537902013847001,0.3943895866350497,463.0
routing_discovery_v1_b05,taskmap,discovery,jev_grounded,Q7type_7_battle,True,noul,rater_fraction,,"[0, 1]",20,20,1.0,,,,,,,,,,0.1152893374741201,0.13421168961197857,0.1152893374741201,0.13421168961197857,0.5075871036273767,462.0
routing_discovery_v1_b05,taskmap,discovery,jev_grounded,Q8type_8_performance,True,noul,rater_fraction,,"[0, 1]",20,20,1.0,,,,,,,,,,0.0727931488801054,0.09990809833882558,0.0727931488801054,0.09990809833882558,0.29859402892376247,462.0
routing_discovery_v1_b05,taskmap,discovery,jev_grounded,Q9divisible_unitary,True,noul,rater_fraction,,"[0, 1]",20,20,1.0,,,,,,,,,,0.18823390739695084,0.2139717991658828,0.18823390739695084,0.2139717991658828,0.5128461004668821,444.0
routing_discovery_v1_b05,taskmap,discovery,jev_grounded,Q10maximizing,True,noul,rater_fraction,,"[0, 1]",20,20,1.0,,,,,,,,,,0.09319372294372294,0.1154203389782748,0.09319372294372294,0.1154203389782748,0.5299926529393807,464.0
routing_discovery_v1_b05,taskmap,discovery,jev_grounded,Q11optimizing,True,noul,rater_fraction,,"[0, 1]",20,20,1.0,,,,,,,,,,0.14466450216450216,0.16841568312402183,0.14466450216450216,0.16841568312402183,0.5824791207762208,462.0
routing_discovery_v1_b05,taskmap,discovery,jev_grounded,Q13outcome_multip,True,noul,rater_fraction,,"[0, 1]",20,20,1.0,,,,,,,,,,0.2328206286467156,0.2942715936610822,0.2328206286467156,0.2942715936610822,0.6844183932172871,459.0
routing_discovery_v1_b05,taskmap,discovery,jev_grounded,Q14sol_scheme_mul,True,noul,rater_fraction,,"[0, 1]",20,20,1.0,,,,,,,,,,0.16928990212685865,0.20937153462419145,0.16928990212685865,0.20937153462419145,0.6599231031092047,461.0
routing_discovery_v1_b05,taskmap,discovery,jev_grounded,Q15dec_verifiability,True,noul,rater_fraction,,"[0, 1]",20,20,1.0,,,,,,,,,,0.12278152644456992,0.1373788284148376,0.12278152644456992,0.1373788284148376,0.41321008506414353,460.0
routing_discovery_v1_b05,taskmap,discovery,jev_grounded,Q16shared_knowledge,True,noul,rater_fraction,,"[0, 1]",20,20,1.0,,,,,,,,,,0.2019094202898551,0.2677550346239418,0.2019094202898551,0.2677550346239418,0.6588517120147459,462.0
routing_discovery_v1_b05,taskmap,discovery,jev_grounded,Q17within_sys_sol,True,noul,rater_fraction,,"[0, 1]",20,20,1.0,,,,,,,,,,0.13302959721437985,0.1774967807632849,0.13302959721437985,0.1774967807632849,0.458071029578802,460.0
routing_discovery_v1_b05,taskmap,discovery,jev_grounded,Q18ans_recog,True,noul,rater_fraction,,"[0, 1]",20,20,1.0,,,,,,,,,,0.1289768021833239,0.1646917548999006,0.1289768021833239,0.1646917548999006,0.5430879194268345,456.0
routing_discovery_v1_b05,taskmap,discovery,jev_grounded,Q19time_solvability,True,noul,rater_fraction,,"[0, 1]",20,20,1.0,,,,,,,,,,0.25962436476566914,0.3107410568659466,0.25962436476566914,0.3107410568659466,0.6503329214137148,459.0
routing_discovery_v1_b05,taskmap,discovery,jev_grounded,Q20type_3_type_4,True,noul,rater_fraction,,"[0, 1]",20,20,1.0,,,,,,,,,,0.18194325239977413,0.22767635844885956,0.18194325239977413,0.22767635844885956,0.4948424115902089,460.0
routing_discovery_v1_b05,taskmap,discovery,jev_grounded,Q21intellective_judg_1,True,score,continuous_rating,,"[0, 1]",20,20,1.0,,,,,,,,,,0.11407785620176925,0.16234334241416307,0.11407785620176925,0.16234334241416307,,0.0
routing_discovery_v1_b05,taskmap,discovery,jev_grounded,Q22confl_tradeoffs,True,noul,rater_fraction,,"[0, 1]",20,20,1.0,,,,,,,,,,0.1564539808018069,0.18731080914298998,0.1564539808018069,0.18731080914298998,0.47852519436055957,463.0
routing_discovery_v1_b05,taskmap,discovery,jev_grounded,Q23ss_out_uncert,True,noul,rater_fraction,,"[0, 1]",20,20,1.0,,,,,,,,,,0.1288170054583098,0.16300625699180246,0.1288170054583098,0.16300625699180246,0.5655414599058471,457.0
routing_discovery_v1_b05,taskmap,discovery,jev_grounded,Q24eureka_question,True,noul,rater_fraction,,"[0, 1]",20,20,1.0,,,,,,,,,,0.0779462638810465,0.08803417795172955,0.0779462638810465,0.08803417795172955,0.276471698960639,457.0
routing_discovery_v1_b05,taskmap,discovery,jev_targeted_llm,Q1concept_behav,True,noul,rater_fraction,,"[0, 1]",20,20,1.0,,,,,,,,,,0.040251416278928684,0.04558542069411043,0.040251416278928684,0.04558542069411043,0.14357232430688277,462.0
routing_discovery_v1_b05,taskmap,discovery,jev_targeted_llm,Q2intel_manip_1,True,score,continuous_rating,,"[0, 1]",20,20,1.0,,,,,,,,,,0.0480904046472211,0.06579402534226728,0.0480904046472211,0.06579402534226728,,0.0
routing_discovery_v1_b05,taskmap,discovery,jev_targeted_llm,Q3type_1_planning,True,noul,rater_fraction,,"[0, 1]",20,20,1.0,,,,,,,,,,0.10028325542178265,0.13471576620709166,0.10028325542178265,0.13471576620709166,0.5186606868913799,463.0
routing_discovery_v1_b05,taskmap,discovery,jev_targeted_llm,Q4type_2_generate,True,noul,rater_fraction,,"[0, 1]",20,20,1.0,,,,,,,,,,0.09515115996328796,0.12879834850056454,0.09515115996328796,0.12879834850056454,0.3785919915423713,464.0
routing_discovery_v1_b05,taskmap,discovery,jev_targeted_llm,Q5creativity_input_1,True,score,continuous_rating,,"[0, 1]",20,20,1.0,,,,,,,,,,0.09573024829714188,0.1119660603287813,0.09573024829714188,0.1119660603287813,,0.0
routing_discovery_v1_b05,taskmap,discovery,jev_targeted_llm,Q6type_5_cc,True,noul,rater_fraction,,"[0, 1]",20,20,1.0,,,,,,,,,,0.08510766282597396,0.1145006652246082,0.08510766282597396,0.1145006652246082,0.4019564183353491,463.0
routing_discovery_v1_b05,taskmap,discovery,jev_targeted_llm,Q7type_7_battle,True,noul,rater_fraction,,"[0, 1]",20,20,1.0,,,,,,,,,,0.15168327686805946,0.1900965076012425,0.15168327686805946,0.1900965076012425,0.5591861912370181,462.0
routing_discovery_v1_b05,taskmap,discovery,jev_targeted_llm,Q8type_8_performance,True,noul,rater_fraction,,"[0, 1]",20,20,1.0,,,,,,,,,,0.08161520022813513,0.10995787983329677,0.08161520022813513,0.10995787983329677,0.3115666250750958,462.0
routing_discovery_v1_b05,taskmap,discovery,jev_targeted_llm,Q9divisible_unitary,True,noul,rater_fraction,,"[0, 1]",20,20,1.0,,,,,,,,,,0.12974842248621285,0.16560400550650858,0.12974842248621285,0.16560400550650858,0.4661061589010979,444.0
routing_discovery_v1_b05,taskmap,discovery,jev_targeted_llm,Q10maximizing,True,noul,rater_fraction,,"[0, 1]",20,20,1.0,,,,,,,,,,0.15994281788224646,0.2043123422495175,0.15994281788224646,0.2043123422495175,0.6195465258164945,464.0
routing_discovery_v1_b05,taskmap,discovery,jev_targeted_llm,Q11optimizing,True,noul,rater_fraction,,"[0, 1]",20,20,1.0,,,,,,,,,,0.19749997712035033,0.2504907685170436,0.19749997712035033,0.2504907685170436,0.6606140914736857,462.0
routing_discovery_v1_b05,taskmap,discovery,jev_targeted_llm,Q13outcome_multip,True,noul,rater_fraction,,"[0, 1]",20,20,1.0,,,,,,,,,,0.19647684843057897,0.2611802357000663,0.19647684843057897,0.2611802357000663,0.643743129991669,459.0
routing_discovery_v1_b05,taskmap,discovery,jev_targeted_llm,Q14sol_scheme_mul,True,noul,rater_fraction,,"[0, 1]",20,20,1.0,,,,,,,,,,0.15238770293123494,0.1909018961422015,0.15238770293123494,0.1909018961422015,0.6425702683448471,461.0
routing_discovery_v1_b05,taskmap,discovery,jev_targeted_llm,Q15dec_verifiability,True,noul,rater_fraction,,"[0, 1]",20,20,1.0,,,,,,,,,,0.11276808261315625,0.15611531282439384,0.11276808261315625,0.15611531282439384,0.423526126094033,460.0
routing_discovery_v1_b05,taskmap,discovery,jev_targeted_llm,Q16shared_knowledge,True,noul,rater_fraction,,"[0, 1]",20,20,1.0,,,,,,,,,,0.2147565289575802,0.284377416762072,0.2147565289575802,0.284377416762072,0.7044440078693671,462.0
routing_discovery_v1_b05,taskmap,discovery,jev_targeted_llm,Q17within_sys_sol,True,noul,rater_fraction,,"[0, 1]",20,20,1.0,,,,,,,,,,0.08803188362481398,0.1335336734192239,0.08803188362481398,0.1335336734192239,0.4289260746427076,460.0
routing_discovery_v1_b05,taskmap,discovery,jev_targeted_llm,Q18ans_recog,True,noul,rater_fraction,,"[0, 1]",20,20,1.0,,,,,,,,,,0.1364320769412864,0.19025840721589882,0.1364320769412864,0.19025840721589882,0.5703001170056183,456.0
routing_discovery_v1_b05,taskmap,discovery,jev_targeted_llm,Q19time_solvability,True,noul,rater_fraction,,"[0, 1]",20,20,1.0,,,,,,,,,,0.1663352707922197,0.2190430768256939,0.1663352707922197,0.2190430768256939,0.5441287463733849,459.0
routing_discovery_v1_b05,taskmap,discovery,jev_targeted_llm,Q20type_3_type_4,True,noul,rater_fraction,,"[0, 1]",20,20,1.0,,,,,,,,,,0.16262469005239294,0.2082900320533647,0.16262469005239294,0.2082900320533647,0.4726029114999594,460.0
routing_discovery_v1_b05,taskmap,discovery,jev_targeted_llm,Q21intellective_judg_1,True,score,continuous_rating,,"[0, 1]",20,20,1.0,,,,,,,,,,0.11024476832563515,0.1513496717945772,0.11024476832563515,0.1513496717945772,,0.0
routing_discovery_v1_b05,taskmap,discovery,jev_targeted_llm,Q22confl_tradeoffs,True,noul,rater_fraction,,"[0, 1]",20,20,1.0,,,,,,,,,,0.13768535403236334,0.16433517213165616,0.13768535403236334,0.16433517213165616,0.4532778019266756,463.0
routing_discovery_v1_b05,taskmap,discovery,jev_targeted_llm,Q23ss_out_uncert,True,noul,rater_fraction,,"[0, 1]",20,20,1.0,,,,,,,,,,0.14382751141372124,0.19177796136597247,0.14382751141372124,0.19177796136597247,0.5876140331573246,457.0
routing_discovery_v1_b05,taskmap,discovery,jev_targeted_llm,Q24eureka_question,True,noul,rater_fraction,,"[0, 1]",20,20,1.0,,,,,,,,,,0.062282310394937715,0.07401632418022554,0.062282310394937715,0.07401632418022554,0.26548934847664984,457.0
routing_discovery_v1_b05,ucc,discovery,jev_explanation,healthy,True,choice,category,"[""0"", ""1""]",,210,98,0.4666666666666667,0.4095238095238095,0.34265734265734266,0.34265734265734266,2,2,0.34714940869523736,98,0.20645704740020737,0.4666666666666667,,,,,,
routing_discovery_v1_b05,ucc,discovery,jev_explanation,sarcastic,True,choice,category,"[""0"", ""1""]",,210,98,0.4666666666666667,0.4380952380952381,0.3076923076923077,0.3076923076923077,2,2,0.12672468950814963,98,0.04700906081220749,0.4666666666666667,,,,,,
routing_discovery_v1_b05,ucc,discovery,jev_explanation,generalisation,False,choice,category,"[""0"", ""1""]",,210,98,0.4666666666666667,0.44285714285714284,0.3079470198675497,0.3079470198675497,2,2,0.450751661278752,98,0.28501836734693886,0.4666666666666667,,,,,,
routing_discovery_v1_b05,ucc,discovery,jev_explanation,generalisation_unfair,True,choice,category,"[""0"", ""1""]",,210,98,0.4666666666666667,0.4523809523809524,0.3125,0.3125,2,2,0.3636764523048659,98,0.22760612244897965,0.4666666666666667,,,,,,
routing_discovery_v1_b05,ucc,discovery,jev_explanation,hostile,True,choice,category,"[""0"", ""1""]",,210,98,0.4666666666666667,0.46190476190476193,0.31699346405228757,0.31699346405228757,2,2,0.07569866279658413,98,0.023246559884887767,0.4666666666666667,,,,,,
routing_discovery_v1_b05,ucc,discovery,jev_explanation,antagonize,True,choice,category,"[""0"", ""1""]",,210,98,0.4666666666666667,0.4523809523809524,0.5608108108108107,0.5608108108108107,2,2,0.12686915145856212,98,0.05770060707162934,0.4666666666666667,,,,,,
routing_discovery_v1_b05,ucc,discovery,jev_explanation,condescending,True,choice,category,"[""0"", ""1""]",,210,98,0.4666666666666667,0.44761904761904764,0.435,0.435,2,2,0.10323377190740067,98,0.03913776831814795,0.4666666666666667,,,,,,
routing_discovery_v1_b05,ucc,discovery,jev_explanation,dismissive,True,choice,category,"[""0"", ""1""]",,210,98,0.4666666666666667,0.43333333333333335,0.30434782608695654,0.30434782608695654,2,2,0.10780172615037323,98,0.03688651709150897,0.4666666666666667,,,,,,
routing_discovery_v1_b05,ucc,discovery,jev_grounded,healthy,True,choice,category,"[""0"", ""1""]",,210,210,1.0,0.46190476190476193,0.39245756419775213,0.39245756419775213,2,2,1.6955611110194124,210,0.8000600000000002,1.0,,,,,,
routing_discovery_v1_b05,ucc,discovery,jev_grounded,sarcastic,True,choice,category,"[""0"", ""1""]",,210,210,1.0,0.6142857142857143,0.4225873247564412,0.4225873247564412,2,2,0.8476420049801315,210,0.5559580952380953,1.0,,,,,,
routing_discovery_v1_b05,ucc,discovery,jev_grounded,generalisation,False,choice,category,"[""0"", ""1""]",,210,210,1.0,0.8047619047619048,0.4897777777777778,0.4897777777777778,2,2,0.4385806378891487,210,0.2791114285714284,1.0,,,,,,
routing_discovery_v1_b05,ucc,discovery,jev_grounded,generalisation_unfair,True,choice,category,"[""0"", ""1""]",,210,210,1.0,0.8476190476190476,0.5138888888888888,0.5138888888888888,2,2,0.3519128275002659,210,0.2193971428571428,1.0,,,,,,
routing_discovery_v1_b05,ucc,discovery,jev_grounded,hostile,True,choice,category,"[""0"", ""1""]",,210,210,1.0,0.6047619047619047,0.39836388112250176,0.39836388112250176,2,2,0.8252082428606321,210,0.5294761904761908,1.0,,,,,,
routing_discovery_v1_b05,ucc,discovery,jev_grounded,antagonize,True,choice,category,"[""0"", ""1""]",,210,210,1.0,0.49523809523809526,0.37535076888539676,0.37535076888539676,2,2,1.3821626636420519,210,0.7557514285714283,1.0,,,,,,
routing_discovery_v1_b05,ucc,discovery,jev_grounded,condescending,True,choice,category,"[""0"", ""1""]",,210,210,1.0,0.6428571428571429,0.43691680669264593,0.43691680669264593,2,2,0.7744459696852439,210,0.49644000000000016,1.0,,,,,,
routing_discovery_v1_b05,ucc,discovery,jev_grounded,dismissive,True,choice,category,"[""0"", ""1""]",,210,210,1.0,0.6095238095238096,0.4105969331872946,0.4105969331872946,2,2,0.7888106242803662,210,0.5358628571428571,1.0,,,,,,
routing_discovery_v1_b05,ucc,discovery,jev_targeted_llm,healthy,True,choice,category,"[""0"", ""1""]",,210,210,1.0,0.680952380952381,0.4875996940893696,0.4875996940893696,2,2,0.34714940869523736,98,0.20645704740020737,0.4666666666666667,,,,,,
routing_discovery_v1_b05,ucc,discovery,jev_targeted_llm,sarcastic,True,choice,category,"[""0"", ""1""]",,210,210,1.0,0.8476190476190476,0.5138888888888888,0.5138888888888888,2,2,0.12672468950814963,98,0.04700906081220749,0.4666666666666667,,,,,,
routing_discovery_v1_b05,ucc,discovery,jev_targeted_llm,generalisation,False,choice,category,"[""0"", ""1""]",,210,210,1.0,0.9095238095238095,0.5238095238095237,0.5238095238095237,2,2,0.450751661278752,98,0.28501836734693886,0.4666666666666667,,,,,,
routing_discovery_v1_b05,ucc,discovery,jev_targeted_llm,generalisation_unfair,True,choice,category,"[""0"", ""1""]",,210,210,1.0,0.9238095238095239,0.5356550580431177,0.5356550580431177,2,2,0.3636764523048659,98,0.22760612244897965,0.4666666666666667,,,,,,
routing_discovery_v1_b05,ucc,discovery,jev_targeted_llm,hostile,True,choice,category,"[""0"", ""1""]",,210,210,1.0,0.8095238095238095,0.4473684210526316,0.4473684210526316,2,2,0.07569866279658413,98,0.023246559884887767,0.4666666666666667,,,,,,
routing_discovery_v1_b05,ucc,discovery,jev_targeted_llm,antagonize,True,choice,category,"[""0"", ""1""]",,210,210,1.0,0.8238095238095238,0.5567851234955222,0.5567851234955222,2,2,0.12686915145856212,98,0.05770060707162934,0.4666666666666667,,,,,,
routing_discovery_v1_b05,ucc,discovery,jev_targeted_llm,condescending,True,choice,category,"[""0"", ""1""]",,210,210,1.0,0.8238095238095238,0.5206958238233298,0.5206958238233298,2,2,0.10323377190740067,98,0.03913776831814795,0.4666666666666667,,,,,,
routing_discovery_v1_b05,ucc,discovery,jev_targeted_llm,dismissive,True,choice,category,"[""0"", ""1""]",,210,210,1.0,0.8,0.48732852824924433,0.48732852824924433,2,2,0.10780172615037323,98,0.03688651709150897,0.4666666666666667,,,,,,
smoke_model_v2,babe,discovery,jev_compact,label_bias,True,choice,category,"[""Non-biased"", ""Biased""]",,16,16,1.0,0.6875,0.6862745098039216,0.6862745098039216,2,2,0.5851478475001387,16,0.36638750000000003,1.0,,,,,,
smoke_taskmap_v3,taskmap,discovery,jev_compact,Q1concept_behav,True,noul,rater_fraction,,"[0, 1]",11,11,1.0,,,,,,,,,,0.06614444843693855,0.07049634295295479,0.06614444843693855,0.07049634295295479,0.10627921595380956,252.0
smoke_taskmap_v3,taskmap,discovery,jev_compact,Q2intel_manip_1,True,score,continuous_rating,,"[0, 1]",11,11,1.0,,,,,,,,,,0.05685384904950122,0.06562975160526013,0.05685384904950122,0.06562975160526013,,0.0
smoke_taskmap_v3,taskmap,discovery,jev_compact,Q3type_1_planning,True,noul,rater_fraction,,"[0, 1]",11,11,1.0,,,,,,,,,,0.09129125814896565,0.1184442048468109,0.09129125814896565,0.1184442048468109,0.5314028450639754,253.0
smoke_taskmap_v3,taskmap,discovery,jev_compact,Q4type_2_generate,True,noul,rater_fraction,,"[0, 1]",11,11,1.0,,,,,,,,,,0.10650839279297776,0.12637687147866977,0.10650839279297776,0.12637687147866977,0.472055868016441,254.0
smoke_taskmap_v3,taskmap,discovery,jev_compact,Q5creativity_input_1,True,score,continuous_rating,,"[0, 1]",11,11,1.0,,,,,,,,,,0.2806192957240388,0.2957904747376503,0.2806192957240388,0.2957904747376503,,0.0
smoke_taskmap_v3,taskmap,discovery,jev_compact,Q6type_5_cc,True,noul,rater_fraction,,"[0, 1]",11,11,1.0,,,,,,,,,,0.10969765412453159,0.13853408581328222,0.10969765412453159,0.13853408581328222,0.5144491982774568,254.0
smoke_taskmap_v3,taskmap,discovery,jev_compact,Q7type_7_battle,True,noul,rater_fraction,,"[0, 1]",11,11,1.0,,,,,,,,,,0.12759124274934555,0.15520816302987095,0.12759124274934555,0.15520816302987095,0.5175492399639743,253.0
smoke_taskmap_v3,taskmap,discovery,jev_compact,Q8type_8_performance,True,noul,rater_fraction,,"[0, 1]",11,11,1.0,,,,,,,,,,0.08795997809831803,0.11804649165670378,0.08795997809831803,0.11804649165670378,0.38503373426770177,254.0
smoke_taskmap_v3,taskmap,discovery,jev_compact,Q9divisible_unitary,True,noul,rater_fraction,,"[0, 1]",11,11,1.0,,,,,,,,,,0.17126704652396352,0.19316362874284074,0.17126704652396352,0.19316362874284074,0.454184292423563,243.0
smoke_taskmap_v3,taskmap,discovery,jev_compact,Q10maximizing,True,noul,rater_fraction,,"[0, 1]",11,11,1.0,,,,,,,,,,0.10487928408877024,0.12308713801913657,0.10487928408877024,0.12308713801913657,0.5888838193453849,254.0
smoke_taskmap_v3,taskmap,discovery,jev_compact,Q11optimizing,True,noul,rater_fraction,,"[0, 1]",11,11,1.0,,,,,,,,,,0.12750380712831308,0.1515459704189486,0.12750380712831308,0.1515459704189486,0.5921973935160029,254.0
smoke_taskmap_v3,taskmap,discovery,jev_compact,Q13outcome_multip,True,noul,rater_fraction,,"[0, 1]",11,11,1.0,,,,,,,,,,0.21338509316770188,0.2823307647832125,0.21338509316770188,0.2823307647832125,0.6778282462862854,252.0
smoke_taskmap_v3,taskmap,discovery,jev_compact,Q14sol_scheme_mul,True,noul,rater_fraction,,"[0, 1]",11,11,1.0,,,,,,,,,,0.12774104683195595,0.1658051126538782,0.12774104683195595,0.1658051126538782,0.5763262783246793,254.0
smoke_taskmap_v3,taskmap,discovery,jev_compact,Q15dec_verifiability,True,noul,rater_fraction,,"[0, 1]",11,11,1.0,,,,,,,,,,0.15155938264633917,0.1734405979061711,0.15155938264633917,0.1734405979061711,0.4584491263164713,253.0
smoke_taskmap_v3,taskmap,discovery,jev_compact,Q16shared_knowledge,True,noul,rater_fraction,,"[0, 1]",11,11,1.0,,,,,,,,,,0.25558202008794895,0.30286007391139447,0.25558202008794895,0.30286007391139447,0.6838897300249809,252.0
smoke_taskmap_v3,taskmap,discovery,jev_compact,Q17within_sys_sol,True,noul,rater_fraction,,"[0, 1]",11,11,1.0,,,,,,,,,,0.1668962921136834,0.21378103188069122,0.1668962921136834,0.21378103188069122,0.5382478841412688,254.0
smoke_taskmap_v3,taskmap,discovery,jev_compact,Q18ans_recog,True,noul,rater_fraction,,"[0, 1]",11,11,1.0,,,,,,,,,,0.18424285200965046,0.22566019447913782,0.18424285200965046,0.22566019447913782,0.6059284959801133,251.0
smoke_taskmap_v3,taskmap,discovery,jev_compact,Q19time_solvability,True,noul,rater_fraction,,"[0, 1]",11,11,1.0,,,,,,,,,,0.2822908646031176,0.3506554648214532,0.2822908646031176,0.3506554648214532,0.7382957634657384,251.0
smoke_taskmap_v3,taskmap,discovery,jev_compact,Q20type_3_type_4,True,noul,rater_fraction,,"[0, 1]",11,11,1.0,,,,,,,,,,0.16132701948907482,0.2219229255437038,0.16132701948907482,0.2219229255437038,0.49361944910759703,251.0
smoke_taskmap_v3,taskmap,discovery,jev_compact,Q21intellective_judg_1,True,score,continuous_rating,,"[0, 1]",11,11,1.0,,,,,,,,,,0.1364434235066646,0.1649872639805362,0.1364434235066646,0.1649872639805362,,0.0
smoke_taskmap_v3,taskmap,discovery,jev_compact,Q22confl_tradeoffs,True,noul,rater_fraction,,"[0, 1]",11,11,1.0,,,,,,,,,,0.13569649059767636,0.1666890975497945,0.13569649059767636,0.1666890975497945,0.5540647876403539,254.0
smoke_taskmap_v3,taskmap,discovery,jev_compact,Q23ss_out_uncert,True,noul,rater_fraction,,"[0, 1]",11,11,1.0,,,,,,,,,,0.1348837328679226,0.16738414305718793,0.1348837328679226,0.16738414305718793,0.5417805568275968,250.0
smoke_taskmap_v3,taskmap,discovery,jev_compact,Q24eureka_question,True,noul,rater_fraction,,"[0, 1]",11,11,1.0,,,,,,,,,,0.06590164775935527,0.07512449343128795,0.06590164775935527,0.07512449343128795,0.2813511621168767,252.0
smoke_taskmap_v3,taskmap,discovery,llm_direct,Q1concept_behav,True,noul,rater_fraction,,"[0, 1]",11,11,1.0,,,,,,,,,,0.04468199784405318,0.0465993032098507,0.04468199784405318,0.0465993032098507,0.08634613937762725,252.0
smoke_taskmap_v3,taskmap,discovery,llm_direct,Q2intel_manip_1,True,score,continuous_rating,,"[0, 1]",11,11,1.0,,,,,,,,,,0.04354140786749483,0.05036455692903156,0.04354140786749483,0.05036455692903156,,0.0
smoke_taskmap_v3,taskmap,discovery,llm_direct,Q3type_1_planning,True,noul,rater_fraction,,"[0, 1]",11,11,1.0,,,,,,,,,,0.12159428845199596,0.16388808777636604,0.12159428845199596,0.16388808777636604,0.5830180324700478,253.0
smoke_taskmap_v3,taskmap,discovery,llm_direct,Q4type_2_generate,True,noul,rater_fraction,,"[0, 1]",11,11,1.0,,,,,,,,,,0.0958759817257841,0.11662117231033736,0.0958759817257841,0.11662117231033736,0.4474228438842471,254.0
smoke_taskmap_v3,taskmap,discovery,llm_direct,Q5creativity_input_1,True,score,continuous_rating,,"[0, 1]",11,11,1.0,,,,,,,,,,0.07739795185052101,0.09150342565302352,0.07739795185052101,0.09150342565302352,,0.0
smoke_taskmap_v3,taskmap,discovery,llm_direct,Q6type_5_cc,True,noul,rater_fraction,,"[0, 1]",11,11,1.0,,,,,,,,,,0.11641702171346441,0.14373043626162876,0.11641702171346441,0.14373043626162876,0.5426734552649496,254.0
smoke_taskmap_v3,taskmap,discovery,llm_direct,Q7type_7_battle,True,noul,rater_fraction,,"[0, 1]",11,11,1.0,,,,,,,,,,0.15103476892014442,0.19903681564814363,0.15103476892014442,0.19903681564814363,0.5795552029962341,253.0
smoke_taskmap_v3,taskmap,discovery,llm_direct,Q8type_8_performance,True,noul,rater_fraction,,"[0, 1]",11,11,1.0,,,,,,,,,,0.07668334958848792,0.09955945572228415,0.07668334958848792,0.09955945572228415,0.3699391611053744,254.0
smoke_taskmap_v3,taskmap,discovery,llm_direct,Q9divisible_unitary,True,noul,rater_fraction,,"[0, 1]",11,11,1.0,,,,,,,,,,0.15250671594545115,0.2204665909440959,0.15250671594545115,0.2204665909440959,0.46991096623868867,243.0
smoke_taskmap_v3,taskmap,discovery,llm_direct,Q10maximizing,True,noul,rater_fraction,,"[0, 1]",11,11,1.0,,,,,,,,,,0.22198312886059923,0.29064252833383286,0.22198312886059923,0.29064252833383286,0.7383118721285631,254.0
smoke_taskmap_v3,taskmap,discovery,llm_direct,Q11optimizing,True,noul,rater_fraction,,"[0, 1]",11,11,1.0,,,,,,,,,,0.2109358691374502,0.2527313764114004,0.2109358691374502,0.2527313764114004,0.6855185545635272,254.0
smoke_taskmap_v3,taskmap,discovery,llm_direct,Q13outcome_multip,True,noul,rater_fraction,,"[0, 1]",11,11,1.0,,,,,,,,,,0.2057886316581969,0.28655220551185756,0.2057886316581969,0.28655220551185756,0.6800611124902355,252.0
smoke_taskmap_v3,taskmap,discovery,llm_direct,Q14sol_scheme_mul,True,noul,rater_fraction,,"[0, 1]",11,11,1.0,,,,,,,,,,0.12388515305511354,0.17506400860877638,0.12388515305511354,0.17506400860877638,0.5894269452751362,254.0
smoke_taskmap_v3,taskmap,discovery,llm_direct,Q15dec_verifiability,True,noul,rater_fraction,,"[0, 1]",11,11,1.0,,,,,,,,,,0.14148785996612082,0.16421488096519912,0.14148785996612082,0.16421488096519912,0.4505163601444343,253.0
smoke_taskmap_v3,taskmap,discovery,llm_direct,Q16shared_knowledge,True,noul,rater_fraction,,"[0, 1]",11,11,1.0,,,,,,,,,,0.2337638382697671,0.2860610241116852,0.2337638382697671,0.2860610241116852,0.6495507158556789,252.0
smoke_taskmap_v3,taskmap,discovery,llm_direct,Q17within_sys_sol,True,noul,rater_fraction,,"[0, 1]",11,11,1.0,,,,,,,,,,0.11216826651609263,0.15495861825462348,0.11216826651609263,0.15495861825462348,0.5045306055359721,254.0
smoke_taskmap_v3,taskmap,discovery,llm_direct,Q18ans_recog,True,noul,rater_fraction,,"[0, 1]",11,11,1.0,,,,,,,,,,0.1593935116267132,0.19122255343651626,0.1593935116267132,0.19122255343651626,0.571133518098234,251.0
smoke_taskmap_v3,taskmap,discovery,llm_direct,Q19time_solvability,True,noul,rater_fraction,,"[0, 1]",11,11,1.0,,,,,,,,,,0.1854002190168198,0.20846070875039735,0.1854002190168198,0.20846070875039735,0.5502478722533989,251.0
smoke_taskmap_v3,taskmap,discovery,llm_direct,Q20type_3_type_4,True,noul,rater_fraction,,"[0, 1]",11,11,1.0,,,,,,,,,,0.21255231593176258,0.2299323982999258,0.21255231593176258,0.2299323982999258,0.5085660330073101,251.0
smoke_taskmap_v3,taskmap,discovery,llm_direct,Q21intellective_judg_1,True,score,continuous_rating,,"[0, 1]",11,11,1.0,,,,,,,,,,0.14493207056448165,0.1805912998534229,0.14493207056448165,0.1805912998534229,,0.0
smoke_taskmap_v3,taskmap,discovery,llm_direct,Q22confl_tradeoffs,True,noul,rater_fraction,,"[0, 1]",11,11,1.0,,,,,,,,,,0.14062762007426038,0.17359541764703085,0.14062762007426038,0.17359541764703085,0.5467606225198973,254.0
smoke_taskmap_v3,taskmap,discovery,llm_direct,Q23ss_out_uncert,True,noul,rater_fraction,,"[0, 1]",11,11,1.0,,,,,,,,,,0.1489097068938966,0.20615305727128258,0.1489097068938966,0.20615305727128258,0.5753786387042006,250.0
smoke_taskmap_v3,taskmap,discovery,llm_direct,Q24eureka_question,True,noul,rater_fraction,,"[0, 1]",11,11,1.0,,,,,,,,,,0.05927074243279777,0.06980581108082042,0.05927074243279777,0.06980581108082042,0.27974341862101826,252.0
strengthening_diagnostic_v1,babe,diagnostic,jev_grounded,label_bias,True,choice,category,"[""Non-biased"", ""Biased""]",,1000,1000,1.0,0.786,0.7858552381409833,0.7858552381409833,2,2,0.5946239265062964,1000,0.31432580000000077,1.0,,,,,,
strengthening_diagnostic_v1,babe,diagnostic,jev_threshold_calibrated,label_bias,True,choice,category,"[""Non-biased"", ""Biased""]",,1000,1000,1.0,0.753,0.7457380236947456,0.7457380236947456,2,2,0.48820131744173845,1000,0.31420659966897485,1.0,,,,,,
strengthening_diagnostic_v1,babe,diagnostic,llm_full_calibration_examples,label_bias,True,choice,category,"[""Non-biased"", ""Biased""]",,1000,1000,1.0,0.807,0.8069565652271762,0.8069565652271762,2,2,,0,,0.0,,,,,,
strengthening_diagnostic_v1,babe,diagnostic,llm_grounded,label_bias,True,choice,category,"[""Non-biased"", ""Biased""]",,1000,1000,1.0,0.791,0.7906816267542933,0.7906816267542933,2,2,,0,,0.0,,,,,,
strengthening_diagnostic_v1,babe,diagnostic,llm_labeled_examples,label_bias,True,choice,category,"[""Non-biased"", ""Biased""]",,1000,1000,1.0,0.802,0.8019714838936807,0.8019714838936807,2,2,,0,,0.0,,,,,,
strengthening_diagnostic_v1,commonsense,diagnostic,jev_grounded,q1,True,noul,rater_fraction,,"[0, 1]",1000,1000,1.0,,,,,,,,,,0.16874804473102603,0.20855560641718715,0.16874804473102603,0.20855560641718715,0.5502716120513129,23070.0
strengthening_diagnostic_v1,commonsense,diagnostic,jev_grounded,q2,True,noul,rater_fraction,,"[0, 1]",1000,1000,1.0,,,,,,,,,,0.15901980459394635,0.20143885876881118,0.15901980459394635,0.20143885876881118,0.5634657834322379,23070.0
strengthening_diagnostic_v1,commonsense,diagnostic,jev_threshold_calibrated,q1,True,noul,rater_fraction,,"[0, 1]",1000,1000,1.0,,,,,,,,,,0.15068044806913922,0.19355356868655132,0.15068044806913922,0.19355356868655132,0.5337767969050211,23070.0
strengthening_diagnostic_v1,commonsense,diagnostic,jev_threshold_calibrated,q2,True,noul,rater_fraction,,"[0, 1]",1000,1000,1.0,,,,,,,,,,0.14152023093836805,0.181627110259698,0.14152023093836805,0.181627110259698,0.5428177221116273,23070.0
strengthening_diagnostic_v1,commonsense,diagnostic,llm_full_calibration_examples,q1,True,noul,rater_fraction,,"[0, 1]",1000,1000,1.0,,,,,,,,,,0.13247242586310928,0.1769339312433704,0.13247242586310928,0.1769339312433704,0.5226597344676589,23070.0
strengthening_diagnostic_v1,commonsense,diagnostic,llm_full_calibration_examples,q2,True,noul,rater_fraction,,"[0, 1]",1000,1000,1.0,,,,,,,,,,0.1293586169847805,0.16979545896534004,0.1293586169847805,0.16979545896534004,0.5379473982234133,23070.0
strengthening_diagnostic_v1,commonsense,diagnostic,llm_grounded,q1,True,noul,rater_fraction,,"[0, 1]",1000,1000,1.0,,,,,,,,,,0.14579038462043853,0.1978227724041781,0.14579038462043853,0.1978227724041781,0.5435570008964398,23070.0
strengthening_diagnostic_v1,commonsense,diagnostic,llm_grounded,q2,True,noul,rater_fraction,,"[0, 1]",1000,1000,1.0,,,,,,,,,,0.14500302515134067,0.18700276652005235,0.14500302515134067,0.18700276652005235,0.5559888054389158,23070.0
strengthening_diagnostic_v1,commonsense,diagnostic,llm_labeled_examples,q1,True,noul,rater_fraction,,"[0, 1]",1000,1000,1.0,,,,,,,,,,0.138020537167355,0.1777098997521665,0.138020537167355,0.1777098997521665,0.5213889710557063,23070.0
strengthening_diagnostic_v1,commonsense,diagnostic,llm_labeled_examples,q2,True,noul,rater_fraction,,"[0, 1]",1000,1000,1.0,,,,,,,,,,0.13613396610520473,0.17424142118409106,0.13613396610520473,0.17424142118409106,0.5377746874967095,23070.0
strengthening_diagnostic_v1,conflict,diagnostic,jev_grounded,rating_directness_content,True,choice,category,"[""Yes - Direct Content"", ""Neutral - Content contains no opinion"", ""No - Indirect Content""]",,797,797,1.0,0.8670012547051443,0.3488843813387424,0.5233265720081136,3,2,0.38025312349819745,797,0.19283800610825494,1.0,,,,,,
strengthening_diagnostic_v1,conflict,diagnostic,jev_grounded,rating_directness_expression,True,choice,category,"[""Yes - Direct Expression"", ""No - Indirect Expression""]",,802,802,1.0,0.726932668329177,0.5221761852554145,0.5221761852554145,2,2,0.6168054046880366,802,0.39576758104738174,1.0,,,,,,
strengthening_diagnostic_v1,conflict,diagnostic,jev_grounded,rating_OI_content,True,choice,category,"[""Yes - Content opposes someone else"", ""No - Content does not oppose anyone""]",,802,802,1.0,0.6109725685785536,0.47513529387087305,0.47513529387087305,2,2,1.5211987653421495,802,0.5801610972568587,1.0,,,,,,
strengthening_diagnostic_v1,conflict,diagnostic,jev_grounded,rating_OI_expression,True,choice,category,"[""Yes - Expression is emotional/forceful"", ""No - Expression is not emotional/forceful""]",,802,802,1.0,0.8179551122194514,0.6294791468894374,0.6294791468894374,2,2,0.5247100140953129,802,0.261655610972569,1.0,,,,,,
strengthening_diagnostic_v1,conflict,diagnostic,jev_threshold_calibrated,rating_directness_content,True,choice,category,"[""Yes - Direct Content"", ""Neutral - Content contains no opinion"", ""No - Indirect Content""]",,797,797,1.0,0.8670012547051443,0.3488843813387424,0.5233265720081136,3,2,0.38025312349819745,797,0.19283800610825494,1.0,,,,,,
strengthening_diagnostic_v1,conflict,diagnostic,jev_threshold_calibrated,rating_directness_expression,True,choice,category,"[""Yes - Direct Expression"", ""No - Indirect Expression""]",,802,802,1.0,0.8827930174563591,0.5488558023745691,0.5488558023745691,2,2,0.28774254665824656,802,0.16939502931394954,1.0,,,,,,
strengthening_diagnostic_v1,conflict,diagnostic,jev_threshold_calibrated,rating_OI_content,True,choice,category,"[""Yes - Content opposes someone else"", ""No - Content does not oppose anyone""]",,802,802,1.0,0.7942643391521197,0.5603347741869034,0.5603347741869034,2,2,0.49758589711935436,802,0.19298447380304168,1.0,,,,,,
strengthening_diagnostic_v1,conflict,diagnostic,jev_threshold_calibrated,rating_OI_expression,True,choice,category,"[""Yes - Expression is emotional/forceful"", ""No - Expression is not emotional/forceful""]",,802,802,1.0,0.9164588528678305,0.6959284723990606,0.6959284723990606,2,2,0.2785523280956426,802,0.15072958378292922,1.0,,,,,,
strengthening_diagnostic_v1,conflict,diagnostic,llm_full_calibration_examples,rating_directness_content,True,choice,category,"[""Yes - Direct Content"", ""Neutral - Content contains no opinion"", ""No - Indirect Content""]",,797,797,1.0,0.9686323713927227,0.3946683727873747,0.592002559181062,3,2,,0,,0.0,,,,,,
strengthening_diagnostic_v1,conflict,diagnostic,llm_full_calibration_examples,rating_directness_expression,True,choice,category,"[""Yes - Direct Expression"", ""No - Indirect Expression""]",,802,802,1.0,0.9114713216957606,0.6027902758885284,0.6027902758885284,2,2,,0,,0.0,,,,,,
strengthening_diagnostic_v1,conflict,diagnostic,llm_full_calibration_examples,rating_OI_content,True,choice,category,"[""Yes - Content opposes someone else"", ""No - Content does not oppose anyone""]",,802,802,1.0,0.7805486284289277,0.610404522169228,0.610404522169228,2,2,,0,,0.0,,,,,,
strengthening_diagnostic_v1,conflict,diagnostic,llm_full_calibration_examples,rating_OI_expression,True,choice,category,"[""Yes - Expression is emotional/forceful"", ""No - Expression is not emotional/forceful""]",,802,802,1.0,0.9177057356608479,0.6666498727863567,0.6666498727863567,2,2,,0,,0.0,,,,,,
strengthening_diagnostic_v1,conflict,diagnostic,llm_grounded,rating_directness_content,True,choice,category,"[""Yes - Direct Content"", ""Neutral - Content contains no opinion"", ""No - Indirect Content""]",,797,797,1.0,0.9623588456712673,0.385738377507614,0.5786075662614211,3,2,,0,,0.0,,,,,,
strengthening_diagnostic_v1,conflict,diagnostic,llm_grounded,rating_directness_expression,True,choice,category,"[""Yes - Direct Expression"", ""No - Indirect Expression""]",,802,802,1.0,0.8254364089775561,0.55325311942959,0.55325311942959,2,2,,0,,0.0,,,,,,
strengthening_diagnostic_v1,conflict,diagnostic,llm_grounded,rating_OI_content,True,choice,category,"[""Yes - Content opposes someone else"", ""No - Content does not oppose anyone""]",,802,802,1.0,0.6396508728179551,0.5163018412743463,0.5163018412743463,2,2,,0,,0.0,,,,,,
strengthening_diagnostic_v1,conflict,diagnostic,llm_grounded,rating_OI_expression,True,choice,category,"[""Yes - Expression is emotional/forceful"", ""No - Expression is not emotional/forceful""]",,802,802,1.0,0.8416458852867831,0.6615910080105256,0.6615910080105256,2,2,,0,,0.0,,,,,,
strengthening_diagnostic_v1,conflict,diagnostic,llm_labeled_examples,rating_directness_content,True,choice,category,"[""Yes - Direct Content"", ""Neutral - Content contains no opinion"", ""No - Indirect Content""]",,797,797,1.0,0.9611041405269761,0.38730269944142776,0.5809540491621417,3,2,,0,,0.0,,,,,,
strengthening_diagnostic_v1,conflict,diagnostic,llm_labeled_examples,rating_directness_expression,True,choice,category,"[""Yes - Direct Expression"", ""No - Indirect Expression""]",,802,802,1.0,0.9052369077306733,0.5789677276746242,0.5789677276746242,2,2,,0,,0.0,,,,,,
strengthening_diagnostic_v1,conflict,diagnostic,llm_labeled_examples,rating_OI_content,True,choice,category,"[""Yes - Content opposes someone else"", ""No - Content does not oppose anyone""]",,802,802,1.0,0.6546134663341646,0.5283144259085861,0.5283144259085861,2,2,,0,,0.0,,,,,,
strengthening_diagnostic_v1,conflict,diagnostic,llm_labeled_examples,rating_OI_expression,True,choice,category,"[""Yes - Expression is emotional/forceful"", ""No - Expression is not emotional/forceful""]",,802,802,1.0,0.8965087281795511,0.7165993281761558,0.7165993281761558,2,2,,0,,0.0,,,,,,
strengthening_diagnostic_v1,mbd,diagnostic,jev_grounded,tone,True,choice,category,"[""positive"", ""negative"", ""neutral""]",,544,544,1.0,0.75,0.7015248004692612,0.7015248004692612,3,3,0.7133178153587562,544,0.36456757421211555,1.0,,,,,,
strengthening_diagnostic_v1,mbd,diagnostic,jev_grounded,focus,True,choice,category,"[""democrat"", ""republican"", ""both"", ""neither""]",,546,546,1.0,0.8296703296703297,0.7822758017328153,0.7822758017328153,4,4,0.34187156111666295,546,0.22045164835164832,1.0,,,,,,
strengthening_diagnostic_v1,mbd,diagnostic,jev_grounded,type,True,choice,category,"[""fact"", ""opinion"", ""borderline"", ""quote"", ""other""]",,508,508,1.0,0.7992125984251969,0.67027302638346,0.67027302638346,5,5,0.5972136536876739,508,0.28426019400238,1.0,,,,,,
strengthening_diagnostic_v1,mbd,diagnostic,jev_threshold_calibrated,tone,True,choice,category,"[""positive"", ""negative"", ""neutral""]",,544,544,1.0,0.7849264705882353,0.6952987366065325,0.6952987366065325,3,3,0.5247560889554881,544,0.28910027200636856,1.0,,,,,,
strengthening_diagnostic_v1,mbd,diagnostic,jev_threshold_calibrated,focus,True,choice,category,"[""democrat"", ""republican"", ""both"", ""neither""]",,546,546,1.0,0.8296703296703297,0.7822758017328153,0.7822758017328153,4,4,0.34187156111666295,546,0.22045164835164832,1.0,,,,,,
strengthening_diagnostic_v1,mbd,diagnostic,jev_threshold_calibrated,type,True,choice,category,"[""fact"", ""opinion"", ""borderline"", ""quote"", ""other""]",,508,508,1.0,0.7992125984251969,0.67027302638346,0.67027302638346,5,5,0.5972136536876739,508,0.28426019400238,1.0,,,,,,
strengthening_diagnostic_v1,mbd,diagnostic,llm_full_calibration_examples,tone,True,choice,category,"[""positive"", ""negative"", ""neutral""]",,544,544,1.0,0.8088235294117647,0.7077895061230889,0.7077895061230889,3,3,,0,,0.0,,,,,,
strengthening_diagnostic_v1,mbd,diagnostic,llm_full_calibration_examples,focus,True,choice,category,"[""democrat"", ""republican"", ""both"", ""neither""]",,546,546,1.0,0.7619047619047619,0.711150994947763,0.711150994947763,4,4,,0,,0.0,,,,,,
strengthening_diagnostic_v1,mbd,diagnostic,llm_full_calibration_examples,type,True,choice,category,"[""fact"", ""opinion"", ""borderline"", ""quote"", ""other""]",,508,508,1.0,0.844488188976378,0.6952724708551654,0.6952724708551654,5,5,,0,,0.0,,,,,,
strengthening_diagnostic_v1,mbd,diagnostic,llm_grounded,tone,True,choice,category,"[""positive"", ""negative"", ""neutral""]",,544,544,1.0,0.7922794117647058,0.7359247648902821,0.7359247648902821,3,3,,0,,0.0,,,,,,
strengthening_diagnostic_v1,mbd,diagnostic,llm_grounded,focus,True,choice,category,"[""democrat"", ""republican"", ""both"", ""neither""]",,546,546,1.0,0.7564102564102564,0.6931760531193784,0.6931760531193784,4,4,,0,,0.0,,,,,,
strengthening_diagnostic_v1,mbd,diagnostic,llm_grounded,type,True,choice,category,"[""fact"", ""opinion"", ""borderline"", ""quote"", ""other""]",,508,508,1.0,0.8385826771653543,0.7346988947613722,0.7346988947613722,5,5,,0,,0.0,,,,,,
strengthening_diagnostic_v1,mbd,diagnostic,llm_labeled_examples,tone,True,choice,category,"[""positive"", ""negative"", ""neutral""]",,544,544,1.0,0.8125,0.7526018338691323,0.7526018338691323,3,3,,0,,0.0,,,,,,
strengthening_diagnostic_v1,mbd,diagnostic,llm_labeled_examples,focus,True,choice,category,"[""democrat"", ""republican"", ""both"", ""neither""]",,546,546,1.0,0.7454212454212454,0.6732557592214363,0.6732557592214363,4,4,,0,,0.0,,,,,,
strengthening_diagnostic_v1,mbd,diagnostic,llm_labeled_examples,type,True,choice,category,"[""fact"", ""opinion"", ""borderline"", ""quote"", ""other""]",,508,508,1.0,0.860236220472441,0.7080309614904323,0.7080309614904323,5,5,,0,,0.0,,,,,,
strengthening_diagnostic_v1,ucc,diagnostic,jev_grounded,healthy,True,choice,category,"[""0"", ""1""]",,1002,1002,1.0,0.501996007984032,0.40474940444939694,0.40474940444939694,2,2,2.0052117607023776,1002,0.7476550898203582,1.0,,,,,,
strengthening_diagnostic_v1,ucc,diagnostic,jev_grounded,sarcastic,True,choice,category,"[""0"", ""1""]",,1002,1002,1.0,0.5768463073852296,0.4288940508452703,0.4288940508452703,2,2,0.9677152934181589,1002,0.5909021956087818,1.0,,,,,,
strengthening_diagnostic_v1,ucc,diagnostic,jev_grounded,generalisation,False,choice,category,"[""0"", ""1""]",,1002,1002,1.0,0.7904191616766467,0.4842899857850106,0.4842899857850106,2,2,0.536636096183412,1002,0.28998642714570866,1.0,,,,,,
strengthening_diagnostic_v1,ucc,diagnostic,jev_grounded,generalisation_unfair,True,choice,category,"[""0"", ""1""]",,1002,1002,1.0,0.8512974051896207,0.5079737011221513,0.5079737011221513,2,2,0.3445241787524679,1002,0.21274870259481074,1.0,,,,,,
strengthening_diagnostic_v1,ucc,diagnostic,jev_grounded,hostile,True,choice,category,"[""0"", ""1""]",,1002,1002,1.0,0.6786427145708582,0.45246644990055457,0.45246644990055457,2,2,0.8820872313040556,1002,0.4731387225548902,1.0,,,,,,
strengthening_diagnostic_v1,ucc,diagnostic,jev_grounded,antagonize,True,choice,category,"[""0"", ""1""]",,1002,1002,1.0,0.5429141716566867,0.42085602798572447,0.42085602798572447,2,2,1.6954271661770617,1002,0.6846670658682642,1.0,,,,,,
strengthening_diagnostic_v1,ucc,diagnostic,jev_grounded,condescending,True,choice,category,"[""0"", ""1""]",,1002,1002,1.0,0.6087824351297405,0.44864992335809456,0.44864992335809456,2,2,0.9873885146805558,1002,0.5523351297405186,1.0,,,,,,
strengthening_diagnostic_v1,ucc,diagnostic,jev_grounded,dismissive,True,choice,category,"[""0"", ""1""]",,1002,1002,1.0,0.6217564870259481,0.4199714993974551,0.4199714993974551,2,2,0.795843582074072,1002,0.5229063872255493,1.0,,,,,,
strengthening_diagnostic_v1,ucc,diagnostic,jev_threshold_calibrated,healthy,True,choice,category,"[""0"", ""1""]",,1002,1002,1.0,0.8982035928143712,0.5479299363057325,0.5479299363057325,2,2,0.3100899684110296,1002,0.17791002897518549,1.0,,,,,,
strengthening_diagnostic_v1,ucc,diagnostic,jev_threshold_calibrated,sarcastic,True,choice,category,"[""0"", ""1""]",,1002,1002,1.0,0.8892215568862275,0.5264630122405535,0.5264630122405535,2,2,0.2037246498901474,1002,0.09813837763569887,1.0,,,,,,
strengthening_diagnostic_v1,ucc,diagnostic,jev_threshold_calibrated,generalisation,False,choice,category,"[""0"", ""1""]",,1002,1002,1.0,0.9540918163672655,0.5916291597264061,0.5916291597264061,2,2,0.536636096183412,1002,0.28998642714570866,1.0,,,,,,
strengthening_diagnostic_v1,ucc,diagnostic,jev_threshold_calibrated,generalisation_unfair,True,choice,category,"[""0"", ""1""]",,1002,1002,1.0,0.9730538922155688,0.6074294420663136,0.6074294420663136,2,2,0.3445241787524679,1002,0.21274870259481074,1.0,,,,,,
strengthening_diagnostic_v1,ucc,diagnostic,jev_threshold_calibrated,hostile,True,choice,category,"[""0"", ""1""]",,1002,1002,1.0,0.9740518962075848,0.560081053698075,0.560081053698075,2,2,0.112565409915215,1002,0.049715939839125874,1.0,,,,,,
strengthening_diagnostic_v1,ucc,diagnostic,jev_threshold_calibrated,antagonize,True,choice,category,"[""0"", ""1""]",,1002,1002,1.0,0.9201596806387226,0.5346569139672588,0.5346569139672588,2,2,0.24894538948322473,1002,0.14009277123481276,1.0,,,,,,
strengthening_diagnostic_v1,ucc,diagnostic,jev_threshold_calibrated,condescending,True,choice,category,"[""0"", ""1""]",,1002,1002,1.0,0.9001996007984032,0.5497600517641138,0.5497600517641138,2,2,0.1933526762329921,1002,0.09761210881879454,1.0,,,,,,
strengthening_diagnostic_v1,ucc,diagnostic,jev_threshold_calibrated,dismissive,True,choice,category,"[""0"", ""1""]",,1002,1002,1.0,0.8962075848303394,0.5163464216095796,0.5163464216095796,2,2,0.13996916216259536,1002,0.05973013563793232,1.0,,,,,,
strengthening_diagnostic_v1,ucc,diagnostic,llm_full_calibration_examples,healthy,True,choice,category,"[""0"", ""1""]",,1002,1002,1.0,0.8792415169660679,0.5613451762875594,0.5613451762875594,2,2,,0,,0.0,,,,,,
strengthening_diagnostic_v1,ucc,diagnostic,llm_full_calibration_examples,sarcastic,True,choice,category,"[""0"", ""1""]",,1002,1002,1.0,0.8922155688622755,0.6246253746253747,0.6246253746253747,2,2,,0,,0.0,,,,,,
strengthening_diagnostic_v1,ucc,diagnostic,llm_full_calibration_examples,generalisation,False,choice,category,"[""0"", ""1""]",,1002,1002,1.0,0.969061876247505,0.5946760618516344,0.5946760618516344,2,2,,0,,0.0,,,,,,
strengthening_diagnostic_v1,ucc,diagnostic,llm_full_calibration_examples,generalisation_unfair,True,choice,category,"[""0"", ""1""]",,1002,1002,1.0,0.9700598802395209,0.5976334529099963,0.5976334529099963,2,2,,0,,0.0,,,,,,
strengthening_diagnostic_v1,ucc,diagnostic,llm_full_calibration_examples,hostile,True,choice,category,"[""0"", ""1""]",,1002,1002,1.0,0.9261477045908184,0.5784746225213753,0.5784746225213753,2,2,,0,,0.0,,,,,,
strengthening_diagnostic_v1,ucc,diagnostic,llm_full_calibration_examples,antagonize,True,choice,category,"[""0"", ""1""]",,1002,1002,1.0,0.9011976047904192,0.5646212523535944,0.5646212523535944,2,2,,0,,0.0,,,,,,
strengthening_diagnostic_v1,ucc,diagnostic,llm_full_calibration_examples,condescending,True,choice,category,"[""0"", ""1""]",,1002,1002,1.0,0.8832335329341318,0.5758461621954087,0.5758461621954087,2,2,,0,,0.0,,,,,,
strengthening_diagnostic_v1,ucc,diagnostic,llm_full_calibration_examples,dismissive,True,choice,category,"[""0"", ""1""]",,1002,1002,1.0,0.9011976047904192,0.527905084164989,0.527905084164989,2,2,,0,,0.0,,,,,,
strengthening_diagnostic_v1,ucc,diagnostic,llm_grounded,healthy,True,choice,category,"[""0"", ""1""]",,1002,1002,1.0,0.6656686626746507,0.5065439850171188,0.5065439850171188,2,2,,0,,0.0,,,,,,
strengthening_diagnostic_v1,ucc,diagnostic,llm_grounded,sarcastic,True,choice,category,"[""0"", ""1""]",,1002,1002,1.0,0.7884231536926147,0.559943652635068,0.559943652635068,2,2,,0,,0.0,,,,,,
strengthening_diagnostic_v1,ucc,diagnostic,llm_grounded,generalisation,False,choice,category,"[""0"", ""1""]",,1002,1002,1.0,0.872255489021956,0.5388133764832794,0.5388133764832794,2,2,,0,,0.0,,,,,,
strengthening_diagnostic_v1,ucc,diagnostic,llm_grounded,generalisation_unfair,True,choice,category,"[""0"", ""1""]",,1002,1002,1.0,0.8812375249500998,0.5274240532667499,0.5274240532667499,2,2,,0,,0.0,,,,,,
strengthening_diagnostic_v1,ucc,diagnostic,llm_grounded,hostile,True,choice,category,"[""0"", ""1""]",,1002,1002,1.0,0.7485029940119761,0.49489501984381,0.49489501984381,2,2,,0,,0.0,,,,,,
strengthening_diagnostic_v1,ucc,diagnostic,llm_grounded,antagonize,True,choice,category,"[""0"", ""1""]",,1002,1002,1.0,0.7584830339321357,0.5382488479262673,0.5382488479262673,2,2,,0,,0.0,,,,,,
strengthening_diagnostic_v1,ucc,diagnostic,llm_grounded,condescending,True,choice,category,"[""0"", ""1""]",,1002,1002,1.0,0.7365269461077845,0.5164269470666949,0.5164269470666949,2,2,,0,,0.0,,,,,,
strengthening_diagnostic_v1,ucc,diagnostic,llm_grounded,dismissive,True,choice,category,"[""0"", ""1""]",,1002,1002,1.0,0.7265469061876247,0.46293427230046946,0.46293427230046946,2,2,,0,,0.0,,,,,,
strengthening_diagnostic_v1,ucc,diagnostic,llm_labeled_examples,healthy,True,choice,category,"[""0"", ""1""]",,1002,1002,1.0,0.844311377245509,0.5743137254901961,0.5743137254901961,2,2,,0,,0.0,,,,,,
strengthening_diagnostic_v1,ucc,diagnostic,llm_labeled_examples,sarcastic,True,choice,category,"[""0"", ""1""]",,1002,1002,1.0,0.8413173652694611,0.585794324489451,0.585794324489451,2,2,,0,,0.0,,,,,,
strengthening_diagnostic_v1,ucc,diagnostic,llm_labeled_examples,generalisation,False,choice,category,"[""0"", ""1""]",,1002,1002,1.0,0.93812375249501,0.5963877338877339,0.5963877338877339,2,2,,0,,0.0,,,,,,
strengthening_diagnostic_v1,ucc,diagnostic,llm_labeled_examples,generalisation_unfair,True,choice,category,"[""0"", ""1""]",,1002,1002,1.0,0.9401197604790419,0.589702991919633,0.589702991919633,2,2,,0,,0.0,,,,,,
strengthening_diagnostic_v1,ucc,diagnostic,llm_labeled_examples,hostile,True,choice,category,"[""0"", ""1""]",,1002,1002,1.0,0.8772455089820359,0.5485147209125977,0.5485147209125977,2,2,,0,,0.0,,,,,,
strengthening_diagnostic_v1,ucc,diagnostic,llm_labeled_examples,antagonize,True,choice,category,"[""0"", ""1""]",,1002,1002,1.0,0.8572854291417166,0.5476555026944435,0.5476555026944435,2,2,,0,,0.0,,,,,,
strengthening_diagnostic_v1,ucc,diagnostic,llm_labeled_examples,condescending,True,choice,category,"[""0"", ""1""]",,1002,1002,1.0,0.8263473053892215,0.5627307383627609,0.5627307383627609,2,2,,0,,0.0,,,,,,
strengthening_diagnostic_v1,ucc,diagnostic,llm_labeled_examples,dismissive,True,choice,category,"[""0"", ""1""]",,1002,1002,1.0,0.843313373253493,0.5135305632091137,0.5135305632091137,2,2,,0,,0.0,,,,,,
threshold_redecode_v1,babe,diagnostic,jev_threshold_calibrated,label_bias,True,choice,category,"[""Non-biased"", ""Biased""]",,1000,1000,1.0,0.781,0.7775238095238095,0.7775238095238095,2,2,0.5298206506299806,1000,0.27210817796103637,1.0,,,,,,
threshold_redecode_v1,commonsense,diagnostic,jev_threshold_calibrated,q1,True,noul,rater_fraction,,"[0, 1]",1000,1000,1.0,,,,,,,,,,0.14665761127104904,0.19127445941306476,0.14665761127104904,0.19127445941306476,0.531788836735634,23070.0
threshold_redecode_v1,commonsense,diagnostic,jev_threshold_calibrated,q2,True,noul,rater_fraction,,"[0, 1]",1000,1000,1.0,,,,,,,,,,0.13463770889871202,0.1752932483394409,0.13463770889871202,0.1752932483394409,0.5373215852217861,23070.0
threshold_redecode_v1,conflict,diagnostic,jev_threshold_calibrated,rating_directness_content,True,choice,category,"[""Yes - Direct Content"", ""Neutral - Content contains no opinion"", ""No - Indirect Content""]",,797,797,1.0,0.875784190715182,0.3558243727598566,0.5337365591397849,3,2,0.4214972631173918,797,0.18107055856974172,1.0,,,,,,
threshold_redecode_v1,conflict,diagnostic,jev_threshold_calibrated,rating_directness_expression,True,choice,category,"[""Yes - Direct Expression"", ""No - Indirect Expression""]",,802,802,1.0,0.8428927680798005,0.5626211911357341,0.5626211911357341,2,2,0.2964491446113774,802,0.16223180768160794,1.0,,,,,,
threshold_redecode_v1,conflict,diagnostic,jev_threshold_calibrated,rating_OI_content,True,choice,category,"[""Yes - Content opposes someone else"", ""No - Content does not oppose anyone""]",,802,802,1.0,0.8541147132169576,0.6523160036015607,0.6523160036015607,2,2,0.4701965233472582,802,0.19030354339839808,1.0,,,,,,
threshold_redecode_v1,conflict,diagnostic,jev_threshold_calibrated,rating_OI_expression,True,choice,category,"[""Yes - Expression is emotional/forceful"", ""No - Expression is not emotional/forceful""]",,802,802,1.0,0.9177057356608479,0.6032321899736148,0.6032321899736148,2,2,0.22892828575257446,802,0.1300438501802652,1.0,,,,,,
threshold_redecode_v1,mbd,diagnostic,jev_threshold_calibrated,tone,True,choice,category,"[""positive"", ""negative"", ""neutral""]",,544,544,1.0,0.8069852941176471,0.687888111634832,0.687888111634832,3,3,0.5448256996368863,544,0.2843060592334264,1.0,,,,,,
threshold_redecode_v1,mbd,diagnostic,jev_threshold_calibrated,focus,True,choice,category,"[""democrat"", ""republican"", ""both"", ""neither""]",,546,546,1.0,0.8626373626373627,0.8372298993518568,0.8372298993518568,4,4,0.3594136147018155,546,0.18899173937760846,1.0,,,,,,
threshold_redecode_v1,mbd,diagnostic,jev_threshold_calibrated,type,True,choice,category,"[""fact"", ""opinion"", ""borderline"", ""quote"", ""other""]",,508,508,1.0,0.781496062992126,0.6764734150318308,0.6764734150318308,5,5,0.7626988792869379,508,0.30005247508088145,1.0,,,,,,
threshold_redecode_v1,ucc,diagnostic,jev_threshold_calibrated,healthy,True,choice,category,"[""0"", ""1""]",,1002,1002,1.0,0.9271457085828343,0.5070326663476638,0.5070326663476638,2,2,0.23487982875976757,1002,0.12782123316564872,1.0,,,,,,
threshold_redecode_v1,ucc,diagnostic,jev_threshold_calibrated,sarcastic,True,choice,category,"[""0"", ""1""]",,1002,1002,1.0,0.9311377245508982,0.5340445750409425,0.5340445750409425,2,2,0.19332728108237918,1002,0.09472886223686991,1.0,,,,,,
threshold_redecode_v1,ucc,diagnostic,jev_threshold_calibrated,generalisation,False,choice,category,"[""0"", ""1""]",,1002,1002,1.0,0.9730538922155688,0.6469759248385203,0.6469759248385203,2,2,0.321475704620142,1002,0.18610958083832388,1.0,,,,,,
threshold_redecode_v1,ucc,diagnostic,jev_threshold_calibrated,generalisation_unfair,True,choice,category,"[""0"", ""1""]",,1002,1002,1.0,0.9820359281437125,0.5863682230987983,0.5863682230987983,2,2,0.2808107626935764,1002,0.17422055888223584,1.0,,,,,,
threshold_redecode_v1,ucc,diagnostic,jev_threshold_calibrated,hostile,True,choice,category,"[""0"", ""1""]",,1002,1002,1.0,0.9790419161676647,0.4947049924357035,0.4947049924357035,2,2,0.09810448365464103,1002,0.04068372169131858,1.0,,,,,,
threshold_redecode_v1,ucc,diagnostic,jev_threshold_calibrated,antagonize,True,choice,category,"[""0"", ""1""]",,1002,1002,1.0,0.9481037924151696,0.48668032786885246,0.48668032786885246,2,2,0.1785454267157786,1002,0.09188419178265375,1.0,,,,,,
threshold_redecode_v1,ucc,diagnostic,jev_threshold_calibrated,condescending,True,choice,category,"[""0"", ""1""]",,1002,1002,1.0,0.9530938123752495,0.48799182422074605,0.48799182422074605,2,2,0.1673964611713774,1002,0.08398714327978864,1.0,,,,,,
threshold_redecode_v1,ucc,diagnostic,jev_threshold_calibrated,dismissive,True,choice,category,"[""0"", ""1""]",,1002,1002,1.0,0.9660678642714571,0.5439845799646624,0.5439845799646624,2,2,0.13692956993055017,1002,0.05813312553428518,1.0,,,,,,
verbose_routing_diagnostic_v1_b01,babe,diagnostic,jev_targeted_llm,label_bias,True,choice,category,"[""Non-biased"", ""Biased""]",,1000,1000,1.0,0.782,0.7792306695184392,0.7792306695184392,2,2,0.5075245593654331,904,0.2697901675146652,0.904,,,,,,
verbose_routing_diagnostic_v1_b01,babe,diagnostic,jev_verbose,label_bias,True,choice,category,"[""Non-biased"", ""Biased""]",,1000,1000,1.0,0.806,0.8058011403677365,0.8058011403677365,2,2,0.680447292985869,1000,0.28091480000000074,1.0,,,,,,
verbose_routing_diagnostic_v1_b01,commonsense,diagnostic,jev_targeted_llm,q1,True,noul,rater_fraction,,"[0, 1]",1000,1000,1.0,,,,,,,,,,0.14582947158810608,0.18988658485140747,0.14582947158810608,0.18988658485140747,0.5304090878669787,23070.0
verbose_routing_diagnostic_v1_b01,commonsense,diagnostic,jev_targeted_llm,q2,True,noul,rater_fraction,,"[0, 1]",1000,1000,1.0,,,,,,,,,,0.13671306024220284,0.17722027023704837,0.13671306024220284,0.17722027023704837,0.5398206046684001,23070.0
verbose_routing_diagnostic_v1_b01,commonsense,diagnostic,jev_verbose,q1,True,noul,rater_fraction,,"[0, 1]",1000,1000,1.0,,,,,,,,,,0.15511777153482306,0.19577212081678422,0.15511777153482306,0.19577212081678422,0.5368012603493529,23070.0
verbose_routing_diagnostic_v1_b01,commonsense,diagnostic,jev_verbose,q2,True,noul,rater_fraction,,"[0, 1]",1000,1000,1.0,,,,,,,,,,0.1523323710434155,0.19346600189081528,0.1523323710434155,0.19346600189081528,0.5565006073781732,23070.0
verbose_routing_diagnostic_v1_b01,conflict,diagnostic,jev_targeted_llm,rating_directness_content,True,choice,category,"[""Yes - Direct Content"", ""Neutral - Content contains no opinion"", ""No - Indirect Content""]",,797,797,1.0,0.8883312421580929,0.3613707165109034,0.5420560747663551,3,2,0.4074516818080982,717,0.16996637131923908,0.8996235884567126,,,,,,
verbose_routing_diagnostic_v1_b01,conflict,diagnostic,jev_targeted_llm,rating_directness_expression,True,choice,category,"[""Yes - Direct Expression"", ""No - Indirect Expression""]",,802,802,1.0,0.8516209476309227,0.5701049084922276,0.5701049084922276,2,2,0.2725927598746182,722,0.15716048277854808,0.9002493765586035,,,,,,
verbose_routing_diagnostic_v1_b01,conflict,diagnostic,jev_targeted_llm,rating_OI_content,True,choice,category,"[""Yes - Content opposes someone else"", ""No - Content does not oppose anyone""]",,802,802,1.0,0.8366583541147132,0.6453998373176997,0.6453998373176997,2,2,0.47241320249300134,722,0.18883832471027326,0.9002493765586035,,,,,,
verbose_routing_diagnostic_v1_b01,conflict,diagnostic,jev_targeted_llm,rating_OI_expression,True,choice,category,"[""Yes - Expression is emotional/forceful"", ""No - Expression is not emotional/forceful""]",,802,802,1.0,0.9102244389027432,0.6160638297872341,0.6160638297872341,2,2,0.2313428388664226,722,0.13072650467298674,0.9002493765586035,,,,,,
verbose_routing_diagnostic_v1_b01,conflict,diagnostic,jev_verbose,rating_directness_content,True,choice,category,"[""Yes - Direct Content"", ""Neutral - Content contains no opinion"", ""No - Indirect Content""]",,797,797,1.0,0.875784190715182,0.3558243727598566,0.5337365591397849,3,2,0.4397062515120988,797,0.18030048712157418,1.0,,,,,,
verbose_routing_diagnostic_v1_b01,conflict,diagnostic,jev_verbose,rating_directness_expression,True,choice,category,"[""Yes - Direct Expression"", ""No - Indirect Expression""]",,802,802,1.0,0.8029925187032418,0.5900750517598343,0.5900750517598343,2,2,0.4524017828860842,802,0.28478977556109786,1.0,,,,,,
verbose_routing_diagnostic_v1_b01,conflict,diagnostic,jev_verbose,rating_OI_content,True,choice,category,"[""Yes - Content opposes someone else"", ""No - Content does not oppose anyone""]",,802,802,1.0,0.6633416458852868,0.5292813355941046,0.5292813355941046,2,2,1.7273391438744328,802,0.51549850374065,1.0,,,,,,
verbose_routing_diagnostic_v1_b01,conflict,diagnostic,jev_verbose,rating_OI_expression,True,choice,category,"[""Yes - Expression is emotional/forceful"", ""No - Expression is not emotional/forceful""]",,802,802,1.0,0.8154613466334164,0.6493471196454949,0.6493471196454949,2,2,0.513698657067211,802,0.26813117206982584,1.0,,,,,,
verbose_routing_diagnostic_v1_b01,mbd,diagnostic,jev_targeted_llm,tone,True,choice,category,"[""positive"", ""negative"", ""neutral""]",,544,544,1.0,0.7996323529411765,0.6977055070765562,0.6977055070765562,3,3,0.5525793779480211,493,0.29001154695403564,0.90625,,,,,,
verbose_routing_diagnostic_v1_b01,mbd,diagnostic,jev_targeted_llm,focus,True,choice,category,"[""democrat"", ""republican"", ""both"", ""neither""]",,546,546,1.0,0.8626373626373627,0.8430880360805487,0.8430880360805487,4,4,0.37321507008080795,496,0.19728582889870858,0.9084249084249084,,,,,,
verbose_routing_diagnostic_v1_b01,mbd,diagnostic,jev_targeted_llm,type,True,choice,category,"[""fact"", ""opinion"", ""borderline"", ""quote"", ""other""]",,508,508,1.0,0.7755905511811023,0.6731071658199473,0.6731071658199473,5,5,0.7559627066598108,461,0.30428038004002017,0.90748031496063,,,,,,
verbose_routing_diagnostic_v1_b01,mbd,diagnostic,jev_verbose,tone,True,choice,category,"[""positive"", ""negative"", ""neutral""]",,544,544,1.0,0.7205882352941176,0.6906501360841778,0.6906501360841778,3,3,0.999947521038969,544,0.4175393548902578,1.0,,,,,,
verbose_routing_diagnostic_v1_b01,mbd,diagnostic,jev_verbose,focus,True,choice,category,"[""democrat"", ""republican"", ""both"", ""neither""]",,546,546,1.0,0.8516483516483516,0.8365822694197043,0.8365822694197043,4,4,0.3929013103109663,546,0.20504249084249102,1.0,,,,,,
verbose_routing_diagnostic_v1_b01,mbd,diagnostic,jev_verbose,type,True,choice,category,"[""fact"", ""opinion"", ""borderline"", ""quote"", ""other""]",,508,508,1.0,0.7795275590551181,0.6713810166441745,0.6713810166441745,5,5,0.7346799456933535,508,0.301290659839467,1.0,,,,,,
verbose_routing_diagnostic_v1_b01,ucc,diagnostic,jev_targeted_llm,healthy,True,choice,category,"[""0"", ""1""]",,1002,1002,1.0,0.9151696606786427,0.5395693565215511,0.5395693565215511,2,2,0.23375678042496734,906,0.12630637815208717,0.9041916167664671,,,,,,
verbose_routing_diagnostic_v1_b01,ucc,diagnostic,jev_targeted_llm,sarcastic,True,choice,category,"[""0"", ""1""]",,1002,1002,1.0,0.9291417165668663,0.5913328699528386,0.5913328699528386,2,2,0.18916914479338723,906,0.09034095721204487,0.9041916167664671,,,,,,
verbose_routing_diagnostic_v1_b01,ucc,diagnostic,jev_targeted_llm,generalisation,False,choice,category,"[""0"", ""1""]",,1002,1002,1.0,0.9600798403193613,0.6325902024053975,0.6325902024053975,2,2,0.3085491733399142,906,0.1887445916114795,0.9041916167664671,,,,,,
verbose_routing_diagnostic_v1_b01,ucc,diagnostic,jev_targeted_llm,generalisation_unfair,True,choice,category,"[""0"", ""1""]",,1002,1002,1.0,0.969061876247505,0.5732010607455447,0.5732010607455447,2,2,0.2864657556809201,906,0.17930264900662307,0.9041916167664671,,,,,,
verbose_routing_diagnostic_v1_b01,ucc,diagnostic,jev_targeted_llm,hostile,True,choice,category,"[""0"", ""1""]",,1002,1002,1.0,0.9600798403193613,0.5136158438910733,0.5136158438910733,2,2,0.100725838107634,906,0.04221480709956214,0.9041916167664671,,,,,,
verbose_routing_diagnostic_v1_b01,ucc,diagnostic,jev_targeted_llm,antagonize,True,choice,category,"[""0"", ""1""]",,1002,1002,1.0,0.9301397205588823,0.5088923120011203,0.5088923120011203,2,2,0.18725045808948004,906,0.09702002442080489,0.9041916167664671,,,,,,
verbose_routing_diagnostic_v1_b01,ucc,diagnostic,jev_targeted_llm,condescending,True,choice,category,"[""0"", ""1""]",,1002,1002,1.0,0.9401197604790419,0.5433276616431697,0.5433276616431697,2,2,0.16884563684783352,906,0.08341882540853446,0.9041916167664671,,,,,,
verbose_routing_diagnostic_v1_b01,ucc,diagnostic,jev_targeted_llm,dismissive,True,choice,category,"[""0"", ""1""]",,1002,1002,1.0,0.9491017964071856,0.5546860703237332,0.5546860703237332,2,2,0.13985063216688537,906,0.059636993417515445,0.9041916167664671,,,,,,
verbose_routing_diagnostic_v1_b01,ucc,diagnostic,jev_verbose,healthy,True,choice,category,"[""0"", ""1""]",,1002,1002,1.0,0.56187624750499,0.44932304283326757,0.44932304283326757,2,2,1.1645609636621659,1002,0.6349770459081843,1.0,,,,,,
verbose_routing_diagnostic_v1_b01,ucc,diagnostic,jev_verbose,sarcastic,True,choice,category,"[""0"", ""1""]",,1002,1002,1.0,0.6297405189620758,0.4675670836943834,0.4675670836943834,2,2,0.8084554407343729,1002,0.503911177644711,1.0,,,,,,
verbose_routing_diagnostic_v1_b01,ucc,diagnostic,jev_verbose,generalisation,False,choice,category,"[""0"", ""1""]",,1002,1002,1.0,0.8712574850299402,0.548987246811703,0.548987246811703,2,2,0.32274651256984543,1002,0.18715169660678682,1.0,,,,,,
verbose_routing_diagnostic_v1_b01,ucc,diagnostic,jev_verbose,generalisation_unfair,True,choice,category,"[""0"", ""1""]",,1002,1002,1.0,0.8692614770459082,0.5308770813751104,0.5308770813751104,2,2,0.283053609318252,1002,0.17651337325349364,1.0,,,,,,
verbose_routing_diagnostic_v1_b01,ucc,diagnostic,jev_verbose,hostile,True,choice,category,"[""0"", ""1""]",,1002,1002,1.0,0.7105788423153693,0.4688023282172028,0.4688023282172028,2,2,0.6224072848781343,1002,0.40368023952095883,1.0,,,,,,
verbose_routing_diagnostic_v1_b01,ucc,diagnostic,jev_verbose,antagonize,True,choice,category,"[""0"", ""1""]",,1002,1002,1.0,0.6187624750499002,0.46753138354700857,0.46753138354700857,2,2,0.8517379750685381,1002,0.5283321357285438,1.0,,,,,,
verbose_routing_diagnostic_v1_b01,ucc,diagnostic,jev_verbose,condescending,True,choice,category,"[""0"", ""1""]",,1002,1002,1.0,0.6197604790419161,0.4712752564597953,0.4712752564597953,2,2,0.8485697552523258,1002,0.5413443113772459,1.0,,,,,,
verbose_routing_diagnostic_v1_b01,ucc,diagnostic,jev_verbose,dismissive,True,choice,category,"[""0"", ""1""]",,1002,1002,1.0,0.5698602794411177,0.3983356994283756,0.3983356994283756,2,2,0.8194439256911042,1002,0.5688784431137729,1.0,,,,,,
verbose_routing_diagnostic_v1_b025,babe,diagnostic,jev_targeted_llm,label_bias,True,choice,category,"[""Non-biased"", ""Biased""]",,1000,1000,1.0,0.789,0.7879906233578066,0.7879906233578066,2,2,0.46837796246524976,760,0.262243242565913,0.76,,,,,,
verbose_routing_diagnostic_v1_b025,babe,diagnostic,jev_verbose,label_bias,True,choice,category,"[""Non-biased"", ""Biased""]",,1000,1000,1.0,0.813,0.8127961349910051,0.8127961349910051,2,2,0.66273837581951,1000,0.27988400000000085,1.0,,,,,,
verbose_routing_diagnostic_v1_b025,commonsense,diagnostic,jev_targeted_llm,q1,True,noul,rater_fraction,,"[0, 1]",1000,1000,1.0,,,,,,,,,,0.14303547075035947,0.18603417183756984,0.14303547075035947,0.18603417183756984,0.5272936591378574,23070.0
verbose_routing_diagnostic_v1_b025,commonsense,diagnostic,jev_targeted_llm,q2,True,noul,rater_fraction,,"[0, 1]",1000,1000,1.0,,,,,,,,,,0.13631985262774773,0.17587097298364587,0.13631985262774773,0.17587097298364587,0.5388260937743161,23070.0
verbose_routing_diagnostic_v1_b025,commonsense,diagnostic,jev_verbose,q1,True,noul,rater_fraction,,"[0, 1]",1000,1000,1.0,,,,,,,,,,0.15424087419994606,0.19455884079480623,0.15424087419994606,0.19455884079480623,0.5360128788046317,23070.0
verbose_routing_diagnostic_v1_b025,commonsense,diagnostic,jev_verbose,q2,True,noul,rater_fraction,,"[0, 1]",1000,1000,1.0,,,,,,,,,,0.15284729932585225,0.19410308356472694,0.15284729932585225,0.19410308356472694,0.5571386702239219,23070.0
verbose_routing_diagnostic_v1_b025,conflict,diagnostic,jev_targeted_llm,rating_directness_content,True,choice,category,"[""Yes - Direct Content"", ""Neutral - Content contains no opinion"", ""No - Indirect Content""]",,797,797,1.0,0.9021329987452948,0.3639433241818928,0.5459149862728392,3,2,0.440564164043898,605,0.17638502885099455,0.7590966122961104,,,,,,
verbose_routing_diagnostic_v1_b025,conflict,diagnostic,jev_targeted_llm,rating_directness_expression,True,choice,category,"[""Yes - Direct Expression"", ""No - Indirect Expression""]",,802,802,1.0,0.8403990024937655,0.5605554699405833,0.5605554699405833,2,2,0.27820382255889314,610,0.15787970644841356,0.7605985037406484,,,,,,
verbose_routing_diagnostic_v1_b025,conflict,diagnostic,jev_targeted_llm,rating_OI_content,True,choice,category,"[""Yes - Content opposes someone else"", ""No - Content does not oppose anyone""]",,802,802,1.0,0.7992518703241895,0.6121938400084095,0.6121938400084095,2,2,0.5011332748509095,610,0.2016489907175685,0.7605985037406484,,,,,,
verbose_routing_diagnostic_v1_b025,conflict,diagnostic,jev_targeted_llm,rating_OI_expression,True,choice,category,"[""Yes - Expression is emotional/forceful"", ""No - Expression is not emotional/forceful""]",,802,802,1.0,0.8877805486284289,0.5946765498652291,0.5946765498652291,2,2,0.23119713660604876,610,0.13350454605527518,0.7605985037406484,,,,,,
verbose_routing_diagnostic_v1_b025,conflict,diagnostic,jev_verbose,rating_directness_content,True,choice,category,"[""Yes - Direct Content"", ""Neutral - Content contains no opinion"", ""No - Indirect Content""]",,797,797,1.0,0.8782936010037641,0.35533508413578446,0.5330026262036767,3,2,0.4427440710930357,797,0.18038619097198674,1.0,,,,,,
verbose_routing_diagnostic_v1_b025,conflict,diagnostic,jev_verbose,rating_directness_expression,True,choice,category,"[""Yes - Direct Expression"", ""No - Indirect Expression""]",,802,802,1.0,0.7992518703241895,0.5775398095163311,0.5775398095163311,2,2,0.4547937733461317,802,0.2868807980049879,1.0,,,,,,
verbose_routing_diagnostic_v1_b025,conflict,diagnostic,jev_verbose,rating_OI_content,True,choice,category,"[""Yes - Content opposes someone else"", ""No - Content does not oppose anyone""]",,802,802,1.0,0.6608478802992519,0.5275486866726731,0.5275486866726731,2,2,1.7677391918357137,802,0.5148366583541155,1.0,,,,,,
verbose_routing_diagnostic_v1_b025,conflict,diagnostic,jev_verbose,rating_OI_expression,True,choice,category,"[""Yes - Expression is emotional/forceful"", ""No - Expression is not emotional/forceful""]",,802,802,1.0,0.814214463840399,0.6503892593101874,0.6503892593101874,2,2,0.4960929371404824,802,0.2700633416458859,1.0,,,,,,
verbose_routing_diagnostic_v1_b025,mbd,diagnostic,jev_targeted_llm,tone,True,choice,category,"[""positive"", ""negative"", ""neutral""]",,544,544,1.0,0.7959558823529411,0.6972093773179084,0.6972093773179084,3,3,0.5737830827691754,426,0.3035090602639432,0.7830882352941176,,,,,,
verbose_routing_diagnostic_v1_b025,mbd,diagnostic,jev_targeted_llm,focus,True,choice,category,"[""democrat"", ""republican"", ""both"", ""neither""]",,546,546,1.0,0.8315018315018315,0.795619368982891,0.795619368982891,4,4,0.3412200321816246,430,0.17026560455678458,0.7875457875457875,,,,,,
verbose_routing_diagnostic_v1_b025,mbd,diagnostic,jev_targeted_llm,type,True,choice,category,"[""fact"", ""opinion"", ""borderline"", ""quote"", ""other""]",,508,508,1.0,0.7874015748031497,0.6991593189777265,0.6991593189777265,5,5,0.6897296137522971,400,0.30226396622793644,0.7874015748031497,,,,,,
verbose_routing_diagnostic_v1_b025,mbd,diagnostic,jev_verbose,tone,True,choice,category,"[""positive"", ""negative"", ""neutral""]",,544,544,1.0,0.7169117647058824,0.6854166666666667,0.6854166666666667,3,3,1.0026234088415666,544,0.4206209558823533,1.0,,,,,,
verbose_routing_diagnostic_v1_b025,mbd,diagnostic,jev_verbose,focus,True,choice,category,"[""democrat"", ""republican"", ""both"", ""neither""]",,546,546,1.0,0.8443223443223443,0.818947740747647,0.818947740747647,4,4,0.4281496100497553,546,0.20818571428571422,1.0,,,,,,
verbose_routing_diagnostic_v1_b025,mbd,diagnostic,jev_verbose,type,True,choice,category,"[""fact"", ""opinion"", ""borderline"", ""quote"", ""other""]",,508,508,1.0,0.781496062992126,0.6778482120298991,0.6778482120298991,5,5,0.7610680285133219,508,0.29928617712960376,1.0,,,,,,
verbose_routing_diagnostic_v1_b025,ucc,diagnostic,jev_targeted_llm,healthy,True,choice,category,"[""0"", ""1""]",,1002,1002,1.0,0.8802395209580839,0.545241373050332,0.545241373050332,2,2,0.24164168861314816,762,0.13240625799216796,0.7604790419161677,,,,,,
verbose_routing_diagnostic_v1_b025,ucc,diagnostic,jev_targeted_llm,sarcastic,True,choice,category,"[""0"", ""1""]",,1002,1002,1.0,0.9031936127744511,0.5734167826090772,0.5734167826090772,2,2,0.19898573514060047,762,0.0927164011184782,0.7604790419161677,,,,,,
verbose_routing_diagnostic_v1_b025,ucc,diagnostic,jev_targeted_llm,generalisation,False,choice,category,"[""0"", ""1""]",,1002,1002,1.0,0.9421157684630739,0.5822118702553485,0.5822118702553485,2,2,0.3199256287000637,762,0.18500708661417375,0.7604790419161677,,,,,,
verbose_routing_diagnostic_v1_b025,ucc,diagnostic,jev_targeted_llm,generalisation_unfair,True,choice,category,"[""0"", ""1""]",,1002,1002,1.0,0.9491017964071856,0.5232800037315173,0.5232800037315173,2,2,0.28377122108112063,762,0.17658582677165388,0.7604790419161677,,,,,,
verbose_routing_diagnostic_v1_b025,ucc,diagnostic,jev_targeted_llm,hostile,True,choice,category,"[""0"", ""1""]",,1002,1002,1.0,0.937125748502994,0.5636702954898911,0.5636702954898911,2,2,0.095692567790283,762,0.038287345248123376,0.7604790419161677,,,,,,
verbose_routing_diagnostic_v1_b025,ucc,diagnostic,jev_targeted_llm,antagonize,True,choice,category,"[""0"", ""1""]",,1002,1002,1.0,0.9161676646706587,0.5661532751902023,0.5661532751902023,2,2,0.18929037909347618,762,0.0975326642689661,0.7604790419161677,,,,,,
verbose_routing_diagnostic_v1_b025,ucc,diagnostic,jev_targeted_llm,condescending,True,choice,category,"[""0"", ""1""]",,1002,1002,1.0,0.9151696606786427,0.5946659813537785,0.5946659813537785,2,2,0.1559061344886387,762,0.07560112264083127,0.7604790419161677,,,,,,
verbose_routing_diagnostic_v1_b025,ucc,diagnostic,jev_targeted_llm,dismissive,True,choice,category,"[""0"", ""1""]",,1002,1002,1.0,0.9161676646706587,0.5312019605658906,0.5312019605658906,2,2,0.14489918969678245,762,0.06247046343242068,0.7604790419161677,,,,,,
verbose_routing_diagnostic_v1_b025,ucc,diagnostic,jev_verbose,healthy,True,choice,category,"[""0"", ""1""]",,1002,1002,1.0,0.5558882235528942,0.44677218637210153,0.44677218637210153,2,2,1.172713497867535,1002,0.6430027944111767,1.0,,,,,,
verbose_routing_diagnostic_v1_b025,ucc,diagnostic,jev_verbose,sarcastic,True,choice,category,"[""0"", ""1""]",,1002,1002,1.0,0.6377245508982036,0.4740218329686793,0.4740218329686793,2,2,0.8255471908815508,1002,0.5016828343313384,1.0,,,,,,
verbose_routing_diagnostic_v1_b025,ucc,diagnostic,jev_verbose,generalisation,False,choice,category,"[""0"", ""1""]",,1002,1002,1.0,0.8712574850299402,0.548987246811703,0.548987246811703,2,2,0.341032418417373,1002,0.18883572854291472,1.0,,,,,,
verbose_routing_diagnostic_v1_b025,ucc,diagnostic,jev_verbose,generalisation_unfair,True,choice,category,"[""0"", ""1""]",,1002,1002,1.0,0.8712574850299402,0.5323432044718609,0.5323432044718609,2,2,0.2835084169911983,1002,0.17594171656686675,1.0,,,,,,
verbose_routing_diagnostic_v1_b025,ucc,diagnostic,jev_verbose,hostile,True,choice,category,"[""0"", ""1""]",,1002,1002,1.0,0.7075848303393214,0.46724855963344375,0.46724855963344375,2,2,0.6228365432728591,1002,0.4053023952095814,1.0,,,,,,
verbose_routing_diagnostic_v1_b025,ucc,diagnostic,jev_verbose,antagonize,True,choice,category,"[""0"", ""1""]",,1002,1002,1.0,0.6217564870259481,0.46934121444591165,0.46934121444591165,2,2,0.8578238229898929,1002,0.53166766467066,1.0,,,,,,
verbose_routing_diagnostic_v1_b025,ucc,diagnostic,jev_verbose,condescending,True,choice,category,"[""0"", ""1""]",,1002,1002,1.0,0.6217564870259481,0.4709262878964138,0.4709262878964138,2,2,0.8291902682382806,1002,0.5378067864271461,1.0,,,,,,
verbose_routing_diagnostic_v1_b025,ucc,diagnostic,jev_verbose,dismissive,True,choice,category,"[""0"", ""1""]",,1002,1002,1.0,0.5608782435129741,0.3938360684587971,0.3938360684587971,2,2,0.8296255680894394,1002,0.5758203592814386,1.0,,,,,,
