epoch,dataset,split,method,scenario,n_classification_cells,classification_error_rate,n_numeric_cells,numeric_absolute_error_mean,role
adaptation_discovery_v1,babe,discovery,jev_joint_ab,all,200,0.185,0,,offline_descriptive_proxy_not_validated_construct
adaptation_discovery_v1,babe,discovery,jev_joint_ab,rare_reference_class_offline,200,0.185,0,,offline_descriptive_proxy_not_validated_construct
adaptation_discovery_v1,babe,discovery,jev_joint_ab,quotation_marker,34,0.17647058823529413,0,,offline_descriptive_proxy_not_validated_construct
adaptation_discovery_v1,babe,discovery,jev_joint_ab,negation_marker,29,0.20689655172413793,0,,offline_descriptive_proxy_not_validated_construct
adaptation_discovery_v1,babe,discovery,jev_joint_ab,capitalized_name_proxy,115,0.19130434782608696,0,,offline_descriptive_proxy_not_validated_construct
adaptation_discovery_v1,babe,discovery,llm_full_calibration_examples,all,200,0.165,0,,offline_descriptive_proxy_not_validated_construct
adaptation_discovery_v1,babe,discovery,llm_full_calibration_examples,rare_reference_class_offline,200,0.165,0,,offline_descriptive_proxy_not_validated_construct
adaptation_discovery_v1,babe,discovery,llm_full_calibration_examples,quotation_marker,34,0.20588235294117646,0,,offline_descriptive_proxy_not_validated_construct
adaptation_discovery_v1,babe,discovery,llm_full_calibration_examples,negation_marker,29,0.1724137931034483,0,,offline_descriptive_proxy_not_validated_construct
adaptation_discovery_v1,babe,discovery,llm_full_calibration_examples,capitalized_name_proxy,115,0.14782608695652175,0,,offline_descriptive_proxy_not_validated_construct
adaptation_discovery_v1,babe,discovery,llm_labeled_examples,all,200,0.17,0,,offline_descriptive_proxy_not_validated_construct
adaptation_discovery_v1,babe,discovery,llm_labeled_examples,rare_reference_class_offline,200,0.17,0,,offline_descriptive_proxy_not_validated_construct
adaptation_discovery_v1,babe,discovery,llm_labeled_examples,quotation_marker,34,0.17647058823529413,0,,offline_descriptive_proxy_not_validated_construct
adaptation_discovery_v1,babe,discovery,llm_labeled_examples,negation_marker,29,0.20689655172413793,0,,offline_descriptive_proxy_not_validated_construct
adaptation_discovery_v1,babe,discovery,llm_labeled_examples,capitalized_name_proxy,115,0.1391304347826087,0,,offline_descriptive_proxy_not_validated_construct
adaptation_discovery_v1,babe,discovery,jev_joint_ab,sarcasm_marker_proxy,1,0.0,0,,offline_descriptive_proxy_not_validated_construct
adaptation_discovery_v1,babe,discovery,llm_full_calibration_examples,sarcasm_marker_proxy,1,0.0,0,,offline_descriptive_proxy_not_validated_construct
adaptation_discovery_v1,babe,discovery,llm_labeled_examples,sarcasm_marker_proxy,1,0.0,0,,offline_descriptive_proxy_not_validated_construct
adaptation_discovery_v1,commonsense,discovery,jev_joint_ab,all,0,,400,0.15402828223124504,offline_descriptive_proxy_not_validated_construct
adaptation_discovery_v1,commonsense,discovery,jev_joint_ab,negation_marker,0,,66,0.15319162435113415,offline_descriptive_proxy_not_validated_construct
adaptation_discovery_v1,commonsense,discovery,llm_full_calibration_examples,all,0,,400,0.13966316555550468,offline_descriptive_proxy_not_validated_construct
adaptation_discovery_v1,commonsense,discovery,llm_full_calibration_examples,negation_marker,0,,66,0.17698709540150714,offline_descriptive_proxy_not_validated_construct
adaptation_discovery_v1,commonsense,discovery,llm_labeled_examples,all,0,,400,0.14222116196795065,offline_descriptive_proxy_not_validated_construct
adaptation_discovery_v1,commonsense,discovery,llm_labeled_examples,negation_marker,0,,66,0.18759018512224393,offline_descriptive_proxy_not_validated_construct
adaptation_discovery_v1,commonsense,discovery,jev_joint_ab,sarcasm_marker_proxy,0,,2,0.21625,offline_descriptive_proxy_not_validated_construct
adaptation_discovery_v1,commonsense,discovery,llm_full_calibration_examples,sarcasm_marker_proxy,0,,2,0.21875,offline_descriptive_proxy_not_validated_construct
adaptation_discovery_v1,commonsense,discovery,llm_labeled_examples,sarcasm_marker_proxy,0,,2,0.14375,offline_descriptive_proxy_not_validated_construct
adaptation_discovery_v1,conflict,discovery,jev_joint_ab,all,368,0.15760869565217392,0,,offline_descriptive_proxy_not_validated_construct
adaptation_discovery_v1,conflict,discovery,jev_joint_ab,quotation_marker,132,0.11363636363636363,0,,offline_descriptive_proxy_not_validated_construct
adaptation_discovery_v1,conflict,discovery,jev_joint_ab,negation_marker,236,0.13559322033898305,0,,offline_descriptive_proxy_not_validated_construct
adaptation_discovery_v1,conflict,discovery,jev_joint_ab,rare_reference_class_offline,368,0.15760869565217392,0,,offline_descriptive_proxy_not_validated_construct
adaptation_discovery_v1,conflict,discovery,llm_full_calibration_examples,all,368,0.07880434782608696,0,,offline_descriptive_proxy_not_validated_construct
adaptation_discovery_v1,conflict,discovery,llm_full_calibration_examples,quotation_marker,132,0.03787878787878788,0,,offline_descriptive_proxy_not_validated_construct
adaptation_discovery_v1,conflict,discovery,llm_full_calibration_examples,negation_marker,236,0.05508474576271186,0,,offline_descriptive_proxy_not_validated_construct
adaptation_discovery_v1,conflict,discovery,llm_full_calibration_examples,rare_reference_class_offline,368,0.07880434782608696,0,,offline_descriptive_proxy_not_validated_construct
adaptation_discovery_v1,conflict,discovery,llm_labeled_examples,all,368,0.1358695652173913,0,,offline_descriptive_proxy_not_validated_construct
adaptation_discovery_v1,conflict,discovery,llm_labeled_examples,quotation_marker,132,0.06060606060606061,0,,offline_descriptive_proxy_not_validated_construct
adaptation_discovery_v1,conflict,discovery,llm_labeled_examples,negation_marker,236,0.0847457627118644,0,,offline_descriptive_proxy_not_validated_construct
adaptation_discovery_v1,conflict,discovery,llm_labeled_examples,rare_reference_class_offline,368,0.1358695652173913,0,,offline_descriptive_proxy_not_validated_construct
adaptation_discovery_v1,conflict,discovery,jev_joint_ab,capitalized_name_proxy,16,0.0625,0,,offline_descriptive_proxy_not_validated_construct
adaptation_discovery_v1,conflict,discovery,llm_full_calibration_examples,capitalized_name_proxy,16,0.0,0,,offline_descriptive_proxy_not_validated_construct
adaptation_discovery_v1,conflict,discovery,llm_labeled_examples,capitalized_name_proxy,16,0.0625,0,,offline_descriptive_proxy_not_validated_construct
adaptation_discovery_v1,mbd,discovery,jev_joint_ab,all,623,0.1476725521669342,0,,offline_descriptive_proxy_not_validated_construct
adaptation_discovery_v1,mbd,discovery,jev_joint_ab,capitalized_name_proxy,286,0.1258741258741259,0,,offline_descriptive_proxy_not_validated_construct
adaptation_discovery_v1,mbd,discovery,jev_joint_ab,rare_reference_class_offline,623,0.1476725521669342,0,,offline_descriptive_proxy_not_validated_construct
adaptation_discovery_v1,mbd,discovery,jev_joint_ab,negation_marker,72,0.08333333333333333,0,,offline_descriptive_proxy_not_validated_construct
adaptation_discovery_v1,mbd,discovery,llm_full_calibration_examples,all,623,0.12359550561797752,0,,offline_descriptive_proxy_not_validated_construct
adaptation_discovery_v1,mbd,discovery,llm_full_calibration_examples,capitalized_name_proxy,286,0.08391608391608392,0,,offline_descriptive_proxy_not_validated_construct
adaptation_discovery_v1,mbd,discovery,llm_full_calibration_examples,rare_reference_class_offline,623,0.12359550561797752,0,,offline_descriptive_proxy_not_validated_construct
adaptation_discovery_v1,mbd,discovery,llm_full_calibration_examples,negation_marker,72,0.06944444444444445,0,,offline_descriptive_proxy_not_validated_construct
adaptation_discovery_v1,mbd,discovery,llm_labeled_examples,all,623,0.1476725521669342,0,,offline_descriptive_proxy_not_validated_construct
adaptation_discovery_v1,mbd,discovery,llm_labeled_examples,capitalized_name_proxy,286,0.11188811188811189,0,,offline_descriptive_proxy_not_validated_construct
adaptation_discovery_v1,mbd,discovery,llm_labeled_examples,rare_reference_class_offline,623,0.1476725521669342,0,,offline_descriptive_proxy_not_validated_construct
adaptation_discovery_v1,mbd,discovery,llm_labeled_examples,negation_marker,72,0.08333333333333333,0,,offline_descriptive_proxy_not_validated_construct
adaptation_discovery_v1,mbd,discovery,jev_joint_ab,quotation_marker,200,0.185,0,,offline_descriptive_proxy_not_validated_construct
adaptation_discovery_v1,mbd,discovery,llm_full_calibration_examples,quotation_marker,200,0.21,0,,offline_descriptive_proxy_not_validated_construct
adaptation_discovery_v1,mbd,discovery,llm_labeled_examples,quotation_marker,200,0.225,0,,offline_descriptive_proxy_not_validated_construct
adaptation_discovery_v1,taskmap,discovery,jev_joint_ab,all,0,,460,0.14080400760235354,offline_descriptive_proxy_not_validated_construct
adaptation_discovery_v1,taskmap,discovery,jev_joint_ab,negation_marker,0,,460,0.14080400760235354,offline_descriptive_proxy_not_validated_construct
adaptation_discovery_v1,taskmap,discovery,jev_joint_ab,capitalized_name_proxy,0,,460,0.14080400760235354,offline_descriptive_proxy_not_validated_construct
adaptation_discovery_v1,taskmap,discovery,jev_joint_ab,quotation_marker,0,,368,0.14163202107832307,offline_descriptive_proxy_not_validated_construct
adaptation_discovery_v1,taskmap,discovery,llm_full_calibration_examples,all,0,,460,0.1370235012152309,offline_descriptive_proxy_not_validated_construct
adaptation_discovery_v1,taskmap,discovery,llm_full_calibration_examples,negation_marker,0,,460,0.1370235012152309,offline_descriptive_proxy_not_validated_construct
adaptation_discovery_v1,taskmap,discovery,llm_full_calibration_examples,capitalized_name_proxy,0,,460,0.1370235012152309,offline_descriptive_proxy_not_validated_construct
adaptation_discovery_v1,taskmap,discovery,llm_full_calibration_examples,quotation_marker,0,,368,0.13818924382564504,offline_descriptive_proxy_not_validated_construct
adaptation_discovery_v1,taskmap,discovery,llm_labeled_examples,all,0,,460,0.12813276765767315,offline_descriptive_proxy_not_validated_construct
adaptation_discovery_v1,taskmap,discovery,llm_labeled_examples,negation_marker,0,,460,0.12813276765767315,offline_descriptive_proxy_not_validated_construct
adaptation_discovery_v1,taskmap,discovery,llm_labeled_examples,capitalized_name_proxy,0,,460,0.12813276765767315,offline_descriptive_proxy_not_validated_construct
adaptation_discovery_v1,taskmap,discovery,llm_labeled_examples,quotation_marker,0,,368,0.1238883135807167,offline_descriptive_proxy_not_validated_construct
adaptation_discovery_v1,ucc,discovery,jev_joint_ab,all,1470,0.3564625850340136,0,,offline_descriptive_proxy_not_validated_construct
adaptation_discovery_v1,ucc,discovery,jev_joint_ab,negation_marker,399,0.3659147869674185,0,,offline_descriptive_proxy_not_validated_construct
adaptation_discovery_v1,ucc,discovery,jev_joint_ab,rare_reference_class_offline,1470,0.3564625850340136,0,,offline_descriptive_proxy_not_validated_construct
adaptation_discovery_v1,ucc,discovery,jev_joint_ab,capitalized_name_proxy,448,0.3325892857142857,0,,offline_descriptive_proxy_not_validated_construct
adaptation_discovery_v1,ucc,discovery,llm_full_calibration_examples,all,1470,0.10272108843537416,0,,offline_descriptive_proxy_not_validated_construct
adaptation_discovery_v1,ucc,discovery,llm_full_calibration_examples,negation_marker,399,0.10526315789473684,0,,offline_descriptive_proxy_not_validated_construct
adaptation_discovery_v1,ucc,discovery,llm_full_calibration_examples,rare_reference_class_offline,1470,0.10272108843537416,0,,offline_descriptive_proxy_not_validated_construct
adaptation_discovery_v1,ucc,discovery,llm_full_calibration_examples,capitalized_name_proxy,448,0.10267857142857142,0,,offline_descriptive_proxy_not_validated_construct
adaptation_discovery_v1,ucc,discovery,llm_labeled_examples,all,1470,0.1619047619047619,0,,offline_descriptive_proxy_not_validated_construct
adaptation_discovery_v1,ucc,discovery,llm_labeled_examples,negation_marker,399,0.18796992481203006,0,,offline_descriptive_proxy_not_validated_construct
adaptation_discovery_v1,ucc,discovery,llm_labeled_examples,rare_reference_class_offline,1470,0.1619047619047619,0,,offline_descriptive_proxy_not_validated_construct
adaptation_discovery_v1,ucc,discovery,llm_labeled_examples,capitalized_name_proxy,448,0.12723214285714285,0,,offline_descriptive_proxy_not_validated_construct
adaptation_discovery_v1,ucc,discovery,jev_joint_ab,quotation_marker,28,0.39285714285714285,0,,offline_descriptive_proxy_not_validated_construct
adaptation_discovery_v1,ucc,discovery,llm_full_calibration_examples,quotation_marker,28,0.0,0,,offline_descriptive_proxy_not_validated_construct
adaptation_discovery_v1,ucc,discovery,llm_labeled_examples,quotation_marker,28,0.17857142857142858,0,,offline_descriptive_proxy_not_validated_construct
cache_prefix_diagnostic_v1,babe,diagnostic,llm_direct_cached_prefix,all,1000,0.687,0,,offline_descriptive_proxy_not_validated_construct
cache_prefix_diagnostic_v1,babe,diagnostic,llm_direct_cached_prefix,quotation_marker,136,0.6544117647058824,0,,offline_descriptive_proxy_not_validated_construct
cache_prefix_diagnostic_v1,babe,diagnostic,llm_direct_cached_prefix,negation_marker,145,0.696551724137931,0,,offline_descriptive_proxy_not_validated_construct
cache_prefix_diagnostic_v1,babe,diagnostic,llm_direct_cached_prefix,capitalized_name_proxy,566,0.6890459363957597,0,,offline_descriptive_proxy_not_validated_construct
cache_prefix_diagnostic_v1,babe,diagnostic,llm_direct_cached_prefix,rare_reference_class_offline,1000,0.687,0,,offline_descriptive_proxy_not_validated_construct
cache_prefix_diagnostic_v1,babe,diagnostic,llm_full_examples_cached_prefix,all,1000,0.794,0,,offline_descriptive_proxy_not_validated_construct
cache_prefix_diagnostic_v1,babe,diagnostic,llm_full_examples_cached_prefix,quotation_marker,136,0.8161764705882353,0,,offline_descriptive_proxy_not_validated_construct
cache_prefix_diagnostic_v1,babe,diagnostic,llm_full_examples_cached_prefix,negation_marker,145,0.7172413793103448,0,,offline_descriptive_proxy_not_validated_construct
cache_prefix_diagnostic_v1,babe,diagnostic,llm_full_examples_cached_prefix,capitalized_name_proxy,566,0.8021201413427562,0,,offline_descriptive_proxy_not_validated_construct
cache_prefix_diagnostic_v1,babe,diagnostic,llm_full_examples_cached_prefix,rare_reference_class_offline,1000,0.794,0,,offline_descriptive_proxy_not_validated_construct
cache_prefix_diagnostic_v1,babe,diagnostic,llm_native_cached_prefix,all,1000,0.614,0,,offline_descriptive_proxy_not_validated_construct
cache_prefix_diagnostic_v1,babe,diagnostic,llm_native_cached_prefix,quotation_marker,136,0.6323529411764706,0,,offline_descriptive_proxy_not_validated_construct
cache_prefix_diagnostic_v1,babe,diagnostic,llm_native_cached_prefix,negation_marker,145,0.6206896551724138,0,,offline_descriptive_proxy_not_validated_construct
cache_prefix_diagnostic_v1,babe,diagnostic,llm_native_cached_prefix,capitalized_name_proxy,566,0.6254416961130742,0,,offline_descriptive_proxy_not_validated_construct
cache_prefix_diagnostic_v1,babe,diagnostic,llm_native_cached_prefix,rare_reference_class_offline,1000,0.614,0,,offline_descriptive_proxy_not_validated_construct
cache_prefix_diagnostic_v1,babe,diagnostic,llm_direct_cached_prefix,sarcasm_marker_proxy,5,1.0,0,,offline_descriptive_proxy_not_validated_construct
cache_prefix_diagnostic_v1,babe,diagnostic,llm_full_examples_cached_prefix,sarcasm_marker_proxy,5,0.8,0,,offline_descriptive_proxy_not_validated_construct
cache_prefix_diagnostic_v1,babe,diagnostic,llm_native_cached_prefix,sarcasm_marker_proxy,5,0.8,0,,offline_descriptive_proxy_not_validated_construct
cache_prefix_diagnostic_v1,commonsense,diagnostic,llm_direct_cached_prefix,all,0,,880,0.153850162444689,offline_descriptive_proxy_not_validated_construct
cache_prefix_diagnostic_v1,commonsense,diagnostic,llm_direct_cached_prefix,negation_marker,0,,116,0.16463728734550306,offline_descriptive_proxy_not_validated_construct
cache_prefix_diagnostic_v1,commonsense,diagnostic,llm_full_examples_cached_prefix,all,0,,768,0.13524256778655022,offline_descriptive_proxy_not_validated_construct
cache_prefix_diagnostic_v1,commonsense,diagnostic,llm_full_examples_cached_prefix,negation_marker,0,,104,0.1437192902474824,offline_descriptive_proxy_not_validated_construct
cache_prefix_diagnostic_v1,commonsense,diagnostic,llm_native_cached_prefix,all,0,,928,0.14534302389637038,offline_descriptive_proxy_not_validated_construct
cache_prefix_diagnostic_v1,commonsense,diagnostic,llm_native_cached_prefix,negation_marker,0,,104,0.16948423179883054,offline_descriptive_proxy_not_validated_construct
cache_prefix_diagnostic_v1,commonsense,diagnostic,llm_direct_cached_prefix,sarcasm_marker_proxy,0,,0,,offline_descriptive_proxy_not_validated_construct
cache_prefix_diagnostic_v1,commonsense,diagnostic,llm_full_examples_cached_prefix,sarcasm_marker_proxy,0,,0,,offline_descriptive_proxy_not_validated_construct
cache_prefix_diagnostic_v1,commonsense,diagnostic,llm_native_cached_prefix,sarcasm_marker_proxy,0,,2,0.04166666666666666,offline_descriptive_proxy_not_validated_construct
cache_prefix_diagnostic_v1,conflict,diagnostic,llm_direct_cached_prefix,all,3203,0.6006868560724321,0,,offline_descriptive_proxy_not_validated_construct
cache_prefix_diagnostic_v1,conflict,diagnostic,llm_direct_cached_prefix,rare_reference_class_offline,3203,0.6006868560724321,0,,offline_descriptive_proxy_not_validated_construct
cache_prefix_diagnostic_v1,conflict,diagnostic,llm_direct_cached_prefix,negation_marker,1950,0.58,0,,offline_descriptive_proxy_not_validated_construct
cache_prefix_diagnostic_v1,conflict,diagnostic,llm_direct_cached_prefix,quotation_marker,771,0.5706874189364461,0,,offline_descriptive_proxy_not_validated_construct
cache_prefix_diagnostic_v1,conflict,diagnostic,llm_direct_cached_prefix,capitalized_name_proxy,442,0.581447963800905,0,,offline_descriptive_proxy_not_validated_construct
cache_prefix_diagnostic_v1,conflict,diagnostic,llm_full_examples_cached_prefix,all,3203,0.719325632219794,0,,offline_descriptive_proxy_not_validated_construct
cache_prefix_diagnostic_v1,conflict,diagnostic,llm_full_examples_cached_prefix,rare_reference_class_offline,3203,0.719325632219794,0,,offline_descriptive_proxy_not_validated_construct
cache_prefix_diagnostic_v1,conflict,diagnostic,llm_full_examples_cached_prefix,negation_marker,1950,0.7087179487179487,0,,offline_descriptive_proxy_not_validated_construct
cache_prefix_diagnostic_v1,conflict,diagnostic,llm_full_examples_cached_prefix,quotation_marker,771,0.6900129701686122,0,,offline_descriptive_proxy_not_validated_construct
cache_prefix_diagnostic_v1,conflict,diagnostic,llm_full_examples_cached_prefix,capitalized_name_proxy,442,0.6877828054298643,0,,offline_descriptive_proxy_not_validated_construct
cache_prefix_diagnostic_v1,conflict,diagnostic,llm_native_cached_prefix,all,3203,0.6715579144551983,0,,offline_descriptive_proxy_not_validated_construct
cache_prefix_diagnostic_v1,conflict,diagnostic,llm_native_cached_prefix,rare_reference_class_offline,3203,0.6715579144551983,0,,offline_descriptive_proxy_not_validated_construct
cache_prefix_diagnostic_v1,conflict,diagnostic,llm_native_cached_prefix,negation_marker,1950,0.6728205128205128,0,,offline_descriptive_proxy_not_validated_construct
cache_prefix_diagnostic_v1,conflict,diagnostic,llm_native_cached_prefix,quotation_marker,771,0.6588845654993515,0,,offline_descriptive_proxy_not_validated_construct
cache_prefix_diagnostic_v1,conflict,diagnostic,llm_native_cached_prefix,capitalized_name_proxy,442,0.7262443438914027,0,,offline_descriptive_proxy_not_validated_construct
cache_prefix_diagnostic_v1,conflict,diagnostic,llm_direct_cached_prefix,sarcasm_marker_proxy,24,0.7083333333333334,0,,offline_descriptive_proxy_not_validated_construct
cache_prefix_diagnostic_v1,conflict,diagnostic,llm_full_examples_cached_prefix,sarcasm_marker_proxy,24,0.6666666666666666,0,,offline_descriptive_proxy_not_validated_construct
cache_prefix_diagnostic_v1,conflict,diagnostic,llm_native_cached_prefix,sarcasm_marker_proxy,24,0.625,0,,offline_descriptive_proxy_not_validated_construct
cache_prefix_diagnostic_v1,mbd,diagnostic,llm_direct_cached_prefix,all,1598,0.6639549436795995,0,,offline_descriptive_proxy_not_validated_construct
cache_prefix_diagnostic_v1,mbd,diagnostic,llm_direct_cached_prefix,rare_reference_class_offline,1598,0.6639549436795995,0,,offline_descriptive_proxy_not_validated_construct
cache_prefix_diagnostic_v1,mbd,diagnostic,llm_direct_cached_prefix,negation_marker,217,0.6129032258064516,0,,offline_descriptive_proxy_not_validated_construct
cache_prefix_diagnostic_v1,mbd,diagnostic,llm_direct_cached_prefix,quotation_marker,555,0.6738738738738739,0,,offline_descriptive_proxy_not_validated_construct
cache_prefix_diagnostic_v1,mbd,diagnostic,llm_direct_cached_prefix,capitalized_name_proxy,504,0.6746031746031746,0,,offline_descriptive_proxy_not_validated_construct
cache_prefix_diagnostic_v1,mbd,diagnostic,llm_full_examples_cached_prefix,all,1598,0.6583229036295369,0,,offline_descriptive_proxy_not_validated_construct
cache_prefix_diagnostic_v1,mbd,diagnostic,llm_full_examples_cached_prefix,rare_reference_class_offline,1598,0.6583229036295369,0,,offline_descriptive_proxy_not_validated_construct
cache_prefix_diagnostic_v1,mbd,diagnostic,llm_full_examples_cached_prefix,negation_marker,217,0.6682027649769585,0,,offline_descriptive_proxy_not_validated_construct
cache_prefix_diagnostic_v1,mbd,diagnostic,llm_full_examples_cached_prefix,quotation_marker,555,0.6972972972972973,0,,offline_descriptive_proxy_not_validated_construct
cache_prefix_diagnostic_v1,mbd,diagnostic,llm_full_examples_cached_prefix,capitalized_name_proxy,504,0.7063492063492064,0,,offline_descriptive_proxy_not_validated_construct
cache_prefix_diagnostic_v1,mbd,diagnostic,llm_native_cached_prefix,all,1598,0.727784730913642,0,,offline_descriptive_proxy_not_validated_construct
cache_prefix_diagnostic_v1,mbd,diagnostic,llm_native_cached_prefix,rare_reference_class_offline,1598,0.727784730913642,0,,offline_descriptive_proxy_not_validated_construct
cache_prefix_diagnostic_v1,mbd,diagnostic,llm_native_cached_prefix,negation_marker,217,0.6543778801843319,0,,offline_descriptive_proxy_not_validated_construct
cache_prefix_diagnostic_v1,mbd,diagnostic,llm_native_cached_prefix,quotation_marker,555,0.7621621621621621,0,,offline_descriptive_proxy_not_validated_construct
cache_prefix_diagnostic_v1,mbd,diagnostic,llm_native_cached_prefix,capitalized_name_proxy,504,0.7757936507936508,0,,offline_descriptive_proxy_not_validated_construct
cache_prefix_diagnostic_v1,ucc,diagnostic,llm_direct_cached_prefix,all,7014,0.6020815511833476,0,,offline_descriptive_proxy_not_validated_construct
cache_prefix_diagnostic_v1,ucc,diagnostic,llm_direct_cached_prefix,negation_marker,1911,0.5583464154892727,0,,offline_descriptive_proxy_not_validated_construct
cache_prefix_diagnostic_v1,ucc,diagnostic,llm_direct_cached_prefix,capitalized_name_proxy,1302,0.6559139784946236,0,,offline_descriptive_proxy_not_validated_construct
cache_prefix_diagnostic_v1,ucc,diagnostic,llm_direct_cached_prefix,rare_reference_class_offline,7014,0.6020815511833476,0,,offline_descriptive_proxy_not_validated_construct
cache_prefix_diagnostic_v1,ucc,diagnostic,llm_direct_cached_prefix,sarcasm_marker_proxy,7,0.0,0,,offline_descriptive_proxy_not_validated_construct
cache_prefix_diagnostic_v1,ucc,diagnostic,llm_full_examples_cached_prefix,all,7014,0.6159110350727117,0,,offline_descriptive_proxy_not_validated_construct
cache_prefix_diagnostic_v1,ucc,diagnostic,llm_full_examples_cached_prefix,negation_marker,1911,0.5714285714285714,0,,offline_descriptive_proxy_not_validated_construct
cache_prefix_diagnostic_v1,ucc,diagnostic,llm_full_examples_cached_prefix,capitalized_name_proxy,1302,0.6574500768049155,0,,offline_descriptive_proxy_not_validated_construct
cache_prefix_diagnostic_v1,ucc,diagnostic,llm_full_examples_cached_prefix,rare_reference_class_offline,7014,0.6159110350727117,0,,offline_descriptive_proxy_not_validated_construct
cache_prefix_diagnostic_v1,ucc,diagnostic,llm_full_examples_cached_prefix,sarcasm_marker_proxy,7,0.0,0,,offline_descriptive_proxy_not_validated_construct
cache_prefix_diagnostic_v1,ucc,diagnostic,llm_native_cached_prefix,all,7014,0.6601083547191332,0,,offline_descriptive_proxy_not_validated_construct
cache_prefix_diagnostic_v1,ucc,diagnostic,llm_native_cached_prefix,negation_marker,1911,0.6661433804290947,0,,offline_descriptive_proxy_not_validated_construct
cache_prefix_diagnostic_v1,ucc,diagnostic,llm_native_cached_prefix,capitalized_name_proxy,1302,0.7081413210445469,0,,offline_descriptive_proxy_not_validated_construct
cache_prefix_diagnostic_v1,ucc,diagnostic,llm_native_cached_prefix,rare_reference_class_offline,7014,0.6601083547191332,0,,offline_descriptive_proxy_not_validated_construct
cache_prefix_diagnostic_v1,ucc,diagnostic,llm_native_cached_prefix,sarcasm_marker_proxy,7,0.0,0,,offline_descriptive_proxy_not_validated_construct
cache_prefix_diagnostic_v1,ucc,diagnostic,llm_direct_cached_prefix,quotation_marker,189,0.7195767195767195,0,,offline_descriptive_proxy_not_validated_construct
cache_prefix_diagnostic_v1,ucc,diagnostic,llm_full_examples_cached_prefix,quotation_marker,189,0.6296296296296297,0,,offline_descriptive_proxy_not_validated_construct
cache_prefix_diagnostic_v1,ucc,diagnostic,llm_native_cached_prefix,quotation_marker,189,0.7037037037037037,0,,offline_descriptive_proxy_not_validated_construct
calibration_v1,babe,calibration,jev_anchored,all,201,0.27860696517412936,0,,offline_descriptive_proxy_not_validated_construct
calibration_v1,babe,calibration,jev_anchored,capitalized_name_proxy,109,0.30275229357798167,0,,offline_descriptive_proxy_not_validated_construct
calibration_v1,babe,calibration,jev_anchored,negation_marker,33,0.2727272727272727,0,,offline_descriptive_proxy_not_validated_construct
calibration_v1,babe,calibration,jev_anchored,quotation_marker,24,0.375,0,,offline_descriptive_proxy_not_validated_construct
calibration_v1,babe,calibration,jev_compact,all,201,0.2835820895522388,0,,offline_descriptive_proxy_not_validated_construct
calibration_v1,babe,calibration,jev_compact,capitalized_name_proxy,109,0.29357798165137616,0,,offline_descriptive_proxy_not_validated_construct
calibration_v1,babe,calibration,jev_compact,negation_marker,33,0.2727272727272727,0,,offline_descriptive_proxy_not_validated_construct
calibration_v1,babe,calibration,jev_compact,quotation_marker,24,0.375,0,,offline_descriptive_proxy_not_validated_construct
calibration_v1,babe,calibration,jev_verbose,all,201,0.16417910447761194,0,,offline_descriptive_proxy_not_validated_construct
calibration_v1,babe,calibration,jev_verbose,capitalized_name_proxy,109,0.1651376146788991,0,,offline_descriptive_proxy_not_validated_construct
calibration_v1,babe,calibration,jev_verbose,negation_marker,33,0.21212121212121213,0,,offline_descriptive_proxy_not_validated_construct
calibration_v1,babe,calibration,jev_verbose,quotation_marker,24,0.20833333333333334,0,,offline_descriptive_proxy_not_validated_construct
calibration_v1,babe,calibration,llm_direct,all,201,0.1691542288557214,0,,offline_descriptive_proxy_not_validated_construct
calibration_v1,babe,calibration,llm_direct,capitalized_name_proxy,109,0.1743119266055046,0,,offline_descriptive_proxy_not_validated_construct
calibration_v1,babe,calibration,llm_direct,negation_marker,33,0.18181818181818182,0,,offline_descriptive_proxy_not_validated_construct
calibration_v1,babe,calibration,llm_direct,quotation_marker,24,0.2916666666666667,0,,offline_descriptive_proxy_not_validated_construct
calibration_v1,babe,calibration,jev_anchored,sarcasm_marker_proxy,2,0.0,0,,offline_descriptive_proxy_not_validated_construct
calibration_v1,babe,calibration,jev_compact,sarcasm_marker_proxy,2,0.0,0,,offline_descriptive_proxy_not_validated_construct
calibration_v1,babe,calibration,jev_verbose,sarcasm_marker_proxy,2,0.0,0,,offline_descriptive_proxy_not_validated_construct
calibration_v1,babe,calibration,llm_direct,sarcasm_marker_proxy,2,0.0,0,,offline_descriptive_proxy_not_validated_construct
calibration_v1,commonsense,calibration,jev_anchored,all,0,,400,0.15888351703308923,offline_descriptive_proxy_not_validated_construct
calibration_v1,commonsense,calibration,jev_anchored,negation_marker,0,,60,0.14229099393602115,offline_descriptive_proxy_not_validated_construct
calibration_v1,commonsense,calibration,jev_compact,all,0,,400,0.15943204293744287,offline_descriptive_proxy_not_validated_construct
calibration_v1,commonsense,calibration,jev_compact,negation_marker,0,,60,0.14765463029965753,offline_descriptive_proxy_not_validated_construct
calibration_v1,commonsense,calibration,jev_verbose,all,0,,400,0.1508789711512406,offline_descriptive_proxy_not_validated_construct
calibration_v1,commonsense,calibration,jev_verbose,negation_marker,0,,60,0.13113380106495362,offline_descriptive_proxy_not_validated_construct
calibration_v1,commonsense,calibration,llm_direct,all,0,,400,0.14496028900962526,offline_descriptive_proxy_not_validated_construct
calibration_v1,commonsense,calibration,llm_direct,negation_marker,0,,60,0.16098854832139806,offline_descriptive_proxy_not_validated_construct
calibration_v1,conflict,calibration,jev_anchored,all,392,0.18112244897959184,0,,offline_descriptive_proxy_not_validated_construct
calibration_v1,conflict,calibration,jev_anchored,rare_reference_class_offline,6,0.16666666666666666,0,,offline_descriptive_proxy_not_validated_construct
calibration_v1,conflict,calibration,jev_anchored,negation_marker,280,0.16428571428571428,0,,offline_descriptive_proxy_not_validated_construct
calibration_v1,conflict,calibration,jev_anchored,quotation_marker,100,0.2,0,,offline_descriptive_proxy_not_validated_construct
calibration_v1,conflict,calibration,jev_anchored,capitalized_name_proxy,80,0.1875,0,,offline_descriptive_proxy_not_validated_construct
calibration_v1,conflict,calibration,jev_compact,all,392,0.1913265306122449,0,,offline_descriptive_proxy_not_validated_construct
calibration_v1,conflict,calibration,jev_compact,rare_reference_class_offline,6,0.16666666666666666,0,,offline_descriptive_proxy_not_validated_construct
calibration_v1,conflict,calibration,jev_compact,negation_marker,280,0.17142857142857143,0,,offline_descriptive_proxy_not_validated_construct
calibration_v1,conflict,calibration,jev_compact,quotation_marker,100,0.2,0,,offline_descriptive_proxy_not_validated_construct
calibration_v1,conflict,calibration,jev_compact,capitalized_name_proxy,80,0.1875,0,,offline_descriptive_proxy_not_validated_construct
calibration_v1,conflict,calibration,jev_verbose,all,392,0.1556122448979592,0,,offline_descriptive_proxy_not_validated_construct
calibration_v1,conflict,calibration,jev_verbose,rare_reference_class_offline,6,0.3333333333333333,0,,offline_descriptive_proxy_not_validated_construct
calibration_v1,conflict,calibration,jev_verbose,negation_marker,280,0.13214285714285715,0,,offline_descriptive_proxy_not_validated_construct
calibration_v1,conflict,calibration,jev_verbose,quotation_marker,100,0.14,0,,offline_descriptive_proxy_not_validated_construct
calibration_v1,conflict,calibration,jev_verbose,capitalized_name_proxy,80,0.1875,0,,offline_descriptive_proxy_not_validated_construct
calibration_v1,conflict,calibration,llm_direct,all,392,0.16581632653061223,0,,offline_descriptive_proxy_not_validated_construct
calibration_v1,conflict,calibration,llm_direct,rare_reference_class_offline,6,0.16666666666666666,0,,offline_descriptive_proxy_not_validated_construct
calibration_v1,conflict,calibration,llm_direct,negation_marker,280,0.1357142857142857,0,,offline_descriptive_proxy_not_validated_construct
calibration_v1,conflict,calibration,llm_direct,quotation_marker,100,0.16,0,,offline_descriptive_proxy_not_validated_construct
calibration_v1,conflict,calibration,llm_direct,capitalized_name_proxy,80,0.175,0,,offline_descriptive_proxy_not_validated_construct
calibration_v1,conflict,calibration,jev_anchored,sarcasm_marker_proxy,4,0.0,0,,offline_descriptive_proxy_not_validated_construct
calibration_v1,conflict,calibration,jev_compact,sarcasm_marker_proxy,4,0.0,0,,offline_descriptive_proxy_not_validated_construct
calibration_v1,conflict,calibration,jev_verbose,sarcasm_marker_proxy,4,0.0,0,,offline_descriptive_proxy_not_validated_construct
calibration_v1,conflict,calibration,llm_direct,sarcasm_marker_proxy,4,0.0,0,,offline_descriptive_proxy_not_validated_construct
calibration_v1,mbd,calibration,jev_anchored,all,714,0.16666666666666666,0,,offline_descriptive_proxy_not_validated_construct
calibration_v1,mbd,calibration,jev_anchored,capitalized_name_proxy,345,0.11594202898550725,0,,offline_descriptive_proxy_not_validated_construct
calibration_v1,mbd,calibration,jev_anchored,rare_reference_class_offline,71,0.29577464788732394,0,,offline_descriptive_proxy_not_validated_construct
calibration_v1,mbd,calibration,jev_anchored,quotation_marker,216,0.18055555555555555,0,,offline_descriptive_proxy_not_validated_construct
calibration_v1,mbd,calibration,jev_anchored,negation_marker,114,0.12280701754385964,0,,offline_descriptive_proxy_not_validated_construct
calibration_v1,mbd,calibration,jev_compact,all,714,0.16946778711484595,0,,offline_descriptive_proxy_not_validated_construct
calibration_v1,mbd,calibration,jev_compact,capitalized_name_proxy,345,0.12173913043478261,0,,offline_descriptive_proxy_not_validated_construct
calibration_v1,mbd,calibration,jev_compact,rare_reference_class_offline,71,0.29577464788732394,0,,offline_descriptive_proxy_not_validated_construct
calibration_v1,mbd,calibration,jev_compact,quotation_marker,216,0.18981481481481483,0,,offline_descriptive_proxy_not_validated_construct
calibration_v1,mbd,calibration,jev_compact,negation_marker,114,0.12280701754385964,0,,offline_descriptive_proxy_not_validated_construct
calibration_v1,mbd,calibration,jev_verbose,all,714,0.19747899159663865,0,,offline_descriptive_proxy_not_validated_construct
calibration_v1,mbd,calibration,jev_verbose,capitalized_name_proxy,345,0.14782608695652175,0,,offline_descriptive_proxy_not_validated_construct
calibration_v1,mbd,calibration,jev_verbose,rare_reference_class_offline,71,0.22535211267605634,0,,offline_descriptive_proxy_not_validated_construct
calibration_v1,mbd,calibration,jev_verbose,quotation_marker,216,0.22685185185185186,0,,offline_descriptive_proxy_not_validated_construct
calibration_v1,mbd,calibration,jev_verbose,negation_marker,114,0.19298245614035087,0,,offline_descriptive_proxy_not_validated_construct
calibration_v1,mbd,calibration,llm_direct,all,714,0.17507002801120447,0,,offline_descriptive_proxy_not_validated_construct
calibration_v1,mbd,calibration,llm_direct,capitalized_name_proxy,345,0.13333333333333333,0,,offline_descriptive_proxy_not_validated_construct
calibration_v1,mbd,calibration,llm_direct,rare_reference_class_offline,71,0.28169014084507044,0,,offline_descriptive_proxy_not_validated_construct
calibration_v1,mbd,calibration,llm_direct,quotation_marker,216,0.2037037037037037,0,,offline_descriptive_proxy_not_validated_construct
calibration_v1,mbd,calibration,llm_direct,negation_marker,114,0.19298245614035087,0,,offline_descriptive_proxy_not_validated_construct
calibration_v1,taskmap,calibration,jev_anchored,all,0,,460,0.13894206793521538,offline_descriptive_proxy_not_validated_construct
calibration_v1,taskmap,calibration,jev_anchored,quotation_marker,0,,276,0.13103804054063978,offline_descriptive_proxy_not_validated_construct
calibration_v1,taskmap,calibration,jev_anchored,negation_marker,0,,460,0.13894206793521538,offline_descriptive_proxy_not_validated_construct
calibration_v1,taskmap,calibration,jev_anchored,capitalized_name_proxy,0,,460,0.13894206793521538,offline_descriptive_proxy_not_validated_construct
calibration_v1,taskmap,calibration,jev_compact,all,0,,460,0.13871567145834632,offline_descriptive_proxy_not_validated_construct
calibration_v1,taskmap,calibration,jev_compact,quotation_marker,0,,276,0.13125535106040775,offline_descriptive_proxy_not_validated_construct
calibration_v1,taskmap,calibration,jev_compact,negation_marker,0,,460,0.13871567145834632,offline_descriptive_proxy_not_validated_construct
calibration_v1,taskmap,calibration,jev_compact,capitalized_name_proxy,0,,460,0.13871567145834632,offline_descriptive_proxy_not_validated_construct
calibration_v1,taskmap,calibration,jev_verbose,all,0,,460,0.13943637699729383,offline_descriptive_proxy_not_validated_construct
calibration_v1,taskmap,calibration,jev_verbose,quotation_marker,0,,276,0.13393818120023224,offline_descriptive_proxy_not_validated_construct
calibration_v1,taskmap,calibration,jev_verbose,negation_marker,0,,460,0.13943637699729383,offline_descriptive_proxy_not_validated_construct
calibration_v1,taskmap,calibration,jev_verbose,capitalized_name_proxy,0,,460,0.13943637699729383,offline_descriptive_proxy_not_validated_construct
calibration_v1,taskmap,calibration,llm_direct,all,0,,460,0.155154775013896,offline_descriptive_proxy_not_validated_construct
calibration_v1,taskmap,calibration,llm_direct,quotation_marker,0,,276,0.1586805416018554,offline_descriptive_proxy_not_validated_construct
calibration_v1,taskmap,calibration,llm_direct,negation_marker,0,,460,0.155154775013896,offline_descriptive_proxy_not_validated_construct
calibration_v1,taskmap,calibration,llm_direct,capitalized_name_proxy,0,,460,0.155154775013896,offline_descriptive_proxy_not_validated_construct
calibration_v1,ucc,calibration,jev_anchored,all,1435,0.2912891986062718,0,,offline_descriptive_proxy_not_validated_construct
calibration_v1,ucc,calibration,jev_anchored,capitalized_name_proxy,245,0.2816326530612245,0,,offline_descriptive_proxy_not_validated_construct
calibration_v1,ucc,calibration,jev_anchored,negation_marker,420,0.21904761904761905,0,,offline_descriptive_proxy_not_validated_construct
calibration_v1,ucc,calibration,jev_compact,all,1435,0.28362369337979093,0,,offline_descriptive_proxy_not_validated_construct
calibration_v1,ucc,calibration,jev_compact,capitalized_name_proxy,245,0.24897959183673468,0,,offline_descriptive_proxy_not_validated_construct
calibration_v1,ucc,calibration,jev_compact,negation_marker,420,0.21904761904761905,0,,offline_descriptive_proxy_not_validated_construct
calibration_v1,ucc,calibration,jev_verbose,all,1435,0.28362369337979093,0,,offline_descriptive_proxy_not_validated_construct
calibration_v1,ucc,calibration,jev_verbose,capitalized_name_proxy,245,0.3224489795918367,0,,offline_descriptive_proxy_not_validated_construct
calibration_v1,ucc,calibration,jev_verbose,negation_marker,420,0.22142857142857142,0,,offline_descriptive_proxy_not_validated_construct
calibration_v1,ucc,calibration,llm_direct,all,1435,0.2508710801393728,0,,offline_descriptive_proxy_not_validated_construct
calibration_v1,ucc,calibration,llm_direct,capitalized_name_proxy,245,0.27346938775510204,0,,offline_descriptive_proxy_not_validated_construct
calibration_v1,ucc,calibration,llm_direct,negation_marker,420,0.19047619047619047,0,,offline_descriptive_proxy_not_validated_construct
calibration_v1,ucc,calibration,jev_anchored,rare_reference_class_offline,45,0.2,0,,offline_descriptive_proxy_not_validated_construct
calibration_v1,ucc,calibration,jev_anchored,quotation_marker,28,0.4642857142857143,0,,offline_descriptive_proxy_not_validated_construct
calibration_v1,ucc,calibration,jev_compact,rare_reference_class_offline,45,0.2,0,,offline_descriptive_proxy_not_validated_construct
calibration_v1,ucc,calibration,jev_compact,quotation_marker,28,0.4642857142857143,0,,offline_descriptive_proxy_not_validated_construct
calibration_v1,ucc,calibration,jev_verbose,rare_reference_class_offline,45,0.13333333333333333,0,,offline_descriptive_proxy_not_validated_construct
calibration_v1,ucc,calibration,jev_verbose,quotation_marker,28,0.2857142857142857,0,,offline_descriptive_proxy_not_validated_construct
calibration_v1,ucc,calibration,llm_direct,rare_reference_class_offline,45,0.26666666666666666,0,,offline_descriptive_proxy_not_validated_construct
calibration_v1,ucc,calibration,llm_direct,quotation_marker,28,0.25,0,,offline_descriptive_proxy_not_validated_construct
confirmation_jev_v1,commonsense,confirmation,jev_native,all,0,,2000,0.14545313034759128,offline_descriptive_proxy_not_validated_construct
confirmation_jev_v1,commonsense,confirmation,jev_native,negation_marker,0,,310,0.14341867510036424,offline_descriptive_proxy_not_validated_construct
confirmation_jev_v1,commonsense,confirmation,jev_threshold_calibrated,all,0,,2000,0.1339151151419287,offline_descriptive_proxy_not_validated_construct
confirmation_jev_v1,commonsense,confirmation,jev_threshold_calibrated,negation_marker,0,,310,0.13712167569337697,offline_descriptive_proxy_not_validated_construct
confirmation_jev_v1,taskmap,confirmation,jev_native,all,0,,1426,0.13975495681086883,offline_descriptive_proxy_not_validated_construct
confirmation_jev_v1,taskmap,confirmation,jev_native,quotation_marker,0,,920,0.13910629014446604,offline_descriptive_proxy_not_validated_construct
confirmation_jev_v1,taskmap,confirmation,jev_native,negation_marker,0,,1426,0.13975495681086883,offline_descriptive_proxy_not_validated_construct
confirmation_jev_v1,taskmap,confirmation,jev_native,capitalized_name_proxy,0,,1426,0.13975495681086883,offline_descriptive_proxy_not_validated_construct
confirmation_jev_v1,taskmap,confirmation,jev_native,sarcasm_marker_proxy,0,,46,0.16283811388170333,offline_descriptive_proxy_not_validated_construct
confirmation_jev_v1,taskmap,confirmation,jev_threshold_calibrated,all,0,,1426,0.10617590961937173,offline_descriptive_proxy_not_validated_construct
confirmation_jev_v1,taskmap,confirmation,jev_threshold_calibrated,quotation_marker,0,,920,0.1065413756465025,offline_descriptive_proxy_not_validated_construct
confirmation_jev_v1,taskmap,confirmation,jev_threshold_calibrated,negation_marker,0,,1426,0.10617590961937173,offline_descriptive_proxy_not_validated_construct
confirmation_jev_v1,taskmap,confirmation,jev_threshold_calibrated,capitalized_name_proxy,0,,1426,0.10617590961937173,offline_descriptive_proxy_not_validated_construct
confirmation_jev_v1,taskmap,confirmation,jev_threshold_calibrated,sarcasm_marker_proxy,0,,46,0.14755275524640854,offline_descriptive_proxy_not_validated_construct
confirmation_jev_v1,ucc,confirmation,jev_native,all,7007,0.3516483516483517,0,,offline_descriptive_proxy_not_validated_construct
confirmation_jev_v1,ucc,confirmation,jev_native,negation_marker,1960,0.33010204081632655,0,,offline_descriptive_proxy_not_validated_construct
confirmation_jev_v1,ucc,confirmation,jev_native,rare_reference_class_offline,7007,0.3516483516483517,0,,offline_descriptive_proxy_not_validated_construct
confirmation_jev_v1,ucc,confirmation,jev_threshold_calibrated,all,7007,0.08220351077493934,0,,offline_descriptive_proxy_not_validated_construct
confirmation_jev_v1,ucc,confirmation,jev_threshold_calibrated,negation_marker,1960,0.07142857142857142,0,,offline_descriptive_proxy_not_validated_construct
confirmation_jev_v1,ucc,confirmation,jev_threshold_calibrated,rare_reference_class_offline,7007,0.08220351077493934,0,,offline_descriptive_proxy_not_validated_construct
confirmation_jev_v1,ucc,confirmation,jev_native,capitalized_name_proxy,1526,0.3532110091743119,0,,offline_descriptive_proxy_not_validated_construct
confirmation_jev_v1,ucc,confirmation,jev_threshold_calibrated,capitalized_name_proxy,1526,0.07470511140235911,0,,offline_descriptive_proxy_not_validated_construct
confirmation_jev_v1,ucc,confirmation,jev_native,quotation_marker,182,0.3791208791208791,0,,offline_descriptive_proxy_not_validated_construct
confirmation_jev_v1,ucc,confirmation,jev_threshold_calibrated,quotation_marker,182,0.1043956043956044,0,,offline_descriptive_proxy_not_validated_construct
confirmation_jev_v1,ucc,confirmation,jev_native,sarcasm_marker_proxy,21,0.23809523809523808,0,,offline_descriptive_proxy_not_validated_construct
confirmation_jev_v1,ucc,confirmation,jev_threshold_calibrated,sarcasm_marker_proxy,21,0.23809523809523808,0,,offline_descriptive_proxy_not_validated_construct
diagnostic_v1,babe,diagnostic,jev_ab_average,all,1000,0.193,0,,offline_descriptive_proxy_not_validated_construct
diagnostic_v1,babe,diagnostic,jev_ab_average,quotation_marker,136,0.16176470588235295,0,,offline_descriptive_proxy_not_validated_construct
diagnostic_v1,babe,diagnostic,jev_ab_average,negation_marker,145,0.15862068965517243,0,,offline_descriptive_proxy_not_validated_construct
diagnostic_v1,babe,diagnostic,jev_ab_average,capitalized_name_proxy,566,0.18904593639575973,0,,offline_descriptive_proxy_not_validated_construct
diagnostic_v1,babe,diagnostic,jev_ab_judge,all,1000,0.182,0,,offline_descriptive_proxy_not_validated_construct
diagnostic_v1,babe,diagnostic,jev_ab_judge,quotation_marker,136,0.15441176470588236,0,,offline_descriptive_proxy_not_validated_construct
diagnostic_v1,babe,diagnostic,jev_ab_judge,negation_marker,145,0.14482758620689656,0,,offline_descriptive_proxy_not_validated_construct
diagnostic_v1,babe,diagnostic,jev_ab_judge,capitalized_name_proxy,566,0.17667844522968199,0,,offline_descriptive_proxy_not_validated_construct
diagnostic_v1,babe,diagnostic,jev_anchored,all,1000,0.217,0,,offline_descriptive_proxy_not_validated_construct
diagnostic_v1,babe,diagnostic,jev_anchored,quotation_marker,136,0.20588235294117646,0,,offline_descriptive_proxy_not_validated_construct
diagnostic_v1,babe,diagnostic,jev_anchored,negation_marker,145,0.20689655172413793,0,,offline_descriptive_proxy_not_validated_construct
diagnostic_v1,babe,diagnostic,jev_anchored,capitalized_name_proxy,566,0.21731448763250882,0,,offline_descriptive_proxy_not_validated_construct
diagnostic_v1,babe,diagnostic,jev_boundary,all,1000,0.224,0,,offline_descriptive_proxy_not_validated_construct
diagnostic_v1,babe,diagnostic,jev_boundary,quotation_marker,136,0.22058823529411764,0,,offline_descriptive_proxy_not_validated_construct
diagnostic_v1,babe,diagnostic,jev_boundary,negation_marker,145,0.22758620689655173,0,,offline_descriptive_proxy_not_validated_construct
diagnostic_v1,babe,diagnostic,jev_boundary,capitalized_name_proxy,566,0.21908127208480566,0,,offline_descriptive_proxy_not_validated_construct
diagnostic_v1,babe,diagnostic,jev_calibrated,all,1000,0.206,0,,offline_descriptive_proxy_not_validated_construct
diagnostic_v1,babe,diagnostic,jev_calibrated,quotation_marker,136,0.2426470588235294,0,,offline_descriptive_proxy_not_validated_construct
diagnostic_v1,babe,diagnostic,jev_calibrated,negation_marker,145,0.19310344827586207,0,,offline_descriptive_proxy_not_validated_construct
diagnostic_v1,babe,diagnostic,jev_calibrated,capitalized_name_proxy,566,0.196113074204947,0,,offline_descriptive_proxy_not_validated_construct
diagnostic_v1,babe,diagnostic,jev_compact,all,1000,0.222,0,,offline_descriptive_proxy_not_validated_construct
diagnostic_v1,babe,diagnostic,jev_compact,quotation_marker,136,0.22058823529411764,0,,offline_descriptive_proxy_not_validated_construct
diagnostic_v1,babe,diagnostic,jev_compact,negation_marker,145,0.20689655172413793,0,,offline_descriptive_proxy_not_validated_construct
diagnostic_v1,babe,diagnostic,jev_compact,capitalized_name_proxy,566,0.21908127208480566,0,,offline_descriptive_proxy_not_validated_construct
diagnostic_v1,babe,diagnostic,jev_verbose,all,1000,0.19,0,,offline_descriptive_proxy_not_validated_construct
diagnostic_v1,babe,diagnostic,jev_verbose,quotation_marker,136,0.16176470588235295,0,,offline_descriptive_proxy_not_validated_construct
diagnostic_v1,babe,diagnostic,jev_verbose,negation_marker,145,0.15172413793103448,0,,offline_descriptive_proxy_not_validated_construct
diagnostic_v1,babe,diagnostic,jev_verbose,capitalized_name_proxy,566,0.18374558303886926,0,,offline_descriptive_proxy_not_validated_construct
diagnostic_v1,babe,diagnostic,llm_ab_judge,all,1000,0.208,0,,offline_descriptive_proxy_not_validated_construct
diagnostic_v1,babe,diagnostic,llm_ab_judge,quotation_marker,136,0.16176470588235295,0,,offline_descriptive_proxy_not_validated_construct
diagnostic_v1,babe,diagnostic,llm_ab_judge,negation_marker,145,0.19310344827586207,0,,offline_descriptive_proxy_not_validated_construct
diagnostic_v1,babe,diagnostic,llm_ab_judge,capitalized_name_proxy,566,0.2049469964664311,0,,offline_descriptive_proxy_not_validated_construct
diagnostic_v1,babe,diagnostic,llm_direct,all,1000,0.207,0,,offline_descriptive_proxy_not_validated_construct
diagnostic_v1,babe,diagnostic,llm_direct,quotation_marker,136,0.16176470588235295,0,,offline_descriptive_proxy_not_validated_construct
diagnostic_v1,babe,diagnostic,llm_direct,negation_marker,145,0.18620689655172415,0,,offline_descriptive_proxy_not_validated_construct
diagnostic_v1,babe,diagnostic,llm_direct,capitalized_name_proxy,566,0.20141342756183744,0,,offline_descriptive_proxy_not_validated_construct
diagnostic_v1,babe,diagnostic,llm_vote5,all,1000,0.201,0,,offline_descriptive_proxy_not_validated_construct
diagnostic_v1,babe,diagnostic,llm_vote5,quotation_marker,136,0.16911764705882354,0,,offline_descriptive_proxy_not_validated_construct
diagnostic_v1,babe,diagnostic,llm_vote5,negation_marker,145,0.2,0,,offline_descriptive_proxy_not_validated_construct
diagnostic_v1,babe,diagnostic,llm_vote5,capitalized_name_proxy,566,0.196113074204947,0,,offline_descriptive_proxy_not_validated_construct
diagnostic_v1,babe,diagnostic,jev_ab_average,sarcasm_marker_proxy,5,0.0,0,,offline_descriptive_proxy_not_validated_construct
diagnostic_v1,babe,diagnostic,jev_ab_judge,sarcasm_marker_proxy,5,0.0,0,,offline_descriptive_proxy_not_validated_construct
diagnostic_v1,babe,diagnostic,jev_anchored,sarcasm_marker_proxy,5,0.0,0,,offline_descriptive_proxy_not_validated_construct
diagnostic_v1,babe,diagnostic,jev_boundary,sarcasm_marker_proxy,5,0.0,0,,offline_descriptive_proxy_not_validated_construct
diagnostic_v1,babe,diagnostic,jev_calibrated,sarcasm_marker_proxy,5,0.0,0,,offline_descriptive_proxy_not_validated_construct
diagnostic_v1,babe,diagnostic,jev_compact,sarcasm_marker_proxy,5,0.0,0,,offline_descriptive_proxy_not_validated_construct
diagnostic_v1,babe,diagnostic,jev_verbose,sarcasm_marker_proxy,5,0.0,0,,offline_descriptive_proxy_not_validated_construct
diagnostic_v1,babe,diagnostic,llm_ab_judge,sarcasm_marker_proxy,5,0.0,0,,offline_descriptive_proxy_not_validated_construct
diagnostic_v1,babe,diagnostic,llm_direct,sarcasm_marker_proxy,5,0.0,0,,offline_descriptive_proxy_not_validated_construct
diagnostic_v1,babe,diagnostic,llm_vote5,sarcasm_marker_proxy,5,0.0,0,,offline_descriptive_proxy_not_validated_construct
diagnostic_v1,commonsense,diagnostic,jev_ab_average,all,0,,2000,0.15396680399524248,offline_descriptive_proxy_not_validated_construct
diagnostic_v1,commonsense,diagnostic,jev_ab_average,negation_marker,0,,288,0.13990076376128058,offline_descriptive_proxy_not_validated_construct
diagnostic_v1,commonsense,diagnostic,jev_ab_judge,all,0,,2000,0.15480568955796944,offline_descriptive_proxy_not_validated_construct
diagnostic_v1,commonsense,diagnostic,jev_ab_judge,negation_marker,0,,288,0.14164096470107446,offline_descriptive_proxy_not_validated_construct
diagnostic_v1,commonsense,diagnostic,jev_anchored,all,0,,2000,0.16473217682320287,offline_descriptive_proxy_not_validated_construct
diagnostic_v1,commonsense,diagnostic,jev_anchored,negation_marker,0,,288,0.15544911888386462,offline_descriptive_proxy_not_validated_construct
diagnostic_v1,commonsense,diagnostic,jev_boundary,all,0,,2000,0.1636648280542351,offline_descriptive_proxy_not_validated_construct
diagnostic_v1,commonsense,diagnostic,jev_boundary,negation_marker,0,,288,0.15241789320057958,offline_descriptive_proxy_not_validated_construct
diagnostic_v1,commonsense,diagnostic,jev_calibrated,all,0,,2000,0.14064766008488053,offline_descriptive_proxy_not_validated_construct
diagnostic_v1,commonsense,diagnostic,jev_calibrated,negation_marker,0,,288,0.13529150990015676,offline_descriptive_proxy_not_validated_construct
diagnostic_v1,commonsense,diagnostic,jev_compact,all,0,,2000,0.16409984291039983,offline_descriptive_proxy_not_validated_construct
diagnostic_v1,commonsense,diagnostic,jev_compact,negation_marker,0,,288,0.1525451902860478,offline_descriptive_proxy_not_validated_construct
diagnostic_v1,commonsense,diagnostic,jev_verbose,all,0,,2000,0.154331557135484,offline_descriptive_proxy_not_validated_construct
diagnostic_v1,commonsense,diagnostic,jev_verbose,negation_marker,0,,288,0.13985898094509452,offline_descriptive_proxy_not_validated_construct
diagnostic_v1,commonsense,diagnostic,llm_ab_judge,all,0,,2000,0.14102078885804498,offline_descriptive_proxy_not_validated_construct
diagnostic_v1,commonsense,diagnostic,llm_ab_judge,negation_marker,0,,288,0.14593114897117312,offline_descriptive_proxy_not_validated_construct
diagnostic_v1,commonsense,diagnostic,llm_direct,all,0,,2000,0.14619470254359673,offline_descriptive_proxy_not_validated_construct
diagnostic_v1,commonsense,diagnostic,llm_direct,negation_marker,0,,288,0.14712508343638958,offline_descriptive_proxy_not_validated_construct
diagnostic_v1,commonsense,diagnostic,llm_vote5,all,0,,2000,0.13914083443614372,offline_descriptive_proxy_not_validated_construct
diagnostic_v1,commonsense,diagnostic,llm_vote5,negation_marker,0,,288,0.14038623003782114,offline_descriptive_proxy_not_validated_construct
diagnostic_v1,commonsense,diagnostic,jev_ab_average,sarcasm_marker_proxy,0,,2,0.03416666666666665,offline_descriptive_proxy_not_validated_construct
diagnostic_v1,commonsense,diagnostic,jev_ab_judge,sarcasm_marker_proxy,0,,2,0.04166666666666666,offline_descriptive_proxy_not_validated_construct
diagnostic_v1,commonsense,diagnostic,jev_anchored,sarcasm_marker_proxy,0,,2,0.11833333333333337,offline_descriptive_proxy_not_validated_construct
diagnostic_v1,commonsense,diagnostic,jev_boundary,sarcasm_marker_proxy,0,,2,0.053333333333333344,offline_descriptive_proxy_not_validated_construct
diagnostic_v1,commonsense,diagnostic,jev_calibrated,sarcasm_marker_proxy,0,,2,0.1202297488612375,offline_descriptive_proxy_not_validated_construct
diagnostic_v1,commonsense,diagnostic,jev_compact,sarcasm_marker_proxy,0,,2,0.08333333333333334,offline_descriptive_proxy_not_validated_construct
diagnostic_v1,commonsense,diagnostic,jev_verbose,sarcasm_marker_proxy,0,,2,0.011666666666666659,offline_descriptive_proxy_not_validated_construct
diagnostic_v1,commonsense,diagnostic,llm_ab_judge,sarcasm_marker_proxy,0,,2,0.09166666666666667,offline_descriptive_proxy_not_validated_construct
diagnostic_v1,commonsense,diagnostic,llm_direct,sarcasm_marker_proxy,0,,2,0.10833333333333336,offline_descriptive_proxy_not_validated_construct
diagnostic_v1,commonsense,diagnostic,llm_vote5,sarcasm_marker_proxy,0,,2,0.07166666666666668,offline_descriptive_proxy_not_validated_construct
diagnostic_v1,conflict,diagnostic,jev_ab_average,all,3203,0.21198876053699656,0,,offline_descriptive_proxy_not_validated_construct
diagnostic_v1,conflict,diagnostic,jev_ab_average,rare_reference_class_offline,195,0.28205128205128205,0,,offline_descriptive_proxy_not_validated_construct
diagnostic_v1,conflict,diagnostic,jev_ab_average,negation_marker,1950,0.17076923076923076,0,,offline_descriptive_proxy_not_validated_construct
diagnostic_v1,conflict,diagnostic,jev_ab_average,quotation_marker,771,0.14526588845654995,0,,offline_descriptive_proxy_not_validated_construct
diagnostic_v1,conflict,diagnostic,jev_ab_average,capitalized_name_proxy,442,0.16515837104072398,0,,offline_descriptive_proxy_not_validated_construct
diagnostic_v1,conflict,diagnostic,jev_ab_judge,all,3203,0.21167655323134563,0,,offline_descriptive_proxy_not_validated_construct
diagnostic_v1,conflict,diagnostic,jev_ab_judge,rare_reference_class_offline,195,0.28717948717948716,0,,offline_descriptive_proxy_not_validated_construct
diagnostic_v1,conflict,diagnostic,jev_ab_judge,negation_marker,1950,0.1687179487179487,0,,offline_descriptive_proxy_not_validated_construct
diagnostic_v1,conflict,diagnostic,jev_ab_judge,quotation_marker,771,0.14137483787289234,0,,offline_descriptive_proxy_not_validated_construct
diagnostic_v1,conflict,diagnostic,jev_ab_judge,capitalized_name_proxy,442,0.16515837104072398,0,,offline_descriptive_proxy_not_validated_construct
diagnostic_v1,conflict,diagnostic,jev_anchored,all,3203,0.2553855760224789,0,,offline_descriptive_proxy_not_validated_construct
diagnostic_v1,conflict,diagnostic,jev_anchored,rare_reference_class_offline,195,0.37948717948717947,0,,offline_descriptive_proxy_not_validated_construct
diagnostic_v1,conflict,diagnostic,jev_anchored,negation_marker,1950,0.21897435897435896,0,,offline_descriptive_proxy_not_validated_construct
diagnostic_v1,conflict,diagnostic,jev_anchored,quotation_marker,771,0.19714656290531776,0,,offline_descriptive_proxy_not_validated_construct
diagnostic_v1,conflict,diagnostic,jev_anchored,capitalized_name_proxy,442,0.21945701357466063,0,,offline_descriptive_proxy_not_validated_construct
diagnostic_v1,conflict,diagnostic,jev_boundary,all,3203,0.25320012488292226,0,,offline_descriptive_proxy_not_validated_construct
diagnostic_v1,conflict,diagnostic,jev_boundary,rare_reference_class_offline,195,0.38974358974358975,0,,offline_descriptive_proxy_not_validated_construct
diagnostic_v1,conflict,diagnostic,jev_boundary,negation_marker,1950,0.2158974358974359,0,,offline_descriptive_proxy_not_validated_construct
diagnostic_v1,conflict,diagnostic,jev_boundary,quotation_marker,771,0.19974059662775617,0,,offline_descriptive_proxy_not_validated_construct
diagnostic_v1,conflict,diagnostic,jev_boundary,capitalized_name_proxy,442,0.21266968325791855,0,,offline_descriptive_proxy_not_validated_construct
diagnostic_v1,conflict,diagnostic,jev_calibrated,all,3203,0.104589447393069,0,,offline_descriptive_proxy_not_validated_construct
diagnostic_v1,conflict,diagnostic,jev_calibrated,rare_reference_class_offline,195,0.7692307692307693,0,,offline_descriptive_proxy_not_validated_construct
diagnostic_v1,conflict,diagnostic,jev_calibrated,negation_marker,1950,0.06717948717948719,0,,offline_descriptive_proxy_not_validated_construct
diagnostic_v1,conflict,diagnostic,jev_calibrated,quotation_marker,771,0.07133592736705577,0,,offline_descriptive_proxy_not_validated_construct
diagnostic_v1,conflict,diagnostic,jev_calibrated,capitalized_name_proxy,442,0.09049773755656108,0,,offline_descriptive_proxy_not_validated_construct
diagnostic_v1,conflict,diagnostic,jev_compact,all,3203,0.254761161411177,0,,offline_descriptive_proxy_not_validated_construct
diagnostic_v1,conflict,diagnostic,jev_compact,rare_reference_class_offline,195,0.40512820512820513,0,,offline_descriptive_proxy_not_validated_construct
diagnostic_v1,conflict,diagnostic,jev_compact,negation_marker,1950,0.21846153846153846,0,,offline_descriptive_proxy_not_validated_construct
diagnostic_v1,conflict,diagnostic,jev_compact,quotation_marker,771,0.20492866407263294,0,,offline_descriptive_proxy_not_validated_construct
diagnostic_v1,conflict,diagnostic,jev_compact,capitalized_name_proxy,442,0.21945701357466063,0,,offline_descriptive_proxy_not_validated_construct
diagnostic_v1,conflict,diagnostic,jev_verbose,all,3203,0.21292538245394943,0,,offline_descriptive_proxy_not_validated_construct
diagnostic_v1,conflict,diagnostic,jev_verbose,rare_reference_class_offline,195,0.28205128205128205,0,,offline_descriptive_proxy_not_validated_construct
diagnostic_v1,conflict,diagnostic,jev_verbose,negation_marker,1950,0.16923076923076924,0,,offline_descriptive_proxy_not_validated_construct
diagnostic_v1,conflict,diagnostic,jev_verbose,quotation_marker,771,0.14396887159533073,0,,offline_descriptive_proxy_not_validated_construct
diagnostic_v1,conflict,diagnostic,jev_verbose,capitalized_name_proxy,442,0.16515837104072398,0,,offline_descriptive_proxy_not_validated_construct
diagnostic_v1,conflict,diagnostic,llm_ab_judge,all,3203,0.1929441148922885,0,,offline_descriptive_proxy_not_validated_construct
diagnostic_v1,conflict,diagnostic,llm_ab_judge,rare_reference_class_offline,195,0.358974358974359,0,,offline_descriptive_proxy_not_validated_construct
diagnostic_v1,conflict,diagnostic,llm_ab_judge,negation_marker,1950,0.17435897435897435,0,,offline_descriptive_proxy_not_validated_construct
diagnostic_v1,conflict,diagnostic,llm_ab_judge,quotation_marker,771,0.15304798962386512,0,,offline_descriptive_proxy_not_validated_construct
diagnostic_v1,conflict,diagnostic,llm_ab_judge,capitalized_name_proxy,442,0.1515837104072398,0,,offline_descriptive_proxy_not_validated_construct
diagnostic_v1,conflict,diagnostic,llm_direct,all,3203,0.19075866375273182,0,,offline_descriptive_proxy_not_validated_construct
diagnostic_v1,conflict,diagnostic,llm_direct,rare_reference_class_offline,195,0.37435897435897436,0,,offline_descriptive_proxy_not_validated_construct
diagnostic_v1,conflict,diagnostic,llm_direct,negation_marker,1950,0.1717948717948718,0,,offline_descriptive_proxy_not_validated_construct
diagnostic_v1,conflict,diagnostic,llm_direct,quotation_marker,771,0.1569390402075227,0,,offline_descriptive_proxy_not_validated_construct
diagnostic_v1,conflict,diagnostic,llm_direct,capitalized_name_proxy,442,0.16063348416289594,0,,offline_descriptive_proxy_not_validated_construct
diagnostic_v1,conflict,diagnostic,llm_vote5,all,3203,0.18919762722447706,0,,offline_descriptive_proxy_not_validated_construct
diagnostic_v1,conflict,diagnostic,llm_vote5,rare_reference_class_offline,195,0.41025641025641024,0,,offline_descriptive_proxy_not_validated_construct
diagnostic_v1,conflict,diagnostic,llm_vote5,negation_marker,1950,0.1682051282051282,0,,offline_descriptive_proxy_not_validated_construct
diagnostic_v1,conflict,diagnostic,llm_vote5,quotation_marker,771,0.15304798962386512,0,,offline_descriptive_proxy_not_validated_construct
diagnostic_v1,conflict,diagnostic,llm_vote5,capitalized_name_proxy,442,0.1583710407239819,0,,offline_descriptive_proxy_not_validated_construct
diagnostic_v1,conflict,diagnostic,jev_ab_average,sarcasm_marker_proxy,24,0.16666666666666666,0,,offline_descriptive_proxy_not_validated_construct
diagnostic_v1,conflict,diagnostic,jev_ab_judge,sarcasm_marker_proxy,24,0.16666666666666666,0,,offline_descriptive_proxy_not_validated_construct
diagnostic_v1,conflict,diagnostic,jev_anchored,sarcasm_marker_proxy,24,0.25,0,,offline_descriptive_proxy_not_validated_construct
diagnostic_v1,conflict,diagnostic,jev_boundary,sarcasm_marker_proxy,24,0.2916666666666667,0,,offline_descriptive_proxy_not_validated_construct
diagnostic_v1,conflict,diagnostic,jev_calibrated,sarcasm_marker_proxy,24,0.0,0,,offline_descriptive_proxy_not_validated_construct
diagnostic_v1,conflict,diagnostic,jev_compact,sarcasm_marker_proxy,24,0.25,0,,offline_descriptive_proxy_not_validated_construct
diagnostic_v1,conflict,diagnostic,jev_verbose,sarcasm_marker_proxy,24,0.16666666666666666,0,,offline_descriptive_proxy_not_validated_construct
diagnostic_v1,conflict,diagnostic,llm_ab_judge,sarcasm_marker_proxy,24,0.08333333333333333,0,,offline_descriptive_proxy_not_validated_construct
diagnostic_v1,conflict,diagnostic,llm_direct,sarcasm_marker_proxy,24,0.16666666666666666,0,,offline_descriptive_proxy_not_validated_construct
diagnostic_v1,conflict,diagnostic,llm_vote5,sarcasm_marker_proxy,24,0.08333333333333333,0,,offline_descriptive_proxy_not_validated_construct
diagnostic_v1,mbd,diagnostic,jev_ab_average,all,1598,0.2165206508135169,0,,offline_descriptive_proxy_not_validated_construct
diagnostic_v1,mbd,diagnostic,jev_ab_average,rare_reference_class_offline,102,0.35294117647058826,0,,offline_descriptive_proxy_not_validated_construct
diagnostic_v1,mbd,diagnostic,jev_ab_average,negation_marker,217,0.2488479262672811,0,,offline_descriptive_proxy_not_validated_construct
diagnostic_v1,mbd,diagnostic,jev_ab_average,quotation_marker,555,0.22162162162162163,0,,offline_descriptive_proxy_not_validated_construct
diagnostic_v1,mbd,diagnostic,jev_ab_average,capitalized_name_proxy,504,0.1884920634920635,0,,offline_descriptive_proxy_not_validated_construct
diagnostic_v1,mbd,diagnostic,jev_ab_judge,all,1598,0.2127659574468085,0,,offline_descriptive_proxy_not_validated_construct
diagnostic_v1,mbd,diagnostic,jev_ab_judge,rare_reference_class_offline,102,0.3333333333333333,0,,offline_descriptive_proxy_not_validated_construct
diagnostic_v1,mbd,diagnostic,jev_ab_judge,negation_marker,217,0.23963133640552994,0,,offline_descriptive_proxy_not_validated_construct
diagnostic_v1,mbd,diagnostic,jev_ab_judge,quotation_marker,555,0.218018018018018,0,,offline_descriptive_proxy_not_validated_construct
diagnostic_v1,mbd,diagnostic,jev_ab_judge,capitalized_name_proxy,504,0.1884920634920635,0,,offline_descriptive_proxy_not_validated_construct
diagnostic_v1,mbd,diagnostic,jev_anchored,all,1598,0.20901126408010012,0,,offline_descriptive_proxy_not_validated_construct
diagnostic_v1,mbd,diagnostic,jev_anchored,rare_reference_class_offline,102,0.47058823529411764,0,,offline_descriptive_proxy_not_validated_construct
diagnostic_v1,mbd,diagnostic,jev_anchored,negation_marker,217,0.2488479262672811,0,,offline_descriptive_proxy_not_validated_construct
diagnostic_v1,mbd,diagnostic,jev_anchored,quotation_marker,555,0.20540540540540542,0,,offline_descriptive_proxy_not_validated_construct
diagnostic_v1,mbd,diagnostic,jev_anchored,capitalized_name_proxy,504,0.19047619047619047,0,,offline_descriptive_proxy_not_validated_construct
diagnostic_v1,mbd,diagnostic,jev_boundary,all,1598,0.21714643304130163,0,,offline_descriptive_proxy_not_validated_construct
diagnostic_v1,mbd,diagnostic,jev_boundary,rare_reference_class_offline,102,0.47058823529411764,0,,offline_descriptive_proxy_not_validated_construct
diagnostic_v1,mbd,diagnostic,jev_boundary,negation_marker,217,0.2350230414746544,0,,offline_descriptive_proxy_not_validated_construct
diagnostic_v1,mbd,diagnostic,jev_boundary,quotation_marker,555,0.218018018018018,0,,offline_descriptive_proxy_not_validated_construct
diagnostic_v1,mbd,diagnostic,jev_boundary,capitalized_name_proxy,504,0.19642857142857142,0,,offline_descriptive_proxy_not_validated_construct
diagnostic_v1,mbd,diagnostic,jev_calibrated,all,1598,0.1821026282853567,0,,offline_descriptive_proxy_not_validated_construct
diagnostic_v1,mbd,diagnostic,jev_calibrated,rare_reference_class_offline,102,0.49019607843137253,0,,offline_descriptive_proxy_not_validated_construct
diagnostic_v1,mbd,diagnostic,jev_calibrated,negation_marker,217,0.17511520737327188,0,,offline_descriptive_proxy_not_validated_construct
diagnostic_v1,mbd,diagnostic,jev_calibrated,quotation_marker,555,0.17477477477477477,0,,offline_descriptive_proxy_not_validated_construct
diagnostic_v1,mbd,diagnostic,jev_calibrated,capitalized_name_proxy,504,0.18055555555555555,0,,offline_descriptive_proxy_not_validated_construct
diagnostic_v1,mbd,diagnostic,jev_compact,all,1598,0.20713391739674594,0,,offline_descriptive_proxy_not_validated_construct
diagnostic_v1,mbd,diagnostic,jev_compact,rare_reference_class_offline,102,0.47058823529411764,0,,offline_descriptive_proxy_not_validated_construct
diagnostic_v1,mbd,diagnostic,jev_compact,negation_marker,217,0.24423963133640553,0,,offline_descriptive_proxy_not_validated_construct
diagnostic_v1,mbd,diagnostic,jev_compact,quotation_marker,555,0.2,0,,offline_descriptive_proxy_not_validated_construct
diagnostic_v1,mbd,diagnostic,jev_compact,capitalized_name_proxy,504,0.1884920634920635,0,,offline_descriptive_proxy_not_validated_construct
diagnostic_v1,mbd,diagnostic,jev_verbose,all,1598,0.21401752190237797,0,,offline_descriptive_proxy_not_validated_construct
diagnostic_v1,mbd,diagnostic,jev_verbose,rare_reference_class_offline,102,0.30392156862745096,0,,offline_descriptive_proxy_not_validated_construct
diagnostic_v1,mbd,diagnostic,jev_verbose,negation_marker,217,0.2350230414746544,0,,offline_descriptive_proxy_not_validated_construct
diagnostic_v1,mbd,diagnostic,jev_verbose,quotation_marker,555,0.218018018018018,0,,offline_descriptive_proxy_not_validated_construct
diagnostic_v1,mbd,diagnostic,jev_verbose,capitalized_name_proxy,504,0.18253968253968253,0,,offline_descriptive_proxy_not_validated_construct
diagnostic_v1,mbd,diagnostic,llm_ab_judge,all,1598,0.1902377972465582,0,,offline_descriptive_proxy_not_validated_construct
diagnostic_v1,mbd,diagnostic,llm_ab_judge,rare_reference_class_offline,102,0.37254901960784315,0,,offline_descriptive_proxy_not_validated_construct
diagnostic_v1,mbd,diagnostic,llm_ab_judge,negation_marker,217,0.2073732718894009,0,,offline_descriptive_proxy_not_validated_construct
diagnostic_v1,mbd,diagnostic,llm_ab_judge,quotation_marker,555,0.2,0,,offline_descriptive_proxy_not_validated_construct
diagnostic_v1,mbd,diagnostic,llm_ab_judge,capitalized_name_proxy,504,0.15873015873015872,0,,offline_descriptive_proxy_not_validated_construct
diagnostic_v1,mbd,diagnostic,llm_direct,all,1598,0.21088861076345433,0,,offline_descriptive_proxy_not_validated_construct
diagnostic_v1,mbd,diagnostic,llm_direct,rare_reference_class_offline,102,0.45098039215686275,0,,offline_descriptive_proxy_not_validated_construct
diagnostic_v1,mbd,diagnostic,llm_direct,negation_marker,217,0.1935483870967742,0,,offline_descriptive_proxy_not_validated_construct
diagnostic_v1,mbd,diagnostic,llm_direct,quotation_marker,555,0.22882882882882882,0,,offline_descriptive_proxy_not_validated_construct
diagnostic_v1,mbd,diagnostic,llm_direct,capitalized_name_proxy,504,0.19642857142857142,0,,offline_descriptive_proxy_not_validated_construct
diagnostic_v1,mbd,diagnostic,llm_vote5,all,1598,0.19148936170212766,0,,offline_descriptive_proxy_not_validated_construct
diagnostic_v1,mbd,diagnostic,llm_vote5,rare_reference_class_offline,102,0.3627450980392157,0,,offline_descriptive_proxy_not_validated_construct
diagnostic_v1,mbd,diagnostic,llm_vote5,negation_marker,217,0.2119815668202765,0,,offline_descriptive_proxy_not_validated_construct
diagnostic_v1,mbd,diagnostic,llm_vote5,quotation_marker,555,0.2,0,,offline_descriptive_proxy_not_validated_construct
diagnostic_v1,mbd,diagnostic,llm_vote5,capitalized_name_proxy,504,0.17063492063492064,0,,offline_descriptive_proxy_not_validated_construct
diagnostic_v1,ucc,diagnostic,jev_ab_average,all,7014,0.34117479327060163,0,,offline_descriptive_proxy_not_validated_construct
diagnostic_v1,ucc,diagnostic,jev_ab_average,negation_marker,1911,0.33019361590790164,0,,offline_descriptive_proxy_not_validated_construct
diagnostic_v1,ucc,diagnostic,jev_ab_average,capitalized_name_proxy,1302,0.3632872503840246,0,,offline_descriptive_proxy_not_validated_construct
diagnostic_v1,ucc,diagnostic,jev_ab_average,rare_reference_class_offline,270,0.16666666666666666,0,,offline_descriptive_proxy_not_validated_construct
diagnostic_v1,ucc,diagnostic,jev_ab_average,sarcasm_marker_proxy,7,0.14285714285714285,0,,offline_descriptive_proxy_not_validated_construct
diagnostic_v1,ucc,diagnostic,jev_ab_judge,all,7014,0.3413173652694611,0,,offline_descriptive_proxy_not_validated_construct
diagnostic_v1,ucc,diagnostic,jev_ab_judge,negation_marker,1911,0.3286237571951858,0,,offline_descriptive_proxy_not_validated_construct
diagnostic_v1,ucc,diagnostic,jev_ab_judge,capitalized_name_proxy,1302,0.3655913978494624,0,,offline_descriptive_proxy_not_validated_construct
diagnostic_v1,ucc,diagnostic,jev_ab_judge,rare_reference_class_offline,270,0.16296296296296298,0,,offline_descriptive_proxy_not_validated_construct
diagnostic_v1,ucc,diagnostic,jev_ab_judge,sarcasm_marker_proxy,7,0.14285714285714285,0,,offline_descriptive_proxy_not_validated_construct
diagnostic_v1,ucc,diagnostic,jev_anchored,all,7014,0.34160250926717994,0,,offline_descriptive_proxy_not_validated_construct
diagnostic_v1,ucc,diagnostic,jev_anchored,negation_marker,1911,0.3139717425431711,0,,offline_descriptive_proxy_not_validated_construct
diagnostic_v1,ucc,diagnostic,jev_anchored,capitalized_name_proxy,1302,0.3817204301075269,0,,offline_descriptive_proxy_not_validated_construct
diagnostic_v1,ucc,diagnostic,jev_anchored,rare_reference_class_offline,270,0.25925925925925924,0,,offline_descriptive_proxy_not_validated_construct
diagnostic_v1,ucc,diagnostic,jev_anchored,sarcasm_marker_proxy,7,0.0,0,,offline_descriptive_proxy_not_validated_construct
diagnostic_v1,ucc,diagnostic,jev_boundary,all,7014,0.3270601653835187,0,,offline_descriptive_proxy_not_validated_construct
diagnostic_v1,ucc,diagnostic,jev_boundary,negation_marker,1911,0.2956567242281528,0,,offline_descriptive_proxy_not_validated_construct
diagnostic_v1,ucc,diagnostic,jev_boundary,capitalized_name_proxy,1302,0.3602150537634409,0,,offline_descriptive_proxy_not_validated_construct
diagnostic_v1,ucc,diagnostic,jev_boundary,rare_reference_class_offline,270,0.3037037037037037,0,,offline_descriptive_proxy_not_validated_construct
diagnostic_v1,ucc,diagnostic,jev_boundary,sarcasm_marker_proxy,7,0.14285714285714285,0,,offline_descriptive_proxy_not_validated_construct
diagnostic_v1,ucc,diagnostic,jev_calibrated,all,7014,0.05645851154833191,0,,offline_descriptive_proxy_not_validated_construct
diagnostic_v1,ucc,diagnostic,jev_calibrated,negation_marker,1911,0.05285190999476714,0,,offline_descriptive_proxy_not_validated_construct
diagnostic_v1,ucc,diagnostic,jev_calibrated,capitalized_name_proxy,1302,0.05222734254992319,0,,offline_descriptive_proxy_not_validated_construct
diagnostic_v1,ucc,diagnostic,jev_calibrated,rare_reference_class_offline,270,0.9555555555555556,0,,offline_descriptive_proxy_not_validated_construct
diagnostic_v1,ucc,diagnostic,jev_calibrated,sarcasm_marker_proxy,7,0.0,0,,offline_descriptive_proxy_not_validated_construct
diagnostic_v1,ucc,diagnostic,jev_compact,all,7014,0.3418876532648988,0,,offline_descriptive_proxy_not_validated_construct
diagnostic_v1,ucc,diagnostic,jev_compact,negation_marker,1911,0.3144950287807431,0,,offline_descriptive_proxy_not_validated_construct
diagnostic_v1,ucc,diagnostic,jev_compact,capitalized_name_proxy,1302,0.3847926267281106,0,,offline_descriptive_proxy_not_validated_construct
diagnostic_v1,ucc,diagnostic,jev_compact,rare_reference_class_offline,270,0.2777777777777778,0,,offline_descriptive_proxy_not_validated_construct
diagnostic_v1,ucc,diagnostic,jev_compact,sarcasm_marker_proxy,7,0.0,0,,offline_descriptive_proxy_not_validated_construct
diagnostic_v1,ucc,diagnostic,jev_verbose,all,7014,0.34773310521813516,0,,offline_descriptive_proxy_not_validated_construct
diagnostic_v1,ucc,diagnostic,jev_verbose,negation_marker,1911,0.33437990580847726,0,,offline_descriptive_proxy_not_validated_construct
diagnostic_v1,ucc,diagnostic,jev_verbose,capitalized_name_proxy,1302,0.3640552995391705,0,,offline_descriptive_proxy_not_validated_construct
diagnostic_v1,ucc,diagnostic,jev_verbose,rare_reference_class_offline,270,0.15925925925925927,0,,offline_descriptive_proxy_not_validated_construct
diagnostic_v1,ucc,diagnostic,jev_verbose,sarcasm_marker_proxy,7,0.14285714285714285,0,,offline_descriptive_proxy_not_validated_construct
diagnostic_v1,ucc,diagnostic,llm_ab_judge,all,7014,0.23638437410892502,0,,offline_descriptive_proxy_not_validated_construct
diagnostic_v1,ucc,diagnostic,llm_ab_judge,negation_marker,1911,0.23757195185766614,0,,offline_descriptive_proxy_not_validated_construct
diagnostic_v1,ucc,diagnostic,llm_ab_judge,capitalized_name_proxy,1302,0.2357910906298003,0,,offline_descriptive_proxy_not_validated_construct
diagnostic_v1,ucc,diagnostic,llm_ab_judge,rare_reference_class_offline,270,0.22962962962962963,0,,offline_descriptive_proxy_not_validated_construct
diagnostic_v1,ucc,diagnostic,llm_ab_judge,sarcasm_marker_proxy,7,0.0,0,,offline_descriptive_proxy_not_validated_construct
diagnostic_v1,ucc,diagnostic,llm_direct,all,7014,0.22383803820929568,0,,offline_descriptive_proxy_not_validated_construct
diagnostic_v1,ucc,diagnostic,llm_direct,negation_marker,1911,0.2087912087912088,0,,offline_descriptive_proxy_not_validated_construct
diagnostic_v1,ucc,diagnostic,llm_direct,capitalized_name_proxy,1302,0.21274961597542244,0,,offline_descriptive_proxy_not_validated_construct
diagnostic_v1,ucc,diagnostic,llm_direct,rare_reference_class_offline,270,0.3037037037037037,0,,offline_descriptive_proxy_not_validated_construct
diagnostic_v1,ucc,diagnostic,llm_direct,sarcasm_marker_proxy,7,0.0,0,,offline_descriptive_proxy_not_validated_construct
diagnostic_v1,ucc,diagnostic,llm_vote5,all,7014,0.2215568862275449,0,,offline_descriptive_proxy_not_validated_construct
diagnostic_v1,ucc,diagnostic,llm_vote5,negation_marker,1911,0.21559392987964415,0,,offline_descriptive_proxy_not_validated_construct
diagnostic_v1,ucc,diagnostic,llm_vote5,capitalized_name_proxy,1302,0.21889400921658986,0,,offline_descriptive_proxy_not_validated_construct
diagnostic_v1,ucc,diagnostic,llm_vote5,rare_reference_class_offline,270,0.3,0,,offline_descriptive_proxy_not_validated_construct
diagnostic_v1,ucc,diagnostic,llm_vote5,sarcasm_marker_proxy,7,0.0,0,,offline_descriptive_proxy_not_validated_construct
diagnostic_v1,ucc,diagnostic,jev_ab_average,quotation_marker,189,0.3544973544973545,0,,offline_descriptive_proxy_not_validated_construct
diagnostic_v1,ucc,diagnostic,jev_ab_judge,quotation_marker,189,0.3544973544973545,0,,offline_descriptive_proxy_not_validated_construct
diagnostic_v1,ucc,diagnostic,jev_anchored,quotation_marker,189,0.291005291005291,0,,offline_descriptive_proxy_not_validated_construct
diagnostic_v1,ucc,diagnostic,jev_boundary,quotation_marker,189,0.26455026455026454,0,,offline_descriptive_proxy_not_validated_construct
diagnostic_v1,ucc,diagnostic,jev_calibrated,quotation_marker,189,0.031746031746031744,0,,offline_descriptive_proxy_not_validated_construct
diagnostic_v1,ucc,diagnostic,jev_compact,quotation_marker,189,0.291005291005291,0,,offline_descriptive_proxy_not_validated_construct
diagnostic_v1,ucc,diagnostic,jev_verbose,quotation_marker,189,0.35978835978835977,0,,offline_descriptive_proxy_not_validated_construct
diagnostic_v1,ucc,diagnostic,llm_ab_judge,quotation_marker,189,0.2804232804232804,0,,offline_descriptive_proxy_not_validated_construct
diagnostic_v1,ucc,diagnostic,llm_direct,quotation_marker,189,0.2857142857142857,0,,offline_descriptive_proxy_not_validated_construct
diagnostic_v1,ucc,diagnostic,llm_vote5,quotation_marker,189,0.24338624338624337,0,,offline_descriptive_proxy_not_validated_construct
discovery_taskmap_v4,taskmap,discovery,jev_anchored,all,0,,460,0.14353232984721642,offline_descriptive_proxy_not_validated_construct
discovery_taskmap_v4,taskmap,discovery,jev_anchored,negation_marker,0,,460,0.14353232984721642,offline_descriptive_proxy_not_validated_construct
discovery_taskmap_v4,taskmap,discovery,jev_anchored,capitalized_name_proxy,0,,460,0.14353232984721642,offline_descriptive_proxy_not_validated_construct
discovery_taskmap_v4,taskmap,discovery,jev_anchored,quotation_marker,0,,368,0.14238061558400641,offline_descriptive_proxy_not_validated_construct
discovery_taskmap_v4,taskmap,discovery,jev_compact,all,0,,460,0.14421767097112087,offline_descriptive_proxy_not_validated_construct
discovery_taskmap_v4,taskmap,discovery,jev_compact,negation_marker,0,,460,0.14421767097112087,offline_descriptive_proxy_not_validated_construct
discovery_taskmap_v4,taskmap,discovery,jev_compact,capitalized_name_proxy,0,,460,0.14421767097112087,offline_descriptive_proxy_not_validated_construct
discovery_taskmap_v4,taskmap,discovery,jev_compact,quotation_marker,0,,368,0.1433459876410609,offline_descriptive_proxy_not_validated_construct
discovery_taskmap_v4,taskmap,discovery,jev_verbose,all,0,,460,0.14142592144780236,offline_descriptive_proxy_not_validated_construct
discovery_taskmap_v4,taskmap,discovery,jev_verbose,negation_marker,0,,460,0.14142592144780236,offline_descriptive_proxy_not_validated_construct
discovery_taskmap_v4,taskmap,discovery,jev_verbose,capitalized_name_proxy,0,,460,0.14142592144780236,offline_descriptive_proxy_not_validated_construct
discovery_taskmap_v4,taskmap,discovery,jev_verbose,quotation_marker,0,,368,0.14139944961701814,offline_descriptive_proxy_not_validated_construct
discovery_taskmap_v4,taskmap,discovery,llm_direct,all,0,,460,0.136694380273161,offline_descriptive_proxy_not_validated_construct
discovery_taskmap_v4,taskmap,discovery,llm_direct,negation_marker,0,,460,0.136694380273161,offline_descriptive_proxy_not_validated_construct
discovery_taskmap_v4,taskmap,discovery,llm_direct,capitalized_name_proxy,0,,460,0.136694380273161,offline_descriptive_proxy_not_validated_construct
discovery_taskmap_v4,taskmap,discovery,llm_direct,quotation_marker,0,,368,0.14014593741560896,offline_descriptive_proxy_not_validated_construct
discovery_v1,babe,discovery,jev_anchored,all,32,1.0,0,,offline_descriptive_proxy_not_validated_construct
discovery_v1,babe,discovery,jev_anchored,capitalized_name_proxy,22,1.0,0,,offline_descriptive_proxy_not_validated_construct
discovery_v1,babe,discovery,jev_anchored,quotation_marker,2,1.0,0,,offline_descriptive_proxy_not_validated_construct
discovery_v1,babe,discovery,jev_compact,all,32,1.0,0,,offline_descriptive_proxy_not_validated_construct
discovery_v1,babe,discovery,jev_compact,capitalized_name_proxy,22,1.0,0,,offline_descriptive_proxy_not_validated_construct
discovery_v1,babe,discovery,jev_compact,quotation_marker,2,1.0,0,,offline_descriptive_proxy_not_validated_construct
discovery_v1,babe,discovery,jev_verbose,all,32,1.0,0,,offline_descriptive_proxy_not_validated_construct
discovery_v1,babe,discovery,jev_verbose,capitalized_name_proxy,22,1.0,0,,offline_descriptive_proxy_not_validated_construct
discovery_v1,babe,discovery,jev_verbose,quotation_marker,2,1.0,0,,offline_descriptive_proxy_not_validated_construct
discovery_v1,babe,discovery,llm_direct,all,32,0.125,0,,offline_descriptive_proxy_not_validated_construct
discovery_v1,babe,discovery,llm_direct,capitalized_name_proxy,22,0.13636363636363635,0,,offline_descriptive_proxy_not_validated_construct
discovery_v1,babe,discovery,llm_direct,quotation_marker,2,0.0,0,,offline_descriptive_proxy_not_validated_construct
discovery_v1,babe,discovery,jev_anchored,negation_marker,3,1.0,0,,offline_descriptive_proxy_not_validated_construct
discovery_v1,babe,discovery,jev_compact,negation_marker,3,1.0,0,,offline_descriptive_proxy_not_validated_construct
discovery_v1,babe,discovery,jev_verbose,negation_marker,3,1.0,0,,offline_descriptive_proxy_not_validated_construct
discovery_v1,babe,discovery,llm_direct,negation_marker,3,0.0,0,,offline_descriptive_proxy_not_validated_construct
discovery_v1,conflict,discovery,jev_anchored,all,128,1.0,0,,offline_descriptive_proxy_not_validated_construct
discovery_v1,conflict,discovery,jev_anchored,quotation_marker,52,1.0,0,,offline_descriptive_proxy_not_validated_construct
discovery_v1,conflict,discovery,jev_anchored,negation_marker,76,1.0,0,,offline_descriptive_proxy_not_validated_construct
discovery_v1,conflict,discovery,jev_anchored,capitalized_name_proxy,12,1.0,0,,offline_descriptive_proxy_not_validated_construct
discovery_v1,conflict,discovery,jev_anchored,rare_reference_class_offline,2,1.0,0,,offline_descriptive_proxy_not_validated_construct
discovery_v1,conflict,discovery,jev_compact,all,128,1.0,0,,offline_descriptive_proxy_not_validated_construct
discovery_v1,conflict,discovery,jev_compact,quotation_marker,52,1.0,0,,offline_descriptive_proxy_not_validated_construct
discovery_v1,conflict,discovery,jev_compact,negation_marker,76,1.0,0,,offline_descriptive_proxy_not_validated_construct
discovery_v1,conflict,discovery,jev_compact,capitalized_name_proxy,12,1.0,0,,offline_descriptive_proxy_not_validated_construct
discovery_v1,conflict,discovery,jev_compact,rare_reference_class_offline,2,1.0,0,,offline_descriptive_proxy_not_validated_construct
discovery_v1,conflict,discovery,jev_verbose,all,128,1.0,0,,offline_descriptive_proxy_not_validated_construct
discovery_v1,conflict,discovery,jev_verbose,quotation_marker,52,1.0,0,,offline_descriptive_proxy_not_validated_construct
discovery_v1,conflict,discovery,jev_verbose,negation_marker,76,1.0,0,,offline_descriptive_proxy_not_validated_construct
discovery_v1,conflict,discovery,jev_verbose,capitalized_name_proxy,12,1.0,0,,offline_descriptive_proxy_not_validated_construct
discovery_v1,conflict,discovery,jev_verbose,rare_reference_class_offline,2,1.0,0,,offline_descriptive_proxy_not_validated_construct
discovery_v1,conflict,discovery,llm_direct,all,128,0.1796875,0,,offline_descriptive_proxy_not_validated_construct
discovery_v1,conflict,discovery,llm_direct,quotation_marker,52,0.07692307692307693,0,,offline_descriptive_proxy_not_validated_construct
discovery_v1,conflict,discovery,llm_direct,negation_marker,76,0.11842105263157894,0,,offline_descriptive_proxy_not_validated_construct
discovery_v1,conflict,discovery,llm_direct,capitalized_name_proxy,12,0.08333333333333333,0,,offline_descriptive_proxy_not_validated_construct
discovery_v1,conflict,discovery,llm_direct,rare_reference_class_offline,2,0.5,0,,offline_descriptive_proxy_not_validated_construct
discovery_v1,mbd,discovery,jev_anchored,all,72,1.0,0,,offline_descriptive_proxy_not_validated_construct
discovery_v1,mbd,discovery,jev_anchored,capitalized_name_proxy,18,1.0,0,,offline_descriptive_proxy_not_validated_construct
discovery_v1,mbd,discovery,jev_compact,all,72,1.0,0,,offline_descriptive_proxy_not_validated_construct
discovery_v1,mbd,discovery,jev_compact,capitalized_name_proxy,18,1.0,0,,offline_descriptive_proxy_not_validated_construct
discovery_v1,mbd,discovery,jev_verbose,all,72,1.0,0,,offline_descriptive_proxy_not_validated_construct
discovery_v1,mbd,discovery,jev_verbose,capitalized_name_proxy,18,1.0,0,,offline_descriptive_proxy_not_validated_construct
discovery_v1,mbd,discovery,llm_direct,all,72,0.19444444444444445,0,,offline_descriptive_proxy_not_validated_construct
discovery_v1,mbd,discovery,llm_direct,capitalized_name_proxy,18,0.2222222222222222,0,,offline_descriptive_proxy_not_validated_construct
discovery_v1,mbd,discovery,jev_anchored,negation_marker,3,1.0,0,,offline_descriptive_proxy_not_validated_construct
discovery_v1,mbd,discovery,jev_anchored,rare_reference_class_offline,1,1.0,0,,offline_descriptive_proxy_not_validated_construct
discovery_v1,mbd,discovery,jev_compact,negation_marker,3,1.0,0,,offline_descriptive_proxy_not_validated_construct
discovery_v1,mbd,discovery,jev_compact,rare_reference_class_offline,1,1.0,0,,offline_descriptive_proxy_not_validated_construct
discovery_v1,mbd,discovery,jev_verbose,negation_marker,3,1.0,0,,offline_descriptive_proxy_not_validated_construct
discovery_v1,mbd,discovery,jev_verbose,rare_reference_class_offline,1,1.0,0,,offline_descriptive_proxy_not_validated_construct
discovery_v1,mbd,discovery,llm_direct,negation_marker,3,0.0,0,,offline_descriptive_proxy_not_validated_construct
discovery_v1,mbd,discovery,llm_direct,rare_reference_class_offline,1,0.0,0,,offline_descriptive_proxy_not_validated_construct
discovery_v2,babe,discovery,jev_anchored,all,200,0.205,0,,offline_descriptive_proxy_not_validated_construct
discovery_v2,babe,discovery,jev_anchored,quotation_marker,34,0.14705882352941177,0,,offline_descriptive_proxy_not_validated_construct
discovery_v2,babe,discovery,jev_anchored,negation_marker,29,0.20689655172413793,0,,offline_descriptive_proxy_not_validated_construct
discovery_v2,babe,discovery,jev_anchored,capitalized_name_proxy,115,0.22608695652173913,0,,offline_descriptive_proxy_not_validated_construct
discovery_v2,babe,discovery,jev_compact,all,200,0.235,0,,offline_descriptive_proxy_not_validated_construct
discovery_v2,babe,discovery,jev_compact,quotation_marker,34,0.23529411764705882,0,,offline_descriptive_proxy_not_validated_construct
discovery_v2,babe,discovery,jev_compact,negation_marker,29,0.27586206896551724,0,,offline_descriptive_proxy_not_validated_construct
discovery_v2,babe,discovery,jev_compact,capitalized_name_proxy,115,0.22608695652173913,0,,offline_descriptive_proxy_not_validated_construct
discovery_v2,babe,discovery,jev_verbose,all,200,0.175,0,,offline_descriptive_proxy_not_validated_construct
discovery_v2,babe,discovery,jev_verbose,quotation_marker,34,0.17647058823529413,0,,offline_descriptive_proxy_not_validated_construct
discovery_v2,babe,discovery,jev_verbose,negation_marker,29,0.20689655172413793,0,,offline_descriptive_proxy_not_validated_construct
discovery_v2,babe,discovery,jev_verbose,capitalized_name_proxy,115,0.1826086956521739,0,,offline_descriptive_proxy_not_validated_construct
discovery_v2,babe,discovery,llm_direct,all,200,0.195,0,,offline_descriptive_proxy_not_validated_construct
discovery_v2,babe,discovery,llm_direct,quotation_marker,34,0.17647058823529413,0,,offline_descriptive_proxy_not_validated_construct
discovery_v2,babe,discovery,llm_direct,negation_marker,29,0.20689655172413793,0,,offline_descriptive_proxy_not_validated_construct
discovery_v2,babe,discovery,llm_direct,capitalized_name_proxy,115,0.1826086956521739,0,,offline_descriptive_proxy_not_validated_construct
discovery_v2,babe,discovery,jev_anchored,sarcasm_marker_proxy,1,1.0,0,,offline_descriptive_proxy_not_validated_construct
discovery_v2,babe,discovery,jev_compact,sarcasm_marker_proxy,1,1.0,0,,offline_descriptive_proxy_not_validated_construct
discovery_v2,babe,discovery,jev_verbose,sarcasm_marker_proxy,1,0.0,0,,offline_descriptive_proxy_not_validated_construct
discovery_v2,babe,discovery,llm_direct,sarcasm_marker_proxy,1,0.0,0,,offline_descriptive_proxy_not_validated_construct
discovery_v2,commonsense,discovery,jev_anchored,all,0,,400,0.15536788659652634,offline_descriptive_proxy_not_validated_construct
discovery_v2,commonsense,discovery,jev_anchored,negation_marker,0,,66,0.15523347139298116,offline_descriptive_proxy_not_validated_construct
discovery_v2,commonsense,discovery,jev_compact,all,0,,400,0.1562574470360868,offline_descriptive_proxy_not_validated_construct
discovery_v2,commonsense,discovery,jev_compact,negation_marker,0,,66,0.15639508755459733,offline_descriptive_proxy_not_validated_construct
discovery_v2,commonsense,discovery,jev_verbose,all,0,,400,0.15430038114863195,offline_descriptive_proxy_not_validated_construct
discovery_v2,commonsense,discovery,jev_verbose,negation_marker,0,,66,0.15186066772605988,offline_descriptive_proxy_not_validated_construct
discovery_v2,commonsense,discovery,llm_direct,all,0,,400,0.15588450175785545,offline_descriptive_proxy_not_validated_construct
discovery_v2,commonsense,discovery,llm_direct,negation_marker,0,,66,0.20471139724345602,offline_descriptive_proxy_not_validated_construct
discovery_v2,commonsense,discovery,jev_anchored,sarcasm_marker_proxy,0,,2,0.21875,offline_descriptive_proxy_not_validated_construct
discovery_v2,commonsense,discovery,jev_compact,sarcasm_marker_proxy,0,,2,0.22875,offline_descriptive_proxy_not_validated_construct
discovery_v2,commonsense,discovery,jev_verbose,sarcasm_marker_proxy,0,,2,0.20375,offline_descriptive_proxy_not_validated_construct
discovery_v2,commonsense,discovery,llm_direct,sarcasm_marker_proxy,0,,2,0.14375,offline_descriptive_proxy_not_validated_construct
discovery_v2,conflict,discovery,jev_anchored,all,368,0.18478260869565216,0,,offline_descriptive_proxy_not_validated_construct
discovery_v2,conflict,discovery,jev_anchored,quotation_marker,132,0.12878787878787878,0,,offline_descriptive_proxy_not_validated_construct
discovery_v2,conflict,discovery,jev_anchored,negation_marker,236,0.1694915254237288,0,,offline_descriptive_proxy_not_validated_construct
discovery_v2,conflict,discovery,jev_anchored,rare_reference_class_offline,7,0.5714285714285714,0,,offline_descriptive_proxy_not_validated_construct
discovery_v2,conflict,discovery,jev_compact,all,368,0.1793478260869565,0,,offline_descriptive_proxy_not_validated_construct
discovery_v2,conflict,discovery,jev_compact,quotation_marker,132,0.14393939393939395,0,,offline_descriptive_proxy_not_validated_construct
discovery_v2,conflict,discovery,jev_compact,negation_marker,236,0.1652542372881356,0,,offline_descriptive_proxy_not_validated_construct
discovery_v2,conflict,discovery,jev_compact,rare_reference_class_offline,7,0.5714285714285714,0,,offline_descriptive_proxy_not_validated_construct
discovery_v2,conflict,discovery,jev_verbose,all,368,0.15760869565217392,0,,offline_descriptive_proxy_not_validated_construct
discovery_v2,conflict,discovery,jev_verbose,quotation_marker,132,0.10606060606060606,0,,offline_descriptive_proxy_not_validated_construct
discovery_v2,conflict,discovery,jev_verbose,negation_marker,236,0.13135593220338984,0,,offline_descriptive_proxy_not_validated_construct
discovery_v2,conflict,discovery,jev_verbose,rare_reference_class_offline,7,0.2857142857142857,0,,offline_descriptive_proxy_not_validated_construct
discovery_v2,conflict,discovery,llm_direct,all,368,0.14130434782608695,0,,offline_descriptive_proxy_not_validated_construct
discovery_v2,conflict,discovery,llm_direct,quotation_marker,132,0.045454545454545456,0,,offline_descriptive_proxy_not_validated_construct
discovery_v2,conflict,discovery,llm_direct,negation_marker,236,0.09322033898305085,0,,offline_descriptive_proxy_not_validated_construct
discovery_v2,conflict,discovery,llm_direct,rare_reference_class_offline,7,0.42857142857142855,0,,offline_descriptive_proxy_not_validated_construct
discovery_v2,conflict,discovery,jev_anchored,capitalized_name_proxy,16,0.125,0,,offline_descriptive_proxy_not_validated_construct
discovery_v2,conflict,discovery,jev_compact,capitalized_name_proxy,16,0.125,0,,offline_descriptive_proxy_not_validated_construct
discovery_v2,conflict,discovery,jev_verbose,capitalized_name_proxy,16,0.0625,0,,offline_descriptive_proxy_not_validated_construct
discovery_v2,conflict,discovery,llm_direct,capitalized_name_proxy,16,0.0625,0,,offline_descriptive_proxy_not_validated_construct
discovery_v2,mbd,discovery,jev_anchored,all,623,0.5473515248796148,0,,offline_descriptive_proxy_not_validated_construct
discovery_v2,mbd,discovery,jev_anchored,capitalized_name_proxy,286,0.5909090909090909,0,,offline_descriptive_proxy_not_validated_construct
discovery_v2,mbd,discovery,jev_anchored,rare_reference_class_offline,43,0.4186046511627907,0,,offline_descriptive_proxy_not_validated_construct
discovery_v2,mbd,discovery,jev_anchored,negation_marker,72,0.625,0,,offline_descriptive_proxy_not_validated_construct
discovery_v2,mbd,discovery,jev_compact,all,623,0.5489566613162119,0,,offline_descriptive_proxy_not_validated_construct
discovery_v2,mbd,discovery,jev_compact,capitalized_name_proxy,286,0.5874125874125874,0,,offline_descriptive_proxy_not_validated_construct
discovery_v2,mbd,discovery,jev_compact,rare_reference_class_offline,43,0.4186046511627907,0,,offline_descriptive_proxy_not_validated_construct
discovery_v2,mbd,discovery,jev_compact,negation_marker,72,0.6111111111111112,0,,offline_descriptive_proxy_not_validated_construct
discovery_v2,mbd,discovery,jev_verbose,all,623,0.5634028892455859,0,,offline_descriptive_proxy_not_validated_construct
discovery_v2,mbd,discovery,jev_verbose,capitalized_name_proxy,286,0.6048951048951049,0,,offline_descriptive_proxy_not_validated_construct
discovery_v2,mbd,discovery,jev_verbose,rare_reference_class_offline,43,0.3953488372093023,0,,offline_descriptive_proxy_not_validated_construct
discovery_v2,mbd,discovery,jev_verbose,negation_marker,72,0.6111111111111112,0,,offline_descriptive_proxy_not_validated_construct
discovery_v2,mbd,discovery,llm_direct,all,623,0.1348314606741573,0,,offline_descriptive_proxy_not_validated_construct
discovery_v2,mbd,discovery,llm_direct,capitalized_name_proxy,286,0.11888111888111888,0,,offline_descriptive_proxy_not_validated_construct
discovery_v2,mbd,discovery,llm_direct,rare_reference_class_offline,43,0.3488372093023256,0,,offline_descriptive_proxy_not_validated_construct
discovery_v2,mbd,discovery,llm_direct,negation_marker,72,0.09722222222222222,0,,offline_descriptive_proxy_not_validated_construct
discovery_v2,mbd,discovery,jev_anchored,quotation_marker,200,0.41,0,,offline_descriptive_proxy_not_validated_construct
discovery_v2,mbd,discovery,jev_compact,quotation_marker,200,0.405,0,,offline_descriptive_proxy_not_validated_construct
discovery_v2,mbd,discovery,jev_verbose,quotation_marker,200,0.41,0,,offline_descriptive_proxy_not_validated_construct
discovery_v2,mbd,discovery,llm_direct,quotation_marker,200,0.18,0,,offline_descriptive_proxy_not_validated_construct
discovery_v2,ucc,discovery,jev_anchored,all,1470,0.3469387755102041,0,,offline_descriptive_proxy_not_validated_construct
discovery_v2,ucc,discovery,jev_anchored,negation_marker,399,0.3533834586466165,0,,offline_descriptive_proxy_not_validated_construct
discovery_v2,ucc,discovery,jev_anchored,capitalized_name_proxy,448,0.3392857142857143,0,,offline_descriptive_proxy_not_validated_construct
discovery_v2,ucc,discovery,jev_compact,all,1470,0.33129251700680273,0,,offline_descriptive_proxy_not_validated_construct
discovery_v2,ucc,discovery,jev_compact,negation_marker,399,0.3333333333333333,0,,offline_descriptive_proxy_not_validated_construct
discovery_v2,ucc,discovery,jev_compact,capitalized_name_proxy,448,0.3236607142857143,0,,offline_descriptive_proxy_not_validated_construct
discovery_v2,ucc,discovery,jev_verbose,all,1470,0.336734693877551,0,,offline_descriptive_proxy_not_validated_construct
discovery_v2,ucc,discovery,jev_verbose,negation_marker,399,0.3458646616541353,0,,offline_descriptive_proxy_not_validated_construct
discovery_v2,ucc,discovery,jev_verbose,capitalized_name_proxy,448,0.3080357142857143,0,,offline_descriptive_proxy_not_validated_construct
discovery_v2,ucc,discovery,llm_direct,all,1470,0.22585034013605443,0,,offline_descriptive_proxy_not_validated_construct
discovery_v2,ucc,discovery,llm_direct,negation_marker,399,0.23308270676691728,0,,offline_descriptive_proxy_not_validated_construct
discovery_v2,ucc,discovery,llm_direct,capitalized_name_proxy,448,0.20089285714285715,0,,offline_descriptive_proxy_not_validated_construct
discovery_v2,ucc,discovery,jev_anchored,rare_reference_class_offline,42,0.3333333333333333,0,,offline_descriptive_proxy_not_validated_construct
discovery_v2,ucc,discovery,jev_anchored,quotation_marker,28,0.35714285714285715,0,,offline_descriptive_proxy_not_validated_construct
discovery_v2,ucc,discovery,jev_compact,rare_reference_class_offline,42,0.2857142857142857,0,,offline_descriptive_proxy_not_validated_construct
discovery_v2,ucc,discovery,jev_compact,quotation_marker,28,0.35714285714285715,0,,offline_descriptive_proxy_not_validated_construct
discovery_v2,ucc,discovery,jev_verbose,rare_reference_class_offline,42,0.30952380952380953,0,,offline_descriptive_proxy_not_validated_construct
discovery_v2,ucc,discovery,jev_verbose,quotation_marker,28,0.42857142857142855,0,,offline_descriptive_proxy_not_validated_construct
discovery_v2,ucc,discovery,llm_direct,rare_reference_class_offline,42,0.3333333333333333,0,,offline_descriptive_proxy_not_validated_construct
discovery_v2,ucc,discovery,llm_direct,quotation_marker,28,0.32142857142857145,0,,offline_descriptive_proxy_not_validated_construct
discovery_v3,babe,discovery,jev_anchored,all,200,0.21,0,,offline_descriptive_proxy_not_validated_construct
discovery_v3,babe,discovery,jev_anchored,quotation_marker,34,0.17647058823529413,0,,offline_descriptive_proxy_not_validated_construct
discovery_v3,babe,discovery,jev_anchored,negation_marker,29,0.1724137931034483,0,,offline_descriptive_proxy_not_validated_construct
discovery_v3,babe,discovery,jev_anchored,capitalized_name_proxy,115,0.20869565217391303,0,,offline_descriptive_proxy_not_validated_construct
discovery_v3,babe,discovery,jev_compact,all,200,0.225,0,,offline_descriptive_proxy_not_validated_construct
discovery_v3,babe,discovery,jev_compact,quotation_marker,34,0.20588235294117646,0,,offline_descriptive_proxy_not_validated_construct
discovery_v3,babe,discovery,jev_compact,negation_marker,29,0.2413793103448276,0,,offline_descriptive_proxy_not_validated_construct
discovery_v3,babe,discovery,jev_compact,capitalized_name_proxy,115,0.22608695652173913,0,,offline_descriptive_proxy_not_validated_construct
discovery_v3,babe,discovery,jev_verbose,all,200,0.18,0,,offline_descriptive_proxy_not_validated_construct
discovery_v3,babe,discovery,jev_verbose,quotation_marker,34,0.17647058823529413,0,,offline_descriptive_proxy_not_validated_construct
discovery_v3,babe,discovery,jev_verbose,negation_marker,29,0.20689655172413793,0,,offline_descriptive_proxy_not_validated_construct
discovery_v3,babe,discovery,jev_verbose,capitalized_name_proxy,115,0.1826086956521739,0,,offline_descriptive_proxy_not_validated_construct
discovery_v3,babe,discovery,llm_direct,all,200,0.195,0,,offline_descriptive_proxy_not_validated_construct
discovery_v3,babe,discovery,llm_direct,quotation_marker,34,0.17647058823529413,0,,offline_descriptive_proxy_not_validated_construct
discovery_v3,babe,discovery,llm_direct,negation_marker,29,0.20689655172413793,0,,offline_descriptive_proxy_not_validated_construct
discovery_v3,babe,discovery,llm_direct,capitalized_name_proxy,115,0.1826086956521739,0,,offline_descriptive_proxy_not_validated_construct
discovery_v3,babe,discovery,jev_anchored,sarcasm_marker_proxy,1,1.0,0,,offline_descriptive_proxy_not_validated_construct
discovery_v3,babe,discovery,jev_compact,sarcasm_marker_proxy,1,1.0,0,,offline_descriptive_proxy_not_validated_construct
discovery_v3,babe,discovery,jev_verbose,sarcasm_marker_proxy,1,0.0,0,,offline_descriptive_proxy_not_validated_construct
discovery_v3,babe,discovery,llm_direct,sarcasm_marker_proxy,1,0.0,0,,offline_descriptive_proxy_not_validated_construct
discovery_v3,commonsense,discovery,jev_anchored,all,0,,400,0.1553496046616836,offline_descriptive_proxy_not_validated_construct
discovery_v3,commonsense,discovery,jev_anchored,negation_marker,0,,66,0.15381932997883974,offline_descriptive_proxy_not_validated_construct
discovery_v3,commonsense,discovery,jev_compact,all,0,,400,0.15720942925254267,offline_descriptive_proxy_not_validated_construct
discovery_v3,commonsense,discovery,jev_compact,negation_marker,0,,66,0.16003145119096096,offline_descriptive_proxy_not_validated_construct
discovery_v3,commonsense,discovery,jev_verbose,all,0,,400,0.15403844948546458,offline_descriptive_proxy_not_validated_construct
discovery_v3,commonsense,discovery,jev_verbose,negation_marker,0,,66,0.1512041020694942,offline_descriptive_proxy_not_validated_construct
discovery_v3,commonsense,discovery,llm_direct,all,0,,400,0.15924684665854558,offline_descriptive_proxy_not_validated_construct
discovery_v3,commonsense,discovery,llm_direct,negation_marker,0,,66,0.20744147580686795,offline_descriptive_proxy_not_validated_construct
discovery_v3,commonsense,discovery,jev_anchored,sarcasm_marker_proxy,0,,2,0.22375,offline_descriptive_proxy_not_validated_construct
discovery_v3,commonsense,discovery,jev_compact,sarcasm_marker_proxy,0,,2,0.22875,offline_descriptive_proxy_not_validated_construct
discovery_v3,commonsense,discovery,jev_verbose,sarcasm_marker_proxy,0,,2,0.20875,offline_descriptive_proxy_not_validated_construct
discovery_v3,commonsense,discovery,llm_direct,sarcasm_marker_proxy,0,,2,0.14375,offline_descriptive_proxy_not_validated_construct
discovery_v3,conflict,discovery,jev_anchored,all,368,0.18478260869565216,0,,offline_descriptive_proxy_not_validated_construct
discovery_v3,conflict,discovery,jev_anchored,quotation_marker,132,0.13636363636363635,0,,offline_descriptive_proxy_not_validated_construct
discovery_v3,conflict,discovery,jev_anchored,negation_marker,236,0.1694915254237288,0,,offline_descriptive_proxy_not_validated_construct
discovery_v3,conflict,discovery,jev_anchored,rare_reference_class_offline,7,0.5714285714285714,0,,offline_descriptive_proxy_not_validated_construct
discovery_v3,conflict,discovery,jev_compact,all,368,0.1875,0,,offline_descriptive_proxy_not_validated_construct
discovery_v3,conflict,discovery,jev_compact,quotation_marker,132,0.12878787878787878,0,,offline_descriptive_proxy_not_validated_construct
discovery_v3,conflict,discovery,jev_compact,negation_marker,236,0.1652542372881356,0,,offline_descriptive_proxy_not_validated_construct
discovery_v3,conflict,discovery,jev_compact,rare_reference_class_offline,7,0.5714285714285714,0,,offline_descriptive_proxy_not_validated_construct
discovery_v3,conflict,discovery,jev_verbose,all,368,0.15760869565217392,0,,offline_descriptive_proxy_not_validated_construct
discovery_v3,conflict,discovery,jev_verbose,quotation_marker,132,0.11363636363636363,0,,offline_descriptive_proxy_not_validated_construct
discovery_v3,conflict,discovery,jev_verbose,negation_marker,236,0.13135593220338984,0,,offline_descriptive_proxy_not_validated_construct
discovery_v3,conflict,discovery,jev_verbose,rare_reference_class_offline,7,0.2857142857142857,0,,offline_descriptive_proxy_not_validated_construct
discovery_v3,conflict,discovery,llm_direct,all,368,0.15489130434782608,0,,offline_descriptive_proxy_not_validated_construct
discovery_v3,conflict,discovery,llm_direct,quotation_marker,132,0.07575757575757576,0,,offline_descriptive_proxy_not_validated_construct
discovery_v3,conflict,discovery,llm_direct,negation_marker,236,0.1059322033898305,0,,offline_descriptive_proxy_not_validated_construct
discovery_v3,conflict,discovery,llm_direct,rare_reference_class_offline,7,0.42857142857142855,0,,offline_descriptive_proxy_not_validated_construct
discovery_v3,conflict,discovery,jev_anchored,capitalized_name_proxy,16,0.125,0,,offline_descriptive_proxy_not_validated_construct
discovery_v3,conflict,discovery,jev_compact,capitalized_name_proxy,16,0.125,0,,offline_descriptive_proxy_not_validated_construct
discovery_v3,conflict,discovery,jev_verbose,capitalized_name_proxy,16,0.0625,0,,offline_descriptive_proxy_not_validated_construct
discovery_v3,conflict,discovery,llm_direct,capitalized_name_proxy,16,0.0625,0,,offline_descriptive_proxy_not_validated_construct
discovery_v3,mbd,discovery,jev_anchored,all,623,0.13964686998394862,0,,offline_descriptive_proxy_not_validated_construct
discovery_v3,mbd,discovery,jev_anchored,capitalized_name_proxy,286,0.12937062937062938,0,,offline_descriptive_proxy_not_validated_construct
discovery_v3,mbd,discovery,jev_anchored,rare_reference_class_offline,43,0.20930232558139536,0,,offline_descriptive_proxy_not_validated_construct
discovery_v3,mbd,discovery,jev_anchored,negation_marker,72,0.06944444444444445,0,,offline_descriptive_proxy_not_validated_construct
discovery_v3,mbd,discovery,jev_compact,all,623,0.14285714285714285,0,,offline_descriptive_proxy_not_validated_construct
discovery_v3,mbd,discovery,jev_compact,capitalized_name_proxy,286,0.1258741258741259,0,,offline_descriptive_proxy_not_validated_construct
discovery_v3,mbd,discovery,jev_compact,rare_reference_class_offline,43,0.20930232558139536,0,,offline_descriptive_proxy_not_validated_construct
discovery_v3,mbd,discovery,jev_compact,negation_marker,72,0.06944444444444445,0,,offline_descriptive_proxy_not_validated_construct
discovery_v3,mbd,discovery,jev_verbose,all,623,0.15890850722311398,0,,offline_descriptive_proxy_not_validated_construct
discovery_v3,mbd,discovery,jev_verbose,capitalized_name_proxy,286,0.13636363636363635,0,,offline_descriptive_proxy_not_validated_construct
discovery_v3,mbd,discovery,jev_verbose,rare_reference_class_offline,43,0.23255813953488372,0,,offline_descriptive_proxy_not_validated_construct
discovery_v3,mbd,discovery,jev_verbose,negation_marker,72,0.1111111111111111,0,,offline_descriptive_proxy_not_validated_construct
discovery_v3,mbd,discovery,llm_direct,all,623,0.1332263242375602,0,,offline_descriptive_proxy_not_validated_construct
discovery_v3,mbd,discovery,llm_direct,capitalized_name_proxy,286,0.10139860139860139,0,,offline_descriptive_proxy_not_validated_construct
discovery_v3,mbd,discovery,llm_direct,rare_reference_class_offline,43,0.3023255813953488,0,,offline_descriptive_proxy_not_validated_construct
discovery_v3,mbd,discovery,llm_direct,negation_marker,72,0.1111111111111111,0,,offline_descriptive_proxy_not_validated_construct
discovery_v3,mbd,discovery,jev_anchored,quotation_marker,200,0.195,0,,offline_descriptive_proxy_not_validated_construct
discovery_v3,mbd,discovery,jev_compact,quotation_marker,200,0.2,0,,offline_descriptive_proxy_not_validated_construct
discovery_v3,mbd,discovery,jev_verbose,quotation_marker,200,0.195,0,,offline_descriptive_proxy_not_validated_construct
discovery_v3,mbd,discovery,llm_direct,quotation_marker,200,0.185,0,,offline_descriptive_proxy_not_validated_construct
discovery_v3,taskmap,discovery,jev_anchored,all,0,,460,0.1431490902135042,offline_descriptive_proxy_not_validated_construct
discovery_v3,taskmap,discovery,jev_anchored,negation_marker,0,,460,0.1431490902135042,offline_descriptive_proxy_not_validated_construct
discovery_v3,taskmap,discovery,jev_anchored,capitalized_name_proxy,0,,460,0.1431490902135042,offline_descriptive_proxy_not_validated_construct
discovery_v3,taskmap,discovery,jev_anchored,quotation_marker,0,,368,0.142064609520127,offline_descriptive_proxy_not_validated_construct
discovery_v3,taskmap,discovery,jev_compact,all,0,,460,0.14319228614800447,offline_descriptive_proxy_not_validated_construct
discovery_v3,taskmap,discovery,jev_compact,negation_marker,0,,460,0.14319228614800447,offline_descriptive_proxy_not_validated_construct
discovery_v3,taskmap,discovery,jev_compact,capitalized_name_proxy,0,,460,0.14319228614800447,offline_descriptive_proxy_not_validated_construct
discovery_v3,taskmap,discovery,jev_compact,quotation_marker,0,,368,0.1422001261773828,offline_descriptive_proxy_not_validated_construct
discovery_v3,taskmap,discovery,jev_verbose,all,0,,0,,offline_descriptive_proxy_not_validated_construct
discovery_v3,taskmap,discovery,jev_verbose,negation_marker,0,,0,,offline_descriptive_proxy_not_validated_construct
discovery_v3,taskmap,discovery,jev_verbose,capitalized_name_proxy,0,,0,,offline_descriptive_proxy_not_validated_construct
discovery_v3,taskmap,discovery,jev_verbose,quotation_marker,0,,0,,offline_descriptive_proxy_not_validated_construct
discovery_v3,taskmap,discovery,llm_direct,all,0,,460,0.13733396815849558,offline_descriptive_proxy_not_validated_construct
discovery_v3,taskmap,discovery,llm_direct,negation_marker,0,,460,0.13733396815849558,offline_descriptive_proxy_not_validated_construct
discovery_v3,taskmap,discovery,llm_direct,capitalized_name_proxy,0,,460,0.13733396815849558,offline_descriptive_proxy_not_validated_construct
discovery_v3,taskmap,discovery,llm_direct,quotation_marker,0,,368,0.14237839328676993,offline_descriptive_proxy_not_validated_construct
discovery_v3,ucc,discovery,jev_anchored,all,1470,0.3625850340136054,0,,offline_descriptive_proxy_not_validated_construct
discovery_v3,ucc,discovery,jev_anchored,negation_marker,399,0.37092731829573933,0,,offline_descriptive_proxy_not_validated_construct
discovery_v3,ucc,discovery,jev_anchored,capitalized_name_proxy,448,0.3482142857142857,0,,offline_descriptive_proxy_not_validated_construct
discovery_v3,ucc,discovery,jev_compact,all,1470,0.3564625850340136,0,,offline_descriptive_proxy_not_validated_construct
discovery_v3,ucc,discovery,jev_compact,negation_marker,399,0.3659147869674185,0,,offline_descriptive_proxy_not_validated_construct
discovery_v3,ucc,discovery,jev_compact,capitalized_name_proxy,448,0.3549107142857143,0,,offline_descriptive_proxy_not_validated_construct
discovery_v3,ucc,discovery,jev_verbose,all,1470,0.35918367346938773,0,,offline_descriptive_proxy_not_validated_construct
discovery_v3,ucc,discovery,jev_verbose,negation_marker,399,0.37593984962406013,0,,offline_descriptive_proxy_not_validated_construct
discovery_v3,ucc,discovery,jev_verbose,capitalized_name_proxy,448,0.32589285714285715,0,,offline_descriptive_proxy_not_validated_construct
discovery_v3,ucc,discovery,llm_direct,all,1470,0.24013605442176872,0,,offline_descriptive_proxy_not_validated_construct
discovery_v3,ucc,discovery,llm_direct,negation_marker,399,0.24812030075187969,0,,offline_descriptive_proxy_not_validated_construct
discovery_v3,ucc,discovery,llm_direct,capitalized_name_proxy,448,0.20758928571428573,0,,offline_descriptive_proxy_not_validated_construct
discovery_v3,ucc,discovery,jev_anchored,rare_reference_class_offline,42,0.2619047619047619,0,,offline_descriptive_proxy_not_validated_construct
discovery_v3,ucc,discovery,jev_anchored,quotation_marker,28,0.35714285714285715,0,,offline_descriptive_proxy_not_validated_construct
discovery_v3,ucc,discovery,jev_compact,rare_reference_class_offline,42,0.23809523809523808,0,,offline_descriptive_proxy_not_validated_construct
discovery_v3,ucc,discovery,jev_compact,quotation_marker,28,0.32142857142857145,0,,offline_descriptive_proxy_not_validated_construct
discovery_v3,ucc,discovery,jev_verbose,rare_reference_class_offline,42,0.2857142857142857,0,,offline_descriptive_proxy_not_validated_construct
discovery_v3,ucc,discovery,jev_verbose,quotation_marker,28,0.39285714285714285,0,,offline_descriptive_proxy_not_validated_construct
discovery_v3,ucc,discovery,llm_direct,rare_reference_class_offline,42,0.3333333333333333,0,,offline_descriptive_proxy_not_validated_construct
discovery_v3,ucc,discovery,llm_direct,quotation_marker,28,0.32142857142857145,0,,offline_descriptive_proxy_not_validated_construct
explanation_discovery_v2,babe,discovery,jev_explanation,all,200,0.36,0,,offline_descriptive_proxy_not_validated_construct
explanation_discovery_v2,babe,discovery,jev_explanation,rare_reference_class_offline,200,0.36,0,,offline_descriptive_proxy_not_validated_construct
explanation_discovery_v2,babe,discovery,jev_explanation,quotation_marker,34,0.5294117647058824,0,,offline_descriptive_proxy_not_validated_construct
explanation_discovery_v2,babe,discovery,jev_explanation,negation_marker,29,0.4482758620689655,0,,offline_descriptive_proxy_not_validated_construct
explanation_discovery_v2,babe,discovery,jev_explanation,capitalized_name_proxy,115,0.3217391304347826,0,,offline_descriptive_proxy_not_validated_construct
explanation_discovery_v2,babe,discovery,jev_grounded,all,200,0.23,0,,offline_descriptive_proxy_not_validated_construct
explanation_discovery_v2,babe,discovery,jev_grounded,rare_reference_class_offline,200,0.23,0,,offline_descriptive_proxy_not_validated_construct
explanation_discovery_v2,babe,discovery,jev_grounded,quotation_marker,34,0.20588235294117646,0,,offline_descriptive_proxy_not_validated_construct
explanation_discovery_v2,babe,discovery,jev_grounded,negation_marker,29,0.2413793103448276,0,,offline_descriptive_proxy_not_validated_construct
explanation_discovery_v2,babe,discovery,jev_grounded,capitalized_name_proxy,115,0.22608695652173913,0,,offline_descriptive_proxy_not_validated_construct
explanation_discovery_v2,babe,discovery,jev_explanation,sarcasm_marker_proxy,1,1.0,0,,offline_descriptive_proxy_not_validated_construct
explanation_discovery_v2,babe,discovery,jev_grounded,sarcasm_marker_proxy,1,1.0,0,,offline_descriptive_proxy_not_validated_construct
explanation_discovery_v2,commonsense,discovery,jev_explanation,all,0,,400,0.14884219609396257,offline_descriptive_proxy_not_validated_construct
explanation_discovery_v2,commonsense,discovery,jev_explanation,negation_marker,0,,66,0.16575833519399505,offline_descriptive_proxy_not_validated_construct
explanation_discovery_v2,commonsense,discovery,jev_grounded,all,0,,400,0.15305926530578165,offline_descriptive_proxy_not_validated_construct
explanation_discovery_v2,commonsense,discovery,jev_grounded,negation_marker,0,,66,0.1548799360394458,offline_descriptive_proxy_not_validated_construct
explanation_discovery_v2,commonsense,discovery,jev_explanation,sarcasm_marker_proxy,0,,2,0.14592092655339528,offline_descriptive_proxy_not_validated_construct
explanation_discovery_v2,commonsense,discovery,jev_grounded,sarcasm_marker_proxy,0,,2,0.21875,offline_descriptive_proxy_not_validated_construct
explanation_discovery_v2,conflict,discovery,jev_explanation,all,368,0.22826086956521738,0,,offline_descriptive_proxy_not_validated_construct
explanation_discovery_v2,conflict,discovery,jev_explanation,quotation_marker,132,0.15151515151515152,0,,offline_descriptive_proxy_not_validated_construct
explanation_discovery_v2,conflict,discovery,jev_explanation,negation_marker,236,0.2245762711864407,0,,offline_descriptive_proxy_not_validated_construct
explanation_discovery_v2,conflict,discovery,jev_explanation,rare_reference_class_offline,368,0.22826086956521738,0,,offline_descriptive_proxy_not_validated_construct
explanation_discovery_v2,conflict,discovery,jev_grounded,all,368,0.17119565217391305,0,,offline_descriptive_proxy_not_validated_construct
explanation_discovery_v2,conflict,discovery,jev_grounded,quotation_marker,132,0.09848484848484848,0,,offline_descriptive_proxy_not_validated_construct
explanation_discovery_v2,conflict,discovery,jev_grounded,negation_marker,236,0.1483050847457627,0,,offline_descriptive_proxy_not_validated_construct
explanation_discovery_v2,conflict,discovery,jev_grounded,rare_reference_class_offline,368,0.17119565217391305,0,,offline_descriptive_proxy_not_validated_construct
explanation_discovery_v2,conflict,discovery,jev_explanation,capitalized_name_proxy,16,0.0,0,,offline_descriptive_proxy_not_validated_construct
explanation_discovery_v2,conflict,discovery,jev_grounded,capitalized_name_proxy,16,0.0,0,,offline_descriptive_proxy_not_validated_construct
explanation_discovery_v2,mbd,discovery,jev_explanation,all,623,0.12520064205457465,0,,offline_descriptive_proxy_not_validated_construct
explanation_discovery_v2,mbd,discovery,jev_explanation,capitalized_name_proxy,286,0.11888111888111888,0,,offline_descriptive_proxy_not_validated_construct
explanation_discovery_v2,mbd,discovery,jev_explanation,rare_reference_class_offline,623,0.12520064205457465,0,,offline_descriptive_proxy_not_validated_construct
explanation_discovery_v2,mbd,discovery,jev_explanation,negation_marker,72,0.06944444444444445,0,,offline_descriptive_proxy_not_validated_construct
explanation_discovery_v2,mbd,discovery,jev_grounded,all,623,0.13643659711075443,0,,offline_descriptive_proxy_not_validated_construct
explanation_discovery_v2,mbd,discovery,jev_grounded,capitalized_name_proxy,286,0.12237762237762238,0,,offline_descriptive_proxy_not_validated_construct
explanation_discovery_v2,mbd,discovery,jev_grounded,rare_reference_class_offline,623,0.13643659711075443,0,,offline_descriptive_proxy_not_validated_construct
explanation_discovery_v2,mbd,discovery,jev_grounded,negation_marker,72,0.06944444444444445,0,,offline_descriptive_proxy_not_validated_construct
explanation_discovery_v2,mbd,discovery,jev_explanation,quotation_marker,200,0.175,0,,offline_descriptive_proxy_not_validated_construct
explanation_discovery_v2,mbd,discovery,jev_grounded,quotation_marker,200,0.19,0,,offline_descriptive_proxy_not_validated_construct
explanation_discovery_v2,taskmap,discovery,jev_explanation,all,0,,460,0.10581619412807228,offline_descriptive_proxy_not_validated_construct
explanation_discovery_v2,taskmap,discovery,jev_explanation,negation_marker,0,,460,0.10581619412807228,offline_descriptive_proxy_not_validated_construct
explanation_discovery_v2,taskmap,discovery,jev_explanation,capitalized_name_proxy,0,,460,0.10581619412807228,offline_descriptive_proxy_not_validated_construct
explanation_discovery_v2,taskmap,discovery,jev_explanation,quotation_marker,0,,368,0.1053435295394267,offline_descriptive_proxy_not_validated_construct
explanation_discovery_v2,taskmap,discovery,jev_grounded,all,0,,460,0.13745741106719367,offline_descriptive_proxy_not_validated_construct
explanation_discovery_v2,taskmap,discovery,jev_grounded,negation_marker,0,,460,0.13745741106719367,offline_descriptive_proxy_not_validated_construct
explanation_discovery_v2,taskmap,discovery,jev_grounded,capitalized_name_proxy,0,,460,0.13745741106719367,offline_descriptive_proxy_not_validated_construct
explanation_discovery_v2,taskmap,discovery,jev_grounded,quotation_marker,0,,368,0.13633717414831545,offline_descriptive_proxy_not_validated_construct
explanation_discovery_v2,ucc,discovery,jev_explanation,all,1470,0.12108843537414966,0,,offline_descriptive_proxy_not_validated_construct
explanation_discovery_v2,ucc,discovery,jev_explanation,negation_marker,399,0.13032581453634084,0,,offline_descriptive_proxy_not_validated_construct
explanation_discovery_v2,ucc,discovery,jev_explanation,rare_reference_class_offline,1470,0.12108843537414966,0,,offline_descriptive_proxy_not_validated_construct
explanation_discovery_v2,ucc,discovery,jev_explanation,capitalized_name_proxy,448,0.12946428571428573,0,,offline_descriptive_proxy_not_validated_construct
explanation_discovery_v2,ucc,discovery,jev_grounded,all,1470,0.3795918367346939,0,,offline_descriptive_proxy_not_validated_construct
explanation_discovery_v2,ucc,discovery,jev_grounded,negation_marker,399,0.40350877192982454,0,,offline_descriptive_proxy_not_validated_construct
explanation_discovery_v2,ucc,discovery,jev_grounded,rare_reference_class_offline,1470,0.3795918367346939,0,,offline_descriptive_proxy_not_validated_construct
explanation_discovery_v2,ucc,discovery,jev_grounded,capitalized_name_proxy,448,0.375,0,,offline_descriptive_proxy_not_validated_construct
explanation_discovery_v2,ucc,discovery,jev_explanation,quotation_marker,28,0.17857142857142858,0,,offline_descriptive_proxy_not_validated_construct
explanation_discovery_v2,ucc,discovery,jev_grounded,quotation_marker,28,0.39285714285714285,0,,offline_descriptive_proxy_not_validated_construct
explanation_fallback_discovery_v3,babe,discovery,jev_explanation_fallback,all,200,0.195,0,,offline_descriptive_proxy_not_validated_construct
explanation_fallback_discovery_v3,babe,discovery,jev_explanation_fallback,rare_reference_class_offline,200,0.195,0,,offline_descriptive_proxy_not_validated_construct
explanation_fallback_discovery_v3,babe,discovery,jev_explanation_fallback,quotation_marker,34,0.2647058823529412,0,,offline_descriptive_proxy_not_validated_construct
explanation_fallback_discovery_v3,babe,discovery,jev_explanation_fallback,negation_marker,29,0.3448275862068966,0,,offline_descriptive_proxy_not_validated_construct
explanation_fallback_discovery_v3,babe,discovery,jev_explanation_fallback,capitalized_name_proxy,115,0.16521739130434782,0,,offline_descriptive_proxy_not_validated_construct
explanation_fallback_discovery_v3,babe,discovery,jev_verbose,all,200,0.205,0,,offline_descriptive_proxy_not_validated_construct
explanation_fallback_discovery_v3,babe,discovery,jev_verbose,rare_reference_class_offline,200,0.205,0,,offline_descriptive_proxy_not_validated_construct
explanation_fallback_discovery_v3,babe,discovery,jev_verbose,quotation_marker,34,0.17647058823529413,0,,offline_descriptive_proxy_not_validated_construct
explanation_fallback_discovery_v3,babe,discovery,jev_verbose,negation_marker,29,0.20689655172413793,0,,offline_descriptive_proxy_not_validated_construct
explanation_fallback_discovery_v3,babe,discovery,jev_verbose,capitalized_name_proxy,115,0.2,0,,offline_descriptive_proxy_not_validated_construct
explanation_fallback_discovery_v3,babe,discovery,jev_explanation_fallback,sarcasm_marker_proxy,1,0.0,0,,offline_descriptive_proxy_not_validated_construct
explanation_fallback_discovery_v3,babe,discovery,jev_verbose,sarcasm_marker_proxy,1,0.0,0,,offline_descriptive_proxy_not_validated_construct
explanation_fallback_discovery_v3,commonsense,discovery,jev_explanation_fallback,all,0,,400,0.14997003372914694,offline_descriptive_proxy_not_validated_construct
explanation_fallback_discovery_v3,commonsense,discovery,jev_explanation_fallback,negation_marker,0,,66,0.16055108586638311,offline_descriptive_proxy_not_validated_construct
explanation_fallback_discovery_v3,commonsense,discovery,jev_verbose,all,0,,400,0.1536566507950265,offline_descriptive_proxy_not_validated_construct
explanation_fallback_discovery_v3,commonsense,discovery,jev_verbose,negation_marker,0,,66,0.15248455364406344,offline_descriptive_proxy_not_validated_construct
explanation_fallback_discovery_v3,commonsense,discovery,jev_explanation_fallback,sarcasm_marker_proxy,0,,2,0.13880574708212196,offline_descriptive_proxy_not_validated_construct
explanation_fallback_discovery_v3,commonsense,discovery,jev_verbose,sarcasm_marker_proxy,0,,2,0.19874999999999998,offline_descriptive_proxy_not_validated_construct
explanation_fallback_discovery_v3,conflict,discovery,jev_explanation_fallback,all,368,0.10054347826086957,0,,offline_descriptive_proxy_not_validated_construct
explanation_fallback_discovery_v3,conflict,discovery,jev_explanation_fallback,quotation_marker,132,0.05303030303030303,0,,offline_descriptive_proxy_not_validated_construct
explanation_fallback_discovery_v3,conflict,discovery,jev_explanation_fallback,negation_marker,236,0.08050847457627118,0,,offline_descriptive_proxy_not_validated_construct
explanation_fallback_discovery_v3,conflict,discovery,jev_explanation_fallback,rare_reference_class_offline,368,0.10054347826086957,0,,offline_descriptive_proxy_not_validated_construct
explanation_fallback_discovery_v3,conflict,discovery,jev_verbose,all,368,0.15217391304347827,0,,offline_descriptive_proxy_not_validated_construct
explanation_fallback_discovery_v3,conflict,discovery,jev_verbose,quotation_marker,132,0.10606060606060606,0,,offline_descriptive_proxy_not_validated_construct
explanation_fallback_discovery_v3,conflict,discovery,jev_verbose,negation_marker,236,0.1271186440677966,0,,offline_descriptive_proxy_not_validated_construct
explanation_fallback_discovery_v3,conflict,discovery,jev_verbose,rare_reference_class_offline,368,0.15217391304347827,0,,offline_descriptive_proxy_not_validated_construct
explanation_fallback_discovery_v3,conflict,discovery,jev_explanation_fallback,capitalized_name_proxy,16,0.0,0,,offline_descriptive_proxy_not_validated_construct
explanation_fallback_discovery_v3,conflict,discovery,jev_verbose,capitalized_name_proxy,16,0.0625,0,,offline_descriptive_proxy_not_validated_construct
explanation_fallback_discovery_v3,mbd,discovery,jev_explanation_fallback,all,623,0.1348314606741573,0,,offline_descriptive_proxy_not_validated_construct
explanation_fallback_discovery_v3,mbd,discovery,jev_explanation_fallback,capitalized_name_proxy,286,0.1258741258741259,0,,offline_descriptive_proxy_not_validated_construct
explanation_fallback_discovery_v3,mbd,discovery,jev_explanation_fallback,rare_reference_class_offline,623,0.1348314606741573,0,,offline_descriptive_proxy_not_validated_construct
explanation_fallback_discovery_v3,mbd,discovery,jev_explanation_fallback,negation_marker,72,0.09722222222222222,0,,offline_descriptive_proxy_not_validated_construct
explanation_fallback_discovery_v3,mbd,discovery,jev_verbose,all,623,0.15409309791332262,0,,offline_descriptive_proxy_not_validated_construct
explanation_fallback_discovery_v3,mbd,discovery,jev_verbose,capitalized_name_proxy,286,0.13286713286713286,0,,offline_descriptive_proxy_not_validated_construct
explanation_fallback_discovery_v3,mbd,discovery,jev_verbose,rare_reference_class_offline,623,0.15409309791332262,0,,offline_descriptive_proxy_not_validated_construct
explanation_fallback_discovery_v3,mbd,discovery,jev_verbose,negation_marker,72,0.1111111111111111,0,,offline_descriptive_proxy_not_validated_construct
explanation_fallback_discovery_v3,mbd,discovery,jev_explanation_fallback,quotation_marker,200,0.185,0,,offline_descriptive_proxy_not_validated_construct
explanation_fallback_discovery_v3,mbd,discovery,jev_verbose,quotation_marker,200,0.19,0,,offline_descriptive_proxy_not_validated_construct
explanation_fallback_discovery_v3,taskmap,discovery,jev_explanation_fallback,all,0,,460,0.10145852534560744,offline_descriptive_proxy_not_validated_construct
explanation_fallback_discovery_v3,taskmap,discovery,jev_explanation_fallback,negation_marker,0,,460,0.10145852534560744,offline_descriptive_proxy_not_validated_construct
explanation_fallback_discovery_v3,taskmap,discovery,jev_explanation_fallback,capitalized_name_proxy,0,,460,0.10145852534560744,offline_descriptive_proxy_not_validated_construct
explanation_fallback_discovery_v3,taskmap,discovery,jev_explanation_fallback,quotation_marker,0,,368,0.10168386525136004,offline_descriptive_proxy_not_validated_construct
explanation_fallback_discovery_v3,taskmap,discovery,jev_verbose,all,0,,460,0.1414325377048912,offline_descriptive_proxy_not_validated_construct
explanation_fallback_discovery_v3,taskmap,discovery,jev_verbose,negation_marker,0,,460,0.1414325377048912,offline_descriptive_proxy_not_validated_construct
explanation_fallback_discovery_v3,taskmap,discovery,jev_verbose,capitalized_name_proxy,0,,460,0.1414325377048912,offline_descriptive_proxy_not_validated_construct
explanation_fallback_discovery_v3,taskmap,discovery,jev_verbose,quotation_marker,0,,368,0.1419059083441763,offline_descriptive_proxy_not_validated_construct
explanation_fallback_discovery_v3,ucc,discovery,jev_explanation_fallback,all,1470,0.06938775510204082,0,,offline_descriptive_proxy_not_validated_construct
explanation_fallback_discovery_v3,ucc,discovery,jev_explanation_fallback,negation_marker,399,0.09523809523809523,0,,offline_descriptive_proxy_not_validated_construct
explanation_fallback_discovery_v3,ucc,discovery,jev_explanation_fallback,rare_reference_class_offline,1470,0.06938775510204082,0,,offline_descriptive_proxy_not_validated_construct
explanation_fallback_discovery_v3,ucc,discovery,jev_explanation_fallback,capitalized_name_proxy,448,0.07589285714285714,0,,offline_descriptive_proxy_not_validated_construct
explanation_fallback_discovery_v3,ucc,discovery,jev_verbose,all,1470,0.35306122448979593,0,,offline_descriptive_proxy_not_validated_construct
explanation_fallback_discovery_v3,ucc,discovery,jev_verbose,negation_marker,399,0.3583959899749373,0,,offline_descriptive_proxy_not_validated_construct
explanation_fallback_discovery_v3,ucc,discovery,jev_verbose,rare_reference_class_offline,1470,0.35306122448979593,0,,offline_descriptive_proxy_not_validated_construct
explanation_fallback_discovery_v3,ucc,discovery,jev_verbose,capitalized_name_proxy,448,0.31919642857142855,0,,offline_descriptive_proxy_not_validated_construct
explanation_fallback_discovery_v3,ucc,discovery,jev_explanation_fallback,quotation_marker,28,0.0,0,,offline_descriptive_proxy_not_validated_construct
explanation_fallback_discovery_v3,ucc,discovery,jev_verbose,quotation_marker,28,0.39285714285714285,0,,offline_descriptive_proxy_not_validated_construct
grounded_calibration_v1,babe,calibration,jev_grounded,all,201,0.2537313432835821,0,,offline_descriptive_proxy_not_validated_construct
grounded_calibration_v1,babe,calibration,jev_grounded,capitalized_name_proxy,109,0.28440366972477066,0,,offline_descriptive_proxy_not_validated_construct
grounded_calibration_v1,babe,calibration,jev_grounded,rare_reference_class_offline,201,0.2537313432835821,0,,offline_descriptive_proxy_not_validated_construct
grounded_calibration_v1,babe,calibration,jev_grounded,negation_marker,33,0.2727272727272727,0,,offline_descriptive_proxy_not_validated_construct
grounded_calibration_v1,babe,calibration,jev_grounded,quotation_marker,24,0.375,0,,offline_descriptive_proxy_not_validated_construct
grounded_calibration_v1,babe,calibration,llm_grounded,all,201,0.1691542288557214,0,,offline_descriptive_proxy_not_validated_construct
grounded_calibration_v1,babe,calibration,llm_grounded,capitalized_name_proxy,109,0.1743119266055046,0,,offline_descriptive_proxy_not_validated_construct
grounded_calibration_v1,babe,calibration,llm_grounded,rare_reference_class_offline,201,0.1691542288557214,0,,offline_descriptive_proxy_not_validated_construct
grounded_calibration_v1,babe,calibration,llm_grounded,negation_marker,33,0.15151515151515152,0,,offline_descriptive_proxy_not_validated_construct
grounded_calibration_v1,babe,calibration,llm_grounded,quotation_marker,24,0.2916666666666667,0,,offline_descriptive_proxy_not_validated_construct
grounded_calibration_v1,babe,calibration,jev_grounded,sarcasm_marker_proxy,2,0.0,0,,offline_descriptive_proxy_not_validated_construct
grounded_calibration_v1,babe,calibration,llm_grounded,sarcasm_marker_proxy,2,0.0,0,,offline_descriptive_proxy_not_validated_construct
grounded_calibration_v1,commonsense,calibration,jev_grounded,all,0,,400,0.16110616292266877,offline_descriptive_proxy_not_validated_construct
grounded_calibration_v1,commonsense,calibration,jev_grounded,negation_marker,0,,60,0.15028506508226622,offline_descriptive_proxy_not_validated_construct
grounded_calibration_v1,commonsense,calibration,llm_grounded,all,0,,400,0.14459010406580505,offline_descriptive_proxy_not_validated_construct
grounded_calibration_v1,commonsense,calibration,llm_grounded,negation_marker,0,,60,0.1690929072503184,offline_descriptive_proxy_not_validated_construct
grounded_calibration_v1,conflict,calibration,jev_grounded,all,392,0.1760204081632653,0,,offline_descriptive_proxy_not_validated_construct
grounded_calibration_v1,conflict,calibration,jev_grounded,rare_reference_class_offline,392,0.1760204081632653,0,,offline_descriptive_proxy_not_validated_construct
grounded_calibration_v1,conflict,calibration,jev_grounded,negation_marker,280,0.14285714285714285,0,,offline_descriptive_proxy_not_validated_construct
grounded_calibration_v1,conflict,calibration,jev_grounded,quotation_marker,100,0.2,0,,offline_descriptive_proxy_not_validated_construct
grounded_calibration_v1,conflict,calibration,jev_grounded,capitalized_name_proxy,80,0.175,0,,offline_descriptive_proxy_not_validated_construct
grounded_calibration_v1,conflict,calibration,llm_grounded,all,392,0.15051020408163265,0,,offline_descriptive_proxy_not_validated_construct
grounded_calibration_v1,conflict,calibration,llm_grounded,rare_reference_class_offline,392,0.15051020408163265,0,,offline_descriptive_proxy_not_validated_construct
grounded_calibration_v1,conflict,calibration,llm_grounded,negation_marker,280,0.1357142857142857,0,,offline_descriptive_proxy_not_validated_construct
grounded_calibration_v1,conflict,calibration,llm_grounded,quotation_marker,100,0.15,0,,offline_descriptive_proxy_not_validated_construct
grounded_calibration_v1,conflict,calibration,llm_grounded,capitalized_name_proxy,80,0.1625,0,,offline_descriptive_proxy_not_validated_construct
grounded_calibration_v1,conflict,calibration,jev_grounded,sarcasm_marker_proxy,4,0.25,0,,offline_descriptive_proxy_not_validated_construct
grounded_calibration_v1,conflict,calibration,llm_grounded,sarcasm_marker_proxy,4,0.0,0,,offline_descriptive_proxy_not_validated_construct
grounded_calibration_v1,mbd,calibration,jev_grounded,all,714,0.15826330532212884,0,,offline_descriptive_proxy_not_validated_construct
grounded_calibration_v1,mbd,calibration,jev_grounded,capitalized_name_proxy,345,0.10434782608695652,0,,offline_descriptive_proxy_not_validated_construct
grounded_calibration_v1,mbd,calibration,jev_grounded,rare_reference_class_offline,714,0.15826330532212884,0,,offline_descriptive_proxy_not_validated_construct
grounded_calibration_v1,mbd,calibration,jev_grounded,quotation_marker,216,0.16666666666666666,0,,offline_descriptive_proxy_not_validated_construct
grounded_calibration_v1,mbd,calibration,jev_grounded,negation_marker,114,0.13157894736842105,0,,offline_descriptive_proxy_not_validated_construct
grounded_calibration_v1,mbd,calibration,llm_grounded,all,714,0.1568627450980392,0,,offline_descriptive_proxy_not_validated_construct
grounded_calibration_v1,mbd,calibration,llm_grounded,capitalized_name_proxy,345,0.11884057971014493,0,,offline_descriptive_proxy_not_validated_construct
grounded_calibration_v1,mbd,calibration,llm_grounded,rare_reference_class_offline,714,0.1568627450980392,0,,offline_descriptive_proxy_not_validated_construct
grounded_calibration_v1,mbd,calibration,llm_grounded,quotation_marker,216,0.17592592592592593,0,,offline_descriptive_proxy_not_validated_construct
grounded_calibration_v1,mbd,calibration,llm_grounded,negation_marker,114,0.20175438596491227,0,,offline_descriptive_proxy_not_validated_construct
grounded_calibration_v1,taskmap,calibration,jev_grounded,all,0,,460,0.13123259498850234,offline_descriptive_proxy_not_validated_construct
grounded_calibration_v1,taskmap,calibration,jev_grounded,quotation_marker,0,,276,0.12226746434095205,offline_descriptive_proxy_not_validated_construct
grounded_calibration_v1,taskmap,calibration,jev_grounded,negation_marker,0,,460,0.13123259498850234,offline_descriptive_proxy_not_validated_construct
grounded_calibration_v1,taskmap,calibration,jev_grounded,capitalized_name_proxy,0,,460,0.13123259498850234,offline_descriptive_proxy_not_validated_construct
grounded_calibration_v1,taskmap,calibration,llm_grounded,all,0,,460,0.14410316783090885,offline_descriptive_proxy_not_validated_construct
grounded_calibration_v1,taskmap,calibration,llm_grounded,quotation_marker,0,,276,0.14700903520445108,offline_descriptive_proxy_not_validated_construct
grounded_calibration_v1,taskmap,calibration,llm_grounded,negation_marker,0,,460,0.14410316783090885,offline_descriptive_proxy_not_validated_construct
grounded_calibration_v1,taskmap,calibration,llm_grounded,capitalized_name_proxy,0,,460,0.14410316783090885,offline_descriptive_proxy_not_validated_construct
grounded_calibration_v1,ucc,calibration,jev_grounded,all,1435,0.30452961672473866,0,,offline_descriptive_proxy_not_validated_construct
grounded_calibration_v1,ucc,calibration,jev_grounded,rare_reference_class_offline,1435,0.30452961672473866,0,,offline_descriptive_proxy_not_validated_construct
grounded_calibration_v1,ucc,calibration,jev_grounded,capitalized_name_proxy,245,0.2571428571428571,0,,offline_descriptive_proxy_not_validated_construct
grounded_calibration_v1,ucc,calibration,jev_grounded,negation_marker,420,0.24761904761904763,0,,offline_descriptive_proxy_not_validated_construct
grounded_calibration_v1,ucc,calibration,llm_grounded,all,1435,0.2627177700348432,0,,offline_descriptive_proxy_not_validated_construct
grounded_calibration_v1,ucc,calibration,llm_grounded,rare_reference_class_offline,1435,0.2627177700348432,0,,offline_descriptive_proxy_not_validated_construct
grounded_calibration_v1,ucc,calibration,llm_grounded,capitalized_name_proxy,245,0.2938775510204082,0,,offline_descriptive_proxy_not_validated_construct
grounded_calibration_v1,ucc,calibration,llm_grounded,negation_marker,420,0.1976190476190476,0,,offline_descriptive_proxy_not_validated_construct
grounded_calibration_v1,ucc,calibration,jev_grounded,quotation_marker,28,0.42857142857142855,0,,offline_descriptive_proxy_not_validated_construct
grounded_calibration_v1,ucc,calibration,llm_grounded,quotation_marker,28,0.25,0,,offline_descriptive_proxy_not_validated_construct
grounded_discovery_v1,babe,discovery,jev_grounded,all,200,0.22,0,,offline_descriptive_proxy_not_validated_construct
grounded_discovery_v1,babe,discovery,jev_grounded,rare_reference_class_offline,200,0.22,0,,offline_descriptive_proxy_not_validated_construct
grounded_discovery_v1,babe,discovery,jev_grounded,quotation_marker,34,0.20588235294117646,0,,offline_descriptive_proxy_not_validated_construct
grounded_discovery_v1,babe,discovery,jev_grounded,negation_marker,29,0.20689655172413793,0,,offline_descriptive_proxy_not_validated_construct
grounded_discovery_v1,babe,discovery,jev_grounded,capitalized_name_proxy,115,0.22608695652173913,0,,offline_descriptive_proxy_not_validated_construct
grounded_discovery_v1,babe,discovery,llm_grounded,all,200,0.175,0,,offline_descriptive_proxy_not_validated_construct
grounded_discovery_v1,babe,discovery,llm_grounded,rare_reference_class_offline,200,0.175,0,,offline_descriptive_proxy_not_validated_construct
grounded_discovery_v1,babe,discovery,llm_grounded,quotation_marker,34,0.14705882352941177,0,,offline_descriptive_proxy_not_validated_construct
grounded_discovery_v1,babe,discovery,llm_grounded,negation_marker,29,0.27586206896551724,0,,offline_descriptive_proxy_not_validated_construct
grounded_discovery_v1,babe,discovery,llm_grounded,capitalized_name_proxy,115,0.14782608695652175,0,,offline_descriptive_proxy_not_validated_construct
grounded_discovery_v1,babe,discovery,jev_grounded,sarcasm_marker_proxy,1,1.0,0,,offline_descriptive_proxy_not_validated_construct
grounded_discovery_v1,babe,discovery,llm_grounded,sarcasm_marker_proxy,1,0.0,0,,offline_descriptive_proxy_not_validated_construct
grounded_discovery_v1,commonsense,discovery,jev_grounded,all,0,,400,0.154672542163024,offline_descriptive_proxy_not_validated_construct
grounded_discovery_v1,commonsense,discovery,jev_grounded,negation_marker,0,,66,0.15442539058490037,offline_descriptive_proxy_not_validated_construct
grounded_discovery_v1,commonsense,discovery,llm_grounded,all,0,,400,0.16198334183116,offline_descriptive_proxy_not_validated_construct
grounded_discovery_v1,commonsense,discovery,llm_grounded,negation_marker,0,,66,0.22622654875860754,offline_descriptive_proxy_not_validated_construct
grounded_discovery_v1,commonsense,discovery,jev_grounded,sarcasm_marker_proxy,0,,2,0.20875,offline_descriptive_proxy_not_validated_construct
grounded_discovery_v1,commonsense,discovery,llm_grounded,sarcasm_marker_proxy,0,,2,0.14375,offline_descriptive_proxy_not_validated_construct
grounded_discovery_v1,conflict,discovery,jev_grounded,all,368,0.1793478260869565,0,,offline_descriptive_proxy_not_validated_construct
grounded_discovery_v1,conflict,discovery,jev_grounded,quotation_marker,132,0.10606060606060606,0,,offline_descriptive_proxy_not_validated_construct
grounded_discovery_v1,conflict,discovery,jev_grounded,negation_marker,236,0.16101694915254236,0,,offline_descriptive_proxy_not_validated_construct
grounded_discovery_v1,conflict,discovery,jev_grounded,rare_reference_class_offline,368,0.1793478260869565,0,,offline_descriptive_proxy_not_validated_construct
grounded_discovery_v1,conflict,discovery,llm_grounded,all,368,0.1358695652173913,0,,offline_descriptive_proxy_not_validated_construct
grounded_discovery_v1,conflict,discovery,llm_grounded,quotation_marker,132,0.06060606060606061,0,,offline_descriptive_proxy_not_validated_construct
grounded_discovery_v1,conflict,discovery,llm_grounded,negation_marker,236,0.0847457627118644,0,,offline_descriptive_proxy_not_validated_construct
grounded_discovery_v1,conflict,discovery,llm_grounded,rare_reference_class_offline,368,0.1358695652173913,0,,offline_descriptive_proxy_not_validated_construct
grounded_discovery_v1,conflict,discovery,jev_grounded,capitalized_name_proxy,16,0.0625,0,,offline_descriptive_proxy_not_validated_construct
grounded_discovery_v1,conflict,discovery,llm_grounded,capitalized_name_proxy,16,0.0625,0,,offline_descriptive_proxy_not_validated_construct
grounded_discovery_v1,mbd,discovery,jev_grounded,all,623,0.13804173354735153,0,,offline_descriptive_proxy_not_validated_construct
grounded_discovery_v1,mbd,discovery,jev_grounded,capitalized_name_proxy,286,0.1258741258741259,0,,offline_descriptive_proxy_not_validated_construct
grounded_discovery_v1,mbd,discovery,jev_grounded,rare_reference_class_offline,623,0.13804173354735153,0,,offline_descriptive_proxy_not_validated_construct
grounded_discovery_v1,mbd,discovery,jev_grounded,negation_marker,72,0.06944444444444445,0,,offline_descriptive_proxy_not_validated_construct
grounded_discovery_v1,mbd,discovery,llm_grounded,all,623,0.12199036918138041,0,,offline_descriptive_proxy_not_validated_construct
grounded_discovery_v1,mbd,discovery,llm_grounded,capitalized_name_proxy,286,0.10139860139860139,0,,offline_descriptive_proxy_not_validated_construct
grounded_discovery_v1,mbd,discovery,llm_grounded,rare_reference_class_offline,623,0.12199036918138041,0,,offline_descriptive_proxy_not_validated_construct
grounded_discovery_v1,mbd,discovery,llm_grounded,negation_marker,72,0.1111111111111111,0,,offline_descriptive_proxy_not_validated_construct
grounded_discovery_v1,mbd,discovery,jev_grounded,quotation_marker,200,0.2,0,,offline_descriptive_proxy_not_validated_construct
grounded_discovery_v1,mbd,discovery,llm_grounded,quotation_marker,200,0.18,0,,offline_descriptive_proxy_not_validated_construct
grounded_discovery_v1,taskmap,discovery,jev_grounded,all,0,,460,0.13688088834605847,offline_descriptive_proxy_not_validated_construct
grounded_discovery_v1,taskmap,discovery,jev_grounded,negation_marker,0,,460,0.13688088834605847,offline_descriptive_proxy_not_validated_construct
grounded_discovery_v1,taskmap,discovery,jev_grounded,capitalized_name_proxy,0,,460,0.13688088834605847,offline_descriptive_proxy_not_validated_construct
grounded_discovery_v1,taskmap,discovery,jev_grounded,quotation_marker,0,,368,0.13649384993944305,offline_descriptive_proxy_not_validated_construct
grounded_discovery_v1,taskmap,discovery,llm_grounded,all,0,,460,0.13305475965433433,offline_descriptive_proxy_not_validated_construct
grounded_discovery_v1,taskmap,discovery,llm_grounded,negation_marker,0,,460,0.13305475965433433,offline_descriptive_proxy_not_validated_construct
grounded_discovery_v1,taskmap,discovery,llm_grounded,capitalized_name_proxy,0,,460,0.13305475965433433,offline_descriptive_proxy_not_validated_construct
grounded_discovery_v1,taskmap,discovery,llm_grounded,quotation_marker,0,,368,0.13688605496976242,offline_descriptive_proxy_not_validated_construct
grounded_discovery_v1,ucc,discovery,jev_grounded,all,1470,0.3795918367346939,0,,offline_descriptive_proxy_not_validated_construct
grounded_discovery_v1,ucc,discovery,jev_grounded,negation_marker,399,0.40350877192982454,0,,offline_descriptive_proxy_not_validated_construct
grounded_discovery_v1,ucc,discovery,jev_grounded,rare_reference_class_offline,1470,0.3795918367346939,0,,offline_descriptive_proxy_not_validated_construct
grounded_discovery_v1,ucc,discovery,jev_grounded,capitalized_name_proxy,448,0.37723214285714285,0,,offline_descriptive_proxy_not_validated_construct
grounded_discovery_v1,ucc,discovery,llm_grounded,all,1470,0.2639455782312925,0,,offline_descriptive_proxy_not_validated_construct
grounded_discovery_v1,ucc,discovery,llm_grounded,negation_marker,399,0.2832080200501253,0,,offline_descriptive_proxy_not_validated_construct
grounded_discovery_v1,ucc,discovery,llm_grounded,rare_reference_class_offline,1470,0.2639455782312925,0,,offline_descriptive_proxy_not_validated_construct
grounded_discovery_v1,ucc,discovery,llm_grounded,capitalized_name_proxy,448,0.24330357142857142,0,,offline_descriptive_proxy_not_validated_construct
grounded_discovery_v1,ucc,discovery,jev_grounded,quotation_marker,28,0.39285714285714285,0,,offline_descriptive_proxy_not_validated_construct
grounded_discovery_v1,ucc,discovery,llm_grounded,quotation_marker,28,0.32142857142857145,0,,offline_descriptive_proxy_not_validated_construct
native_calibration_v1,babe,calibration,jev_native,all,201,0.1791044776119403,0,,offline_descriptive_proxy_not_validated_construct
native_calibration_v1,babe,calibration,jev_native,capitalized_name_proxy,109,0.1834862385321101,0,,offline_descriptive_proxy_not_validated_construct
native_calibration_v1,babe,calibration,jev_native,rare_reference_class_offline,201,0.1791044776119403,0,,offline_descriptive_proxy_not_validated_construct
native_calibration_v1,babe,calibration,jev_native,negation_marker,33,0.21212121212121213,0,,offline_descriptive_proxy_not_validated_construct
native_calibration_v1,babe,calibration,jev_native,quotation_marker,24,0.2916666666666667,0,,offline_descriptive_proxy_not_validated_construct
native_calibration_v1,babe,calibration,llm_native,all,201,0.18407960199004975,0,,offline_descriptive_proxy_not_validated_construct
native_calibration_v1,babe,calibration,llm_native,capitalized_name_proxy,109,0.1926605504587156,0,,offline_descriptive_proxy_not_validated_construct
native_calibration_v1,babe,calibration,llm_native,rare_reference_class_offline,201,0.18407960199004975,0,,offline_descriptive_proxy_not_validated_construct
native_calibration_v1,babe,calibration,llm_native,negation_marker,33,0.24242424242424243,0,,offline_descriptive_proxy_not_validated_construct
native_calibration_v1,babe,calibration,llm_native,quotation_marker,24,0.2916666666666667,0,,offline_descriptive_proxy_not_validated_construct
native_calibration_v1,babe,calibration,jev_native,sarcasm_marker_proxy,2,0.0,0,,offline_descriptive_proxy_not_validated_construct
native_calibration_v1,babe,calibration,llm_native,sarcasm_marker_proxy,2,0.0,0,,offline_descriptive_proxy_not_validated_construct
native_calibration_v1,commonsense,calibration,jev_native,all,0,,400,0.14821845627143926,offline_descriptive_proxy_not_validated_construct
native_calibration_v1,commonsense,calibration,jev_native,negation_marker,0,,60,0.13260452577741677,offline_descriptive_proxy_not_validated_construct
native_calibration_v1,commonsense,calibration,llm_native,all,0,,400,0.12959211217168132,offline_descriptive_proxy_not_validated_construct
native_calibration_v1,commonsense,calibration,llm_native,negation_marker,0,,60,0.14847472067444348,offline_descriptive_proxy_not_validated_construct
native_calibration_v1,conflict,calibration,jev_native,all,392,0.1556122448979592,0,,offline_descriptive_proxy_not_validated_construct
native_calibration_v1,conflict,calibration,jev_native,rare_reference_class_offline,392,0.1556122448979592,0,,offline_descriptive_proxy_not_validated_construct
native_calibration_v1,conflict,calibration,jev_native,negation_marker,280,0.12857142857142856,0,,offline_descriptive_proxy_not_validated_construct
native_calibration_v1,conflict,calibration,jev_native,quotation_marker,100,0.15,0,,offline_descriptive_proxy_not_validated_construct
native_calibration_v1,conflict,calibration,jev_native,capitalized_name_proxy,80,0.2125,0,,offline_descriptive_proxy_not_validated_construct
native_calibration_v1,conflict,calibration,llm_native,all,392,0.1326530612244898,0,,offline_descriptive_proxy_not_validated_construct
native_calibration_v1,conflict,calibration,llm_native,rare_reference_class_offline,392,0.1326530612244898,0,,offline_descriptive_proxy_not_validated_construct
native_calibration_v1,conflict,calibration,llm_native,negation_marker,280,0.11071428571428571,0,,offline_descriptive_proxy_not_validated_construct
native_calibration_v1,conflict,calibration,llm_native,quotation_marker,100,0.12,0,,offline_descriptive_proxy_not_validated_construct
native_calibration_v1,conflict,calibration,llm_native,capitalized_name_proxy,80,0.15,0,,offline_descriptive_proxy_not_validated_construct
native_calibration_v1,conflict,calibration,jev_native,sarcasm_marker_proxy,4,0.0,0,,offline_descriptive_proxy_not_validated_construct
native_calibration_v1,conflict,calibration,llm_native,sarcasm_marker_proxy,4,0.0,0,,offline_descriptive_proxy_not_validated_construct
native_calibration_v1,mbd,calibration,jev_native,all,714,0.19607843137254902,0,,offline_descriptive_proxy_not_validated_construct
native_calibration_v1,mbd,calibration,jev_native,capitalized_name_proxy,345,0.15072463768115943,0,,offline_descriptive_proxy_not_validated_construct
native_calibration_v1,mbd,calibration,jev_native,rare_reference_class_offline,714,0.19607843137254902,0,,offline_descriptive_proxy_not_validated_construct
native_calibration_v1,mbd,calibration,jev_native,quotation_marker,216,0.22685185185185186,0,,offline_descriptive_proxy_not_validated_construct
native_calibration_v1,mbd,calibration,jev_native,negation_marker,114,0.18421052631578946,0,,offline_descriptive_proxy_not_validated_construct
native_calibration_v1,mbd,calibration,llm_native,all,714,0.17366946778711484,0,,offline_descriptive_proxy_not_validated_construct
native_calibration_v1,mbd,calibration,llm_native,capitalized_name_proxy,345,0.1391304347826087,0,,offline_descriptive_proxy_not_validated_construct
native_calibration_v1,mbd,calibration,llm_native,rare_reference_class_offline,714,0.17366946778711484,0,,offline_descriptive_proxy_not_validated_construct
native_calibration_v1,mbd,calibration,llm_native,quotation_marker,216,0.21296296296296297,0,,offline_descriptive_proxy_not_validated_construct
native_calibration_v1,mbd,calibration,llm_native,negation_marker,114,0.19298245614035087,0,,offline_descriptive_proxy_not_validated_construct
native_calibration_v1,taskmap,calibration,jev_native,all,0,,460,0.13613478822689598,offline_descriptive_proxy_not_validated_construct
native_calibration_v1,taskmap,calibration,jev_native,quotation_marker,0,,276,0.12930979026749348,offline_descriptive_proxy_not_validated_construct
native_calibration_v1,taskmap,calibration,jev_native,negation_marker,0,,460,0.13613478822689598,offline_descriptive_proxy_not_validated_construct
native_calibration_v1,taskmap,calibration,jev_native,capitalized_name_proxy,0,,460,0.13613478822689598,offline_descriptive_proxy_not_validated_construct
native_calibration_v1,taskmap,calibration,llm_native,all,0,,460,0.1283205898229055,offline_descriptive_proxy_not_validated_construct
native_calibration_v1,taskmap,calibration,llm_native,quotation_marker,0,,276,0.13001952765256167,offline_descriptive_proxy_not_validated_construct
native_calibration_v1,taskmap,calibration,llm_native,negation_marker,0,,460,0.1283205898229055,offline_descriptive_proxy_not_validated_construct
native_calibration_v1,taskmap,calibration,llm_native,capitalized_name_proxy,0,,460,0.1283205898229055,offline_descriptive_proxy_not_validated_construct
native_calibration_v1,ucc,calibration,jev_native,all,1435,0.3205574912891986,0,,offline_descriptive_proxy_not_validated_construct
native_calibration_v1,ucc,calibration,jev_native,rare_reference_class_offline,1435,0.3205574912891986,0,,offline_descriptive_proxy_not_validated_construct
native_calibration_v1,ucc,calibration,jev_native,capitalized_name_proxy,245,0.3469387755102041,0,,offline_descriptive_proxy_not_validated_construct
native_calibration_v1,ucc,calibration,jev_native,negation_marker,420,0.2571428571428571,0,,offline_descriptive_proxy_not_validated_construct
native_calibration_v1,ucc,calibration,llm_native,all,1435,0.23763066202090594,0,,offline_descriptive_proxy_not_validated_construct
native_calibration_v1,ucc,calibration,llm_native,rare_reference_class_offline,1435,0.23763066202090594,0,,offline_descriptive_proxy_not_validated_construct
native_calibration_v1,ucc,calibration,llm_native,capitalized_name_proxy,245,0.2653061224489796,0,,offline_descriptive_proxy_not_validated_construct
native_calibration_v1,ucc,calibration,llm_native,negation_marker,420,0.1880952380952381,0,,offline_descriptive_proxy_not_validated_construct
native_calibration_v1,ucc,calibration,jev_native,quotation_marker,28,0.32142857142857145,0,,offline_descriptive_proxy_not_validated_construct
native_calibration_v1,ucc,calibration,llm_native,quotation_marker,28,0.25,0,,offline_descriptive_proxy_not_validated_construct
native_diagnostic_v1,babe,diagnostic,jev_native,all,1000,0.192,0,,offline_descriptive_proxy_not_validated_construct
native_diagnostic_v1,babe,diagnostic,jev_native,quotation_marker,136,0.16911764705882354,0,,offline_descriptive_proxy_not_validated_construct
native_diagnostic_v1,babe,diagnostic,jev_native,negation_marker,145,0.1793103448275862,0,,offline_descriptive_proxy_not_validated_construct
native_diagnostic_v1,babe,diagnostic,jev_native,capitalized_name_proxy,566,0.1872791519434629,0,,offline_descriptive_proxy_not_validated_construct
native_diagnostic_v1,babe,diagnostic,jev_native,rare_reference_class_offline,1000,0.192,0,,offline_descriptive_proxy_not_validated_construct
native_diagnostic_v1,babe,diagnostic,jev_threshold_calibrated,all,1000,0.199,0,,offline_descriptive_proxy_not_validated_construct
native_diagnostic_v1,babe,diagnostic,jev_threshold_calibrated,quotation_marker,136,0.19852941176470587,0,,offline_descriptive_proxy_not_validated_construct
native_diagnostic_v1,babe,diagnostic,jev_threshold_calibrated,negation_marker,145,0.18620689655172415,0,,offline_descriptive_proxy_not_validated_construct
native_diagnostic_v1,babe,diagnostic,jev_threshold_calibrated,capitalized_name_proxy,566,0.19257950530035337,0,,offline_descriptive_proxy_not_validated_construct
native_diagnostic_v1,babe,diagnostic,jev_threshold_calibrated,rare_reference_class_offline,1000,0.199,0,,offline_descriptive_proxy_not_validated_construct
native_diagnostic_v1,babe,diagnostic,llm_native,all,1000,0.208,0,,offline_descriptive_proxy_not_validated_construct
native_diagnostic_v1,babe,diagnostic,llm_native,quotation_marker,136,0.14705882352941177,0,,offline_descriptive_proxy_not_validated_construct
native_diagnostic_v1,babe,diagnostic,llm_native,negation_marker,145,0.20689655172413793,0,,offline_descriptive_proxy_not_validated_construct
native_diagnostic_v1,babe,diagnostic,llm_native,capitalized_name_proxy,566,0.20141342756183744,0,,offline_descriptive_proxy_not_validated_construct
native_diagnostic_v1,babe,diagnostic,llm_native,rare_reference_class_offline,1000,0.208,0,,offline_descriptive_proxy_not_validated_construct
native_diagnostic_v1,babe,diagnostic,jev_native,sarcasm_marker_proxy,5,0.0,0,,offline_descriptive_proxy_not_validated_construct
native_diagnostic_v1,babe,diagnostic,jev_threshold_calibrated,sarcasm_marker_proxy,5,0.0,0,,offline_descriptive_proxy_not_validated_construct
native_diagnostic_v1,babe,diagnostic,llm_native,sarcasm_marker_proxy,5,0.0,0,,offline_descriptive_proxy_not_validated_construct
native_diagnostic_v1,commonsense,diagnostic,jev_native,all,0,,2000,0.1526713620015878,offline_descriptive_proxy_not_validated_construct
native_diagnostic_v1,commonsense,diagnostic,jev_native,negation_marker,0,,288,0.1396742789676538,offline_descriptive_proxy_not_validated_construct
native_diagnostic_v1,commonsense,diagnostic,jev_threshold_calibrated,all,0,,2000,0.13804801063611957,offline_descriptive_proxy_not_validated_construct
native_diagnostic_v1,commonsense,diagnostic,jev_threshold_calibrated,negation_marker,0,,288,0.13822439728239627,offline_descriptive_proxy_not_validated_construct
native_diagnostic_v1,commonsense,diagnostic,llm_native,all,0,,2000,0.13996205932785558,offline_descriptive_proxy_not_validated_construct
native_diagnostic_v1,commonsense,diagnostic,llm_native,negation_marker,0,,288,0.14850046506660577,offline_descriptive_proxy_not_validated_construct
native_diagnostic_v1,commonsense,diagnostic,jev_native,sarcasm_marker_proxy,0,,2,0.06666666666666665,offline_descriptive_proxy_not_validated_construct
native_diagnostic_v1,commonsense,diagnostic,jev_threshold_calibrated,sarcasm_marker_proxy,0,,2,0.08299446741900698,offline_descriptive_proxy_not_validated_construct
native_diagnostic_v1,commonsense,diagnostic,llm_native,sarcasm_marker_proxy,0,,2,0.09166666666666667,offline_descriptive_proxy_not_validated_construct
native_diagnostic_v1,conflict,diagnostic,jev_native,all,3203,0.20886668748048703,0,,offline_descriptive_proxy_not_validated_construct
native_diagnostic_v1,conflict,diagnostic,jev_native,rare_reference_class_offline,3203,0.20886668748048703,0,,offline_descriptive_proxy_not_validated_construct
native_diagnostic_v1,conflict,diagnostic,jev_native,negation_marker,1950,0.1635897435897436,0,,offline_descriptive_proxy_not_validated_construct
native_diagnostic_v1,conflict,diagnostic,jev_native,quotation_marker,771,0.14656290531776914,0,,offline_descriptive_proxy_not_validated_construct
native_diagnostic_v1,conflict,diagnostic,jev_native,capitalized_name_proxy,442,0.16063348416289594,0,,offline_descriptive_proxy_not_validated_construct
native_diagnostic_v1,conflict,diagnostic,jev_threshold_calibrated,all,3203,0.1476740555729004,0,,offline_descriptive_proxy_not_validated_construct
native_diagnostic_v1,conflict,diagnostic,jev_threshold_calibrated,rare_reference_class_offline,3203,0.1476740555729004,0,,offline_descriptive_proxy_not_validated_construct
native_diagnostic_v1,conflict,diagnostic,jev_threshold_calibrated,negation_marker,1950,0.10717948717948718,0,,offline_descriptive_proxy_not_validated_construct
native_diagnostic_v1,conflict,diagnostic,jev_threshold_calibrated,quotation_marker,771,0.11154345006485085,0,,offline_descriptive_proxy_not_validated_construct
native_diagnostic_v1,conflict,diagnostic,jev_threshold_calibrated,capitalized_name_proxy,442,0.12669683257918551,0,,offline_descriptive_proxy_not_validated_construct
native_diagnostic_v1,conflict,diagnostic,llm_native,all,3203,0.1901342491414299,0,,offline_descriptive_proxy_not_validated_construct
native_diagnostic_v1,conflict,diagnostic,llm_native,rare_reference_class_offline,3203,0.1901342491414299,0,,offline_descriptive_proxy_not_validated_construct
native_diagnostic_v1,conflict,diagnostic,llm_native,negation_marker,1950,0.1671794871794872,0,,offline_descriptive_proxy_not_validated_construct
native_diagnostic_v1,conflict,diagnostic,llm_native,quotation_marker,771,0.16472114137483787,0,,offline_descriptive_proxy_not_validated_construct
native_diagnostic_v1,conflict,diagnostic,llm_native,capitalized_name_proxy,442,0.1515837104072398,0,,offline_descriptive_proxy_not_validated_construct
native_diagnostic_v1,conflict,diagnostic,jev_native,sarcasm_marker_proxy,24,0.16666666666666666,0,,offline_descriptive_proxy_not_validated_construct
native_diagnostic_v1,conflict,diagnostic,jev_threshold_calibrated,sarcasm_marker_proxy,24,0.041666666666666664,0,,offline_descriptive_proxy_not_validated_construct
native_diagnostic_v1,conflict,diagnostic,llm_native,sarcasm_marker_proxy,24,0.125,0,,offline_descriptive_proxy_not_validated_construct
native_diagnostic_v1,mbd,diagnostic,jev_native,all,1598,0.21589486858573217,0,,offline_descriptive_proxy_not_validated_construct
native_diagnostic_v1,mbd,diagnostic,jev_native,rare_reference_class_offline,1598,0.21589486858573217,0,,offline_descriptive_proxy_not_validated_construct
native_diagnostic_v1,mbd,diagnostic,jev_native,negation_marker,217,0.24423963133640553,0,,offline_descriptive_proxy_not_validated_construct
native_diagnostic_v1,mbd,diagnostic,jev_native,quotation_marker,555,0.21981981981981982,0,,offline_descriptive_proxy_not_validated_construct
native_diagnostic_v1,mbd,diagnostic,jev_native,capitalized_name_proxy,504,0.1865079365079365,0,,offline_descriptive_proxy_not_validated_construct
native_diagnostic_v1,mbd,diagnostic,jev_threshold_calibrated,all,1598,0.18397997496871088,0,,offline_descriptive_proxy_not_validated_construct
native_diagnostic_v1,mbd,diagnostic,jev_threshold_calibrated,rare_reference_class_offline,1598,0.18397997496871088,0,,offline_descriptive_proxy_not_validated_construct
native_diagnostic_v1,mbd,diagnostic,jev_threshold_calibrated,negation_marker,217,0.17511520737327188,0,,offline_descriptive_proxy_not_validated_construct
native_diagnostic_v1,mbd,diagnostic,jev_threshold_calibrated,quotation_marker,555,0.17477477477477477,0,,offline_descriptive_proxy_not_validated_construct
native_diagnostic_v1,mbd,diagnostic,jev_threshold_calibrated,capitalized_name_proxy,504,0.17857142857142858,0,,offline_descriptive_proxy_not_validated_construct
native_diagnostic_v1,mbd,diagnostic,llm_native,all,1598,0.20087609511889862,0,,offline_descriptive_proxy_not_validated_construct
native_diagnostic_v1,mbd,diagnostic,llm_native,rare_reference_class_offline,1598,0.20087609511889862,0,,offline_descriptive_proxy_not_validated_construct
native_diagnostic_v1,mbd,diagnostic,llm_native,negation_marker,217,0.2073732718894009,0,,offline_descriptive_proxy_not_validated_construct
native_diagnostic_v1,mbd,diagnostic,llm_native,quotation_marker,555,0.209009009009009,0,,offline_descriptive_proxy_not_validated_construct
native_diagnostic_v1,mbd,diagnostic,llm_native,capitalized_name_proxy,504,0.17857142857142858,0,,offline_descriptive_proxy_not_validated_construct
native_diagnostic_v1,ucc,diagnostic,jev_native,all,7014,0.3669803250641574,0,,offline_descriptive_proxy_not_validated_construct
native_diagnostic_v1,ucc,diagnostic,jev_native,negation_marker,1911,0.358451072736787,0,,offline_descriptive_proxy_not_validated_construct
native_diagnostic_v1,ucc,diagnostic,jev_native,capitalized_name_proxy,1302,0.3986175115207373,0,,offline_descriptive_proxy_not_validated_construct
native_diagnostic_v1,ucc,diagnostic,jev_native,rare_reference_class_offline,7014,0.3669803250641574,0,,offline_descriptive_proxy_not_validated_construct
native_diagnostic_v1,ucc,diagnostic,jev_native,sarcasm_marker_proxy,7,0.14285714285714285,0,,offline_descriptive_proxy_not_validated_construct
native_diagnostic_v1,ucc,diagnostic,jev_threshold_calibrated,all,7014,0.0801254633589963,0,,offline_descriptive_proxy_not_validated_construct
native_diagnostic_v1,ucc,diagnostic,jev_threshold_calibrated,negation_marker,1911,0.06645735217163788,0,,offline_descriptive_proxy_not_validated_construct
native_diagnostic_v1,ucc,diagnostic,jev_threshold_calibrated,capitalized_name_proxy,1302,0.06605222734254992,0,,offline_descriptive_proxy_not_validated_construct
native_diagnostic_v1,ucc,diagnostic,jev_threshold_calibrated,rare_reference_class_offline,7014,0.0801254633589963,0,,offline_descriptive_proxy_not_validated_construct
native_diagnostic_v1,ucc,diagnostic,jev_threshold_calibrated,sarcasm_marker_proxy,7,0.0,0,,offline_descriptive_proxy_not_validated_construct
native_diagnostic_v1,ucc,diagnostic,llm_native,all,7014,0.24978614200171087,0,,offline_descriptive_proxy_not_validated_construct
native_diagnostic_v1,ucc,diagnostic,llm_native,negation_marker,1911,0.25379382522239663,0,,offline_descriptive_proxy_not_validated_construct
native_diagnostic_v1,ucc,diagnostic,llm_native,capitalized_name_proxy,1302,0.2619047619047619,0,,offline_descriptive_proxy_not_validated_construct
native_diagnostic_v1,ucc,diagnostic,llm_native,rare_reference_class_offline,7014,0.24978614200171087,0,,offline_descriptive_proxy_not_validated_construct
native_diagnostic_v1,ucc,diagnostic,llm_native,sarcasm_marker_proxy,7,0.0,0,,offline_descriptive_proxy_not_validated_construct
native_diagnostic_v1,ucc,diagnostic,jev_native,quotation_marker,189,0.3968253968253968,0,,offline_descriptive_proxy_not_validated_construct
native_diagnostic_v1,ucc,diagnostic,jev_threshold_calibrated,quotation_marker,189,0.0582010582010582,0,,offline_descriptive_proxy_not_validated_construct
native_diagnostic_v1,ucc,diagnostic,llm_native,quotation_marker,189,0.32275132275132273,0,,offline_descriptive_proxy_not_validated_construct
native_discovery_v1,babe,discovery,jev_native,all,200,0.185,0,,offline_descriptive_proxy_not_validated_construct
native_discovery_v1,babe,discovery,jev_native,rare_reference_class_offline,200,0.185,0,,offline_descriptive_proxy_not_validated_construct
native_discovery_v1,babe,discovery,jev_native,quotation_marker,34,0.14705882352941177,0,,offline_descriptive_proxy_not_validated_construct
native_discovery_v1,babe,discovery,jev_native,negation_marker,29,0.20689655172413793,0,,offline_descriptive_proxy_not_validated_construct
native_discovery_v1,babe,discovery,jev_native,capitalized_name_proxy,115,0.16521739130434782,0,,offline_descriptive_proxy_not_validated_construct
native_discovery_v1,babe,discovery,llm_native,all,200,0.2,0,,offline_descriptive_proxy_not_validated_construct
native_discovery_v1,babe,discovery,llm_native,rare_reference_class_offline,200,0.2,0,,offline_descriptive_proxy_not_validated_construct
native_discovery_v1,babe,discovery,llm_native,quotation_marker,34,0.20588235294117646,0,,offline_descriptive_proxy_not_validated_construct
native_discovery_v1,babe,discovery,llm_native,negation_marker,29,0.2413793103448276,0,,offline_descriptive_proxy_not_validated_construct
native_discovery_v1,babe,discovery,llm_native,capitalized_name_proxy,115,0.21739130434782608,0,,offline_descriptive_proxy_not_validated_construct
native_discovery_v1,babe,discovery,jev_native,sarcasm_marker_proxy,1,0.0,0,,offline_descriptive_proxy_not_validated_construct
native_discovery_v1,babe,discovery,llm_native,sarcasm_marker_proxy,1,0.0,0,,offline_descriptive_proxy_not_validated_construct
native_discovery_v1,commonsense,discovery,jev_native,all,0,,400,0.15215297515439133,offline_descriptive_proxy_not_validated_construct
native_discovery_v1,commonsense,discovery,jev_native,negation_marker,0,,66,0.15044652631191846,offline_descriptive_proxy_not_validated_construct
native_discovery_v1,commonsense,discovery,llm_native,all,0,,400,0.14324681224791216,offline_descriptive_proxy_not_validated_construct
native_discovery_v1,commonsense,discovery,llm_native,negation_marker,0,,66,0.19650713237252448,offline_descriptive_proxy_not_validated_construct
native_discovery_v1,commonsense,discovery,jev_native,sarcasm_marker_proxy,0,,2,0.19374999999999998,offline_descriptive_proxy_not_validated_construct
native_discovery_v1,commonsense,discovery,llm_native,sarcasm_marker_proxy,0,,2,0.14375,offline_descriptive_proxy_not_validated_construct
native_discovery_v1,conflict,discovery,jev_native,all,368,0.15760869565217392,0,,offline_descriptive_proxy_not_validated_construct
native_discovery_v1,conflict,discovery,jev_native,quotation_marker,132,0.12121212121212122,0,,offline_descriptive_proxy_not_validated_construct
native_discovery_v1,conflict,discovery,jev_native,negation_marker,236,0.13135593220338984,0,,offline_descriptive_proxy_not_validated_construct
native_discovery_v1,conflict,discovery,jev_native,rare_reference_class_offline,368,0.15760869565217392,0,,offline_descriptive_proxy_not_validated_construct
native_discovery_v1,conflict,discovery,llm_native,all,368,0.125,0,,offline_descriptive_proxy_not_validated_construct
native_discovery_v1,conflict,discovery,llm_native,quotation_marker,132,0.06818181818181818,0,,offline_descriptive_proxy_not_validated_construct
native_discovery_v1,conflict,discovery,llm_native,negation_marker,236,0.08898305084745763,0,,offline_descriptive_proxy_not_validated_construct
native_discovery_v1,conflict,discovery,llm_native,rare_reference_class_offline,368,0.125,0,,offline_descriptive_proxy_not_validated_construct
native_discovery_v1,conflict,discovery,jev_native,capitalized_name_proxy,16,0.0625,0,,offline_descriptive_proxy_not_validated_construct
native_discovery_v1,conflict,discovery,llm_native,capitalized_name_proxy,16,0.0625,0,,offline_descriptive_proxy_not_validated_construct
native_discovery_v1,mbd,discovery,jev_native,all,623,0.1508828250401284,0,,offline_descriptive_proxy_not_validated_construct
native_discovery_v1,mbd,discovery,jev_native,capitalized_name_proxy,286,0.13286713286713286,0,,offline_descriptive_proxy_not_validated_construct
native_discovery_v1,mbd,discovery,jev_native,rare_reference_class_offline,623,0.1508828250401284,0,,offline_descriptive_proxy_not_validated_construct
native_discovery_v1,mbd,discovery,jev_native,negation_marker,72,0.1111111111111111,0,,offline_descriptive_proxy_not_validated_construct
native_discovery_v1,mbd,discovery,llm_native,all,623,0.12520064205457465,0,,offline_descriptive_proxy_not_validated_construct
native_discovery_v1,mbd,discovery,llm_native,capitalized_name_proxy,286,0.10839160839160839,0,,offline_descriptive_proxy_not_validated_construct
native_discovery_v1,mbd,discovery,llm_native,rare_reference_class_offline,623,0.12520064205457465,0,,offline_descriptive_proxy_not_validated_construct
native_discovery_v1,mbd,discovery,llm_native,negation_marker,72,0.09722222222222222,0,,offline_descriptive_proxy_not_validated_construct
native_discovery_v1,mbd,discovery,jev_native,quotation_marker,200,0.19,0,,offline_descriptive_proxy_not_validated_construct
native_discovery_v1,mbd,discovery,llm_native,quotation_marker,200,0.17,0,,offline_descriptive_proxy_not_validated_construct
native_discovery_v1,taskmap,discovery,jev_native,all,0,,460,0.1346848188201213,offline_descriptive_proxy_not_validated_construct
native_discovery_v1,taskmap,discovery,jev_native,negation_marker,0,,460,0.1346848188201213,offline_descriptive_proxy_not_validated_construct
native_discovery_v1,taskmap,discovery,jev_native,capitalized_name_proxy,0,,460,0.1346848188201213,offline_descriptive_proxy_not_validated_construct
native_discovery_v1,taskmap,discovery,jev_native,quotation_marker,0,,368,0.13456856822682675,offline_descriptive_proxy_not_validated_construct
native_discovery_v1,taskmap,discovery,llm_native,all,0,,460,0.13154837375919606,offline_descriptive_proxy_not_validated_construct
native_discovery_v1,taskmap,discovery,llm_native,negation_marker,0,,460,0.13154837375919606,offline_descriptive_proxy_not_validated_construct
native_discovery_v1,taskmap,discovery,llm_native,capitalized_name_proxy,0,,460,0.13154837375919606,offline_descriptive_proxy_not_validated_construct
native_discovery_v1,taskmap,discovery,llm_native,quotation_marker,0,,368,0.13998935624473194,offline_descriptive_proxy_not_validated_construct
native_discovery_v1,ucc,discovery,jev_native,all,1470,0.3816326530612245,0,,offline_descriptive_proxy_not_validated_construct
native_discovery_v1,ucc,discovery,jev_native,negation_marker,399,0.40852130325814534,0,,offline_descriptive_proxy_not_validated_construct
native_discovery_v1,ucc,discovery,jev_native,rare_reference_class_offline,1470,0.3816326530612245,0,,offline_descriptive_proxy_not_validated_construct
native_discovery_v1,ucc,discovery,jev_native,capitalized_name_proxy,448,0.3482142857142857,0,,offline_descriptive_proxy_not_validated_construct
native_discovery_v1,ucc,discovery,llm_native,all,1470,0.2714285714285714,0,,offline_descriptive_proxy_not_validated_construct
native_discovery_v1,ucc,discovery,llm_native,negation_marker,399,0.3082706766917293,0,,offline_descriptive_proxy_not_validated_construct
native_discovery_v1,ucc,discovery,llm_native,rare_reference_class_offline,1470,0.2714285714285714,0,,offline_descriptive_proxy_not_validated_construct
native_discovery_v1,ucc,discovery,llm_native,capitalized_name_proxy,448,0.25,0,,offline_descriptive_proxy_not_validated_construct
native_discovery_v1,ucc,discovery,jev_native,quotation_marker,28,0.42857142857142855,0,,offline_descriptive_proxy_not_validated_construct
native_discovery_v1,ucc,discovery,llm_native,quotation_marker,28,0.2857142857142857,0,,offline_descriptive_proxy_not_validated_construct
routing_diagnostic_v1_b025,babe,diagnostic,jev_grounded,all,1000,0.218,0,,offline_descriptive_proxy_not_validated_construct
routing_diagnostic_v1_b025,babe,diagnostic,jev_grounded,quotation_marker,136,0.22794117647058823,0,,offline_descriptive_proxy_not_validated_construct
routing_diagnostic_v1_b025,babe,diagnostic,jev_grounded,negation_marker,145,0.18620689655172415,0,,offline_descriptive_proxy_not_validated_construct
routing_diagnostic_v1_b025,babe,diagnostic,jev_grounded,capitalized_name_proxy,566,0.21554770318021202,0,,offline_descriptive_proxy_not_validated_construct
routing_diagnostic_v1_b025,babe,diagnostic,jev_grounded,rare_reference_class_offline,1000,0.218,0,,offline_descriptive_proxy_not_validated_construct
routing_diagnostic_v1_b025,babe,diagnostic,jev_targeted_llm,all,1000,0.221,0,,offline_descriptive_proxy_not_validated_construct
routing_diagnostic_v1_b025,babe,diagnostic,jev_targeted_llm,quotation_marker,136,0.3161764705882353,0,,offline_descriptive_proxy_not_validated_construct
routing_diagnostic_v1_b025,babe,diagnostic,jev_targeted_llm,negation_marker,145,0.2,0,,offline_descriptive_proxy_not_validated_construct
routing_diagnostic_v1_b025,babe,diagnostic,jev_targeted_llm,capitalized_name_proxy,566,0.21201413427561838,0,,offline_descriptive_proxy_not_validated_construct
routing_diagnostic_v1_b025,babe,diagnostic,jev_targeted_llm,rare_reference_class_offline,1000,0.221,0,,offline_descriptive_proxy_not_validated_construct
routing_diagnostic_v1_b025,babe,diagnostic,jev_grounded,sarcasm_marker_proxy,5,0.0,0,,offline_descriptive_proxy_not_validated_construct
routing_diagnostic_v1_b025,babe,diagnostic,jev_targeted_llm,sarcasm_marker_proxy,5,0.0,0,,offline_descriptive_proxy_not_validated_construct
routing_diagnostic_v1_b025,commonsense,diagnostic,jev_grounded,all,0,,2000,0.16505123423740878,offline_descriptive_proxy_not_validated_construct
routing_diagnostic_v1_b025,commonsense,diagnostic,jev_grounded,negation_marker,0,,288,0.15473138991502822,offline_descriptive_proxy_not_validated_construct
routing_diagnostic_v1_b025,commonsense,diagnostic,jev_targeted_llm,all,0,,2000,0.1458583263080581,offline_descriptive_proxy_not_validated_construct
routing_diagnostic_v1_b025,commonsense,diagnostic,jev_targeted_llm,negation_marker,0,,288,0.14316985848864236,offline_descriptive_proxy_not_validated_construct
routing_diagnostic_v1_b025,commonsense,diagnostic,jev_grounded,sarcasm_marker_proxy,0,,2,0.08833333333333335,offline_descriptive_proxy_not_validated_construct
routing_diagnostic_v1_b025,commonsense,diagnostic,jev_targeted_llm,sarcasm_marker_proxy,0,,2,0.19846751482568328,offline_descriptive_proxy_not_validated_construct
routing_diagnostic_v1_b025,conflict,diagnostic,jev_grounded,all,3203,0.2391507961286294,0,,offline_descriptive_proxy_not_validated_construct
routing_diagnostic_v1_b025,conflict,diagnostic,jev_grounded,rare_reference_class_offline,3203,0.2391507961286294,0,,offline_descriptive_proxy_not_validated_construct
routing_diagnostic_v1_b025,conflict,diagnostic,jev_grounded,negation_marker,1950,0.20256410256410257,0,,offline_descriptive_proxy_not_validated_construct
routing_diagnostic_v1_b025,conflict,diagnostic,jev_grounded,quotation_marker,771,0.19066147859922178,0,,offline_descriptive_proxy_not_validated_construct
routing_diagnostic_v1_b025,conflict,diagnostic,jev_grounded,capitalized_name_proxy,442,0.2081447963800905,0,,offline_descriptive_proxy_not_validated_construct
routing_diagnostic_v1_b025,conflict,diagnostic,jev_targeted_llm,all,3203,0.15017171401810803,0,,offline_descriptive_proxy_not_validated_construct
routing_diagnostic_v1_b025,conflict,diagnostic,jev_targeted_llm,rare_reference_class_offline,3203,0.15017171401810803,0,,offline_descriptive_proxy_not_validated_construct
routing_diagnostic_v1_b025,conflict,diagnostic,jev_targeted_llm,negation_marker,1950,0.11384615384615385,0,,offline_descriptive_proxy_not_validated_construct
routing_diagnostic_v1_b025,conflict,diagnostic,jev_targeted_llm,quotation_marker,771,0.11673151750972763,0,,offline_descriptive_proxy_not_validated_construct
routing_diagnostic_v1_b025,conflict,diagnostic,jev_targeted_llm,capitalized_name_proxy,442,0.1244343891402715,0,,offline_descriptive_proxy_not_validated_construct
routing_diagnostic_v1_b025,conflict,diagnostic,jev_grounded,sarcasm_marker_proxy,24,0.2916666666666667,0,,offline_descriptive_proxy_not_validated_construct
routing_diagnostic_v1_b025,conflict,diagnostic,jev_targeted_llm,sarcasm_marker_proxy,24,0.08333333333333333,0,,offline_descriptive_proxy_not_validated_construct
routing_diagnostic_v1_b025,mbd,diagnostic,jev_grounded,all,1598,0.20400500625782228,0,,offline_descriptive_proxy_not_validated_construct
routing_diagnostic_v1_b025,mbd,diagnostic,jev_grounded,rare_reference_class_offline,1598,0.20400500625782228,0,,offline_descriptive_proxy_not_validated_construct
routing_diagnostic_v1_b025,mbd,diagnostic,jev_grounded,negation_marker,217,0.2350230414746544,0,,offline_descriptive_proxy_not_validated_construct
routing_diagnostic_v1_b025,mbd,diagnostic,jev_grounded,quotation_marker,555,0.1927927927927928,0,,offline_descriptive_proxy_not_validated_construct
routing_diagnostic_v1_b025,mbd,diagnostic,jev_grounded,capitalized_name_proxy,504,0.1884920634920635,0,,offline_descriptive_proxy_not_validated_construct
routing_diagnostic_v1_b025,mbd,diagnostic,jev_targeted_llm,all,1598,0.2065081351689612,0,,offline_descriptive_proxy_not_validated_construct
routing_diagnostic_v1_b025,mbd,diagnostic,jev_targeted_llm,rare_reference_class_offline,1598,0.2065081351689612,0,,offline_descriptive_proxy_not_validated_construct
routing_diagnostic_v1_b025,mbd,diagnostic,jev_targeted_llm,negation_marker,217,0.21658986175115208,0,,offline_descriptive_proxy_not_validated_construct
routing_diagnostic_v1_b025,mbd,diagnostic,jev_targeted_llm,quotation_marker,555,0.218018018018018,0,,offline_descriptive_proxy_not_validated_construct
routing_diagnostic_v1_b025,mbd,diagnostic,jev_targeted_llm,capitalized_name_proxy,504,0.21825396825396826,0,,offline_descriptive_proxy_not_validated_construct
routing_diagnostic_v1_b025,ucc,diagnostic,jev_grounded,all,7014,0.37254063301967494,0,,offline_descriptive_proxy_not_validated_construct
routing_diagnostic_v1_b025,ucc,diagnostic,jev_grounded,negation_marker,1911,0.33751962323390894,0,,offline_descriptive_proxy_not_validated_construct
routing_diagnostic_v1_b025,ucc,diagnostic,jev_grounded,capitalized_name_proxy,1302,0.41013824884792627,0,,offline_descriptive_proxy_not_validated_construct
routing_diagnostic_v1_b025,ucc,diagnostic,jev_grounded,rare_reference_class_offline,7014,0.37254063301967494,0,,offline_descriptive_proxy_not_validated_construct
routing_diagnostic_v1_b025,ucc,diagnostic,jev_grounded,sarcasm_marker_proxy,7,0.14285714285714285,0,,offline_descriptive_proxy_not_validated_construct
routing_diagnostic_v1_b025,ucc,diagnostic,jev_targeted_llm,all,7014,0.12118619903051041,0,,offline_descriptive_proxy_not_validated_construct
routing_diagnostic_v1_b025,ucc,diagnostic,jev_targeted_llm,negation_marker,1911,0.10308738880167452,0,,offline_descriptive_proxy_not_validated_construct
routing_diagnostic_v1_b025,ucc,diagnostic,jev_targeted_llm,capitalized_name_proxy,1302,0.12365591397849462,0,,offline_descriptive_proxy_not_validated_construct
routing_diagnostic_v1_b025,ucc,diagnostic,jev_targeted_llm,rare_reference_class_offline,7014,0.12118619903051041,0,,offline_descriptive_proxy_not_validated_construct
routing_diagnostic_v1_b025,ucc,diagnostic,jev_targeted_llm,sarcasm_marker_proxy,7,0.0,0,,offline_descriptive_proxy_not_validated_construct
routing_diagnostic_v1_b025,ucc,diagnostic,jev_grounded,quotation_marker,189,0.31216931216931215,0,,offline_descriptive_proxy_not_validated_construct
routing_diagnostic_v1_b025,ucc,diagnostic,jev_targeted_llm,quotation_marker,189,0.1164021164021164,0,,offline_descriptive_proxy_not_validated_construct
routing_discovery_v1_b01,babe,discovery,jev_explanation,all,200,0.305,0,,offline_descriptive_proxy_not_validated_construct
routing_discovery_v1_b01,babe,discovery,jev_explanation,rare_reference_class_offline,200,0.305,0,,offline_descriptive_proxy_not_validated_construct
routing_discovery_v1_b01,babe,discovery,jev_explanation,quotation_marker,34,0.4411764705882353,0,,offline_descriptive_proxy_not_validated_construct
routing_discovery_v1_b01,babe,discovery,jev_explanation,negation_marker,29,0.3448275862068966,0,,offline_descriptive_proxy_not_validated_construct
routing_discovery_v1_b01,babe,discovery,jev_explanation,capitalized_name_proxy,115,0.2608695652173913,0,,offline_descriptive_proxy_not_validated_construct
routing_discovery_v1_b01,babe,discovery,jev_grounded,all,200,0.23,0,,offline_descriptive_proxy_not_validated_construct
routing_discovery_v1_b01,babe,discovery,jev_grounded,rare_reference_class_offline,200,0.23,0,,offline_descriptive_proxy_not_validated_construct
routing_discovery_v1_b01,babe,discovery,jev_grounded,quotation_marker,34,0.20588235294117646,0,,offline_descriptive_proxy_not_validated_construct
routing_discovery_v1_b01,babe,discovery,jev_grounded,negation_marker,29,0.2413793103448276,0,,offline_descriptive_proxy_not_validated_construct
routing_discovery_v1_b01,babe,discovery,jev_grounded,capitalized_name_proxy,115,0.23478260869565218,0,,offline_descriptive_proxy_not_validated_construct
routing_discovery_v1_b01,babe,discovery,jev_targeted_llm,all,200,0.25,0,,offline_descriptive_proxy_not_validated_construct
routing_discovery_v1_b01,babe,discovery,jev_targeted_llm,rare_reference_class_offline,200,0.25,0,,offline_descriptive_proxy_not_validated_construct
routing_discovery_v1_b01,babe,discovery,jev_targeted_llm,quotation_marker,34,0.3235294117647059,0,,offline_descriptive_proxy_not_validated_construct
routing_discovery_v1_b01,babe,discovery,jev_targeted_llm,negation_marker,29,0.3103448275862069,0,,offline_descriptive_proxy_not_validated_construct
routing_discovery_v1_b01,babe,discovery,jev_targeted_llm,capitalized_name_proxy,115,0.24347826086956523,0,,offline_descriptive_proxy_not_validated_construct
routing_discovery_v1_b01,babe,discovery,jev_explanation,sarcasm_marker_proxy,1,1.0,0,,offline_descriptive_proxy_not_validated_construct
routing_discovery_v1_b01,babe,discovery,jev_grounded,sarcasm_marker_proxy,1,1.0,0,,offline_descriptive_proxy_not_validated_construct
routing_discovery_v1_b01,babe,discovery,jev_targeted_llm,sarcasm_marker_proxy,1,1.0,0,,offline_descriptive_proxy_not_validated_construct
routing_discovery_v1_b01,commonsense,discovery,jev_explanation,all,0,,384,0.14230916996486204,offline_descriptive_proxy_not_validated_construct
routing_discovery_v1_b01,commonsense,discovery,jev_explanation,negation_marker,0,,62,0.15552575999148124,offline_descriptive_proxy_not_validated_construct
routing_discovery_v1_b01,commonsense,discovery,jev_grounded,all,0,,400,0.15253932956170796,offline_descriptive_proxy_not_validated_construct
routing_discovery_v1_b01,commonsense,discovery,jev_grounded,negation_marker,0,,66,0.15788859404810382,offline_descriptive_proxy_not_validated_construct
routing_discovery_v1_b01,commonsense,discovery,jev_targeted_llm,all,0,,400,0.14435548705897033,offline_descriptive_proxy_not_validated_construct
routing_discovery_v1_b01,commonsense,discovery,jev_targeted_llm,negation_marker,0,,66,0.16458480484048238,offline_descriptive_proxy_not_validated_construct
routing_discovery_v1_b01,commonsense,discovery,jev_explanation,sarcasm_marker_proxy,0,,2,0.13777666753792117,offline_descriptive_proxy_not_validated_construct
routing_discovery_v1_b01,commonsense,discovery,jev_grounded,sarcasm_marker_proxy,0,,2,0.20875,offline_descriptive_proxy_not_validated_construct
routing_discovery_v1_b01,commonsense,discovery,jev_targeted_llm,sarcasm_marker_proxy,0,,2,0.13777666753792117,offline_descriptive_proxy_not_validated_construct
routing_discovery_v1_b01,conflict,discovery,jev_explanation,all,368,0.10597826086956522,0,,offline_descriptive_proxy_not_validated_construct
routing_discovery_v1_b01,conflict,discovery,jev_explanation,quotation_marker,132,0.06060606060606061,0,,offline_descriptive_proxy_not_validated_construct
routing_discovery_v1_b01,conflict,discovery,jev_explanation,negation_marker,236,0.0847457627118644,0,,offline_descriptive_proxy_not_validated_construct
routing_discovery_v1_b01,conflict,discovery,jev_explanation,rare_reference_class_offline,368,0.10597826086956522,0,,offline_descriptive_proxy_not_validated_construct
routing_discovery_v1_b01,conflict,discovery,jev_grounded,all,368,0.17391304347826086,0,,offline_descriptive_proxy_not_validated_construct
routing_discovery_v1_b01,conflict,discovery,jev_grounded,quotation_marker,132,0.11363636363636363,0,,offline_descriptive_proxy_not_validated_construct
routing_discovery_v1_b01,conflict,discovery,jev_grounded,negation_marker,236,0.1483050847457627,0,,offline_descriptive_proxy_not_validated_construct
routing_discovery_v1_b01,conflict,discovery,jev_grounded,rare_reference_class_offline,368,0.17391304347826086,0,,offline_descriptive_proxy_not_validated_construct
routing_discovery_v1_b01,conflict,discovery,jev_targeted_llm,all,368,0.10597826086956522,0,,offline_descriptive_proxy_not_validated_construct
routing_discovery_v1_b01,conflict,discovery,jev_targeted_llm,quotation_marker,132,0.06060606060606061,0,,offline_descriptive_proxy_not_validated_construct
routing_discovery_v1_b01,conflict,discovery,jev_targeted_llm,negation_marker,236,0.0847457627118644,0,,offline_descriptive_proxy_not_validated_construct
routing_discovery_v1_b01,conflict,discovery,jev_targeted_llm,rare_reference_class_offline,368,0.10597826086956522,0,,offline_descriptive_proxy_not_validated_construct
routing_discovery_v1_b01,conflict,discovery,jev_explanation,capitalized_name_proxy,16,0.0,0,,offline_descriptive_proxy_not_validated_construct
routing_discovery_v1_b01,conflict,discovery,jev_grounded,capitalized_name_proxy,16,0.125,0,,offline_descriptive_proxy_not_validated_construct
routing_discovery_v1_b01,conflict,discovery,jev_targeted_llm,capitalized_name_proxy,16,0.0,0,,offline_descriptive_proxy_not_validated_construct
routing_discovery_v1_b01,mbd,discovery,jev_explanation,all,623,0.20385232744783308,0,,offline_descriptive_proxy_not_validated_construct
routing_discovery_v1_b01,mbd,discovery,jev_explanation,capitalized_name_proxy,286,0.2202797202797203,0,,offline_descriptive_proxy_not_validated_construct
routing_discovery_v1_b01,mbd,discovery,jev_explanation,rare_reference_class_offline,623,0.20385232744783308,0,,offline_descriptive_proxy_not_validated_construct
routing_discovery_v1_b01,mbd,discovery,jev_explanation,negation_marker,72,0.1111111111111111,0,,offline_descriptive_proxy_not_validated_construct
routing_discovery_v1_b01,mbd,discovery,jev_grounded,all,623,0.14125200642054575,0,,offline_descriptive_proxy_not_validated_construct
routing_discovery_v1_b01,mbd,discovery,jev_grounded,capitalized_name_proxy,286,0.13286713286713286,0,,offline_descriptive_proxy_not_validated_construct
routing_discovery_v1_b01,mbd,discovery,jev_grounded,rare_reference_class_offline,623,0.14125200642054575,0,,offline_descriptive_proxy_not_validated_construct
routing_discovery_v1_b01,mbd,discovery,jev_grounded,negation_marker,72,0.06944444444444445,0,,offline_descriptive_proxy_not_validated_construct
routing_discovery_v1_b01,mbd,discovery,jev_targeted_llm,all,623,0.13001605136436598,0,,offline_descriptive_proxy_not_validated_construct
routing_discovery_v1_b01,mbd,discovery,jev_targeted_llm,capitalized_name_proxy,286,0.11888111888111888,0,,offline_descriptive_proxy_not_validated_construct
routing_discovery_v1_b01,mbd,discovery,jev_targeted_llm,rare_reference_class_offline,623,0.13001605136436598,0,,offline_descriptive_proxy_not_validated_construct
routing_discovery_v1_b01,mbd,discovery,jev_targeted_llm,negation_marker,72,0.06944444444444445,0,,offline_descriptive_proxy_not_validated_construct
routing_discovery_v1_b01,mbd,discovery,jev_explanation,quotation_marker,200,0.19,0,,offline_descriptive_proxy_not_validated_construct
routing_discovery_v1_b01,mbd,discovery,jev_grounded,quotation_marker,200,0.195,0,,offline_descriptive_proxy_not_validated_construct
routing_discovery_v1_b01,mbd,discovery,jev_targeted_llm,quotation_marker,200,0.19,0,,offline_descriptive_proxy_not_validated_construct
routing_discovery_v1_b01,taskmap,discovery,jev_explanation,all,0,,460,0.10381992748871029,offline_descriptive_proxy_not_validated_construct
routing_discovery_v1_b01,taskmap,discovery,jev_explanation,negation_marker,0,,460,0.10381992748871029,offline_descriptive_proxy_not_validated_construct
routing_discovery_v1_b01,taskmap,discovery,jev_explanation,capitalized_name_proxy,0,,460,0.10381992748871029,offline_descriptive_proxy_not_validated_construct
routing_discovery_v1_b01,taskmap,discovery,jev_explanation,quotation_marker,0,,368,0.1038719152989193,offline_descriptive_proxy_not_validated_construct
routing_discovery_v1_b01,taskmap,discovery,jev_grounded,all,0,,460,0.13639331888967995,offline_descriptive_proxy_not_validated_construct
routing_discovery_v1_b01,taskmap,discovery,jev_grounded,negation_marker,0,,460,0.13639331888967995,offline_descriptive_proxy_not_validated_construct
routing_discovery_v1_b01,taskmap,discovery,jev_grounded,capitalized_name_proxy,0,,460,0.13639331888967995,offline_descriptive_proxy_not_validated_construct
routing_discovery_v1_b01,taskmap,discovery,jev_grounded,quotation_marker,0,,368,0.13558547507549162,offline_descriptive_proxy_not_validated_construct
routing_discovery_v1_b01,taskmap,discovery,jev_targeted_llm,all,0,,460,0.10381992748871029,offline_descriptive_proxy_not_validated_construct
routing_discovery_v1_b01,taskmap,discovery,jev_targeted_llm,negation_marker,0,,460,0.10381992748871029,offline_descriptive_proxy_not_validated_construct
routing_discovery_v1_b01,taskmap,discovery,jev_targeted_llm,capitalized_name_proxy,0,,460,0.10381992748871029,offline_descriptive_proxy_not_validated_construct
routing_discovery_v1_b01,taskmap,discovery,jev_targeted_llm,quotation_marker,0,,368,0.1038719152989193,offline_descriptive_proxy_not_validated_construct
routing_discovery_v1_b01,ucc,discovery,jev_explanation,all,1470,0.12585034013605442,0,,offline_descriptive_proxy_not_validated_construct
routing_discovery_v1_b01,ucc,discovery,jev_explanation,negation_marker,399,0.15538847117794485,0,,offline_descriptive_proxy_not_validated_construct
routing_discovery_v1_b01,ucc,discovery,jev_explanation,rare_reference_class_offline,1470,0.12585034013605442,0,,offline_descriptive_proxy_not_validated_construct
routing_discovery_v1_b01,ucc,discovery,jev_explanation,capitalized_name_proxy,448,0.11830357142857142,0,,offline_descriptive_proxy_not_validated_construct
routing_discovery_v1_b01,ucc,discovery,jev_grounded,all,1470,0.3836734693877551,0,,offline_descriptive_proxy_not_validated_construct
routing_discovery_v1_b01,ucc,discovery,jev_grounded,negation_marker,399,0.40100250626566414,0,,offline_descriptive_proxy_not_validated_construct
routing_discovery_v1_b01,ucc,discovery,jev_grounded,rare_reference_class_offline,1470,0.3836734693877551,0,,offline_descriptive_proxy_not_validated_construct
routing_discovery_v1_b01,ucc,discovery,jev_grounded,capitalized_name_proxy,448,0.390625,0,,offline_descriptive_proxy_not_validated_construct
routing_discovery_v1_b01,ucc,discovery,jev_targeted_llm,all,1470,0.06054421768707483,0,,offline_descriptive_proxy_not_validated_construct
routing_discovery_v1_b01,ucc,discovery,jev_targeted_llm,negation_marker,399,0.05513784461152882,0,,offline_descriptive_proxy_not_validated_construct
routing_discovery_v1_b01,ucc,discovery,jev_targeted_llm,rare_reference_class_offline,1470,0.06054421768707483,0,,offline_descriptive_proxy_not_validated_construct
routing_discovery_v1_b01,ucc,discovery,jev_targeted_llm,capitalized_name_proxy,448,0.06696428571428571,0,,offline_descriptive_proxy_not_validated_construct
routing_discovery_v1_b01,ucc,discovery,jev_explanation,quotation_marker,28,0.0,0,,offline_descriptive_proxy_not_validated_construct
routing_discovery_v1_b01,ucc,discovery,jev_grounded,quotation_marker,28,0.35714285714285715,0,,offline_descriptive_proxy_not_validated_construct
routing_discovery_v1_b01,ucc,discovery,jev_targeted_llm,quotation_marker,28,0.0,0,,offline_descriptive_proxy_not_validated_construct
routing_discovery_v1_b025,babe,discovery,jev_explanation,all,200,0.42,0,,offline_descriptive_proxy_not_validated_construct
routing_discovery_v1_b025,babe,discovery,jev_explanation,rare_reference_class_offline,200,0.42,0,,offline_descriptive_proxy_not_validated_construct
routing_discovery_v1_b025,babe,discovery,jev_explanation,quotation_marker,34,0.47058823529411764,0,,offline_descriptive_proxy_not_validated_construct
routing_discovery_v1_b025,babe,discovery,jev_explanation,negation_marker,29,0.4482758620689655,0,,offline_descriptive_proxy_not_validated_construct
routing_discovery_v1_b025,babe,discovery,jev_explanation,capitalized_name_proxy,115,0.391304347826087,0,,offline_descriptive_proxy_not_validated_construct
routing_discovery_v1_b025,babe,discovery,jev_grounded,all,200,0.215,0,,offline_descriptive_proxy_not_validated_construct
routing_discovery_v1_b025,babe,discovery,jev_grounded,rare_reference_class_offline,200,0.215,0,,offline_descriptive_proxy_not_validated_construct
routing_discovery_v1_b025,babe,discovery,jev_grounded,quotation_marker,34,0.17647058823529413,0,,offline_descriptive_proxy_not_validated_construct
routing_discovery_v1_b025,babe,discovery,jev_grounded,negation_marker,29,0.20689655172413793,0,,offline_descriptive_proxy_not_validated_construct
routing_discovery_v1_b025,babe,discovery,jev_grounded,capitalized_name_proxy,115,0.22608695652173913,0,,offline_descriptive_proxy_not_validated_construct
routing_discovery_v1_b025,babe,discovery,jev_targeted_llm,all,200,0.23,0,,offline_descriptive_proxy_not_validated_construct
routing_discovery_v1_b025,babe,discovery,jev_targeted_llm,rare_reference_class_offline,200,0.23,0,,offline_descriptive_proxy_not_validated_construct
routing_discovery_v1_b025,babe,discovery,jev_targeted_llm,quotation_marker,34,0.2647058823529412,0,,offline_descriptive_proxy_not_validated_construct
routing_discovery_v1_b025,babe,discovery,jev_targeted_llm,negation_marker,29,0.3448275862068966,0,,offline_descriptive_proxy_not_validated_construct
routing_discovery_v1_b025,babe,discovery,jev_targeted_llm,capitalized_name_proxy,115,0.22608695652173913,0,,offline_descriptive_proxy_not_validated_construct
routing_discovery_v1_b025,babe,discovery,jev_explanation,sarcasm_marker_proxy,1,1.0,0,,offline_descriptive_proxy_not_validated_construct
routing_discovery_v1_b025,babe,discovery,jev_grounded,sarcasm_marker_proxy,1,1.0,0,,offline_descriptive_proxy_not_validated_construct
routing_discovery_v1_b025,babe,discovery,jev_targeted_llm,sarcasm_marker_proxy,1,1.0,0,,offline_descriptive_proxy_not_validated_construct
routing_discovery_v1_b025,commonsense,discovery,jev_explanation,all,0,,320,0.14463846183487702,offline_descriptive_proxy_not_validated_construct
routing_discovery_v1_b025,commonsense,discovery,jev_explanation,negation_marker,0,,38,0.1640701214436127,offline_descriptive_proxy_not_validated_construct
routing_discovery_v1_b025,commonsense,discovery,jev_grounded,all,0,,400,0.15543949742997928,offline_descriptive_proxy_not_validated_construct
routing_discovery_v1_b025,commonsense,discovery,jev_grounded,negation_marker,0,,66,0.15639508755459733,offline_descriptive_proxy_not_validated_construct
routing_discovery_v1_b025,commonsense,discovery,jev_targeted_llm,all,0,,400,0.15255888716593158,offline_descriptive_proxy_not_validated_construct
routing_discovery_v1_b025,commonsense,discovery,jev_targeted_llm,negation_marker,0,,66,0.19210400790189058,offline_descriptive_proxy_not_validated_construct
routing_discovery_v1_b025,commonsense,discovery,jev_explanation,sarcasm_marker_proxy,0,,2,0.1337620780464373,offline_descriptive_proxy_not_validated_construct
routing_discovery_v1_b025,commonsense,discovery,jev_grounded,sarcasm_marker_proxy,0,,2,0.20375,offline_descriptive_proxy_not_validated_construct
routing_discovery_v1_b025,commonsense,discovery,jev_targeted_llm,sarcasm_marker_proxy,0,,2,0.1337620780464373,offline_descriptive_proxy_not_validated_construct
routing_discovery_v1_b025,conflict,discovery,jev_explanation,all,368,0.23369565217391305,0,,offline_descriptive_proxy_not_validated_construct
routing_discovery_v1_b025,conflict,discovery,jev_explanation,quotation_marker,132,0.15151515151515152,0,,offline_descriptive_proxy_not_validated_construct
routing_discovery_v1_b025,conflict,discovery,jev_explanation,negation_marker,236,0.2330508474576271,0,,offline_descriptive_proxy_not_validated_construct
routing_discovery_v1_b025,conflict,discovery,jev_explanation,rare_reference_class_offline,368,0.23369565217391305,0,,offline_descriptive_proxy_not_validated_construct
routing_discovery_v1_b025,conflict,discovery,jev_grounded,all,368,0.18478260869565216,0,,offline_descriptive_proxy_not_validated_construct
routing_discovery_v1_b025,conflict,discovery,jev_grounded,quotation_marker,132,0.10606060606060606,0,,offline_descriptive_proxy_not_validated_construct
routing_discovery_v1_b025,conflict,discovery,jev_grounded,negation_marker,236,0.16101694915254236,0,,offline_descriptive_proxy_not_validated_construct
routing_discovery_v1_b025,conflict,discovery,jev_grounded,rare_reference_class_offline,368,0.18478260869565216,0,,offline_descriptive_proxy_not_validated_construct
routing_discovery_v1_b025,conflict,discovery,jev_targeted_llm,all,368,0.08967391304347826,0,,offline_descriptive_proxy_not_validated_construct
routing_discovery_v1_b025,conflict,discovery,jev_targeted_llm,quotation_marker,132,0.030303030303030304,0,,offline_descriptive_proxy_not_validated_construct
routing_discovery_v1_b025,conflict,discovery,jev_targeted_llm,negation_marker,236,0.07203389830508475,0,,offline_descriptive_proxy_not_validated_construct
routing_discovery_v1_b025,conflict,discovery,jev_targeted_llm,rare_reference_class_offline,368,0.08967391304347826,0,,offline_descriptive_proxy_not_validated_construct
routing_discovery_v1_b025,conflict,discovery,jev_explanation,capitalized_name_proxy,16,0.0,0,,offline_descriptive_proxy_not_validated_construct
routing_discovery_v1_b025,conflict,discovery,jev_grounded,capitalized_name_proxy,16,0.0625,0,,offline_descriptive_proxy_not_validated_construct
routing_discovery_v1_b025,conflict,discovery,jev_targeted_llm,capitalized_name_proxy,16,0.0,0,,offline_descriptive_proxy_not_validated_construct
routing_discovery_v1_b025,mbd,discovery,jev_explanation,all,623,0.2953451043338684,0,,offline_descriptive_proxy_not_validated_construct
routing_discovery_v1_b025,mbd,discovery,jev_explanation,capitalized_name_proxy,286,0.3181818181818182,0,,offline_descriptive_proxy_not_validated_construct
routing_discovery_v1_b025,mbd,discovery,jev_explanation,rare_reference_class_offline,623,0.2953451043338684,0,,offline_descriptive_proxy_not_validated_construct
routing_discovery_v1_b025,mbd,discovery,jev_explanation,negation_marker,72,0.1527777777777778,0,,offline_descriptive_proxy_not_validated_construct
routing_discovery_v1_b025,mbd,discovery,jev_grounded,all,623,0.1348314606741573,0,,offline_descriptive_proxy_not_validated_construct
routing_discovery_v1_b025,mbd,discovery,jev_grounded,capitalized_name_proxy,286,0.12237762237762238,0,,offline_descriptive_proxy_not_validated_construct
routing_discovery_v1_b025,mbd,discovery,jev_grounded,rare_reference_class_offline,623,0.1348314606741573,0,,offline_descriptive_proxy_not_validated_construct
routing_discovery_v1_b025,mbd,discovery,jev_grounded,negation_marker,72,0.06944444444444445,0,,offline_descriptive_proxy_not_validated_construct
routing_discovery_v1_b025,mbd,discovery,jev_targeted_llm,all,623,0.1332263242375602,0,,offline_descriptive_proxy_not_validated_construct
routing_discovery_v1_b025,mbd,discovery,jev_targeted_llm,capitalized_name_proxy,286,0.11538461538461539,0,,offline_descriptive_proxy_not_validated_construct
routing_discovery_v1_b025,mbd,discovery,jev_targeted_llm,rare_reference_class_offline,623,0.1332263242375602,0,,offline_descriptive_proxy_not_validated_construct
routing_discovery_v1_b025,mbd,discovery,jev_targeted_llm,negation_marker,72,0.06944444444444445,0,,offline_descriptive_proxy_not_validated_construct
routing_discovery_v1_b025,mbd,discovery,jev_explanation,quotation_marker,200,0.34,0,,offline_descriptive_proxy_not_validated_construct
routing_discovery_v1_b025,mbd,discovery,jev_grounded,quotation_marker,200,0.185,0,,offline_descriptive_proxy_not_validated_construct
routing_discovery_v1_b025,mbd,discovery,jev_targeted_llm,quotation_marker,200,0.185,0,,offline_descriptive_proxy_not_validated_construct
routing_discovery_v1_b025,taskmap,discovery,jev_explanation,all,0,,460,0.10528511310364197,offline_descriptive_proxy_not_validated_construct
routing_discovery_v1_b025,taskmap,discovery,jev_explanation,negation_marker,0,,460,0.10528511310364197,offline_descriptive_proxy_not_validated_construct
routing_discovery_v1_b025,taskmap,discovery,jev_explanation,capitalized_name_proxy,0,,460,0.10528511310364197,offline_descriptive_proxy_not_validated_construct
routing_discovery_v1_b025,taskmap,discovery,jev_explanation,quotation_marker,0,,368,0.10470621387975117,offline_descriptive_proxy_not_validated_construct
routing_discovery_v1_b025,taskmap,discovery,jev_grounded,all,0,,460,0.13808149146065024,offline_descriptive_proxy_not_validated_construct
routing_discovery_v1_b025,taskmap,discovery,jev_grounded,negation_marker,0,,460,0.13808149146065024,offline_descriptive_proxy_not_validated_construct
routing_discovery_v1_b025,taskmap,discovery,jev_grounded,capitalized_name_proxy,0,,460,0.13808149146065024,offline_descriptive_proxy_not_validated_construct
routing_discovery_v1_b025,taskmap,discovery,jev_grounded,quotation_marker,0,,368,0.1371793864413784,offline_descriptive_proxy_not_validated_construct
routing_discovery_v1_b025,taskmap,discovery,jev_targeted_llm,all,0,,460,0.10528511310364197,offline_descriptive_proxy_not_validated_construct
routing_discovery_v1_b025,taskmap,discovery,jev_targeted_llm,negation_marker,0,,460,0.10528511310364197,offline_descriptive_proxy_not_validated_construct
routing_discovery_v1_b025,taskmap,discovery,jev_targeted_llm,capitalized_name_proxy,0,,460,0.10528511310364197,offline_descriptive_proxy_not_validated_construct
routing_discovery_v1_b025,taskmap,discovery,jev_targeted_llm,quotation_marker,0,,368,0.10470621387975117,offline_descriptive_proxy_not_validated_construct
routing_discovery_v1_b025,ucc,discovery,jev_explanation,all,1470,0.2680272108843537,0,,offline_descriptive_proxy_not_validated_construct
routing_discovery_v1_b025,ucc,discovery,jev_explanation,negation_marker,399,0.2932330827067669,0,,offline_descriptive_proxy_not_validated_construct
routing_discovery_v1_b025,ucc,discovery,jev_explanation,rare_reference_class_offline,1470,0.2680272108843537,0,,offline_descriptive_proxy_not_validated_construct
routing_discovery_v1_b025,ucc,discovery,jev_explanation,capitalized_name_proxy,448,0.29910714285714285,0,,offline_descriptive_proxy_not_validated_construct
routing_discovery_v1_b025,ucc,discovery,jev_grounded,all,1470,0.37482993197278913,0,,offline_descriptive_proxy_not_validated_construct
routing_discovery_v1_b025,ucc,discovery,jev_grounded,negation_marker,399,0.39348370927318294,0,,offline_descriptive_proxy_not_validated_construct
routing_discovery_v1_b025,ucc,discovery,jev_grounded,rare_reference_class_offline,1470,0.37482993197278913,0,,offline_descriptive_proxy_not_validated_construct
routing_discovery_v1_b025,ucc,discovery,jev_grounded,capitalized_name_proxy,448,0.3705357142857143,0,,offline_descriptive_proxy_not_validated_construct
routing_discovery_v1_b025,ucc,discovery,jev_targeted_llm,all,1470,0.10272108843537416,0,,offline_descriptive_proxy_not_validated_construct
routing_discovery_v1_b025,ucc,discovery,jev_targeted_llm,negation_marker,399,0.09523809523809523,0,,offline_descriptive_proxy_not_validated_construct
routing_discovery_v1_b025,ucc,discovery,jev_targeted_llm,rare_reference_class_offline,1470,0.10272108843537416,0,,offline_descriptive_proxy_not_validated_construct
routing_discovery_v1_b025,ucc,discovery,jev_targeted_llm,capitalized_name_proxy,448,0.11160714285714286,0,,offline_descriptive_proxy_not_validated_construct
routing_discovery_v1_b025,ucc,discovery,jev_explanation,quotation_marker,28,0.5,0,,offline_descriptive_proxy_not_validated_construct
routing_discovery_v1_b025,ucc,discovery,jev_grounded,quotation_marker,28,0.35714285714285715,0,,offline_descriptive_proxy_not_validated_construct
routing_discovery_v1_b025,ucc,discovery,jev_targeted_llm,quotation_marker,28,0.14285714285714285,0,,offline_descriptive_proxy_not_validated_construct
routing_discovery_v1_b05,babe,discovery,jev_explanation,all,200,0.625,0,,offline_descriptive_proxy_not_validated_construct
routing_discovery_v1_b05,babe,discovery,jev_explanation,rare_reference_class_offline,200,0.625,0,,offline_descriptive_proxy_not_validated_construct
routing_discovery_v1_b05,babe,discovery,jev_explanation,quotation_marker,34,0.6470588235294118,0,,offline_descriptive_proxy_not_validated_construct
routing_discovery_v1_b05,babe,discovery,jev_explanation,negation_marker,29,0.5862068965517241,0,,offline_descriptive_proxy_not_validated_construct
routing_discovery_v1_b05,babe,discovery,jev_explanation,capitalized_name_proxy,115,0.6086956521739131,0,,offline_descriptive_proxy_not_validated_construct
routing_discovery_v1_b05,babe,discovery,jev_grounded,all,200,0.22,0,,offline_descriptive_proxy_not_validated_construct
routing_discovery_v1_b05,babe,discovery,jev_grounded,rare_reference_class_offline,200,0.22,0,,offline_descriptive_proxy_not_validated_construct
routing_discovery_v1_b05,babe,discovery,jev_grounded,quotation_marker,34,0.14705882352941177,0,,offline_descriptive_proxy_not_validated_construct
routing_discovery_v1_b05,babe,discovery,jev_grounded,negation_marker,29,0.20689655172413793,0,,offline_descriptive_proxy_not_validated_construct
routing_discovery_v1_b05,babe,discovery,jev_grounded,capitalized_name_proxy,115,0.21739130434782608,0,,offline_descriptive_proxy_not_validated_construct
routing_discovery_v1_b05,babe,discovery,jev_targeted_llm,all,200,0.24,0,,offline_descriptive_proxy_not_validated_construct
routing_discovery_v1_b05,babe,discovery,jev_targeted_llm,rare_reference_class_offline,200,0.24,0,,offline_descriptive_proxy_not_validated_construct
routing_discovery_v1_b05,babe,discovery,jev_targeted_llm,quotation_marker,34,0.2647058823529412,0,,offline_descriptive_proxy_not_validated_construct
routing_discovery_v1_b05,babe,discovery,jev_targeted_llm,negation_marker,29,0.41379310344827586,0,,offline_descriptive_proxy_not_validated_construct
routing_discovery_v1_b05,babe,discovery,jev_targeted_llm,capitalized_name_proxy,115,0.21739130434782608,0,,offline_descriptive_proxy_not_validated_construct
routing_discovery_v1_b05,babe,discovery,jev_explanation,sarcasm_marker_proxy,1,1.0,0,,offline_descriptive_proxy_not_validated_construct
routing_discovery_v1_b05,babe,discovery,jev_grounded,sarcasm_marker_proxy,1,1.0,0,,offline_descriptive_proxy_not_validated_construct
routing_discovery_v1_b05,babe,discovery,jev_targeted_llm,sarcasm_marker_proxy,1,1.0,0,,offline_descriptive_proxy_not_validated_construct
routing_discovery_v1_b05,commonsense,discovery,jev_explanation,all,0,,224,0.1451144982151528,offline_descriptive_proxy_not_validated_construct
routing_discovery_v1_b05,commonsense,discovery,jev_explanation,negation_marker,0,,22,0.1683908272781012,offline_descriptive_proxy_not_validated_construct
routing_discovery_v1_b05,commonsense,discovery,jev_grounded,all,0,,400,0.1515310813603563,offline_descriptive_proxy_not_validated_construct
routing_discovery_v1_b05,commonsense,discovery,jev_grounded,negation_marker,0,,66,0.15381932997883974,offline_descriptive_proxy_not_validated_construct
routing_discovery_v1_b05,commonsense,discovery,jev_targeted_llm,all,0,,400,0.14948442388553893,offline_descriptive_proxy_not_validated_construct
routing_discovery_v1_b05,commonsense,discovery,jev_targeted_llm,negation_marker,0,,66,0.19594172305695431,offline_descriptive_proxy_not_validated_construct
routing_discovery_v1_b05,commonsense,discovery,jev_explanation,sarcasm_marker_proxy,0,,0,,offline_descriptive_proxy_not_validated_construct
routing_discovery_v1_b05,commonsense,discovery,jev_grounded,sarcasm_marker_proxy,0,,2,0.21375,offline_descriptive_proxy_not_validated_construct
routing_discovery_v1_b05,commonsense,discovery,jev_targeted_llm,sarcasm_marker_proxy,0,,2,0.14375,offline_descriptive_proxy_not_validated_construct
routing_discovery_v1_b05,conflict,discovery,jev_explanation,all,368,0.5516304347826086,0,,offline_descriptive_proxy_not_validated_construct
routing_discovery_v1_b05,conflict,discovery,jev_explanation,quotation_marker,132,0.5303030303030303,0,,offline_descriptive_proxy_not_validated_construct
routing_discovery_v1_b05,conflict,discovery,jev_explanation,negation_marker,236,0.5254237288135594,0,,offline_descriptive_proxy_not_validated_construct
routing_discovery_v1_b05,conflict,discovery,jev_explanation,rare_reference_class_offline,368,0.5516304347826086,0,,offline_descriptive_proxy_not_validated_construct
routing_discovery_v1_b05,conflict,discovery,jev_grounded,all,368,0.16847826086956522,0,,offline_descriptive_proxy_not_validated_construct
routing_discovery_v1_b05,conflict,discovery,jev_grounded,quotation_marker,132,0.09090909090909091,0,,offline_descriptive_proxy_not_validated_construct
routing_discovery_v1_b05,conflict,discovery,jev_grounded,negation_marker,236,0.13559322033898305,0,,offline_descriptive_proxy_not_validated_construct
routing_discovery_v1_b05,conflict,discovery,jev_grounded,rare_reference_class_offline,368,0.16847826086956522,0,,offline_descriptive_proxy_not_validated_construct
routing_discovery_v1_b05,conflict,discovery,jev_targeted_llm,all,368,0.11141304347826086,0,,offline_descriptive_proxy_not_validated_construct
routing_discovery_v1_b05,conflict,discovery,jev_targeted_llm,quotation_marker,132,0.045454545454545456,0,,offline_descriptive_proxy_not_validated_construct
routing_discovery_v1_b05,conflict,discovery,jev_targeted_llm,negation_marker,236,0.06779661016949153,0,,offline_descriptive_proxy_not_validated_construct
routing_discovery_v1_b05,conflict,discovery,jev_targeted_llm,rare_reference_class_offline,368,0.11141304347826086,0,,offline_descriptive_proxy_not_validated_construct
routing_discovery_v1_b05,conflict,discovery,jev_explanation,capitalized_name_proxy,16,0.75,0,,offline_descriptive_proxy_not_validated_construct
routing_discovery_v1_b05,conflict,discovery,jev_grounded,capitalized_name_proxy,16,0.0625,0,,offline_descriptive_proxy_not_validated_construct
routing_discovery_v1_b05,conflict,discovery,jev_targeted_llm,capitalized_name_proxy,16,0.0625,0,,offline_descriptive_proxy_not_validated_construct
routing_discovery_v1_b05,mbd,discovery,jev_explanation,all,623,0.48154093097913325,0,,offline_descriptive_proxy_not_validated_construct
routing_discovery_v1_b05,mbd,discovery,jev_explanation,capitalized_name_proxy,286,0.5034965034965035,0,,offline_descriptive_proxy_not_validated_construct
routing_discovery_v1_b05,mbd,discovery,jev_explanation,rare_reference_class_offline,623,0.48154093097913325,0,,offline_descriptive_proxy_not_validated_construct
routing_discovery_v1_b05,mbd,discovery,jev_explanation,negation_marker,72,0.4027777777777778,0,,offline_descriptive_proxy_not_validated_construct
routing_discovery_v1_b05,mbd,discovery,jev_grounded,all,623,0.14125200642054575,0,,offline_descriptive_proxy_not_validated_construct
routing_discovery_v1_b05,mbd,discovery,jev_grounded,capitalized_name_proxy,286,0.13286713286713286,0,,offline_descriptive_proxy_not_validated_construct
routing_discovery_v1_b05,mbd,discovery,jev_grounded,rare_reference_class_offline,623,0.14125200642054575,0,,offline_descriptive_proxy_not_validated_construct
routing_discovery_v1_b05,mbd,discovery,jev_grounded,negation_marker,72,0.06944444444444445,0,,offline_descriptive_proxy_not_validated_construct
routing_discovery_v1_b05,mbd,discovery,jev_targeted_llm,all,623,0.13162118780096307,0,,offline_descriptive_proxy_not_validated_construct
routing_discovery_v1_b05,mbd,discovery,jev_targeted_llm,capitalized_name_proxy,286,0.12237762237762238,0,,offline_descriptive_proxy_not_validated_construct
routing_discovery_v1_b05,mbd,discovery,jev_targeted_llm,rare_reference_class_offline,623,0.13162118780096307,0,,offline_descriptive_proxy_not_validated_construct
routing_discovery_v1_b05,mbd,discovery,jev_targeted_llm,negation_marker,72,0.06944444444444445,0,,offline_descriptive_proxy_not_validated_construct
routing_discovery_v1_b05,mbd,discovery,jev_explanation,quotation_marker,200,0.545,0,,offline_descriptive_proxy_not_validated_construct
routing_discovery_v1_b05,mbd,discovery,jev_grounded,quotation_marker,200,0.195,0,,offline_descriptive_proxy_not_validated_construct
routing_discovery_v1_b05,mbd,discovery,jev_targeted_llm,quotation_marker,200,0.22,0,,offline_descriptive_proxy_not_validated_construct
routing_discovery_v1_b05,taskmap,discovery,jev_explanation,all,0,,207,0.1038087128031047,offline_descriptive_proxy_not_validated_construct
routing_discovery_v1_b05,taskmap,discovery,jev_explanation,negation_marker,0,,207,0.1038087128031047,offline_descriptive_proxy_not_validated_construct
routing_discovery_v1_b05,taskmap,discovery,jev_explanation,capitalized_name_proxy,0,,207,0.1038087128031047,offline_descriptive_proxy_not_validated_construct
routing_discovery_v1_b05,taskmap,discovery,jev_explanation,quotation_marker,0,,161,0.10202293113924234,offline_descriptive_proxy_not_validated_construct
routing_discovery_v1_b05,taskmap,discovery,jev_grounded,all,0,,460,0.13714581686429514,offline_descriptive_proxy_not_validated_construct
routing_discovery_v1_b05,taskmap,discovery,jev_grounded,negation_marker,0,,460,0.13714581686429514,offline_descriptive_proxy_not_validated_construct
routing_discovery_v1_b05,taskmap,discovery,jev_grounded,capitalized_name_proxy,0,,460,0.13714581686429514,offline_descriptive_proxy_not_validated_construct
routing_discovery_v1_b05,taskmap,discovery,jev_grounded,quotation_marker,0,,368,0.13627376835121402,offline_descriptive_proxy_not_validated_construct
routing_discovery_v1_b05,taskmap,discovery,jev_targeted_llm,all,0,,460,0.12473725524040268,offline_descriptive_proxy_not_validated_construct
routing_discovery_v1_b05,taskmap,discovery,jev_targeted_llm,negation_marker,0,,460,0.12473725524040268,offline_descriptive_proxy_not_validated_construct
routing_discovery_v1_b05,taskmap,discovery,jev_targeted_llm,capitalized_name_proxy,0,,460,0.12473725524040268,offline_descriptive_proxy_not_validated_construct
routing_discovery_v1_b05,taskmap,discovery,jev_targeted_llm,quotation_marker,0,,368,0.12998394684898706,offline_descriptive_proxy_not_validated_construct
routing_discovery_v1_b05,ucc,discovery,jev_explanation,all,1470,0.5578231292517006,0,,offline_descriptive_proxy_not_validated_construct
routing_discovery_v1_b05,ucc,discovery,jev_explanation,negation_marker,399,0.6541353383458647,0,,offline_descriptive_proxy_not_validated_construct
routing_discovery_v1_b05,ucc,discovery,jev_explanation,rare_reference_class_offline,1470,0.5578231292517006,0,,offline_descriptive_proxy_not_validated_construct
routing_discovery_v1_b05,ucc,discovery,jev_explanation,capitalized_name_proxy,448,0.5825892857142857,0,,offline_descriptive_proxy_not_validated_construct
routing_discovery_v1_b05,ucc,discovery,jev_grounded,all,1470,0.3891156462585034,0,,offline_descriptive_proxy_not_validated_construct
routing_discovery_v1_b05,ucc,discovery,jev_grounded,negation_marker,399,0.41604010025062654,0,,offline_descriptive_proxy_not_validated_construct
routing_discovery_v1_b05,ucc,discovery,jev_grounded,rare_reference_class_offline,1470,0.3891156462585034,0,,offline_descriptive_proxy_not_validated_construct
routing_discovery_v1_b05,ucc,discovery,jev_grounded,capitalized_name_proxy,448,0.3861607142857143,0,,offline_descriptive_proxy_not_validated_construct
routing_discovery_v1_b05,ucc,discovery,jev_targeted_llm,all,1470,0.18435374149659864,0,,offline_descriptive_proxy_not_validated_construct
routing_discovery_v1_b05,ucc,discovery,jev_targeted_llm,negation_marker,399,0.20300751879699247,0,,offline_descriptive_proxy_not_validated_construct
routing_discovery_v1_b05,ucc,discovery,jev_targeted_llm,rare_reference_class_offline,1470,0.18435374149659864,0,,offline_descriptive_proxy_not_validated_construct
routing_discovery_v1_b05,ucc,discovery,jev_targeted_llm,capitalized_name_proxy,448,0.20982142857142858,0,,offline_descriptive_proxy_not_validated_construct
routing_discovery_v1_b05,ucc,discovery,jev_explanation,quotation_marker,28,0.75,0,,offline_descriptive_proxy_not_validated_construct
routing_discovery_v1_b05,ucc,discovery,jev_grounded,quotation_marker,28,0.39285714285714285,0,,offline_descriptive_proxy_not_validated_construct
routing_discovery_v1_b05,ucc,discovery,jev_targeted_llm,quotation_marker,28,0.32142857142857145,0,,offline_descriptive_proxy_not_validated_construct
smoke_model_v2,babe,discovery,jev_compact,all,16,0.3125,0,,offline_descriptive_proxy_not_validated_construct
smoke_model_v2,babe,discovery,jev_compact,capitalized_name_proxy,10,0.4,0,,offline_descriptive_proxy_not_validated_construct
smoke_model_v2,babe,discovery,jev_compact,rare_reference_class_offline,16,0.3125,0,,offline_descriptive_proxy_not_validated_construct
smoke_model_v2,babe,discovery,jev_compact,quotation_marker,1,1.0,0,,offline_descriptive_proxy_not_validated_construct
smoke_taskmap_v3,taskmap,discovery,jev_compact,all,0,,253,0.14548983141507632,offline_descriptive_proxy_not_validated_construct
smoke_taskmap_v3,taskmap,discovery,jev_compact,negation_marker,0,,253,0.14548983141507632,offline_descriptive_proxy_not_validated_construct
smoke_taskmap_v3,taskmap,discovery,jev_compact,capitalized_name_proxy,0,,253,0.14548983141507632,offline_descriptive_proxy_not_validated_construct
smoke_taskmap_v3,taskmap,discovery,jev_compact,quotation_marker,0,,207,0.14728283282914661,offline_descriptive_proxy_not_validated_construct
smoke_taskmap_v3,taskmap,discovery,llm_direct,all,0,,253,0.13829706164832475,offline_descriptive_proxy_not_validated_construct
smoke_taskmap_v3,taskmap,discovery,llm_direct,negation_marker,0,,253,0.13829706164832475,offline_descriptive_proxy_not_validated_construct
smoke_taskmap_v3,taskmap,discovery,llm_direct,capitalized_name_proxy,0,,253,0.13829706164832475,offline_descriptive_proxy_not_validated_construct
smoke_taskmap_v3,taskmap,discovery,llm_direct,quotation_marker,0,,207,0.14861819382046226,offline_descriptive_proxy_not_validated_construct
strengthening_diagnostic_v1,babe,diagnostic,jev_grounded,all,1000,0.214,0,,offline_descriptive_proxy_not_validated_construct
strengthening_diagnostic_v1,babe,diagnostic,jev_grounded,quotation_marker,136,0.20588235294117646,0,,offline_descriptive_proxy_not_validated_construct
strengthening_diagnostic_v1,babe,diagnostic,jev_grounded,negation_marker,145,0.2,0,,offline_descriptive_proxy_not_validated_construct
strengthening_diagnostic_v1,babe,diagnostic,jev_grounded,capitalized_name_proxy,566,0.21731448763250882,0,,offline_descriptive_proxy_not_validated_construct
strengthening_diagnostic_v1,babe,diagnostic,jev_grounded,rare_reference_class_offline,1000,0.214,0,,offline_descriptive_proxy_not_validated_construct
strengthening_diagnostic_v1,babe,diagnostic,jev_threshold_calibrated,all,1000,0.247,0,,offline_descriptive_proxy_not_validated_construct
strengthening_diagnostic_v1,babe,diagnostic,jev_threshold_calibrated,quotation_marker,136,0.3382352941176471,0,,offline_descriptive_proxy_not_validated_construct
strengthening_diagnostic_v1,babe,diagnostic,jev_threshold_calibrated,negation_marker,145,0.25517241379310346,0,,offline_descriptive_proxy_not_validated_construct
strengthening_diagnostic_v1,babe,diagnostic,jev_threshold_calibrated,capitalized_name_proxy,566,0.2314487632508834,0,,offline_descriptive_proxy_not_validated_construct
strengthening_diagnostic_v1,babe,diagnostic,jev_threshold_calibrated,rare_reference_class_offline,1000,0.247,0,,offline_descriptive_proxy_not_validated_construct
strengthening_diagnostic_v1,babe,diagnostic,llm_full_calibration_examples,all,1000,0.193,0,,offline_descriptive_proxy_not_validated_construct
strengthening_diagnostic_v1,babe,diagnostic,llm_full_calibration_examples,quotation_marker,136,0.21323529411764705,0,,offline_descriptive_proxy_not_validated_construct
strengthening_diagnostic_v1,babe,diagnostic,llm_full_calibration_examples,negation_marker,145,0.19310344827586207,0,,offline_descriptive_proxy_not_validated_construct
strengthening_diagnostic_v1,babe,diagnostic,llm_full_calibration_examples,capitalized_name_proxy,566,0.18904593639575973,0,,offline_descriptive_proxy_not_validated_construct
strengthening_diagnostic_v1,babe,diagnostic,llm_full_calibration_examples,rare_reference_class_offline,1000,0.193,0,,offline_descriptive_proxy_not_validated_construct
strengthening_diagnostic_v1,babe,diagnostic,llm_grounded,all,1000,0.209,0,,offline_descriptive_proxy_not_validated_construct
strengthening_diagnostic_v1,babe,diagnostic,llm_grounded,quotation_marker,136,0.17647058823529413,0,,offline_descriptive_proxy_not_validated_construct
strengthening_diagnostic_v1,babe,diagnostic,llm_grounded,negation_marker,145,0.20689655172413793,0,,offline_descriptive_proxy_not_validated_construct
strengthening_diagnostic_v1,babe,diagnostic,llm_grounded,capitalized_name_proxy,566,0.19964664310954064,0,,offline_descriptive_proxy_not_validated_construct
strengthening_diagnostic_v1,babe,diagnostic,llm_grounded,rare_reference_class_offline,1000,0.209,0,,offline_descriptive_proxy_not_validated_construct
strengthening_diagnostic_v1,babe,diagnostic,llm_labeled_examples,all,1000,0.198,0,,offline_descriptive_proxy_not_validated_construct
strengthening_diagnostic_v1,babe,diagnostic,llm_labeled_examples,quotation_marker,136,0.20588235294117646,0,,offline_descriptive_proxy_not_validated_construct
strengthening_diagnostic_v1,babe,diagnostic,llm_labeled_examples,negation_marker,145,0.2,0,,offline_descriptive_proxy_not_validated_construct
strengthening_diagnostic_v1,babe,diagnostic,llm_labeled_examples,capitalized_name_proxy,566,0.19434628975265017,0,,offline_descriptive_proxy_not_validated_construct
strengthening_diagnostic_v1,babe,diagnostic,llm_labeled_examples,rare_reference_class_offline,1000,0.198,0,,offline_descriptive_proxy_not_validated_construct
strengthening_diagnostic_v1,babe,diagnostic,jev_grounded,sarcasm_marker_proxy,5,0.0,0,,offline_descriptive_proxy_not_validated_construct
strengthening_diagnostic_v1,babe,diagnostic,jev_threshold_calibrated,sarcasm_marker_proxy,5,0.0,0,,offline_descriptive_proxy_not_validated_construct
strengthening_diagnostic_v1,babe,diagnostic,llm_full_calibration_examples,sarcasm_marker_proxy,5,0.0,0,,offline_descriptive_proxy_not_validated_construct
strengthening_diagnostic_v1,babe,diagnostic,llm_grounded,sarcasm_marker_proxy,5,0.0,0,,offline_descriptive_proxy_not_validated_construct
strengthening_diagnostic_v1,babe,diagnostic,llm_labeled_examples,sarcasm_marker_proxy,5,0.0,0,,offline_descriptive_proxy_not_validated_construct
strengthening_diagnostic_v1,commonsense,diagnostic,jev_grounded,all,0,,2000,0.16388392466248622,offline_descriptive_proxy_not_validated_construct
strengthening_diagnostic_v1,commonsense,diagnostic,jev_grounded,negation_marker,0,,288,0.15233101676722452,offline_descriptive_proxy_not_validated_construct
strengthening_diagnostic_v1,commonsense,diagnostic,jev_threshold_calibrated,all,0,,2000,0.14610033950375365,offline_descriptive_proxy_not_validated_construct
strengthening_diagnostic_v1,commonsense,diagnostic,jev_threshold_calibrated,negation_marker,0,,288,0.1449258577610482,offline_descriptive_proxy_not_validated_construct
strengthening_diagnostic_v1,commonsense,diagnostic,llm_full_calibration_examples,all,0,,2000,0.1309155214239449,offline_descriptive_proxy_not_validated_construct
strengthening_diagnostic_v1,commonsense,diagnostic,llm_full_calibration_examples,negation_marker,0,,288,0.13567062436051994,offline_descriptive_proxy_not_validated_construct
strengthening_diagnostic_v1,commonsense,diagnostic,llm_grounded,all,0,,2000,0.1453967048858896,offline_descriptive_proxy_not_validated_construct
strengthening_diagnostic_v1,commonsense,diagnostic,llm_grounded,negation_marker,0,,288,0.14573375721325654,offline_descriptive_proxy_not_validated_construct
strengthening_diagnostic_v1,commonsense,diagnostic,llm_labeled_examples,all,0,,2000,0.13707725163627987,offline_descriptive_proxy_not_validated_construct
strengthening_diagnostic_v1,commonsense,diagnostic,llm_labeled_examples,negation_marker,0,,288,0.14014171343302537,offline_descriptive_proxy_not_validated_construct
strengthening_diagnostic_v1,commonsense,diagnostic,jev_grounded,sarcasm_marker_proxy,0,,2,0.10833333333333336,offline_descriptive_proxy_not_validated_construct
strengthening_diagnostic_v1,commonsense,diagnostic,jev_threshold_calibrated,sarcasm_marker_proxy,0,,2,0.21776520271858882,offline_descriptive_proxy_not_validated_construct
strengthening_diagnostic_v1,commonsense,diagnostic,llm_full_calibration_examples,sarcasm_marker_proxy,0,,2,0.016666666666666663,offline_descriptive_proxy_not_validated_construct
strengthening_diagnostic_v1,commonsense,diagnostic,llm_grounded,sarcasm_marker_proxy,0,,2,0.16833333333333336,offline_descriptive_proxy_not_validated_construct
strengthening_diagnostic_v1,commonsense,diagnostic,llm_labeled_examples,sarcasm_marker_proxy,0,,2,0.016666666666666663,offline_descriptive_proxy_not_validated_construct
strengthening_diagnostic_v1,conflict,diagnostic,jev_grounded,all,3203,0.2444583203246956,0,,offline_descriptive_proxy_not_validated_construct
strengthening_diagnostic_v1,conflict,diagnostic,jev_grounded,rare_reference_class_offline,3203,0.2444583203246956,0,,offline_descriptive_proxy_not_validated_construct
strengthening_diagnostic_v1,conflict,diagnostic,jev_grounded,negation_marker,1950,0.20564102564102565,0,,offline_descriptive_proxy_not_validated_construct
strengthening_diagnostic_v1,conflict,diagnostic,jev_grounded,quotation_marker,771,0.19455252918287938,0,,offline_descriptive_proxy_not_validated_construct
strengthening_diagnostic_v1,conflict,diagnostic,jev_grounded,capitalized_name_proxy,442,0.20361990950226244,0,,offline_descriptive_proxy_not_validated_construct
strengthening_diagnostic_v1,conflict,diagnostic,jev_threshold_calibrated,all,3203,0.13487355604121137,0,,offline_descriptive_proxy_not_validated_construct
strengthening_diagnostic_v1,conflict,diagnostic,jev_threshold_calibrated,rare_reference_class_offline,3203,0.13487355604121137,0,,offline_descriptive_proxy_not_validated_construct
strengthening_diagnostic_v1,conflict,diagnostic,jev_threshold_calibrated,negation_marker,1950,0.09641025641025641,0,,offline_descriptive_proxy_not_validated_construct
strengthening_diagnostic_v1,conflict,diagnostic,jev_threshold_calibrated,quotation_marker,771,0.10376134889753567,0,,offline_descriptive_proxy_not_validated_construct
strengthening_diagnostic_v1,conflict,diagnostic,jev_threshold_calibrated,capitalized_name_proxy,442,0.1244343891402715,0,,offline_descriptive_proxy_not_validated_construct
strengthening_diagnostic_v1,conflict,diagnostic,llm_full_calibration_examples,all,3203,0.10552606931002186,0,,offline_descriptive_proxy_not_validated_construct
strengthening_diagnostic_v1,conflict,diagnostic,llm_full_calibration_examples,rare_reference_class_offline,3203,0.10552606931002186,0,,offline_descriptive_proxy_not_validated_construct
strengthening_diagnostic_v1,conflict,diagnostic,llm_full_calibration_examples,negation_marker,1950,0.07948717948717948,0,,offline_descriptive_proxy_not_validated_construct
strengthening_diagnostic_v1,conflict,diagnostic,llm_full_calibration_examples,quotation_marker,771,0.07782101167315175,0,,offline_descriptive_proxy_not_validated_construct
strengthening_diagnostic_v1,conflict,diagnostic,llm_full_calibration_examples,capitalized_name_proxy,442,0.0746606334841629,0,,offline_descriptive_proxy_not_validated_construct
strengthening_diagnostic_v1,conflict,diagnostic,llm_grounded,all,3203,0.182953481111458,0,,offline_descriptive_proxy_not_validated_construct
strengthening_diagnostic_v1,conflict,diagnostic,llm_grounded,rare_reference_class_offline,3203,0.182953481111458,0,,offline_descriptive_proxy_not_validated_construct
strengthening_diagnostic_v1,conflict,diagnostic,llm_grounded,negation_marker,1950,0.1605128205128205,0,,offline_descriptive_proxy_not_validated_construct
strengthening_diagnostic_v1,conflict,diagnostic,llm_grounded,quotation_marker,771,0.14785992217898833,0,,offline_descriptive_proxy_not_validated_construct
strengthening_diagnostic_v1,conflict,diagnostic,llm_grounded,capitalized_name_proxy,442,0.1583710407239819,0,,offline_descriptive_proxy_not_validated_construct
strengthening_diagnostic_v1,conflict,diagnostic,llm_labeled_examples,all,3203,0.1458008117389947,0,,offline_descriptive_proxy_not_validated_construct
strengthening_diagnostic_v1,conflict,diagnostic,llm_labeled_examples,rare_reference_class_offline,3203,0.1458008117389947,0,,offline_descriptive_proxy_not_validated_construct
strengthening_diagnostic_v1,conflict,diagnostic,llm_labeled_examples,negation_marker,1950,0.12512820512820513,0,,offline_descriptive_proxy_not_validated_construct
strengthening_diagnostic_v1,conflict,diagnostic,llm_labeled_examples,quotation_marker,771,0.11154345006485085,0,,offline_descriptive_proxy_not_validated_construct
strengthening_diagnostic_v1,conflict,diagnostic,llm_labeled_examples,capitalized_name_proxy,442,0.11085972850678733,0,,offline_descriptive_proxy_not_validated_construct
strengthening_diagnostic_v1,conflict,diagnostic,jev_grounded,sarcasm_marker_proxy,24,0.2916666666666667,0,,offline_descriptive_proxy_not_validated_construct
strengthening_diagnostic_v1,conflict,diagnostic,jev_threshold_calibrated,sarcasm_marker_proxy,24,0.16666666666666666,0,,offline_descriptive_proxy_not_validated_construct
strengthening_diagnostic_v1,conflict,diagnostic,llm_full_calibration_examples,sarcasm_marker_proxy,24,0.0,0,,offline_descriptive_proxy_not_validated_construct
strengthening_diagnostic_v1,conflict,diagnostic,llm_grounded,sarcasm_marker_proxy,24,0.125,0,,offline_descriptive_proxy_not_validated_construct
strengthening_diagnostic_v1,conflict,diagnostic,llm_labeled_examples,sarcasm_marker_proxy,24,0.08333333333333333,0,,offline_descriptive_proxy_not_validated_construct
strengthening_diagnostic_v1,mbd,diagnostic,jev_grounded,all,1598,0.20713391739674594,0,,offline_descriptive_proxy_not_validated_construct
strengthening_diagnostic_v1,mbd,diagnostic,jev_grounded,rare_reference_class_offline,1598,0.20713391739674594,0,,offline_descriptive_proxy_not_validated_construct
strengthening_diagnostic_v1,mbd,diagnostic,jev_grounded,negation_marker,217,0.23963133640552994,0,,offline_descriptive_proxy_not_validated_construct
strengthening_diagnostic_v1,mbd,diagnostic,jev_grounded,quotation_marker,555,0.2072072072072072,0,,offline_descriptive_proxy_not_validated_construct
strengthening_diagnostic_v1,mbd,diagnostic,jev_grounded,capitalized_name_proxy,504,0.1865079365079365,0,,offline_descriptive_proxy_not_validated_construct
strengthening_diagnostic_v1,mbd,diagnostic,jev_threshold_calibrated,all,1598,0.19524405506883605,0,,offline_descriptive_proxy_not_validated_construct
strengthening_diagnostic_v1,mbd,diagnostic,jev_threshold_calibrated,rare_reference_class_offline,1598,0.19524405506883605,0,,offline_descriptive_proxy_not_validated_construct
strengthening_diagnostic_v1,mbd,diagnostic,jev_threshold_calibrated,negation_marker,217,0.2073732718894009,0,,offline_descriptive_proxy_not_validated_construct
strengthening_diagnostic_v1,mbd,diagnostic,jev_threshold_calibrated,quotation_marker,555,0.1927927927927928,0,,offline_descriptive_proxy_not_validated_construct
strengthening_diagnostic_v1,mbd,diagnostic,jev_threshold_calibrated,capitalized_name_proxy,504,0.19047619047619047,0,,offline_descriptive_proxy_not_validated_construct
strengthening_diagnostic_v1,mbd,diagnostic,llm_full_calibration_examples,all,1598,0.19586983729662077,0,,offline_descriptive_proxy_not_validated_construct
strengthening_diagnostic_v1,mbd,diagnostic,llm_full_calibration_examples,rare_reference_class_offline,1598,0.19586983729662077,0,,offline_descriptive_proxy_not_validated_construct
strengthening_diagnostic_v1,mbd,diagnostic,llm_full_calibration_examples,negation_marker,217,0.2350230414746544,0,,offline_descriptive_proxy_not_validated_construct
strengthening_diagnostic_v1,mbd,diagnostic,llm_full_calibration_examples,quotation_marker,555,0.2018018018018018,0,,offline_descriptive_proxy_not_validated_construct
strengthening_diagnostic_v1,mbd,diagnostic,llm_full_calibration_examples,capitalized_name_proxy,504,0.1865079365079365,0,,offline_descriptive_proxy_not_validated_construct
strengthening_diagnostic_v1,mbd,diagnostic,llm_grounded,all,1598,0.20525657071339173,0,,offline_descriptive_proxy_not_validated_construct
strengthening_diagnostic_v1,mbd,diagnostic,llm_grounded,rare_reference_class_offline,1598,0.20525657071339173,0,,offline_descriptive_proxy_not_validated_construct
strengthening_diagnostic_v1,mbd,diagnostic,llm_grounded,negation_marker,217,0.22580645161290322,0,,offline_descriptive_proxy_not_validated_construct
strengthening_diagnostic_v1,mbd,diagnostic,llm_grounded,quotation_marker,555,0.2018018018018018,0,,offline_descriptive_proxy_not_validated_construct
strengthening_diagnostic_v1,mbd,diagnostic,llm_grounded,capitalized_name_proxy,504,0.18253968253968253,0,,offline_descriptive_proxy_not_validated_construct
strengthening_diagnostic_v1,mbd,diagnostic,llm_labeled_examples,all,1598,0.19524405506883605,0,,offline_descriptive_proxy_not_validated_construct
strengthening_diagnostic_v1,mbd,diagnostic,llm_labeled_examples,rare_reference_class_offline,1598,0.19524405506883605,0,,offline_descriptive_proxy_not_validated_construct
strengthening_diagnostic_v1,mbd,diagnostic,llm_labeled_examples,negation_marker,217,0.2073732718894009,0,,offline_descriptive_proxy_not_validated_construct
strengthening_diagnostic_v1,mbd,diagnostic,llm_labeled_examples,quotation_marker,555,0.1945945945945946,0,,offline_descriptive_proxy_not_validated_construct
strengthening_diagnostic_v1,mbd,diagnostic,llm_labeled_examples,capitalized_name_proxy,504,0.16666666666666666,0,,offline_descriptive_proxy_not_validated_construct
strengthening_diagnostic_v1,ucc,diagnostic,jev_grounded,all,7014,0.3739663530082692,0,,offline_descriptive_proxy_not_validated_construct
strengthening_diagnostic_v1,ucc,diagnostic,jev_grounded,negation_marker,1911,0.34065934065934067,0,,offline_descriptive_proxy_not_validated_construct
strengthening_diagnostic_v1,ucc,diagnostic,jev_grounded,capitalized_name_proxy,1302,0.41244239631336405,0,,offline_descriptive_proxy_not_validated_construct
strengthening_diagnostic_v1,ucc,diagnostic,jev_grounded,rare_reference_class_offline,7014,0.3739663530082692,0,,offline_descriptive_proxy_not_validated_construct
strengthening_diagnostic_v1,ucc,diagnostic,jev_grounded,sarcasm_marker_proxy,7,0.7142857142857143,0,,offline_descriptive_proxy_not_validated_construct
strengthening_diagnostic_v1,ucc,diagnostic,jev_threshold_calibrated,all,7014,0.0784145993726832,0,,offline_descriptive_proxy_not_validated_construct
strengthening_diagnostic_v1,ucc,diagnostic,jev_threshold_calibrated,negation_marker,1911,0.06698063840920984,0,,offline_descriptive_proxy_not_validated_construct
strengthening_diagnostic_v1,ucc,diagnostic,jev_threshold_calibrated,capitalized_name_proxy,1302,0.08064516129032258,0,,offline_descriptive_proxy_not_validated_construct
strengthening_diagnostic_v1,ucc,diagnostic,jev_threshold_calibrated,rare_reference_class_offline,7014,0.0784145993726832,0,,offline_descriptive_proxy_not_validated_construct
strengthening_diagnostic_v1,ucc,diagnostic,jev_threshold_calibrated,sarcasm_marker_proxy,7,0.0,0,,offline_descriptive_proxy_not_validated_construct
strengthening_diagnostic_v1,ucc,diagnostic,llm_full_calibration_examples,all,7014,0.09238665526090675,0,,offline_descriptive_proxy_not_validated_construct
strengthening_diagnostic_v1,ucc,diagnostic,llm_full_calibration_examples,negation_marker,1911,0.08738880167451596,0,,offline_descriptive_proxy_not_validated_construct
strengthening_diagnostic_v1,ucc,diagnostic,llm_full_calibration_examples,capitalized_name_proxy,1302,0.08294930875576037,0,,offline_descriptive_proxy_not_validated_construct
strengthening_diagnostic_v1,ucc,diagnostic,llm_full_calibration_examples,rare_reference_class_offline,7014,0.09238665526090675,0,,offline_descriptive_proxy_not_validated_construct
strengthening_diagnostic_v1,ucc,diagnostic,llm_full_calibration_examples,sarcasm_marker_proxy,7,0.0,0,,offline_descriptive_proxy_not_validated_construct
strengthening_diagnostic_v1,ucc,diagnostic,llm_grounded,all,7014,0.24208725406330198,0,,offline_descriptive_proxy_not_validated_construct
strengthening_diagnostic_v1,ucc,diagnostic,llm_grounded,negation_marker,1911,0.2271062271062271,0,,offline_descriptive_proxy_not_validated_construct
strengthening_diagnostic_v1,ucc,diagnostic,llm_grounded,capitalized_name_proxy,1302,0.24500768049155147,0,,offline_descriptive_proxy_not_validated_construct
strengthening_diagnostic_v1,ucc,diagnostic,llm_grounded,rare_reference_class_offline,7014,0.24208725406330198,0,,offline_descriptive_proxy_not_validated_construct
strengthening_diagnostic_v1,ucc,diagnostic,llm_grounded,sarcasm_marker_proxy,7,0.0,0,,offline_descriptive_proxy_not_validated_construct
strengthening_diagnostic_v1,ucc,diagnostic,llm_labeled_examples,all,7014,0.13857998289136014,0,,offline_descriptive_proxy_not_validated_construct
strengthening_diagnostic_v1,ucc,diagnostic,llm_labeled_examples,negation_marker,1911,0.14390371533228677,0,,offline_descriptive_proxy_not_validated_construct
strengthening_diagnostic_v1,ucc,diagnostic,llm_labeled_examples,capitalized_name_proxy,1302,0.1443932411674347,0,,offline_descriptive_proxy_not_validated_construct
strengthening_diagnostic_v1,ucc,diagnostic,llm_labeled_examples,rare_reference_class_offline,7014,0.13857998289136014,0,,offline_descriptive_proxy_not_validated_construct
strengthening_diagnostic_v1,ucc,diagnostic,llm_labeled_examples,sarcasm_marker_proxy,7,0.0,0,,offline_descriptive_proxy_not_validated_construct
strengthening_diagnostic_v1,ucc,diagnostic,jev_grounded,quotation_marker,189,0.31216931216931215,0,,offline_descriptive_proxy_not_validated_construct
strengthening_diagnostic_v1,ucc,diagnostic,jev_threshold_calibrated,quotation_marker,189,0.08465608465608465,0,,offline_descriptive_proxy_not_validated_construct
strengthening_diagnostic_v1,ucc,diagnostic,llm_full_calibration_examples,quotation_marker,189,0.06878306878306878,0,,offline_descriptive_proxy_not_validated_construct
strengthening_diagnostic_v1,ucc,diagnostic,llm_grounded,quotation_marker,189,0.2698412698412698,0,,offline_descriptive_proxy_not_validated_construct
strengthening_diagnostic_v1,ucc,diagnostic,llm_labeled_examples,quotation_marker,189,0.12698412698412698,0,,offline_descriptive_proxy_not_validated_construct
threshold_redecode_v1,babe,diagnostic,jev_threshold_calibrated,all,1000,0.219,0,,offline_descriptive_proxy_not_validated_construct
threshold_redecode_v1,babe,diagnostic,jev_threshold_calibrated,quotation_marker,136,0.2867647058823529,0,,offline_descriptive_proxy_not_validated_construct
threshold_redecode_v1,babe,diagnostic,jev_threshold_calibrated,negation_marker,145,0.2206896551724138,0,,offline_descriptive_proxy_not_validated_construct
threshold_redecode_v1,babe,diagnostic,jev_threshold_calibrated,capitalized_name_proxy,566,0.21731448763250882,0,,offline_descriptive_proxy_not_validated_construct
threshold_redecode_v1,babe,diagnostic,jev_threshold_calibrated,rare_reference_class_offline,1000,0.219,0,,offline_descriptive_proxy_not_validated_construct
threshold_redecode_v1,babe,diagnostic,jev_threshold_calibrated,sarcasm_marker_proxy,5,0.0,0,,offline_descriptive_proxy_not_validated_construct
threshold_redecode_v1,commonsense,diagnostic,jev_threshold_calibrated,all,0,,2000,0.14064766008488053,offline_descriptive_proxy_not_validated_construct
threshold_redecode_v1,commonsense,diagnostic,jev_threshold_calibrated,negation_marker,0,,288,0.13529150990015676,offline_descriptive_proxy_not_validated_construct
threshold_redecode_v1,commonsense,diagnostic,jev_threshold_calibrated,sarcasm_marker_proxy,0,,2,0.1202297488612375,offline_descriptive_proxy_not_validated_construct
threshold_redecode_v1,conflict,diagnostic,jev_threshold_calibrated,all,3203,0.1273805807055885,0,,offline_descriptive_proxy_not_validated_construct
threshold_redecode_v1,conflict,diagnostic,jev_threshold_calibrated,rare_reference_class_offline,3203,0.1273805807055885,0,,offline_descriptive_proxy_not_validated_construct
threshold_redecode_v1,conflict,diagnostic,jev_threshold_calibrated,negation_marker,1950,0.08666666666666667,0,,offline_descriptive_proxy_not_validated_construct
threshold_redecode_v1,conflict,diagnostic,jev_threshold_calibrated,quotation_marker,771,0.08430609597924774,0,,offline_descriptive_proxy_not_validated_construct
threshold_redecode_v1,conflict,diagnostic,jev_threshold_calibrated,capitalized_name_proxy,442,0.10633484162895927,0,,offline_descriptive_proxy_not_validated_construct
threshold_redecode_v1,conflict,diagnostic,jev_threshold_calibrated,sarcasm_marker_proxy,24,0.0,0,,offline_descriptive_proxy_not_validated_construct
threshold_redecode_v1,mbd,diagnostic,jev_threshold_calibrated,all,1598,0.1821026282853567,0,,offline_descriptive_proxy_not_validated_construct
threshold_redecode_v1,mbd,diagnostic,jev_threshold_calibrated,rare_reference_class_offline,1598,0.1821026282853567,0,,offline_descriptive_proxy_not_validated_construct
threshold_redecode_v1,mbd,diagnostic,jev_threshold_calibrated,negation_marker,217,0.17511520737327188,0,,offline_descriptive_proxy_not_validated_construct
threshold_redecode_v1,mbd,diagnostic,jev_threshold_calibrated,quotation_marker,555,0.17477477477477477,0,,offline_descriptive_proxy_not_validated_construct
threshold_redecode_v1,mbd,diagnostic,jev_threshold_calibrated,capitalized_name_proxy,504,0.18055555555555555,0,,offline_descriptive_proxy_not_validated_construct
threshold_redecode_v1,ucc,diagnostic,jev_threshold_calibrated,all,7014,0.044767607641859136,0,,offline_descriptive_proxy_not_validated_construct
threshold_redecode_v1,ucc,diagnostic,jev_threshold_calibrated,negation_marker,1911,0.0423861852433281,0,,offline_descriptive_proxy_not_validated_construct
threshold_redecode_v1,ucc,diagnostic,jev_threshold_calibrated,capitalized_name_proxy,1302,0.03763440860215054,0,,offline_descriptive_proxy_not_validated_construct
threshold_redecode_v1,ucc,diagnostic,jev_threshold_calibrated,rare_reference_class_offline,7014,0.044767607641859136,0,,offline_descriptive_proxy_not_validated_construct
threshold_redecode_v1,ucc,diagnostic,jev_threshold_calibrated,sarcasm_marker_proxy,7,0.0,0,,offline_descriptive_proxy_not_validated_construct
threshold_redecode_v1,ucc,diagnostic,jev_threshold_calibrated,quotation_marker,189,0.015873015873015872,0,,offline_descriptive_proxy_not_validated_construct
verbose_routing_diagnostic_v1_b01,babe,diagnostic,jev_targeted_llm,all,1000,0.218,0,,offline_descriptive_proxy_not_validated_construct
verbose_routing_diagnostic_v1_b01,babe,diagnostic,jev_targeted_llm,quotation_marker,136,0.2647058823529412,0,,offline_descriptive_proxy_not_validated_construct
verbose_routing_diagnostic_v1_b01,babe,diagnostic,jev_targeted_llm,negation_marker,145,0.22758620689655173,0,,offline_descriptive_proxy_not_validated_construct
verbose_routing_diagnostic_v1_b01,babe,diagnostic,jev_targeted_llm,capitalized_name_proxy,566,0.21731448763250882,0,,offline_descriptive_proxy_not_validated_construct
verbose_routing_diagnostic_v1_b01,babe,diagnostic,jev_targeted_llm,rare_reference_class_offline,1000,0.218,0,,offline_descriptive_proxy_not_validated_construct
verbose_routing_diagnostic_v1_b01,babe,diagnostic,jev_verbose,all,1000,0.194,0,,offline_descriptive_proxy_not_validated_construct
verbose_routing_diagnostic_v1_b01,babe,diagnostic,jev_verbose,quotation_marker,136,0.16911764705882354,0,,offline_descriptive_proxy_not_validated_construct
verbose_routing_diagnostic_v1_b01,babe,diagnostic,jev_verbose,negation_marker,145,0.15172413793103448,0,,offline_descriptive_proxy_not_validated_construct
verbose_routing_diagnostic_v1_b01,babe,diagnostic,jev_verbose,capitalized_name_proxy,566,0.1855123674911661,0,,offline_descriptive_proxy_not_validated_construct
verbose_routing_diagnostic_v1_b01,babe,diagnostic,jev_verbose,rare_reference_class_offline,1000,0.194,0,,offline_descriptive_proxy_not_validated_construct
verbose_routing_diagnostic_v1_b01,babe,diagnostic,jev_targeted_llm,sarcasm_marker_proxy,5,0.0,0,,offline_descriptive_proxy_not_validated_construct
verbose_routing_diagnostic_v1_b01,babe,diagnostic,jev_verbose,sarcasm_marker_proxy,5,0.0,0,,offline_descriptive_proxy_not_validated_construct
verbose_routing_diagnostic_v1_b01,commonsense,diagnostic,jev_targeted_llm,all,0,,2000,0.14127126591515446,offline_descriptive_proxy_not_validated_construct
verbose_routing_diagnostic_v1_b01,commonsense,diagnostic,jev_targeted_llm,negation_marker,0,,288,0.13823037101170244,offline_descriptive_proxy_not_validated_construct
verbose_routing_diagnostic_v1_b01,commonsense,diagnostic,jev_verbose,all,0,,2000,0.15372507128911925,offline_descriptive_proxy_not_validated_construct
verbose_routing_diagnostic_v1_b01,commonsense,diagnostic,jev_verbose,negation_marker,0,,288,0.1400354534466257,offline_descriptive_proxy_not_validated_construct
verbose_routing_diagnostic_v1_b01,commonsense,diagnostic,jev_targeted_llm,sarcasm_marker_proxy,0,,2,0.09736513548652298,offline_descriptive_proxy_not_validated_construct
verbose_routing_diagnostic_v1_b01,commonsense,diagnostic,jev_verbose,sarcasm_marker_proxy,0,,2,0.026666666666666672,offline_descriptive_proxy_not_validated_construct
verbose_routing_diagnostic_v1_b01,conflict,diagnostic,jev_targeted_llm,all,3203,0.12831720262254137,0,,offline_descriptive_proxy_not_validated_construct
verbose_routing_diagnostic_v1_b01,conflict,diagnostic,jev_targeted_llm,rare_reference_class_offline,3203,0.12831720262254137,0,,offline_descriptive_proxy_not_validated_construct
verbose_routing_diagnostic_v1_b01,conflict,diagnostic,jev_targeted_llm,negation_marker,1950,0.09128205128205129,0,,offline_descriptive_proxy_not_validated_construct
verbose_routing_diagnostic_v1_b01,conflict,diagnostic,jev_targeted_llm,quotation_marker,771,0.08430609597924774,0,,offline_descriptive_proxy_not_validated_construct
verbose_routing_diagnostic_v1_b01,conflict,diagnostic,jev_targeted_llm,capitalized_name_proxy,442,0.1085972850678733,0,,offline_descriptive_proxy_not_validated_construct
verbose_routing_diagnostic_v1_b01,conflict,diagnostic,jev_verbose,all,3203,0.21073993131439275,0,,offline_descriptive_proxy_not_validated_construct
verbose_routing_diagnostic_v1_b01,conflict,diagnostic,jev_verbose,rare_reference_class_offline,3203,0.21073993131439275,0,,offline_descriptive_proxy_not_validated_construct
verbose_routing_diagnostic_v1_b01,conflict,diagnostic,jev_verbose,negation_marker,1950,0.1682051282051282,0,,offline_descriptive_proxy_not_validated_construct
verbose_routing_diagnostic_v1_b01,conflict,diagnostic,jev_verbose,quotation_marker,771,0.1517509727626459,0,,offline_descriptive_proxy_not_validated_construct
verbose_routing_diagnostic_v1_b01,conflict,diagnostic,jev_verbose,capitalized_name_proxy,442,0.167420814479638,0,,offline_descriptive_proxy_not_validated_construct
verbose_routing_diagnostic_v1_b01,conflict,diagnostic,jev_targeted_llm,sarcasm_marker_proxy,24,0.0,0,,offline_descriptive_proxy_not_validated_construct
verbose_routing_diagnostic_v1_b01,conflict,diagnostic,jev_verbose,sarcasm_marker_proxy,24,0.16666666666666666,0,,offline_descriptive_proxy_not_validated_construct
verbose_routing_diagnostic_v1_b01,mbd,diagnostic,jev_targeted_llm,all,1598,0.18648310387984982,0,,offline_descriptive_proxy_not_validated_construct
verbose_routing_diagnostic_v1_b01,mbd,diagnostic,jev_targeted_llm,rare_reference_class_offline,1598,0.18648310387984982,0,,offline_descriptive_proxy_not_validated_construct
verbose_routing_diagnostic_v1_b01,mbd,diagnostic,jev_targeted_llm,negation_marker,217,0.17511520737327188,0,,offline_descriptive_proxy_not_validated_construct
verbose_routing_diagnostic_v1_b01,mbd,diagnostic,jev_targeted_llm,quotation_marker,555,0.18018018018018017,0,,offline_descriptive_proxy_not_validated_construct
verbose_routing_diagnostic_v1_b01,mbd,diagnostic,jev_targeted_llm,capitalized_name_proxy,504,0.1765873015873016,0,,offline_descriptive_proxy_not_validated_construct
verbose_routing_diagnostic_v1_b01,mbd,diagnostic,jev_verbose,all,1598,0.21589486858573217,0,,offline_descriptive_proxy_not_validated_construct
verbose_routing_diagnostic_v1_b01,mbd,diagnostic,jev_verbose,rare_reference_class_offline,1598,0.21589486858573217,0,,offline_descriptive_proxy_not_validated_construct
verbose_routing_diagnostic_v1_b01,mbd,diagnostic,jev_verbose,negation_marker,217,0.2350230414746544,0,,offline_descriptive_proxy_not_validated_construct
verbose_routing_diagnostic_v1_b01,mbd,diagnostic,jev_verbose,quotation_marker,555,0.21621621621621623,0,,offline_descriptive_proxy_not_validated_construct
verbose_routing_diagnostic_v1_b01,mbd,diagnostic,jev_verbose,capitalized_name_proxy,504,0.1865079365079365,0,,offline_descriptive_proxy_not_validated_construct
verbose_routing_diagnostic_v1_b01,ucc,diagnostic,jev_targeted_llm,all,7014,0.058169375534645,0,,offline_descriptive_proxy_not_validated_construct
verbose_routing_diagnostic_v1_b01,ucc,diagnostic,jev_targeted_llm,negation_marker,1911,0.05389848246991104,0,,offline_descriptive_proxy_not_validated_construct
verbose_routing_diagnostic_v1_b01,ucc,diagnostic,jev_targeted_llm,capitalized_name_proxy,1302,0.054531490015360985,0,,offline_descriptive_proxy_not_validated_construct
verbose_routing_diagnostic_v1_b01,ucc,diagnostic,jev_targeted_llm,rare_reference_class_offline,7014,0.058169375534645,0,,offline_descriptive_proxy_not_validated_construct
verbose_routing_diagnostic_v1_b01,ucc,diagnostic,jev_targeted_llm,sarcasm_marker_proxy,7,0.0,0,,offline_descriptive_proxy_not_validated_construct
verbose_routing_diagnostic_v1_b01,ucc,diagnostic,jev_verbose,all,7014,0.34573709723410323,0,,offline_descriptive_proxy_not_validated_construct
verbose_routing_diagnostic_v1_b01,ucc,diagnostic,jev_verbose,negation_marker,1911,0.336996336996337,0,,offline_descriptive_proxy_not_validated_construct
verbose_routing_diagnostic_v1_b01,ucc,diagnostic,jev_verbose,capitalized_name_proxy,1302,0.3640552995391705,0,,offline_descriptive_proxy_not_validated_construct
verbose_routing_diagnostic_v1_b01,ucc,diagnostic,jev_verbose,rare_reference_class_offline,7014,0.34573709723410323,0,,offline_descriptive_proxy_not_validated_construct
verbose_routing_diagnostic_v1_b01,ucc,diagnostic,jev_verbose,sarcasm_marker_proxy,7,0.14285714285714285,0,,offline_descriptive_proxy_not_validated_construct
verbose_routing_diagnostic_v1_b01,ucc,diagnostic,jev_targeted_llm,quotation_marker,189,0.0582010582010582,0,,offline_descriptive_proxy_not_validated_construct
verbose_routing_diagnostic_v1_b01,ucc,diagnostic,jev_verbose,quotation_marker,189,0.3544973544973545,0,,offline_descriptive_proxy_not_validated_construct
verbose_routing_diagnostic_v1_b025,babe,diagnostic,jev_targeted_llm,all,1000,0.211,0,,offline_descriptive_proxy_not_validated_construct
verbose_routing_diagnostic_v1_b025,babe,diagnostic,jev_targeted_llm,quotation_marker,136,0.23529411764705882,0,,offline_descriptive_proxy_not_validated_construct
verbose_routing_diagnostic_v1_b025,babe,diagnostic,jev_targeted_llm,negation_marker,145,0.19310344827586207,0,,offline_descriptive_proxy_not_validated_construct
verbose_routing_diagnostic_v1_b025,babe,diagnostic,jev_targeted_llm,capitalized_name_proxy,566,0.2137809187279152,0,,offline_descriptive_proxy_not_validated_construct
verbose_routing_diagnostic_v1_b025,babe,diagnostic,jev_targeted_llm,rare_reference_class_offline,1000,0.211,0,,offline_descriptive_proxy_not_validated_construct
verbose_routing_diagnostic_v1_b025,babe,diagnostic,jev_verbose,all,1000,0.187,0,,offline_descriptive_proxy_not_validated_construct
verbose_routing_diagnostic_v1_b025,babe,diagnostic,jev_verbose,quotation_marker,136,0.16176470588235295,0,,offline_descriptive_proxy_not_validated_construct
verbose_routing_diagnostic_v1_b025,babe,diagnostic,jev_verbose,negation_marker,145,0.15172413793103448,0,,offline_descriptive_proxy_not_validated_construct
verbose_routing_diagnostic_v1_b025,babe,diagnostic,jev_verbose,capitalized_name_proxy,566,0.18197879858657243,0,,offline_descriptive_proxy_not_validated_construct
verbose_routing_diagnostic_v1_b025,babe,diagnostic,jev_verbose,rare_reference_class_offline,1000,0.187,0,,offline_descriptive_proxy_not_validated_construct
verbose_routing_diagnostic_v1_b025,babe,diagnostic,jev_targeted_llm,sarcasm_marker_proxy,5,0.0,0,,offline_descriptive_proxy_not_validated_construct
verbose_routing_diagnostic_v1_b025,babe,diagnostic,jev_verbose,sarcasm_marker_proxy,5,0.0,0,,offline_descriptive_proxy_not_validated_construct
verbose_routing_diagnostic_v1_b025,commonsense,diagnostic,jev_targeted_llm,all,0,,2000,0.13967766168905363,offline_descriptive_proxy_not_validated_construct
verbose_routing_diagnostic_v1_b025,commonsense,diagnostic,jev_targeted_llm,negation_marker,0,,288,0.14061313457762353,offline_descriptive_proxy_not_validated_construct
verbose_routing_diagnostic_v1_b025,commonsense,diagnostic,jev_verbose,all,0,,2000,0.15354408676289916,offline_descriptive_proxy_not_validated_construct
verbose_routing_diagnostic_v1_b025,commonsense,diagnostic,jev_verbose,negation_marker,0,,288,0.14058053308934404,offline_descriptive_proxy_not_validated_construct
verbose_routing_diagnostic_v1_b025,commonsense,diagnostic,jev_targeted_llm,sarcasm_marker_proxy,0,,2,0.0933462261187109,offline_descriptive_proxy_not_validated_construct
verbose_routing_diagnostic_v1_b025,commonsense,diagnostic,jev_verbose,sarcasm_marker_proxy,0,,2,0.04166666666666666,offline_descriptive_proxy_not_validated_construct
verbose_routing_diagnostic_v1_b025,conflict,diagnostic,jev_targeted_llm,all,3203,0.14267873868248518,0,,offline_descriptive_proxy_not_validated_construct
verbose_routing_diagnostic_v1_b025,conflict,diagnostic,jev_targeted_llm,rare_reference_class_offline,3203,0.14267873868248518,0,,offline_descriptive_proxy_not_validated_construct
verbose_routing_diagnostic_v1_b025,conflict,diagnostic,jev_targeted_llm,negation_marker,1950,0.1117948717948718,0,,offline_descriptive_proxy_not_validated_construct
verbose_routing_diagnostic_v1_b025,conflict,diagnostic,jev_targeted_llm,quotation_marker,771,0.11154345006485085,0,,offline_descriptive_proxy_not_validated_construct
verbose_routing_diagnostic_v1_b025,conflict,diagnostic,jev_targeted_llm,capitalized_name_proxy,442,0.12217194570135746,0,,offline_descriptive_proxy_not_validated_construct
verbose_routing_diagnostic_v1_b025,conflict,diagnostic,jev_verbose,all,3203,0.21198876053699656,0,,offline_descriptive_proxy_not_validated_construct
verbose_routing_diagnostic_v1_b025,conflict,diagnostic,jev_verbose,rare_reference_class_offline,3203,0.21198876053699656,0,,offline_descriptive_proxy_not_validated_construct
verbose_routing_diagnostic_v1_b025,conflict,diagnostic,jev_verbose,negation_marker,1950,0.1671794871794872,0,,offline_descriptive_proxy_not_validated_construct
verbose_routing_diagnostic_v1_b025,conflict,diagnostic,jev_verbose,quotation_marker,771,0.14526588845654995,0,,offline_descriptive_proxy_not_validated_construct
verbose_routing_diagnostic_v1_b025,conflict,diagnostic,jev_verbose,capitalized_name_proxy,442,0.167420814479638,0,,offline_descriptive_proxy_not_validated_construct
verbose_routing_diagnostic_v1_b025,conflict,diagnostic,jev_targeted_llm,sarcasm_marker_proxy,24,0.0,0,,offline_descriptive_proxy_not_validated_construct
verbose_routing_diagnostic_v1_b025,conflict,diagnostic,jev_verbose,sarcasm_marker_proxy,24,0.16666666666666666,0,,offline_descriptive_proxy_not_validated_construct
verbose_routing_diagnostic_v1_b025,mbd,diagnostic,jev_targeted_llm,all,1598,0.19461827284105132,0,,offline_descriptive_proxy_not_validated_construct
verbose_routing_diagnostic_v1_b025,mbd,diagnostic,jev_targeted_llm,rare_reference_class_offline,1598,0.19461827284105132,0,,offline_descriptive_proxy_not_validated_construct
verbose_routing_diagnostic_v1_b025,mbd,diagnostic,jev_targeted_llm,negation_marker,217,0.19815668202764977,0,,offline_descriptive_proxy_not_validated_construct
verbose_routing_diagnostic_v1_b025,mbd,diagnostic,jev_targeted_llm,quotation_marker,555,0.18198198198198198,0,,offline_descriptive_proxy_not_validated_construct
verbose_routing_diagnostic_v1_b025,mbd,diagnostic,jev_targeted_llm,capitalized_name_proxy,504,0.1865079365079365,0,,offline_descriptive_proxy_not_validated_construct
verbose_routing_diagnostic_v1_b025,mbd,diagnostic,jev_verbose,all,1598,0.2190237797246558,0,,offline_descriptive_proxy_not_validated_construct
verbose_routing_diagnostic_v1_b025,mbd,diagnostic,jev_verbose,rare_reference_class_offline,1598,0.2190237797246558,0,,offline_descriptive_proxy_not_validated_construct
verbose_routing_diagnostic_v1_b025,mbd,diagnostic,jev_verbose,negation_marker,217,0.2488479262672811,0,,offline_descriptive_proxy_not_validated_construct
verbose_routing_diagnostic_v1_b025,mbd,diagnostic,jev_verbose,quotation_marker,555,0.22162162162162163,0,,offline_descriptive_proxy_not_validated_construct
verbose_routing_diagnostic_v1_b025,mbd,diagnostic,jev_verbose,capitalized_name_proxy,504,0.19444444444444445,0,,offline_descriptive_proxy_not_validated_construct
verbose_routing_diagnostic_v1_b025,ucc,diagnostic,jev_targeted_llm,all,7014,0.08326204733390362,0,,offline_descriptive_proxy_not_validated_construct
verbose_routing_diagnostic_v1_b025,ucc,diagnostic,jev_targeted_llm,negation_marker,1911,0.07482993197278912,0,,offline_descriptive_proxy_not_validated_construct
verbose_routing_diagnostic_v1_b025,ucc,diagnostic,jev_targeted_llm,capitalized_name_proxy,1302,0.08678955453149001,0,,offline_descriptive_proxy_not_validated_construct
verbose_routing_diagnostic_v1_b025,ucc,diagnostic,jev_targeted_llm,rare_reference_class_offline,7014,0.08326204733390362,0,,offline_descriptive_proxy_not_validated_construct
verbose_routing_diagnostic_v1_b025,ucc,diagnostic,jev_targeted_llm,sarcasm_marker_proxy,7,0.0,0,,offline_descriptive_proxy_not_validated_construct
verbose_routing_diagnostic_v1_b025,ucc,diagnostic,jev_verbose,all,7014,0.3461648132306815,0,,offline_descriptive_proxy_not_validated_construct
verbose_routing_diagnostic_v1_b025,ucc,diagnostic,jev_verbose,negation_marker,1911,0.33437990580847726,0,,offline_descriptive_proxy_not_validated_construct
verbose_routing_diagnostic_v1_b025,ucc,diagnostic,jev_verbose,capitalized_name_proxy,1302,0.3563748079877112,0,,offline_descriptive_proxy_not_validated_construct
verbose_routing_diagnostic_v1_b025,ucc,diagnostic,jev_verbose,rare_reference_class_offline,7014,0.3461648132306815,0,,offline_descriptive_proxy_not_validated_construct
verbose_routing_diagnostic_v1_b025,ucc,diagnostic,jev_verbose,sarcasm_marker_proxy,7,0.14285714285714285,0,,offline_descriptive_proxy_not_validated_construct
verbose_routing_diagnostic_v1_b025,ucc,diagnostic,jev_targeted_llm,quotation_marker,189,0.07936507936507936,0,,offline_descriptive_proxy_not_validated_construct
verbose_routing_diagnostic_v1_b025,ucc,diagnostic,jev_verbose,quotation_marker,189,0.3492063492063492,0,,offline_descriptive_proxy_not_validated_construct
