epoch,dataset,split,method,primary_dimensions,cohort_sha256,n_cells,coverage,macro_f1,macro_f1_supported_secondary,accuracy,nll,fraction_mae,fraction_rmse,fraction_binomial_loss,rating_mae,rating_normalized_mae,calls,fresh_calls,execution_type,cache_reads,unknown_billing_calls,input_tokens,output_tokens,cold_cost_usd_low,cold_cost_usd_high,warm_cost_usd_low,warm_cost_usd_high,api_elapsed_sum_seconds,workflow_elapsed_sum_seconds,completed_batches,total_batches,expected_batches,cohort_complete,current_book_match
adaptation_discovery_v1,babe,discovery,jev_joint_ab,1,555d11bc6ff584eb1dce88846fc695bf80d8e9dff660503a8062d3df8a61c762,200,1.0,0.8142150586226808,0.8142150586226808,0.815,0.5194613422675805,,,,,,13,13,"[""actual_workflow""]",0,0,92841,14763,0.003899322,0.003899322,0.003899322,0.003899322,4.909307416994125,4.9918855849828105,13,13,13,True,True
adaptation_discovery_v1,babe,discovery,llm_full_calibration_examples,1,555d11bc6ff584eb1dce88846fc695bf80d8e9dff660503a8062d3df8a61c762,200,1.0,0.8349628666449951,0.8349628666449951,0.835,,,,,,,13,13,"[""actual_workflow""]",0,0,301261,1749,0.04623855,0.0924771,0.038354646,0.076709292,13.540391333997832,13.625447833968792,13,13,13,True,True
adaptation_discovery_v1,babe,discovery,llm_labeled_examples,1,555d11bc6ff584eb1dce88846fc695bf80d8e9dff660503a8062d3df8a61c762,200,1.0,0.8297275641025641,0.8297275641025641,0.83,,,,,,,13,13,"[""actual_workflow""]",0,0,86683,1747,0.01405065,0.0281013,0.008989146,0.017978292,10.178539165004622,10.236083085037535,13,13,13,True,True
adaptation_discovery_v1,commonsense,discovery,jev_joint_ab,2,f1960c1e84a34220240f1c72abeae46b923253f78a1133288c84370b0b6d8ffb,400,1.0,,,,,0.15402828223124504,0.20155710459377654,0.5322599084933752,,,13,13,"[""actual_workflow""]",0,0,107831,16340,0.0045289020000000004,0.0045289020000000004,0.0045289020000000004,0.0045289020000000004,4.932040625018999,5.016018791036913,13,13,13,True,True
adaptation_discovery_v1,commonsense,discovery,llm_full_calibration_examples,2,f1960c1e84a34220240f1c72abeae46b923253f78a1133288c84370b0b6d8ffb,400,1.0,,,,,0.13966316555550468,0.18433232428500465,0.5169834192692526,,,13,13,"[""actual_workflow""]",0,0,317923,3639,0.049871849999999995,0.09974369999999999,0.041348201999999994,0.08269640399999999,17.356833581987303,17.450494875985896,13,13,13,True,True
adaptation_discovery_v1,commonsense,discovery,llm_labeled_examples,2,f1960c1e84a34220240f1c72abeae46b923253f78a1133288c84370b0b6d8ffb,400,1.0,,,,,0.14222116196795065,0.1836280302599705,0.5165470507733263,,,13,13,"[""actual_workflow""]",0,0,91749,3639,0.015945749999999998,0.031891499999999996,0.010997142,0.021994284,14.759684458040283,14.839846583010512,13,13,13,True,True
adaptation_discovery_v1,conflict,discovery,jev_joint_ab,4,2155696c8e98177c35899a25214fa86f3361d270ac138ae7063c9be8cd4bea62,368,1.0,0.5407628808438525,0.6998537899347615,0.842391304347826,0.5022919327724336,,,,,,7,7,"[""actual_workflow""]",0,0,157467,37646,0.006613614,0.006613614,0.006613614,0.006613614,3.1365184579917695,3.206292000002577,6,6,6,True,True
adaptation_discovery_v1,conflict,discovery,llm_full_calibration_examples,4,2155696c8e98177c35899a25214fa86f3361d270ac138ae7063c9be8cd4bea62,368,1.0,0.5309117053668425,0.6975783720335091,0.9211956521739131,,,,,,,6,6,"[""actual_workflow""]",0,0,198813,4354,0.03243435,0.0648687,0.026544942000000002,0.053089884000000004,15.55326387398236,15.602823209002963,6,6,6,True,True
adaptation_discovery_v1,conflict,discovery,llm_labeled_examples,4,2155696c8e98177c35899a25214fa86f3361d270ac138ae7063c9be8cd4bea62,368,1.0,0.5141204462543724,0.6798763661086529,0.8641304347826086,,,,,,,6,6,"[""actual_workflow""]",0,0,68967,4363,0.01296285,0.0259257,0.010253346,0.020506692,13.325669998986996,13.355745583990938,6,6,6,True,True
adaptation_discovery_v1,mbd,discovery,jev_joint_ab,3,456af7dfb69959ef94e28748e35c33f36e0129c002122a6e932ee911ff9db88f,623,1.0,0.7136182410817508,0.7136182410817508,0.8528306059265812,0.5226079877044825,,,,,,15,15,"[""actual_workflow""]",0,0,289643,62598,0.012165006,0.012165006,0.012165006,0.012165006,6.869928790998529,7.092477209007484,15,15,15,True,True
adaptation_discovery_v1,mbd,discovery,llm_full_calibration_examples,3,456af7dfb69959ef94e28748e35c33f36e0129c002122a6e932ee911ff9db88f,623,1.0,0.7019975398063892,0.7019975398063892,0.8765380474358803,,,,,,,15,15,"[""actual_workflow""]",0,0,998604,4705,0.1526136,0.3052272,0.140345568,0.280691136,30.985559542954434,31.2117918330041,15,15,15,True,True
adaptation_discovery_v1,mbd,discovery,llm_labeled_examples,3,456af7dfb69959ef94e28748e35c33f36e0129c002122a6e932ee911ff9db88f,623,1.0,0.6839676408722015,0.6839676408722015,0.8525114032853972,,,,,,,15,15,"[""actual_workflow""]",0,0,250389,4710,0.04038435,0.0807687,0.029245278,0.058490556,19.02767387602944,19.154722916980973,15,15,15,True,True
adaptation_discovery_v1,taskmap,discovery,jev_joint_ab,23,8dae1e407e56a0a1a2b6c38088c0b7caef380fcbe8c22a311dced126735adbe0,460,1.0,,,,,0.14043166054959533,0.17238619665492072,0.4927638679357784,0.14328632128740826,0.14328632128740826,26,26,"[""actual_workflow""]",0,0,882158,18710,0.037050636000000005,0.037050636000000005,0.037050636000000005,0.037050636000000005,12.46652974798053,13.565227000013692,2,2,2,True,True
adaptation_discovery_v1,taskmap,discovery,llm_full_calibration_examples,23,8dae1e407e56a0a1a2b6c38088c0b7caef380fcbe8c22a311dced126735adbe0,460,1.0,,,,,0.14283271456804064,0.19741089962062303,0.6857609602745822,0.09829541219649914,0.09829541219649914,3,3,"[""actual_workflow""]",0,0,197117,4397,0.03220575,0.0644115,0.013370934,0.026741868,12.95491662499262,13.039782915991964,2,2,2,True,True
adaptation_discovery_v1,taskmap,discovery,llm_labeled_examples,23,8dae1e407e56a0a1a2b6c38088c0b7caef380fcbe8c22a311dced126735adbe0,460,1.0,,,,,0.13337014633916808,0.17843909809306174,0.5958581501012177,0.0932169097810402,0.0932169097810402,3,3,"[""actual_workflow""]",0,0,187487,4147,0.03061125,0.0612225,0.027167922,0.054335844,13.364709374000086,13.466556250001304,2,2,2,True,True
adaptation_discovery_v1,ucc,discovery,jev_joint_ab,7,a561043082d3aec7ff0d3bc89623314377afff9593eb7a5e9e5bdc0f3137c688,1470,1.0,0.4392269503656855,0.4392269503656855,0.6435374149659864,0.7562406359897729,,,,,,14,14,"[""actual_workflow""]",0,0,399039,108810,0.016759638,0.016759638,0.016759638,0.016759638,9.696993792997091,9.992296123993583,14,14,14,True,True
adaptation_discovery_v1,ucc,discovery,llm_full_calibration_examples,7,a561043082d3aec7ff0d3bc89623314377afff9593eb7a5e9e5bdc0f3137c688,1470,1.0,0.5423574540505074,0.5423574540505074,0.8972789115646258,,,,,,,14,14,"[""actual_workflow""]",0,0,954180,11813,0.15021479999999998,0.30042959999999996,0.13085313599999998,0.26170627199999996,44.68403758399654,44.88500125100836,14,14,14,True,True
adaptation_discovery_v1,ucc,discovery,llm_labeled_examples,7,a561043082d3aec7ff0d3bc89623314377afff9593eb7a5e9e5bdc0f3137c688,1470,1.0,0.5257521418968839,0.5257521418968839,0.8380952380952381,,,,,,,14,14,"[""actual_workflow""]",0,0,257344,11816,0.0456912,0.0913824,0.037487424,0.074974848,37.45252833300037,37.56972708199464,14,14,14,True,True
cache_prefix_diagnostic_v1,babe,diagnostic,llm_direct_cached_prefix,1,24d32a1fdcd8946f74392e44dc6dbeffbfe517758ee110137fe2c802f26a111c,1000,0.392,0.44941321267865364,0.44941321267865364,0.313,,,,,,,25,25,"[""actual_workflow""]",0,0,108445,4160,0.018762749999999998,0.037525499999999996,0.011273982,0.022547964,23.809380958031397,38.664219288970344,25,63,63,True,True
cache_prefix_diagnostic_v1,babe,diagnostic,llm_full_examples_cached_prefix,1,24d32a1fdcd8946f74392e44dc6dbeffbfe517758ee110137fe2c802f26a111c,1000,0.264,0.3257573290514255,0.3257573290514255,0.206,,,,,,,17,17,"[""actual_workflow""]",0,0,394042,2844,0.0608127,0.1216254,0.011740572,0.023481144,17.307726127066417,35.26226291709463,17,63,63,True,True
cache_prefix_diagnostic_v1,babe,diagnostic,llm_native_cached_prefix,1,24d32a1fdcd8946f74392e44dc6dbeffbfe517758ee110137fe2c802f26a111c,1000,0.488,0.5183730715287518,0.5183730715287518,0.386,,,,,,,31,31,"[""actual_workflow""]",0,0,156618,5206,0.0266163,0.0532326,0.01758462,0.03516924,29.914949128986336,42.11153574893251,31,63,63,True,True
cache_prefix_diagnostic_v1,commonsense,diagnostic,llm_direct_cached_prefix,2,2c62c6ac7d0baf8d8d4718682a851848cc6e21648b5ded41adad412d31dd12a5,2000,0.44,,,,,0.15385016244468896,0.19392906001556992,0.5445488973249192,,,28,28,"[""actual_workflow""]",0,0,130147,8228,0.02445885,0.0489177,0.023950818,0.047901636,36.00716928797192,49.42342525397544,28,63,63,True,True
cache_prefix_diagnostic_v1,commonsense,diagnostic,llm_full_examples_cached_prefix,2,2c62c6ac7d0baf8d8d4718682a851848cc6e21648b5ded41adad412d31dd12a5,2000,0.384,,,,,0.13524256778655025,0.18391044775499987,0.5450122971304929,,,24,24,"[""actual_workflow""]",0,0,590864,7720,0.0932616,0.1865232,0.025749792,0.051499584,32.500580125983106,47.64111871109344,24,63,63,True,True
cache_prefix_diagnostic_v1,commonsense,diagnostic,llm_native_cached_prefix,2,2c62c6ac7d0baf8d8d4718682a851848cc6e21648b5ded41adad412d31dd12a5,2000,0.464,,,,,0.14534302389637038,0.19165677227084219,0.5421180830001151,,,29,29,"[""actual_workflow""]",0,0,139188,8951,0.0262488,0.0524976,0.025721952,0.051443904,36.56073962699156,49.70871762992465,29,63,63,True,True
cache_prefix_diagnostic_v1,conflict,diagnostic,llm_direct_cached_prefix,4,b171f3227e1d51512195750de57f32579dd2c426e17876327d8413b18413ef7a,3203,0.49797065251326883,0.3576580693927827,0.3926466047897446,0.3994221629114166,,,,,,,25,25,"[""actual_workflow""]",0,0,233297,20630,0.04737255,0.0947451,0.045998982,0.091997964,59.9399804979912,69.73364795590169,25,51,51,True,True
cache_prefix_diagnostic_v1,conflict,diagnostic,llm_full_examples_cached_prefix,4,b171f3227e1d51512195750de57f32579dd2c426e17876327d8413b18413ef7a,3203,0.30221667187012174,0.2673338175707948,0.30021004823183556,0.2806984264558178,,,,,,,16,16,"[""actual_workflow""]",0,0,532396,11982,0.08704859999999999,0.17409719999999998,0.03172956,0.06345912,38.54205633193487,53.35357958296663,16,51,51,True,True
cache_prefix_diagnostic_v1,conflict,diagnostic,llm_native_cached_prefix,4,b171f3227e1d51512195750de57f32579dd2c426e17876327d8413b18413ef7a,3203,0.4005619731501717,0.32993531486427036,0.36543958055592174,0.3285266288482057,,,,,,,21,21,"[""actual_workflow""]",0,0,304040,16759,0.0556614,0.1113228,0.054156119999999995,0.10831223999999999,50.87544825000805,62.75867203998496,21,51,51,True,True
cache_prefix_diagnostic_v1,mbd,diagnostic,llm_direct_cached_prefix,3,afff3e901ccd6f50084d3e1b3d960363ef25786fbc83edbc6d485204da18fcba,1598,0.42490613266583227,0.4583397470166713,0.4583397470166713,0.3363484046960193,,,,,,,17,17,"[""actual_workflow""]",0,0,140481,5686,0.02448375,0.0489675,0.020927526,0.041855052,23.401795082027093,33.01581249907031,17,42,42,True,True
cache_prefix_diagnostic_v1,mbd,diagnostic,llm_full_examples_cached_prefix,3,afff3e901ccd6f50084d3e1b3d960363ef25786fbc83edbc6d485204da18fcba,1598,0.40112640801001254,0.4501382398349156,0.4501382398349156,0.34191628902722,,,,,,,17,17,"[""actual_workflow""]",0,0,1115885,5520,0.17069475,0.3413895,0.030816606,0.061633212,26.564486372080864,36.85545733294566,17,42,42,True,True
cache_prefix_diagnostic_v1,mbd,diagnostic,llm_native_cached_prefix,3,afff3e901ccd6f50084d3e1b3d960363ef25786fbc83edbc6d485204da18fcba,1598,0.33917396745932415,0.44276585629615567,0.44276585629615567,0.2721241787649847,,,,,,,16,16,"[""actual_workflow""]",0,0,151188,4638,0.025460999999999998,0.050921999999999995,0.021942407999999997,0.04388481599999999,20.385280460031936,30.497357374959392,16,42,42,True,True
cache_prefix_diagnostic_v1,ucc,diagnostic,llm_direct_cached_prefix,7,36ca042a113b4d98a63e52f4163023d0641dd85ad33cb82f1b0321d7a578ad90,7014,0.5049900199600799,0.36256369209895034,0.36256369209895034,0.3979184488166524,,,,,,,32,32,"[""actual_workflow""]",0,0,390811,35536,0.07994325,0.1598865,0.073414098,0.146828196,99.57701158203417,111.5266906710167,32,63,63,True,True
cache_prefix_diagnostic_v1,ucc,diagnostic,llm_full_examples_cached_prefix,7,36ca042a113b4d98a63e52f4163023d0641dd85ad33cb82f1b0321d7a578ad90,7014,0.4091816367265469,0.38296059934568166,0.38296059934568166,0.38408896492728833,,,,,,,26,26,"[""actual_workflow""]",0,0,1785180,23320,0.281769,0.563538,0.06914819999999999,0.13829639999999999,74.4846370430314,89.59626870797365,26,63,63,True,True
cache_prefix_diagnostic_v1,ucc,diagnostic,llm_native_cached_prefix,7,36ca042a113b4d98a63e52f4163023d0641dd85ad33cb82f1b0321d7a578ad90,7014,0.4411177644710579,0.3548481432280801,0.3548481432280801,0.3398916452808668,,,,,,,28,28,"[""actual_workflow""]",0,0,579725,30656,0.10535235,0.2107047,0.099255966,0.198511932,88.78702632887871,102.11741504096426,28,63,63,True,True
calibration_v1,babe,calibration,jev_anchored,1,834459fd909aa2d10a91320129ef1330384d3aca7e7982b477cf0ef85f8c2169,201,1.0,0.7210547184773989,0.7210547184773989,0.7213930348258707,0.8284964596725559,,,,,,13,13,"[""actual_workflow""]",0,0,55296,7241,0.002322432,0.002322432,0.002322432,0.002322432,4.188478499985649,4.256830667975009,13,13,13,True,True
calibration_v1,babe,calibration,jev_compact,1,834459fd909aa2d10a91320129ef1330384d3aca7e7982b477cf0ef85f8c2169,201,1.0,0.7150354433528168,0.7150354433528168,0.7164179104477612,0.8232623521755056,,,,,,13,13,"[""actual_workflow""]",0,0,55296,7248,0.002322432,0.002322432,0.002322432,0.002322432,4.194031705002999,4.248541917040711,13,13,13,True,True
calibration_v1,babe,calibration,jev_verbose,1,834459fd909aa2d10a91320129ef1330384d3aca7e7982b477cf0ef85f8c2169,201,1.0,0.8350205198358414,0.8350205198358414,0.835820895522388,0.4356239098967131,,,,,,13,13,"[""actual_workflow""]",0,0,64073,7248,0.002691066,0.002691066,0.002691066,0.002691066,4.2217040010291385,4.265522288987995,13,13,13,True,True
calibration_v1,babe,calibration,llm_direct,1,834459fd909aa2d10a91320129ef1330384d3aca7e7982b477cf0ef85f8c2169,201,1.0,0.8296270442760272,0.8296270442760272,0.8308457711442786,,,,,,,13,13,"[""actual_workflow""]",0,0,55991,2135,0.00967965,0.0193593,0.005765922,0.011531844,11.020712290992378,11.066770335033652,13,13,13,True,True
calibration_v1,commonsense,calibration,jev_anchored,2,9db4b46c6cb7729c5715b6c176563feff04876f6707415ed7d23e0d68cfec251,400,1.0,,,,,0.15888351703308923,0.2010376451644199,0.5404216361716474,,,13,13,"[""actual_workflow""]",0,0,46765,7796,0.00196413,0.00196413,0.00196413,0.00196413,3.9913884589914232,4.0479973329929635,13,13,13,True,True
calibration_v1,commonsense,calibration,jev_compact,2,9db4b46c6cb7729c5715b6c176563feff04876f6707415ed7d23e0d68cfec251,400,1.0,,,,,0.1594320429374429,0.2014310700244944,0.5408290260261088,,,13,13,"[""actual_workflow""]",0,0,46765,7796,0.00196413,0.00196413,0.00196413,0.00196413,4.104630497007747,4.156792917012353,13,13,13,True,True
calibration_v1,commonsense,calibration,jev_verbose,2,9db4b46c6cb7729c5715b6c176563feff04876f6707415ed7d23e0d68cfec251,400,1.0,,,,,0.1508789711512406,0.1914302612467386,0.5322690502295319,,,13,13,"[""actual_workflow""]",0,0,53407,7796,0.002243094,0.002243094,0.002243094,0.002243094,4.604386375009199,4.681929375990876,13,13,13,True,True
calibration_v1,commonsense,calibration,llm_direct,2,9db4b46c6cb7729c5715b6c176563feff04876f6707415ed7d23e0d68cfec251,400,1.0,,,,,0.14496028900962526,0.18693623375798474,0.5245983158741958,,,13,13,"[""actual_workflow""]",0,0,59280,3671,0.0110946,0.0221892,0.010849992000000001,0.021699984000000002,14.72598508001829,14.789620040988666,13,13,13,True,True
calibration_v1,conflict,calibration,jev_anchored,4,0007e5851182f24f8f5dec1d6aacad4ceb1b27fa62fb2b4000a765374405e8fe,392,1.0,0.5117966776597596,0.6732001864316894,0.8188775510204082,0.46886349562464913,,,,,,7,7,"[""actual_workflow""]",0,0,45902,19690,0.0019278840000000002,0.0019278840000000002,0.0019278840000000002,0.0019278840000000002,2.307832957987557,2.338281874981476,7,7,7,True,True
calibration_v1,conflict,calibration,jev_compact,4,0007e5851182f24f8f5dec1d6aacad4ceb1b27fa62fb2b4000a765374405e8fe,392,1.0,0.4994481284283209,0.6599419555888147,0.8086734693877551,0.4716378910718876,,,,,,7,7,"[""actual_workflow""]",0,0,45902,19694,0.0019278840000000002,0.0019278840000000002,0.0019278840000000002,0.0019278840000000002,2.328388876019744,2.3648306660033995,7,7,7,True,True
calibration_v1,conflict,calibration,jev_verbose,4,0007e5851182f24f8f5dec1d6aacad4ceb1b27fa62fb2b4000a765374405e8fe,392,1.0,0.530450556715566,0.6918540654874957,0.8443877551020409,0.3909713131819659,,,,,,7,7,"[""actual_workflow""]",0,0,86502,19681,0.003633084,0.003633084,0.003633084,0.003633084,2.71611712599406,2.7666284999868367,7,7,7,True,True
calibration_v1,conflict,calibration,llm_direct,4,0007e5851182f24f8f5dec1d6aacad4ceb1b27fa62fb2b4000a765374405e8fe,392,1.0,0.528934770729138,0.6930107638206751,0.8341836734693877,,,,,,,7,7,"[""actual_workflow""]",0,0,55034,5061,0.0112917,0.0225834,0.010896564,0.021793128,15.168153166974662,15.191961081014597,7,7,7,True,True
calibration_v1,mbd,calibration,jev_anchored,3,ac5391ccb9b9483d077f6c881702f7fc52cc0892313fd84ec70a30c4229fc666,714,1.0,0.6917793531047692,0.6917793531047692,0.8332634177874546,0.5241226931434594,,,,,,17,17,"[""actual_workflow""]",0,0,161914,35257,0.006800388000000001,0.006800388000000001,0.006800388000000001,0.006800388000000001,6.153283124949667,6.256479625983047,17,17,17,True,True
calibration_v1,mbd,calibration,jev_compact,3,ac5391ccb9b9483d077f6c881702f7fc52cc0892313fd84ec70a30c4229fc666,714,1.0,0.6912266468892462,0.6912266468892462,0.8303498908283714,0.5047783414500829,,,,,,17,17,"[""actual_workflow""]",0,0,135536,35259,0.005692512,0.005692512,0.005692512,0.005692512,6.541314168018289,6.65523833197949,17,17,17,True,True
calibration_v1,mbd,calibration,jev_verbose,3,ac5391ccb9b9483d077f6c881702f7fc52cc0892313fd84ec70a30c4229fc666,714,1.0,0.690035000560556,0.690035000560556,0.8025467510441208,0.5728773271283623,,,,,,17,17,"[""actual_workflow""]",0,0,184645,35276,0.00775509,0.00775509,0.00775509,0.00775509,6.856830583012197,6.981451874002232,17,17,17,True,True
calibration_v1,mbd,calibration,llm_direct,3,ac5391ccb9b9483d077f6c881702f7fc52cc0892313fd84ec70a30c4229fc666,714,1.0,0.6736450882209356,0.6736450882209356,0.8248390767705339,,,,,,,17,17,"[""actual_workflow""]",0,0,147748,5669,0.0255636,0.0511272,0.022684752,0.045369504,23.978158707977855,24.07703562398092,17,17,17,True,True
calibration_v1,taskmap,calibration,jev_anchored,23,8964c102070f62112bab51555ae19275c031e81d5ed3a56e81f38168f2ffc7cb,460,1.0,,,,,0.1391162239933979,0.17547651241018908,0.506282895451166,0.13778102754733187,0.13778102754733187,3,3,"[""actual_workflow""]",0,0,88553,8855,0.0037192260000000004,0.0037192260000000004,0.0037192260000000004,0.0037192260000000004,2.938382582986378,3.018020332980086,2,2,2,True,True
calibration_v1,taskmap,calibration,jev_compact,23,8964c102070f62112bab51555ae19275c031e81d5ed3a56e81f38168f2ffc7cb,460,1.0,,,,,0.13871303080976993,0.17494335977517533,0.5051213182383766,0.13873327578218883,0.13873327578218883,3,3,"[""actual_workflow""]",0,0,88553,8855,0.0037192260000000004,0.0037192260000000004,0.0037192260000000004,0.0037192260000000004,1.9245565419987543,1.9943284160108306,2,2,2,True,True
calibration_v1,taskmap,calibration,jev_verbose,23,8964c102070f62112bab51555ae19275c031e81d5ed3a56e81f38168f2ffc7cb,460,1.0,,,,,0.1386517446321794,0.18039649364724203,0.5100790172603096,0.14466725943138986,0.14466725943138986,13,13,"[""actual_workflow""]",0,0,424510,8895,0.017829420000000002,0.017829420000000002,0.017829420000000002,0.017829420000000002,6.363792664022185,6.77470937500766,2,2,2,True,True
calibration_v1,taskmap,calibration,llm_direct,23,8964c102070f62112bab51555ae19275c031e81d5ed3a56e81f38168f2ffc7cb,460,1.0,,,,,0.16182548936570676,0.22295688185248572,0.7888800819735391,0.11068334600182426,0.11068334600182426,3,3,"[""actual_workflow""]",0,0,105333,4329,0.01839735,0.0367947,0.013674534,0.027349068,12.803908082991256,12.880046041987953,2,2,2,True,True
calibration_v1,ucc,calibration,jev_anchored,7,8e81e267391af61ec58dda2b35aff9adee967ab4040c508ff2283f4d9d92492a,1435,1.0,0.4790432878658576,0.4790432878658576,0.7087108013937282,0.6687140012321046,,,,,,13,13,"[""actual_workflow""]",0,0,132669,51479,0.005572098,0.005572098,0.005572098,0.005572098,4.959254877001513,5.07426716601185,13,13,13,True,True
calibration_v1,ucc,calibration,jev_compact,7,8e81e267391af61ec58dda2b35aff9adee967ab4040c508ff2283f4d9d92492a,1435,1.0,0.48359554258181525,0.48359554258181525,0.716376306620209,0.6734663098355871,,,,,,13,13,"[""actual_workflow""]",0,0,132669,51479,0.005572098,0.005572098,0.005572098,0.005572098,4.738209625982563,4.838596750996658,13,13,13,True,True
calibration_v1,ucc,calibration,jev_verbose,7,8e81e267391af61ec58dda2b35aff9adee967ab4040c508ff2283f4d9d92492a,1435,1.0,0.4879750698122454,0.4879750698122454,0.716376306620209,0.6896234814118334,,,,,,13,13,"[""actual_workflow""]",0,0,177837,51479,0.007469154,0.007469154,0.007469154,0.007469154,5.965830373010249,6.102175874009845,13,13,13,True,True
calibration_v1,ucc,calibration,llm_direct,7,8e81e267391af61ec58dda2b35aff9adee967ab4040c508ff2283f4d9d92492a,1435,1.0,0.4984134134261146,0.4984134134261146,0.7491289198606272,,,,,,,13,13,"[""actual_workflow""]",0,0,157966,13532,0.0318141,0.0636282,0.029123411999999998,0.058246823999999996,38.11389983301342,38.191822208013036,13,13,13,True,True
confirmation_jev_v1,commonsense,confirmation,jev_native,2,7c93ee1ff3ccf5ac66670d418cf2659a25a307dd27eaf1dbd9401135eec3c55b,2000,1.0,,,,,0.14545313034759128,0.1858083664798747,0.5291320112211477,,,63,25,"[""actual_workflow""]",38,0,241190,38996,0.01012998,0.01012998,0.01012998,0.01012998,22.98763887298992,9.422024582949234,63,63,63,True,True
confirmation_jev_v1,commonsense,confirmation,jev_threshold_calibrated,2,7c93ee1ff3ccf5ac66670d418cf2659a25a307dd27eaf1dbd9401135eec3c55b,2000,1.0,,,,,0.13391511514192866,0.17458306001404894,0.517443935468061,,,63,38,"[""actual_workflow""]",25,0,241190,38996,0.01012998,0.01012998,0.01012998,0.01012998,22.98763887298992,14.374080829933519,63,63,63,True,True
confirmation_jev_v1,taskmap,confirmation,jev_native,23,bd19883abd846db7a5d3a0e5ed4e771e87d882243b9b1a831cca050b7d0340b0,1426,1.0,,,,,0.14131162611221523,0.18181162220587943,0.4888656050766203,0.1293771614685593,0.1293771614685593,44,36,"[""actual_workflow""]",8,0,1488728,27633,0.062526576,0.062526576,0.062526576,0.062526576,21.709094789955998,19.08766570998705,6,6,6,True,True
confirmation_jev_v1,taskmap,confirmation,jev_threshold_calibrated,23,bd19883abd846db7a5d3a0e5ed4e771e87d882243b9b1a831cca050b7d0340b0,1426,1.0,,,,,0.11152852181449946,0.14554148596012909,0.4507426652590693,0.07049182831852023,0.07049182831852023,44,8,"[""actual_workflow""]",36,0,1488728,27633,0.062526576,0.062526576,0.062526576,0.062526576,21.709094789955998,5.162045999022666,6,6,6,True,True
confirmation_jev_v1,ucc,confirmation,jev_native,7,e8e9eeaa0f35b1926d507d72c37e2333571574a51935134e8410945f0e6c8bf7,7007,1.0,0.4704530472740383,0.4704530472740383,0.6483516483516484,0.6547041209680128,,,,,,63,36,"[""actual_workflow""]",27,0,1262401,155380,0.053020842000000006,0.053020842000000006,0.053020842000000006,0.053020842000000006,28.351670001109596,16.696982502995525,63,63,63,True,True
confirmation_jev_v1,ucc,confirmation,jev_threshold_calibrated,7,e8e9eeaa0f35b1926d507d72c37e2333571574a51935134e8410945f0e6c8bf7,7007,1.0,0.5316355758381256,0.5316355758381256,0.9177964892250606,0.18997851218729453,,,,,,63,27,"[""actual_workflow""]",36,0,1262401,155380,0.053020842000000006,0.053020842000000006,0.053020842000000006,0.053020842000000006,28.351670001109596,13.948135048034601,63,63,63,True,True
diagnostic_v1,babe,diagnostic,jev_ab_average,1,24d32a1fdcd8946f74392e44dc6dbeffbfe517758ee110137fe2c802f26a111c,1000,1.0,0.8068375503798695,0.8068375503798695,0.807,0.548868447527094,,,,,,126,72,"[""actual_workflow""]",54,0,666794,72048,0.028005348000000003,0.028005348000000003,0.028005348000000003,0.028005348000000003,42.26103395798418,25.000154913010192,63,63,63,True,True
diagnostic_v1,babe,diagnostic,jev_ab_judge,1,24d32a1fdcd8946f74392e44dc6dbeffbfe517758ee110137fe2c802f26a111c,1000,1.0,0.8178572000448352,0.8178572000448352,0.818,0.5438518241580611,,,,,,151,79,"[""actual_workflow""]",72,0,750745,72435,0.040830198,0.053655048000000004,0.032287734,0.036570120000000005,56.67940466494474,32.91945029491035,63,63,63,True,True
diagnostic_v1,babe,diagnostic,jev_anchored,1,24d32a1fdcd8946f74392e44dc6dbeffbfe517758ee110137fe2c802f26a111c,1000,1.0,0.7829216347101303,0.7829216347101303,0.783,0.6273067399307278,,,,,,63,63,"[""actual_workflow""]",0,0,271176,36031,0.011389392,0.011389392,0.011389392,0.011389392,21.541593666013796,21.858442163982545,63,63,63,True,True
diagnostic_v1,babe,diagnostic,jev_boundary,1,24d32a1fdcd8946f74392e44dc6dbeffbfe517758ee110137fe2c802f26a111c,1000,1.0,0.775999103996416,0.775999103996416,0.776,0.6171144103252004,,,,,,63,63,"[""actual_workflow""]",0,0,308176,36052,0.012943392000000001,0.012943392000000001,0.012943392000000001,0.012943392000000001,22.34315687304479,22.726804754929617,63,63,63,True,True
diagnostic_v1,babe,diagnostic,jev_calibrated,1,24d32a1fdcd8946f74392e44dc6dbeffbfe517758ee110137fe2c802f26a111c,1000,1.0,0.7929265311374164,0.7929265311374164,0.794,0.5298206506299806,,,,,,63,35,"[""actual_workflow""]",28,0,314897,36016,0.013225674000000001,0.013225674000000001,0.013225674000000001,0.013225674000000001,22.44327753900143,12.735398826029268,63,63,63,True,True
diagnostic_v1,babe,diagnostic,jev_compact,1,24d32a1fdcd8946f74392e44dc6dbeffbfe517758ee110137fe2c802f26a111c,1000,1.0,0.7779280486877749,0.7779280486877749,0.778,0.6609319365440073,,,,,,63,63,"[""actual_workflow""]",0,0,271176,36032,0.011389392,0.011389392,0.011389392,0.011389392,21.29517929398571,21.615496664948296,63,63,63,True,True
diagnostic_v1,babe,diagnostic,jev_verbose,1,24d32a1fdcd8946f74392e44dc6dbeffbfe517758ee110137fe2c802f26a111c,1000,1.0,0.8097801058023075,0.8097801058023075,0.81,0.6784218547180666,,,,,,63,28,"[""actual_workflow""]",35,0,314897,36016,0.013225674000000001,0.013225674000000001,0.013225674000000001,0.013225674000000001,22.44327753900143,10.263858459074982,63,63,63,True,True
diagnostic_v1,babe,diagnostic,llm_ab_judge,1,24d32a1fdcd8946f74392e44dc6dbeffbfe517758ee110137fe2c802f26a111c,1000,1.0,0.7908547204491797,0.7908547204491797,0.792,,,,,,,153,153,"[""actual_workflow""]",0,0,761529,21469,0.12711075,0.2542215,0.057510513,0.115021026,127.17591171101958,127.90055912498792,63,63,63,True,True
diagnostic_v1,babe,diagnostic,llm_direct,1,24d32a1fdcd8946f74392e44dc6dbeffbfe517758ee110137fe2c802f26a111c,1000,1.0,0.7926846733882235,0.7926846733882235,0.793,,,,,,,63,63,"[""actual_workflow""]",0,0,274942,10542,0.0475665,0.095133,0.02385834,0.04771668,59.23308803902182,59.55401816396625,63,63,63,True,True
diagnostic_v1,babe,diagnostic,llm_vote5,1,24d32a1fdcd8946f74392e44dc6dbeffbfe517758ee110137fe2c802f26a111c,1000,1.0,0.7979231323724125,0.7979231323724125,0.799,,,,,,,315,313,"[""actual_workflow""]",2,0,1594030,50134,0.2691849,0.5383698,0.055288875,0.11057775,271.49671158596175,270.69656754107564,63,63,63,True,True
diagnostic_v1,commonsense,diagnostic,jev_ab_average,2,2c62c6ac7d0baf8d8d4718682a851848cc6e21648b5ded41adad412d31dd12a5,2000,1.0,,,,,0.15396680399524248,0.19497292387007922,0.5467584125363283,,,126,68,"[""actual_workflow""]",58,0,604994,77992,0.025409748000000003,0.025409748000000003,0.025409748000000003,0.025409748000000003,44.222278045956045,23.529867752993596,63,63,63,True,True
diagnostic_v1,commonsense,diagnostic,jev_ab_judge,2,2c62c6ac7d0baf8d8d4718682a851848cc6e21648b5ded41adad412d31dd12a5,2000,1.0,,,,,0.15480568955796947,0.19707012906504423,0.5488025673215511,,,189,111,"[""actual_workflow""]",78,0,1013382,92317,0.095262948,0.165116148,0.09163146,0.15785317199999999,113.06743642291985,84.07579337793868,63,63,63,True,True
diagnostic_v1,commonsense,diagnostic,jev_anchored,2,2c62c6ac7d0baf8d8d4718682a851848cc6e21648b5ded41adad412d31dd12a5,2000,1.0,,,,,0.16473217682320287,0.2054783268282342,0.5579143790257768,,,63,63,"[""actual_workflow""]",0,0,232635,38996,0.00977067,0.00977067,0.00977067,0.00977067,20.85846337804105,21.22925966492039,63,63,63,True,True
diagnostic_v1,commonsense,diagnostic,jev_boundary,2,2c62c6ac7d0baf8d8d4718682a851848cc6e21648b5ded41adad412d31dd12a5,2000,1.0,,,,,0.1636648280542351,0.2051776924608697,0.5570922747438409,,,63,63,"[""actual_workflow""]",0,0,306635,38996,0.01287867,0.01287867,0.01287867,0.01287867,20.418217537982855,20.793216496051173,63,63,63,True,True
diagnostic_v1,commonsense,diagnostic,jev_calibrated,2,2c62c6ac7d0baf8d8d4718682a851848cc6e21648b5ded41adad412d31dd12a5,2000,1.0,,,,,0.14064766008488053,0.18328385387625284,0.5345552109787101,,,63,28,"[""actual_workflow""]",35,0,265497,38996,0.011150874,0.011150874,0.011150874,0.011150874,21.980428539944114,10.15359408405493,63,63,63,True,True
diagnostic_v1,commonsense,diagnostic,jev_compact,2,2c62c6ac7d0baf8d8d4718682a851848cc6e21648b5ded41adad412d31dd12a5,2000,1.0,,,,,0.16409984291039986,0.20471750324383503,0.5569625667062683,,,63,63,"[""actual_workflow""]",0,0,232635,38996,0.00977067,0.00977067,0.00977067,0.00977067,20.5779944560054,20.92841095502081,63,63,63,True,True
diagnostic_v1,commonsense,diagnostic,jev_verbose,2,2c62c6ac7d0baf8d8d4718682a851848cc6e21648b5ded41adad412d31dd12a5,2000,1.0,,,,,0.15433155713548397,0.19523310294118423,0.5471631379331567,,,63,35,"[""actual_workflow""]",28,0,265497,38996,0.011150874,0.011150874,0.011150874,0.011150874,21.980428539944114,12.381774669964216,63,63,63,True,True
diagnostic_v1,commonsense,diagnostic,llm_ab_judge,2,2c62c6ac7d0baf8d8d4718682a851848cc6e21648b5ded41adad412d31dd12a5,2000,1.0,,,,,0.14102078885804495,0.18237085997132957,0.5382431030043592,,,189,189,"[""actual_workflow""]",0,0,983214,48746,0.1767297,0.3534594,0.140772912,0.281545824,212.9031286239333,213.81804141898465,63,63,63,True,True
diagnostic_v1,commonsense,diagnostic,llm_direct,2,2c62c6ac7d0baf8d8d4718682a851848cc6e21648b5ded41adad412d31dd12a5,2000,1.0,,,,,0.1461947025435967,0.19055008777127863,0.5461277044335291,,,63,63,"[""actual_workflow""]",0,0,295632,18669,0.0555462,0.1110924,0.051745368,0.103490736,76.55594475197722,76.83213392095058,63,63,63,True,True
diagnostic_v1,commonsense,diagnostic,llm_vote5,2,2c62c6ac7d0baf8d8d4718682a851848cc6e21648b5ded41adad412d31dd12a5,2000,1.0,,,,,0.13914083443614372,0.17749494503679697,0.5320809296429099,,,315,310,"[""actual_workflow""]",5,0,1662920,102037,0.3106602,0.6213204,0.098530968,0.197061936,403.411836296189,398.5280928280408,63,63,63,True,True
diagnostic_v1,conflict,diagnostic,jev_ab_average,4,b171f3227e1d51512195750de57f32579dd2c426e17876327d8413b18413ef7a,3203,1.0,0.5293535970984612,0.5742387718415777,0.7881578206303563,0.722986377660706,,,,,,112,62,"[""actual_workflow""]",50,0,1824644,322609,0.07663504800000001,0.07663504800000001,0.07663504800000001,0.07663504800000001,46.2981354160147,25.847883251029998,51,51,51,True,True
diagnostic_v1,conflict,diagnostic,jev_ab_judge,4,b171f3227e1d51512195750de57f32579dd2c426e17876327d8413b18413ef7a,3203,1.0,0.5275505583592253,0.5718301129473029,0.7884695413286107,0.7201713609770753,,,,,,151,88,"[""actual_workflow""]",63,0,1934124,323797,0.093769848,0.11090464800000001,0.088840056,0.101045064,69.21440749599424,44.781951502052834,51,51,51,True,True
diagnostic_v1,conflict,diagnostic,jev_anchored,4,b171f3227e1d51512195750de57f32579dd2c426e17876327d8413b18413ef7a,3203,1.0,0.486998321676083,0.5291917619750713,0.7447993097557236,0.8270458596701988,,,,,,51,51,"[""actual_workflow""]",0,0,387262,161489,0.016265004,0.016265004,0.016265004,0.016265004,19.57256616608356,19.97392653800489,51,51,51,True,True
diagnostic_v1,conflict,diagnostic,jev_boundary,4,b171f3227e1d51512195750de57f32579dd2c426e17876327d8413b18413ef7a,3203,1.0,0.4886398638191324,0.5312253322928109,0.7469735322922305,0.8409829083178187,,,,,,51,51,"[""actual_workflow""]",0,0,505958,161478,0.021250236000000002,0.021250236000000002,0.021250236000000002,0.021250236000000002,19.91833749404759,20.395897458016407,51,51,51,True,True
diagnostic_v1,conflict,diagnostic,jev_calibrated,4,b171f3227e1d51512195750de57f32579dd2c426e17876327d8413b18413ef7a,3203,1.0,0.5409723816567891,0.5854504282517712,0.8953799628907656,0.3542678042071504,,,,,,56,32,"[""actual_workflow""]",24,0,852974,161335,0.035824908,0.035824908,0.035824908,0.035824908,24.022848911961773,14.167890877040918,51,51,51,True,True
diagnostic_v1,conflict,diagnostic,jev_compact,4,b171f3227e1d51512195750de57f32579dd2c426e17876327d8413b18413ef7a,3203,1.0,0.48563035129083143,0.5288778670993228,0.7454227511522323,0.8211622351416085,,,,,,51,51,"[""actual_workflow""]",0,0,387262,161485,0.016265004,0.016265004,0.016265004,0.016265004,18.743094998091692,19.136896919939318,51,51,51,True,True
diagnostic_v1,conflict,diagnostic,jev_verbose,4,b171f3227e1d51512195750de57f32579dd2c426e17876327d8413b18413ef7a,3203,1.0,0.5287991429571355,0.5732771895521176,0.7872128805965013,0.7853125147874667,,,,,,56,24,"[""actual_workflow""]",32,0,852974,161335,0.035824908,0.035824908,0.035824908,0.035824908,24.022848911961773,10.706432709033834,51,51,51,True,True
diagnostic_v1,conflict,diagnostic,llm_ab_judge,4,b171f3227e1d51512195750de57f32579dd2c426e17876327d8413b18413ef7a,3203,1.0,0.5308363805267964,0.5804892310517399,0.8072822961417034,,,,,,,152,152,"[""actual_workflow""]",0,0,2120191,81121,0.36670125,0.7334025,0.233220546,0.466441092,281.8292000089132,282.9897596259834,51,51,51,True,True
diagnostic_v1,conflict,diagnostic,llm_direct,4,b171f3227e1d51512195750de57f32579dd2c426e17876327d8413b18413ef7a,3203,1.0,0.5255799963643188,0.5737427061783216,0.8094760745563945,,,,,,,51,51,"[""actual_workflow""]",0,0,464235,39290,0.09320925,0.1864185,0.07853277,0.15706554,116.37017320102314,116.6926740820636,51,51,51,True,True
diagnostic_v1,conflict,diagnostic,llm_vote5,4,b171f3227e1d51512195750de57f32579dd2c426e17876327d8413b18413ef7a,3203,1.0,0.5209876730787091,0.5687418861606857,0.8110346780476663,,,,,,,280,280,"[""actual_workflow""]",0,0,4643905,203778,0.81885255,1.6377051,0.224683842,0.449367684,633.6849649950018,635.644567920026,51,51,51,True,True
diagnostic_v1,mbd,diagnostic,jev_ab_average,3,afff3e901ccd6f50084d3e1b3d960363ef25786fbc83edbc6d485204da18fcba,1598,1.0,0.7255313454105674,0.7255313454105674,0.7833498152945815,0.6072812796814092,,,,,,84,44,"[""actual_workflow""]",40,0,902612,160995,0.037909704,0.037909704,0.037909704,0.037909704,32.979049160072464,17.99174074800976,42,42,42,True,True
diagnostic_v1,mbd,diagnostic,jev_ab_judge,3,afff3e901ccd6f50084d3e1b3d960363ef25786fbc83edbc6d485204da18fcba,1598,1.0,0.735943918611205,0.735943918611205,0.7871153761322821,0.5978900696791828,,,,,,111,66,"[""actual_workflow""]",45,0,1008457,161510,0.054095454,0.070281204,0.045948126000000006,0.053986548,47.450077578105265,30.27804429095704,42,42,42,True,True
diagnostic_v1,mbd,diagnostic,jev_anchored,3,afff3e901ccd6f50084d3e1b3d960363ef25786fbc83edbc6d485204da18fcba,1598,1.0,0.7125452758625029,0.7125452758625029,0.7909857386322185,0.5509558332831311,,,,,,42,42,"[""actual_workflow""]",0,0,368131,80445,0.015461502,0.015461502,0.015461502,0.015461502,15.211722955980804,15.579668623016914,42,42,42,True,True
diagnostic_v1,mbd,diagnostic,jev_boundary,3,afff3e901ccd6f50084d3e1b3d960363ef25786fbc83edbc6d485204da18fcba,1598,1.0,0.7086190354581805,0.7086190354581805,0.7833030345188753,0.543322683403647,,,,,,42,42,"[""actual_workflow""]",0,0,369235,80446,0.01550787,0.01550787,0.01550787,0.01550787,15.813075293030124,16.14365220804757,42,42,42,True,True
diagnostic_v1,mbd,diagnostic,jev_calibrated,3,afff3e901ccd6f50084d3e1b3d960363ef25786fbc83edbc6d485204da18fcba,1598,1.0,0.7338638086728398,0.7338638086728398,0.8170395732490453,0.5556460645418799,,,,,,42,16,"[""actual_workflow""]",26,0,420670,80496,0.017668140000000002,0.017668140000000002,0.017668140000000002,0.017668140000000002,16.060612629997195,6.704356750997249,42,42,42,True,True
diagnostic_v1,mbd,diagnostic,jev_compact,3,afff3e901ccd6f50084d3e1b3d960363ef25786fbc83edbc6d485204da18fcba,1598,1.0,0.716355767396497,0.716355767396497,0.7930912446747325,0.5600973291062473,,,,,,42,42,"[""actual_workflow""]",0,0,307963,80443,0.012934446,0.012934446,0.012934446,0.012934446,15.798310918937204,16.13675591701758,42,42,42,True,True
diagnostic_v1,mbd,diagnostic,jev_verbose,3,afff3e901ccd6f50084d3e1b3d960363ef25786fbc83edbc6d485204da18fcba,1598,1.0,0.7326942698323123,0.7326942698323123,0.785796306711661,0.7188059468650616,,,,,,42,26,"[""actual_workflow""]",16,0,420670,80496,0.017668140000000002,0.017668140000000002,0.017668140000000002,0.017668140000000002,16.060612629997195,9.902097709971713,42,42,42,True,True
diagnostic_v1,mbd,diagnostic,llm_ab_judge,3,afff3e901ccd6f50084d3e1b3d960363ef25786fbc83edbc6d485204da18fcba,1598,1.0,0.7552376251923002,0.7552376251923002,0.8104528859797503,,,,,,,114,114,"[""actual_workflow""]",0,0,1037474,27662,0.1722183,0.3444366,0.111611964,0.223223928,125.58775058787432,126.32819362396549,42,42,42,True,True
diagnostic_v1,mbd,diagnostic,llm_direct,3,afff3e901ccd6f50084d3e1b3d960363ef25786fbc83edbc6d485204da18fcba,1598,1.0,0.7159425797708484,0.7159425797708484,0.7902082976336103,,,,,,,42,42,"[""actual_workflow""]",0,0,335117,12782,0.057936749999999995,0.11587349999999999,0.042582893999999996,0.08516578799999999,51.24545625394967,51.55892916895391,42,42,42,True,True
diagnostic_v1,mbd,diagnostic,llm_vote5,3,afff3e901ccd6f50084d3e1b3d960363ef25786fbc83edbc6d485204da18fcba,1598,1.0,0.7556695750560024,0.7556695750560024,0.80919743982794,,,,,,,210,209,"[""actual_workflow""]",1,0,2164780,66989,0.36491039999999997,0.7298207999999999,0.075783744,0.151567488,270.78414354006236,270.5404544580233,42,42,42,True,True
diagnostic_v1,ucc,diagnostic,jev_ab_average,7,36ca042a113b4d98a63e52f4163023d0641dd85ad33cb82f1b0321d7a578ad90,7014,1.0,0.46686820345563235,0.46686820345563235,0.6588252067293984,0.7275703002159458,,,,,,126,74,"[""actual_workflow""]",52,0,2060778,503322,0.08655267600000001,0.08655267600000001,0.08655267600000001,0.08655267600000001,53.085369001928484,32.4484011240711,63,63,63,True,True
diagnostic_v1,ucc,diagnostic,jev_ab_judge,7,36ca042a113b4d98a63e52f4163023d0641dd85ad33cb82f1b0321d7a578ad90,7014,1.0,0.4669222101326388,0.4669222101326388,0.658682634730539,0.7305308378782879,,,,,,189,115,"[""actual_workflow""]",74,0,2264002,505921,0.118595676,0.150638676,0.10301602800000001,0.11947938,90.862879878885,61.16806624899618,63,63,63,True,True
diagnostic_v1,ucc,diagnostic,jev_anchored,7,36ca042a113b4d98a63e52f4163023d0641dd85ad33cb82f1b0321d7a578ad90,7014,1.0,0.45807840022857177,0.45807840022857177,0.6583974907328202,0.7716633615774855,,,,,,63,63,"[""actual_workflow""]",0,0,649013,251661,0.027258546,0.027258546,0.027258546,0.027258546,24.627707210063818,25.25420029097586,63,63,63,True,True
diagnostic_v1,ucc,diagnostic,jev_boundary,7,36ca042a113b4d98a63e52f4163023d0641dd85ad33cb82f1b0321d7a578ad90,7014,1.0,0.46286790400159167,0.46286790400159167,0.6729398346164813,0.7164513176408517,,,,,,63,63,"[""actual_workflow""]",0,0,945605,251661,0.03971541,0.03971541,0.03971541,0.03971541,26.24033316699206,27.00525116499921,63,63,63,True,True
diagnostic_v1,ucc,diagnostic,jev_calibrated,7,36ca042a113b4d98a63e52f4163023d0641dd85ad33cb82f1b0321d7a578ad90,7014,1.0,0.498625311160251,0.498625311160251,0.9435414884516681,0.1842848305725815,,,,,,63,23,"[""actual_workflow""]",40,0,882093,251661,0.037047906,0.037047906,0.037047906,0.037047906,26.619110747007653,10.376000295058475,63,63,63,True,True
diagnostic_v1,ucc,diagnostic,jev_compact,7,36ca042a113b4d98a63e52f4163023d0641dd85ad33cb82f1b0321d7a578ad90,7014,1.0,0.4561764701144787,0.4561764701144787,0.6581123467351012,0.7769283001873789,,,,,,63,63,"[""actual_workflow""]",0,0,649013,251661,0.027258546,0.027258546,0.027258546,0.027258546,24.296574409978348,25.1363932100503,63,63,63,True,True
diagnostic_v1,ucc,diagnostic,jev_verbose,7,36ca042a113b4d98a63e52f4163023d0641dd85ad33cb82f1b0321d7a578ad90,7014,1.0,0.46360054710175463,0.46360054710175463,0.6522668947818648,0.7715190715418093,,,,,,63,40,"[""actual_workflow""]",23,0,882093,251661,0.037047906,0.037047906,0.037047906,0.037047906,26.619110747007653,17.67935580003541,63,63,63,True,True
diagnostic_v1,ucc,diagnostic,llm_ab_judge,7,36ca042a113b4d98a63e52f4163023d0641dd85ad33cb82f1b0321d7a578ad90,7014,1.0,0.527217093218426,0.527217093218426,0.763615625891075,,,,,,,184,184,"[""actual_workflow""]",0,0,2475569,135894,0.45287174999999996,0.9057434999999999,0.341275083,0.682550166,432.5788366999186,433.8603553749417,63,63,63,True,True
diagnostic_v1,ucc,diagnostic,llm_direct,7,36ca042a113b4d98a63e52f4163023d0641dd85ad33cb82f1b0321d7a578ad90,7014,1.0,0.5262512446760933,0.5262512446760933,0.7761619617907043,,,,,,,63,63,"[""actual_workflow""]",0,0,772651,68396,0.15693525,0.3138705,0.13936110599999998,0.27872221199999997,196.58232979202876,197.02560616699338,63,63,63,True,True
diagnostic_v1,ucc,diagnostic,llm_vote5,7,36ca042a113b4d98a63e52f4163023d0641dd85ad33cb82f1b0321d7a578ad90,7014,1.0,0.5306838746354253,0.5306838746354253,0.778443113772455,,,,,,,315,312,"[""actual_workflow""]",3,0,5052095,320244,0.94996065,1.8999213,0.278559318,0.557118636,920.4380165079929,913.7447314589663,63,63,63,True,True
discovery_taskmap_v4,taskmap,discovery,jev_anchored,23,8dae1e407e56a0a1a2b6c38088c0b7caef380fcbe8c22a311dced126735adbe0,460,1.0,,,,,0.14322267316017318,0.17679747505239832,0.4984126627382148,0.1455967077608382,0.1455967077608382,3,3,"[""actual_workflow""]",0,0,89156,8855,0.0037445520000000004,0.0037445520000000004,0.0037445520000000004,0.0037445520000000004,3.8782795000006445,3.9875766660115914,2,2,2,True,True
discovery_taskmap_v4,taskmap,discovery,jev_compact,23,8dae1e407e56a0a1a2b6c38088c0b7caef380fcbe8c22a311dced126735adbe0,460,1.0,,,,,0.1444358154526633,0.17625935091093328,0.4976544465326997,0.14276337442750486,0.14276337442750486,3,3,"[""actual_workflow""]",0,0,89156,8855,0.0037445520000000004,0.0037445520000000004,0.0037445520000000004,0.0037445520000000004,3.0251398329855874,3.1439314579911297,2,2,2,True,True
discovery_taskmap_v4,taskmap,discovery,jev_verbose,23,8dae1e407e56a0a1a2b6c38088c0b7caef380fcbe8c22a311dced126735adbe0,460,1.0,,,,,0.14125936147186147,0.17321306376649043,0.4928553350692885,0.14253632128740823,0.14253632128740823,12,12,"[""actual_workflow""]",0,0,419327,8891,0.017611734,0.017611734,0.017611734,0.017611734,6.284358125005383,6.576987498992821,2,2,2,True,True
discovery_taskmap_v4,taskmap,discovery,llm_direct,23,8dae1e407e56a0a1a2b6c38088c0b7caef380fcbe8c22a311dced126735adbe0,460,1.0,,,,,0.1453184853190288,0.1831144257260856,0.5043833665147817,0.07920034663404228,0.07920034663404228,3,3,"[""actual_workflow""]",0,0,105740,4149,0.0183504,0.0367008,0.005800127999999999,0.011600255999999998,11.551533332996769,11.668709083998692,2,2,2,True,True
discovery_v1,babe,discovery,jev_anchored,1,ba61932e4c5a2826be39c31ed3b4da0701985fb02bb147d2d86c71be63aa48b7,32,0.0,0.0,0.0,0.0,,,,,,,0,0,"[""actual_workflow""]",0,0,,,,,,,,1.2601973749988247,0,2,2,True,True
discovery_v1,babe,discovery,jev_compact,1,ba61932e4c5a2826be39c31ed3b4da0701985fb02bb147d2d86c71be63aa48b7,32,0.0,0.0,0.0,0.0,,,,,,,0,0,"[""actual_workflow""]",0,0,,,,,,,,0.7321563330042409,0,2,2,True,True
discovery_v1,babe,discovery,jev_verbose,1,ba61932e4c5a2826be39c31ed3b4da0701985fb02bb147d2d86c71be63aa48b7,32,0.0,0.0,0.0,0.0,,,,,,,0,0,"[""actual_workflow""]",0,0,,,,,,,,0.7282958750001853,0,2,2,True,True
discovery_v1,babe,discovery,llm_direct,1,ba61932e4c5a2826be39c31ed3b4da0701985fb02bb147d2d86c71be63aa48b7,32,1.0,0.8704453441295547,0.8704453441295547,0.875,,,,,,,2,2,"[""actual_workflow""]",0,0,8747,348,0.0015208499999999998,0.0030416999999999996,0.001219794,0.002439588,2.0670047070016153,2.0799112919921754,2,2,2,True,True
discovery_v1,conflict,discovery,jev_anchored,4,2ddb3edafb89d59d618dd31fb70ca4a2bf2d9410a6003a28bfe0c9a6e04b51ff,128,0.0,0.0,0.0,0.0,,,,,,,0,0,"[""actual_workflow""]",0,0,,,,,,,,1.4277121250197524,0,2,2,True,True
discovery_v1,conflict,discovery,jev_compact,4,2ddb3edafb89d59d618dd31fb70ca4a2bf2d9410a6003a28bfe0c9a6e04b51ff,128,0.0,0.0,0.0,0.0,,,,,,,0,0,"[""actual_workflow""]",0,0,,,,,,,,0.7083157499873778,0,2,2,True,True
discovery_v1,conflict,discovery,jev_verbose,4,2ddb3edafb89d59d618dd31fb70ca4a2bf2d9410a6003a28bfe0c9a6e04b51ff,128,0.0,0.0,0.0,0.0,,,,,,,0,0,"[""actual_workflow""]",0,0,,,,,,,,0.7221374999935506,0,2,2,True,True
discovery_v1,conflict,discovery,llm_direct,4,2ddb3edafb89d59d618dd31fb70ca4a2bf2d9410a6003a28bfe0c9a6e04b51ff,128,1.0,0.4655689233799166,0.6295900874010807,0.8203125,,,,,,,2,2,"[""actual_workflow""]",0,0,19028,1519,0.0037656,0.0075312,0.0037091519999999994,0.007418303999999999,5.031978915983927,5.045841875005863,2,2,2,True,True
discovery_v1,mbd,discovery,jev_anchored,3,785783913fa1ef6242616e24709190f57b68e6ed191b5b80df8738d4fd31e8cc,72,0.0,0.0,0.0,0.0,,,,,,,0,0,"[""actual_workflow""]",0,0,,,,,,,,1.6023481669981265,0,2,2,True,True
discovery_v1,mbd,discovery,jev_compact,3,785783913fa1ef6242616e24709190f57b68e6ed191b5b80df8738d4fd31e8cc,72,0.0,0.0,0.0,0.0,,,,,,,0,0,"[""actual_workflow""]",0,0,,,,,,,,1.3639514589885948,0,2,2,True,True
discovery_v1,mbd,discovery,jev_verbose,3,785783913fa1ef6242616e24709190f57b68e6ed191b5b80df8738d4fd31e8cc,72,0.0,0.0,0.0,0.0,,,,,,,0,0,"[""actual_workflow""]",0,0,,,,,,,,1.8877219580026576,0,2,2,True,True
discovery_v1,mbd,discovery,llm_direct,3,785783913fa1ef6242616e24709190f57b68e6ed191b5b80df8738d4fd31e8cc,72,1.0,0.35629629629629633,0.7635802469135803,0.8055555555555555,,,,,,,2,2,"[""actual_workflow""]",0,0,26712,640,0.004390799999999999,0.008781599999999999,0.004221456,0.008442912,2.729996415990172,2.7420574580028187,2,2,2,True,True
discovery_v2,babe,discovery,jev_anchored,1,555d11bc6ff584eb1dce88846fc695bf80d8e9dff660503a8062d3df8a61c762,200,1.0,0.794377993430126,0.794377993430126,0.795,0.8892527209752413,,,,,,13,13,"[""actual_workflow""]",0,0,55517,7203,0.0023317140000000004,0.0023317140000000004,0.0023317140000000004,0.0023317140000000004,4.263987332989927,4.341333415984991,13,13,13,True,True
discovery_v2,babe,discovery,jev_compact,1,555d11bc6ff584eb1dce88846fc695bf80d8e9dff660503a8062d3df8a61c762,200,1.0,0.7647117719206027,0.7647117719206027,0.765,0.917498980696454,,,,,,13,13,"[""actual_workflow""]",0,0,55517,7207,0.0023317140000000004,0.0023317140000000004,0.0023317140000000004,0.0023317140000000004,4.041379210961168,4.094880458986154,13,13,13,True,True
discovery_v2,babe,discovery,jev_verbose,1,555d11bc6ff584eb1dce88846fc695bf80d8e9dff660503a8062d3df8a61c762,200,1.0,0.8242574878863197,0.8242574878863197,0.825,0.595697988470156,,,,,,13,13,"[""actual_workflow""]",0,0,64607,7201,0.0027134940000000003,0.0027134940000000003,0.0027134940000000003,0.0027134940000000003,4.053862789995037,4.123150002022157,13,13,13,True,True
discovery_v2,babe,discovery,llm_direct,1,555d11bc6ff584eb1dce88846fc695bf80d8e9dff660503a8062d3df8a61c762,200,1.0,0.804172629359042,0.804172629359042,0.805,,,,,,,13,13,"[""actual_workflow""]",0,0,56289,2142,0.009728549999999999,0.019457099999999998,0.005193894,0.010387788,12.484863126970595,12.525314164973679,13,13,13,True,True
discovery_v2,commonsense,discovery,jev_anchored,2,f1960c1e84a34220240f1c72abeae46b923253f78a1133288c84370b0b6d8ffb,400,1.0,,,,,0.15536788659652634,0.19979297862807494,0.5322569456476338,,,13,13,"[""actual_workflow""]",0,0,46819,7796,0.0019663980000000003,0.0019663980000000003,0.0019663980000000003,0.0019663980000000003,3.930423207988497,3.9943920860096114,13,13,13,True,True
discovery_v2,commonsense,discovery,jev_compact,2,f1960c1e84a34220240f1c72abeae46b923253f78a1133288c84370b0b6d8ffb,400,1.0,,,,,0.15625744703608677,0.1994145657906688,0.5324360056446891,,,13,13,"[""actual_workflow""]",0,0,46819,7796,0.0019663980000000003,0.0019663980000000003,0.0019663980000000003,0.0019663980000000003,5.031688375005615,5.120881541020935,13,13,13,True,True
discovery_v2,commonsense,discovery,jev_verbose,2,f1960c1e84a34220240f1c72abeae46b923253f78a1133288c84370b0b6d8ffb,400,1.0,,,,,0.15430038114863193,0.2023480898394429,0.5335502226848015,,,13,13,"[""actual_workflow""]",0,0,53581,7796,0.0022504020000000003,0.0022504020000000003,0.0022504020000000003,0.0022504020000000003,4.004258085988113,4.077602456018212,13,13,13,True,True
discovery_v2,commonsense,discovery,llm_direct,2,f1960c1e84a34220240f1c72abeae46b923253f78a1133288c84370b0b6d8ffb,400,1.0,,,,,0.15588450175785545,0.19941329101518923,0.5311613082653857,,,13,13,"[""actual_workflow""]",0,0,59353,3671,0.01110555,0.0222111,0.010879758,0.021759516,15.467701290996047,15.509028792002937,13,13,13,True,True
discovery_v2,conflict,discovery,jev_anchored,4,2155696c8e98177c35899a25214fa86f3361d270ac138ae7063c9be8cd4bea62,368,1.0,0.4918190449632167,0.6509099540541259,0.8152173913043478,0.5553358002299222,,,,,,6,6,"[""actual_workflow""]",0,0,41968,18478,0.001762656,0.001762656,0.001762656,0.001762656,2.158165499975439,2.1986124160175677,6,6,6,True,True
discovery_v2,conflict,discovery,jev_compact,4,2155696c8e98177c35899a25214fa86f3361d270ac138ae7063c9be8cd4bea62,368,1.0,0.49889469415298243,0.6589700237198375,0.8206521739130435,0.538741184717717,,,,,,6,6,"[""actual_workflow""]",0,0,41968,18476,0.001762656,0.001762656,0.001762656,0.001762656,2.673496416013222,2.7192662080051377,6,6,6,True,True
discovery_v2,conflict,discovery,jev_verbose,4,2155696c8e98177c35899a25214fa86f3361d270ac138ae7063c9be8cd4bea62,368,1.0,0.546390823958091,0.703478946563455,0.842391304347826,0.5020775095558895,,,,,,6,6,"[""actual_workflow""]",0,0,77624,18464,0.003260208,0.003260208,0.003260208,0.003260208,2.2138304580148542,2.2560808760026703,6,6,6,True,True
discovery_v2,conflict,discovery,llm_direct,4,2155696c8e98177c35899a25214fa86f3361d270ac138ae7063c9be8cd4bea62,368,1.0,0.5376521112124518,0.701556346939892,0.8586956521739131,,,,,,,6,6,"[""actual_workflow""]",0,0,50829,4454,0.01029675,0.0205935,0.007342638,0.014685276,13.678065251006046,13.70609645699733,6,6,6,True,True
discovery_v2,mbd,discovery,jev_anchored,3,456af7dfb69959ef94e28748e35c33f36e0129c002122a6e932ee911ff9db88f,623,0.5377207062600321,0.561175625084514,0.561175625084514,0.45262041020554955,0.4405775968247488,,,,,,9,9,"[""actual_workflow""]",0,0,171405,16706,0.0071990100000000005,0.0071990100000000005,0.0071990100000000005,0.0071990100000000005,3.9609419990010792,5.995595665997826,9,15,15,True,True
discovery_v2,mbd,discovery,jev_compact,3,456af7dfb69959ef94e28748e35c33f36e0129c002122a6e932ee911ff9db88f,623,0.5377207062600321,0.558894680909369,0.558894680909369,0.4511112898109802,0.43104496786384705,,,,,,9,9,"[""actual_workflow""]",0,0,158870,16704,0.00667254,0.00667254,0.00667254,0.00667254,3.508983622989035,5.754419123986736,9,15,15,True,True
discovery_v2,mbd,discovery,jev_verbose,3,456af7dfb69959ef94e28748e35c33f36e0129c002122a6e932ee911ff9db88f,623,0.5377207062600321,0.5493816962310369,0.5493816962310369,0.43692765782549065,0.6889360060144748,,,,,,9,9,"[""actual_workflow""]",0,0,182043,16724,0.007645806000000001,0.007645806000000001,0.007645806000000001,0.007645806000000001,4.3740629149688175,6.661538248998113,9,15,15,True,True
discovery_v2,mbd,discovery,llm_direct,3,456af7dfb69959ef94e28748e35c33f36e0129c002122a6e932ee911ff9db88f,623,1.0,0.6963093126417071,0.6963093126417071,0.8652401949615571,,,,,,,15,15,"[""actual_workflow""]",0,0,455836,5296,0.07155299999999999,0.14310599999999998,0.065476167,0.130952334,24.495498707023216,24.621998873975826,15,15,15,True,True
discovery_v2,ucc,discovery,jev_anchored,7,a561043082d3aec7ff0d3bc89623314377afff9593eb7a5e9e5bdc0f3137c688,1470,1.0,0.4318099064392558,0.4318099064392558,0.6530612244897959,0.7128567347530235,,,,,,14,14,"[""actual_workflow""]",0,0,134807,52746,0.005661894000000001,0.005661894000000001,0.005661894000000001,0.005661894000000001,5.168944374963758,5.299793955957284,14,14,14,True,True
discovery_v2,ucc,discovery,jev_compact,7,a561043082d3aec7ff0d3bc89623314377afff9593eb7a5e9e5bdc0f3137c688,1470,1.0,0.4426944970544863,0.4426944970544863,0.6687074829931973,0.689989827752849,,,,,,14,14,"[""actual_workflow""]",0,0,134807,52746,0.005661894000000001,0.005661894000000001,0.005661894000000001,0.005661894000000001,5.192165793021559,5.352009959009592,14,14,14,True,True
discovery_v2,ucc,discovery,jev_verbose,7,a561043082d3aec7ff0d3bc89623314377afff9593eb7a5e9e5bdc0f3137c688,1470,1.0,0.4456260180152398,0.4456260180152398,0.663265306122449,0.7035204336617263,,,,,,14,14,"[""actual_workflow""]",0,0,184343,52746,0.007742406,0.007742406,0.007742406,0.007742406,6.730408164963592,6.91023104301712,14,14,14,True,True
discovery_v2,ucc,discovery,llm_direct,7,a561043082d3aec7ff0d3bc89623314377afff9593eb7a5e9e5bdc0f3137c688,1470,1.0,0.50037487179282,0.50037487179282,0.7741496598639456,,,,,,,14,14,"[""actual_workflow""]",0,0,161024,14920,0.0331056,0.0662112,0.030904128,0.061808256,43.32102745796146,43.424357750001946,14,14,14,True,True
discovery_v3,babe,discovery,jev_anchored,1,555d11bc6ff584eb1dce88846fc695bf80d8e9dff660503a8062d3df8a61c762,200,1.0,0.7898108297467721,0.7898108297467721,0.79,0.9839932244212757,,,,,,13,13,"[""actual_workflow""]",0,0,55517,7208,0.0023317140000000004,0.0023317140000000004,0.0023317140000000004,0.0023317140000000004,4.839665794017492,4.901887958985753,13,13,13,True,True
discovery_v3,babe,discovery,jev_compact,1,555d11bc6ff584eb1dce88846fc695bf80d8e9dff660503a8062d3df8a61c762,200,1.0,0.7747240369452579,0.7747240369452579,0.775,0.9641528650786582,,,,,,13,13,"[""actual_workflow""]",0,0,55517,7207,0.0023317140000000004,0.0023317140000000004,0.0023317140000000004,0.0023317140000000004,4.36359370900027,4.420290624999325,13,13,13,True,True
discovery_v3,babe,discovery,jev_verbose,1,555d11bc6ff584eb1dce88846fc695bf80d8e9dff660503a8062d3df8a61c762,200,1.0,0.8191136569189026,0.8191136569189026,0.82,0.5950306571753302,,,,,,13,13,"[""actual_workflow""]",0,0,64607,7200,0.0027134940000000003,0.0027134940000000003,0.0027134940000000003,0.0027134940000000003,4.22998024901608,4.283695374979288,13,13,13,True,True
discovery_v3,babe,discovery,llm_direct,1,555d11bc6ff584eb1dce88846fc695bf80d8e9dff660503a8062d3df8a61c762,200,1.0,0.804172629359042,0.804172629359042,0.805,,,,,,,13,13,"[""actual_workflow""]",0,0,56289,2030,0.009661349999999999,0.019322699999999998,0.001759071,0.003518142,12.323756124998908,12.362245750016882,13,13,13,True,True
discovery_v3,commonsense,discovery,jev_anchored,2,f1960c1e84a34220240f1c72abeae46b923253f78a1133288c84370b0b6d8ffb,400,1.0,,,,,0.1553496046616836,0.19766298171009494,0.5307441402637161,,,13,13,"[""actual_workflow""]",0,0,46819,7796,0.0019663980000000003,0.0019663980000000003,0.0019663980000000003,0.0019663980000000003,4.258961332961917,4.315651794022415,13,13,13,True,True
discovery_v3,commonsense,discovery,jev_compact,2,f1960c1e84a34220240f1c72abeae46b923253f78a1133288c84370b0b6d8ffb,400,1.0,,,,,0.15720942925254267,0.20086899233902836,0.5333399642413239,,,13,13,"[""actual_workflow""]",0,0,46819,7796,0.0019663980000000003,0.0019663980000000003,0.0019663980000000003,0.0019663980000000003,4.347627043011016,4.415329121984541,13,13,13,True,True
discovery_v3,commonsense,discovery,jev_verbose,2,f1960c1e84a34220240f1c72abeae46b923253f78a1133288c84370b0b6d8ffb,400,1.0,,,,,0.15403844948546458,0.20176441973418707,0.5329651249341437,,,13,13,"[""actual_workflow""]",0,0,53581,7796,0.0022504020000000003,0.0022504020000000003,0.0022504020000000003,0.0022504020000000003,4.90573333100474,4.979806499002734,13,13,13,True,True
discovery_v3,commonsense,discovery,llm_direct,2,f1960c1e84a34220240f1c72abeae46b923253f78a1133288c84370b0b6d8ffb,400,1.0,,,,,0.15924684665854555,0.2089528897069597,0.5386072628074021,,,13,13,"[""actual_workflow""]",0,0,59353,3735,0.01114395,0.0222879,0.002790969,0.005581938,15.41939529098454,15.465891084008035,13,13,13,True,True
discovery_v3,conflict,discovery,jev_anchored,4,2155696c8e98177c35899a25214fa86f3361d270ac138ae7063c9be8cd4bea62,368,1.0,0.49857049226548167,0.6566657303607197,0.8152173913043479,0.5597946699236052,,,,,,6,6,"[""actual_workflow""]",0,0,41968,18478,0.001762656,0.001762656,0.001762656,0.001762656,2.87674433401844,2.932739625990507,6,6,6,True,True
discovery_v3,conflict,discovery,jev_compact,4,2155696c8e98177c35899a25214fa86f3361d270ac138ae7063c9be8cd4bea62,368,1.0,0.4907698410571974,0.6498607501481065,0.8125,0.560289944969953,,,,,,6,6,"[""actual_workflow""]",0,0,41968,18481,0.001762656,0.001762656,0.001762656,0.001762656,2.015509500997723,2.053089124019607,6,6,6,True,True
discovery_v3,conflict,discovery,jev_verbose,4,2155696c8e98177c35899a25214fa86f3361d270ac138ae7063c9be8cd4bea62,368,1.0,0.5407628808438525,0.6998537899347615,0.842391304347826,0.5014544440359007,,,,,,6,6,"[""actual_workflow""]",0,0,77624,18462,0.003260208,0.003260208,0.003260208,0.003260208,2.258229582977947,2.2958115420042304,6,6,6,True,True
discovery_v3,conflict,discovery,llm_direct,4,2155696c8e98177c35899a25214fa86f3361d270ac138ae7063c9be8cd4bea62,368,1.0,0.528539105150664,0.691502068113627,0.845108695652174,,,,,,,6,6,"[""actual_workflow""]",0,0,50829,4356,0.01023795,0.0204759,0.002937342,0.005874684,13.573651956976391,13.61006524998811,6,6,6,True,True
discovery_v3,mbd,discovery,jev_anchored,3,456af7dfb69959ef94e28748e35c33f36e0129c002122a6e932ee911ff9db88f,623,1.0,0.7050180167472201,0.7050180167472201,0.8607204285222861,0.45196977121629645,,,,,,15,15,"[""actual_workflow""]",0,0,144513,30673,0.006069546,0.006069546,0.006069546,0.006069546,5.414096082968172,5.528122919000452,15,15,15,True,True
discovery_v3,mbd,discovery,jev_compact,3,456af7dfb69959ef94e28748e35c33f36e0129c002122a6e932ee911ff9db88f,623,1.0,0.6971822115224691,0.6971822115224691,0.8575534200921199,0.3877872408700112,,,,,,15,15,"[""actual_workflow""]",0,0,121514,30669,0.005103588,0.005103588,0.005103588,0.005103588,5.085352584021166,5.210147833015071,15,15,15,True,True
discovery_v3,mbd,discovery,jev_verbose,3,456af7dfb69959ef94e28748e35c33f36e0129c002122a6e932ee911ff9db88f,623,1.0,0.7044629002483124,0.7044629002483124,0.8416424304969197,0.6703375279046164,,,,,,15,15,"[""actual_workflow""]",0,0,163593,30693,0.006870906,0.006870906,0.006870906,0.006870906,6.491714915027842,6.623805248018471,15,15,15,True,True
discovery_v3,mbd,discovery,llm_direct,3,456af7dfb69959ef94e28748e35c33f36e0129c002122a6e932ee911ff9db88f,623,1.0,0.701009984812384,0.701009984812384,0.8669295788490835,,,,,,,15,15,"[""actual_workflow""]",0,0,131439,4997,0.02271405,0.0454281,0.020343233999999998,0.040686467999999996,21.301069416978862,21.37460441699659,15,15,15,True,True
discovery_v3,taskmap,discovery,jev_anchored,23,8dae1e407e56a0a1a2b6c38088c0b7caef380fcbe8c22a311dced126735adbe0,460,1.0,,,,,0.14316528091473743,0.17549474413383312,0.49696490663234183,0.14304115220528266,0.14304115220528266,2,2,"[""actual_workflow""]",0,0,73972,8851,0.0031068240000000002,0.0031068240000000002,0.0031068240000000002,0.0031068240000000002,1.0470300419983687,1.1125112080044346,2,2,2,True,True
discovery_v3,taskmap,discovery,jev_compact,23,8dae1e407e56a0a1a2b6c38088c0b7caef380fcbe8c22a311dced126735adbe0,460,1.0,,,,,0.14340662290607945,0.17654230998575873,0.49842786626296165,0.14176337442750486,0.14176337442750486,2,2,"[""actual_workflow""]",0,0,73972,8851,0.0031068240000000002,0.0031068240000000002,0.0031068240000000002,0.0031068240000000002,1.32301545800874,1.3746980410069227,2,2,2,True,True
discovery_v3,taskmap,discovery,jev_verbose,23,8dae1e407e56a0a1a2b6c38088c0b7caef380fcbe8c22a311dced126735adbe0,460,0.0,,,,,,,,,,0,0,"[""actual_workflow""]",0,0,,,,,,,,1.3629789989936398,0,2,2,True,True
discovery_v3,taskmap,discovery,llm_direct,23,8dae1e407e56a0a1a2b6c38088c0b7caef380fcbe8c22a311dced126735adbe0,460,1.0,,,,,0.14395333850931677,0.18211416237039238,0.5045670766588417,0.09320483248635421,0.09320483248635421,2,2,"[""actual_workflow""]",0,0,91108,4146,0.0161538,0.0323076,0.007554888000000001,0.015109776000000002,11.35783774900483,11.394673207993037,2,2,2,True,True
discovery_v3,ucc,discovery,jev_anchored,7,a561043082d3aec7ff0d3bc89623314377afff9593eb7a5e9e5bdc0f3137c688,1470,1.0,0.4279987514194758,0.4279987514194758,0.6374149659863946,0.7863039026883719,,,,,,14,14,"[""actual_workflow""]",0,0,137649,52746,0.005781258,0.005781258,0.005781258,0.005781258,5.092295374008245,5.201891706004972,14,14,14,True,True
discovery_v3,ucc,discovery,jev_compact,7,a561043082d3aec7ff0d3bc89623314377afff9593eb7a5e9e5bdc0f3137c688,1470,1.0,0.4331151678363045,0.4331151678363045,0.6435374149659864,0.7861703660531362,,,,,,14,14,"[""actual_workflow""]",0,0,137649,52746,0.005781258,0.005781258,0.005781258,0.005781258,5.769519623005181,5.909929209999973,14,14,14,True,True
discovery_v3,ucc,discovery,jev_verbose,7,a561043082d3aec7ff0d3bc89623314377afff9593eb7a5e9e5bdc0f3137c688,1470,1.0,0.4365843988688907,0.4365843988688907,0.6408163265306123,0.7883124112383968,,,,,,14,14,"[""actual_workflow""]",0,0,187185,52746,0.00786177,0.00786177,0.00786177,0.00786177,6.3876939169858815,6.511563252977794,14,14,14,True,True
discovery_v3,ucc,discovery,llm_direct,7,a561043082d3aec7ff0d3bc89623314377afff9593eb7a5e9e5bdc0f3137c688,1470,1.0,0.4923823992994844,0.4923823992994844,0.7598639455782312,,,,,,,14,14,"[""actual_workflow""]",0,0,163250,15176,0.0335931,0.0671862,0.030883596,0.061767192,43.934593125013635,44.02775474797818,14,14,14,True,True
explanation_discovery_v2,babe,discovery,jev_explanation,1,555d11bc6ff584eb1dce88846fc695bf80d8e9dff660503a8062d3df8a61c762,200,0.84,0.6886012225818051,0.6886012225818051,0.64,0.5218904215249209,,,,,,15,2,"[""actual_workflow""]",13,0,68037,9244,0.00424023,0.00582018,0.0035816700000000003,0.004503060000000001,13.101578582951333,16.68459358403925,11,13,13,True,True
explanation_discovery_v2,babe,discovery,jev_grounded,1,555d11bc6ff584eb1dce88846fc695bf80d8e9dff660503a8062d3df8a61c762,200,1.0,0.7691690084303493,0.7691690084303493,0.77,0.7870873297734893,,,,,,13,13,"[""actual_workflow""]",0,0,56050,7202,0.0023541,0.0023541,0.0023541,0.0023541,7.363950166967697,7.4134399149916135,13,13,13,True,True
explanation_discovery_v2,commonsense,discovery,jev_explanation,2,f1960c1e84a34220240f1c72abeae46b923253f78a1133288c84370b0b6d8ffb,400,1.0,,,,,0.14884219609396254,0.1905481586636582,0.5248896802147869,,,19,6,"[""actual_workflow""]",13,0,74030,14290,0.007312116,0.011997216,0.005694675,0.008762334,22.11484146004659,15.259414125030162,13,13,13,True,True
explanation_discovery_v2,commonsense,discovery,jev_grounded,2,f1960c1e84a34220240f1c72abeae46b923253f78a1133288c84370b0b6d8ffb,400,1.0,,,,,0.15305926530578162,0.19534241152856846,0.5280908501844699,,,13,13,"[""actual_workflow""]",0,0,41973,7796,0.001762866,0.001762866,0.001762866,0.001762866,6.958479459019145,7.013958249008283,13,13,13,True,True
explanation_discovery_v2,conflict,discovery,jev_explanation,4,2155696c8e98177c35899a25214fa86f3361d270ac138ae7063c9be8cd4bea62,368,0.8260869565217391,0.4489934863507197,0.5941877603793495,0.7717391304347826,0.19698807925115744,,,,,,6,0,"[""actual_workflow""]",6,0,42664,18475,0.0017918880000000002,0.0017918880000000002,0.0017918880000000002,0.0017918880000000002,5.584373875026358,17.847506665973924,5,6,6,True,True
explanation_discovery_v2,conflict,discovery,jev_grounded,4,2155696c8e98177c35899a25214fa86f3361d270ac138ae7063c9be8cd4bea62,368,1.0,0.5056136219510641,0.6637088600463023,0.8288043478260869,0.5325617583584441,,,,,,6,6,"[""actual_workflow""]",0,0,42664,18475,0.0017918880000000002,0.0017918880000000002,0.0017918880000000002,0.0017918880000000002,5.584373875026358,5.636235542042414,6,6,6,True,True
explanation_discovery_v2,mbd,discovery,jev_explanation,3,456af7dfb69959ef94e28748e35c33f36e0129c002122a6e932ee911ff9db88f,623,1.0,0.7181039413639828,0.7181039413639828,0.8751147029784802,0.42203448540842686,,,,,,24,9,"[""actual_workflow""]",15,0,245061,47202,0.020762106,0.033076206,0.01763865,0.026829294,41.637718376063276,31.790829289879184,15,15,15,True,True
explanation_discovery_v2,mbd,discovery,jev_grounded,3,456af7dfb69959ef94e28748e35c33f36e0129c002122a6e932ee911ff9db88f,623,1.0,0.7107445165227492,0.7107445165227492,0.8639569065265661,0.4384318905120226,,,,,,15,15,"[""actual_workflow""]",0,0,145548,30672,0.006113016000000001,0.006113016000000001,0.006113016000000001,0.006113016000000001,10.021745834033936,10.182140085031278,15,15,15,True,True
explanation_discovery_v2,taskmap,discovery,jev_explanation,23,8dae1e407e56a0a1a2b6c38088c0b7caef380fcbe8c22a311dced126735adbe0,460,1.0,,,,,0.10954094122790844,0.1378096062305527,0.4568065755630899,0.08098454679583107,0.08098454679583107,2,0,"[""actual_workflow""]",2,0,71406,8851,0.0029990520000000003,0.0029990520000000003,0.0029990520000000003,0.0029990520000000003,3.1663512909726705,0.04024295799899846,2,2,2,True,True
explanation_discovery_v2,taskmap,discovery,jev_grounded,23,8dae1e407e56a0a1a2b6c38088c0b7caef380fcbe8c22a311dced126735adbe0,460,1.0,,,,,0.13643651656314698,0.16909860223762002,0.4879875279341106,0.14426337442750486,0.14426337442750486,2,2,"[""actual_workflow""]",0,0,71406,8851,0.0029990520000000003,0.0029990520000000003,0.0029990520000000003,0.0029990520000000003,3.1663512909726705,3.2216711250075605,2,2,2,True,True
explanation_discovery_v2,ucc,discovery,jev_explanation,7,a561043082d3aec7ff0d3bc89623314377afff9593eb7a5e9e5bdc0f3137c688,1470,1.0,0.5309816477025854,0.5309816477025854,0.8789115646258504,0.5660106045799262,,,,,,29,15,"[""actual_workflow""]",14,0,498082,93472,0.047809308,0.078466908,0.043556892,0.069962076,111.16695158806397,100.69923349801684,14,14,14,True,True
explanation_discovery_v2,ucc,discovery,jev_grounded,7,a561043082d3aec7ff0d3bc89623314377afff9593eb7a5e9e5bdc0f3137c688,1470,1.0,0.4218836761772527,0.4218836761772527,0.6204081632653061,0.9258322744188374,,,,,,14,14,"[""actual_workflow""]",0,0,282213,52746,0.011852946000000001,0.011852946000000001,0.011852946000000001,0.011852946000000001,10.7761672110355,10.974223083991092,14,14,14,True,True
explanation_fallback_discovery_v3,babe,discovery,jev_explanation_fallback,1,555d11bc6ff584eb1dce88846fc695bf80d8e9dff660503a8062d3df8a61c762,200,1.0,0.8046043237556051,0.8046043237556051,0.805,0.4956537312602415,,,,,,17,4,"[""actual_workflow""]",13,0,88328,11903,0.007916784,0.012798984,0.007013616,0.010992648,22.68233062195941,15.6204535420693,13,13,13,True,True
explanation_fallback_discovery_v3,babe,discovery,jev_verbose,1,555d11bc6ff584eb1dce88846fc695bf80d8e9dff660503a8062d3df8a61c762,200,1.0,0.794377993430126,0.794377993430126,0.795,0.6047345838013569,,,,,,13,13,"[""actual_workflow""]",0,0,64607,7203,0.0027134940000000003,0.0027134940000000003,0.0027134940000000003,0.0027134940000000003,7.182732830988243,7.297680582996691,13,13,13,True,True
explanation_fallback_discovery_v3,commonsense,discovery,jev_explanation_fallback,2,f1960c1e84a34220240f1c72abeae46b923253f78a1133288c84370b0b6d8ffb,400,1.0,,,,,0.14997003372914694,0.19264659988508437,0.5263473512421373,,,19,6,"[""actual_workflow""]",13,0,90042,13986,0.008089716,0.012991716,0.008033268,0.01287882,23.041589831904275,16.54015525302384,13,13,13,True,True
explanation_fallback_discovery_v3,commonsense,discovery,jev_verbose,2,f1960c1e84a34220240f1c72abeae46b923253f78a1133288c84370b0b6d8ffb,400,1.0,,,,,0.1536566507950265,0.20097597362370967,0.53256721544366,,,13,13,"[""actual_workflow""]",0,0,53581,7796,0.0022504020000000003,0.0022504020000000003,0.0022504020000000003,0.0022504020000000003,6.689690289931605,6.788830082950881,13,13,13,True,True
explanation_fallback_discovery_v3,conflict,discovery,jev_explanation_fallback,4,2155696c8e98177c35899a25214fa86f3361d270ac138ae7063c9be8cd4bea62,368,1.0,0.5600330403274274,0.7191239494183366,0.8994565217391304,0.514049447534458,,,,,,9,3,"[""actual_workflow""]",6,0,115620,26933,0.009699288,0.015200087999999999,0.009417048,0.014635608,23.667484332981985,17.781064875947777,6,6,6,True,True
explanation_fallback_discovery_v3,conflict,discovery,jev_verbose,4,2155696c8e98177c35899a25214fa86f3361d270ac138ae7063c9be8cd4bea62,368,1.0,0.5472345009255908,0.705329739020829,0.8478260869565217,0.5895342371819897,,,,,,6,6,"[""actual_workflow""]",0,0,77624,18465,0.003260208,0.003260208,0.003260208,0.003260208,5.965136665996397,6.077382668008795,6,6,6,True,True
explanation_fallback_discovery_v3,mbd,discovery,jev_explanation_fallback,3,456af7dfb69959ef94e28748e35c33f36e0129c002122a6e932ee911ff9db88f,623,1.0,0.7172290855698414,0.7172290855698414,0.865521423880557,0.6235297340829898,,,,,,24,9,"[""actual_workflow""]",15,0,271870,47698,0.022727652,0.036063852,0.020714339999999998,0.032037228,44.379269291006494,35.521058290003566,15,15,15,True,True
explanation_fallback_discovery_v3,mbd,discovery,jev_verbose,3,456af7dfb69959ef94e28748e35c33f36e0129c002122a6e932ee911ff9db88f,623,1.0,0.7088956920724504,0.7088956920724504,0.846427119492135,0.7227173236845522,,,,,,15,15,"[""actual_workflow""]",0,0,163593,30687,0.006870906,0.006870906,0.006870906,0.006870906,9.101999583013821,9.317586791992653,15,15,15,True,True
explanation_fallback_discovery_v3,taskmap,discovery,jev_explanation_fallback,23,8dae1e407e56a0a1a2b6c38088c0b7caef380fcbe8c22a311dced126735adbe0,460,1.0,,,,,0.10476647332277851,0.12985241563988317,0.4514235376656616,0.0794055388311337,0.0794055388311337,12,0,"[""actual_workflow""]",12,0,419327,8891,0.017611734,0.017611734,0.017611734,0.017611734,9.702246542001376,0.26624312400235794,2,2,2,True,True
explanation_fallback_discovery_v3,taskmap,discovery,jev_verbose,23,8dae1e407e56a0a1a2b6c38088c0b7caef380fcbe8c22a311dced126735adbe0,460,1.0,,,,,0.14085030350084699,0.17213838846780377,0.49248183315766686,0.14531409906518603,0.14531409906518603,12,12,"[""actual_workflow""]",0,0,419327,8891,0.017611734,0.017611734,0.017611734,0.017611734,9.702246542001376,10.199113459006185,2,2,2,True,True
explanation_fallback_discovery_v3,ucc,discovery,jev_explanation_fallback,7,a561043082d3aec7ff0d3bc89623314377afff9593eb7a5e9e5bdc0f3137c688,1470,1.0,0.4966457688836874,0.4966457688836874,0.9306122448979591,0.25600000522843924,,,,,,26,12,"[""actual_workflow""]",14,0,323256,84307,0.034706988,0.058565838,0.031941036,0.053033934,91.73760183205013,82.06842729196069,14,14,14,True,True
explanation_fallback_discovery_v3,ucc,discovery,jev_verbose,7,a561043082d3aec7ff0d3bc89623314377afff9593eb7a5e9e5bdc0f3137c688,1470,1.0,0.44179308418607144,0.44179308418607144,0.6469387755102041,0.7875711172542846,,,,,,14,14,"[""actual_workflow""]",0,0,187185,52746,0.00786177,0.00786177,0.00786177,0.00786177,9.963467542052967,10.20659379195422,14,14,14,True,True
grounded_calibration_v1,babe,calibration,jev_grounded,1,834459fd909aa2d10a91320129ef1330384d3aca7e7982b477cf0ef85f8c2169,201,1.0,0.7453610552202101,0.7453610552202101,0.746268656716418,0.7482869268676062,,,,,,13,13,"[""actual_workflow""]",0,0,55829,7246,0.0023448180000000002,0.0023448180000000002,0.0023448180000000002,0.0023448180000000002,4.848008957997081,4.941523916990263,13,13,13,True,True
grounded_calibration_v1,babe,calibration,llm_grounded,1,834459fd909aa2d10a91320129ef1330384d3aca7e7982b477cf0ef85f8c2169,201,1.0,0.8296270442760272,0.8296270442760272,0.8308457711442786,,,,,,,13,13,"[""actual_workflow""]",0,0,56407,2167,0.009761249999999999,0.019522499999999998,0.005847522,0.011695044,11.056725706992438,11.136665375961456,13,13,13,True,True
grounded_calibration_v1,commonsense,calibration,jev_grounded,2,9db4b46c6cb7729c5715b6c176563feff04876f6707415ed7d23e0d68cfec251,400,1.0,,,,,0.16110616292266877,0.20485527465834713,0.5444264534013608,,,13,13,"[""actual_workflow""]",0,0,41919,7796,0.001760598,0.001760598,0.001760598,0.001760598,4.005878002033569,4.105525374005083,13,13,13,True,True
grounded_calibration_v1,commonsense,calibration,llm_grounded,2,9db4b46c6cb7729c5715b6c176563feff04876f6707415ed7d23e0d68cfec251,400,1.0,,,,,0.14459010406580505,0.18969155548106958,0.5346413649933124,,,13,13,"[""actual_workflow""]",0,0,53026,3671,0.0101565,0.020313,0.009911892,0.019823784,14.56166687599034,14.631143081976916,13,13,13,True,True
grounded_calibration_v1,conflict,calibration,jev_grounded,4,0007e5851182f24f8f5dec1d6aacad4ceb1b27fa62fb2b4000a765374405e8fe,392,1.0,0.5139946393641227,0.6762983042855887,0.8239795918367347,0.44253241595300263,,,,,,7,7,"[""actual_workflow""]",0,0,46714,19686,0.001961988,0.001961988,0.001961988,0.001961988,3.2693168740079273,3.3176547910115914,7,7,7,True,True
grounded_calibration_v1,conflict,calibration,llm_grounded,4,0007e5851182f24f8f5dec1d6aacad4ceb1b27fa62fb2b4000a765374405e8fe,392,1.0,0.5332063549213356,0.698154808529583,0.8494897959183674,,,,,,,7,7,"[""actual_workflow""]",0,0,55664,4916,0.011299199999999999,0.022598399999999998,0.010904064,0.021808128,14.765934872979415,14.827640958988923,7,7,7,True,True
grounded_calibration_v1,mbd,calibration,jev_grounded,3,ac5391ccb9b9483d077f6c881702f7fc52cc0892313fd84ec70a30c4229fc666,714,1.0,0.6924608229431519,0.6924608229431519,0.8416151228092407,0.509127124224941,,,,,,17,17,"[""actual_workflow""]",0,0,163087,35255,0.006849654,0.006849654,0.006849654,0.006849654,7.656588707002811,7.822451043044566,17,17,17,True,True
grounded_calibration_v1,mbd,calibration,llm_grounded,3,ac5391ccb9b9483d077f6c881702f7fc52cc0892313fd84ec70a30c4229fc666,714,1.0,0.7140818252832272,0.7140818252832272,0.842978562513624,,,,,,,17,17,"[""actual_workflow""]",0,0,167969,5738,0.028638149999999998,0.057276299999999995,0.025759301999999998,0.051518603999999996,23.324688126027468,23.447750581995933,17,17,17,True,True
grounded_calibration_v1,taskmap,calibration,jev_grounded,23,8964c102070f62112bab51555ae19275c031e81d5ed3a56e81f38168f2ffc7cb,460,1.0,,,,,0.1302161885216233,0.1655278256064247,0.49603598736429905,0.1380086381010294,0.1380086381010294,2,2,"[""actual_workflow""]",0,0,71156,8851,0.0029885520000000002,0.0029885520000000002,0.0029885520000000002,0.0029885520000000002,1.4883852080092765,1.543579375007539,2,2,2,True,True
grounded_calibration_v1,taskmap,calibration,llm_grounded,23,8964c102070f62112bab51555ae19275c031e81d5ed3a56e81f38168f2ffc7cb,460,1.0,,,,,0.14836211795450926,0.19918485172543107,0.5334757615357687,0.11571016700690613,0.11571016700690613,3,3,"[""actual_workflow""]",0,0,102861,4655,0.01822215,0.0364443,0.013311174,0.026622348,13.117775708989939,13.2176769170037,2,2,2,True,True
grounded_calibration_v1,ucc,calibration,jev_grounded,7,8e81e267391af61ec58dda2b35aff9adee967ab4040c508ff2283f4d9d92492a,1435,1.0,0.47203906415635,0.47203906415635,0.6954703832752613,0.8662008340124965,,,,,,13,13,"[""actual_workflow""]",0,0,273607,51479,0.011491494000000001,0.011491494000000001,0.011491494000000001,0.011491494000000001,5.690464916013298,5.954696752000018,13,13,13,True,True
grounded_calibration_v1,ucc,calibration,llm_grounded,7,8e81e267391af61ec58dda2b35aff9adee967ab4040c508ff2283f4d9d92492a,1435,1.0,0.48979392006215366,0.48979392006215366,0.7372822299651568,,,,,,,13,13,"[""actual_workflow""]",0,0,260866,14044,0.047556299999999996,0.09511259999999999,0.044865612,0.089731224,42.92363237598329,43.03640366498439,13,13,13,True,True
grounded_discovery_v1,babe,discovery,jev_grounded,1,555d11bc6ff584eb1dce88846fc695bf80d8e9dff660503a8062d3df8a61c762,200,1.0,0.7796474358974359,0.7796474358974359,0.78,0.7350469207103714,,,,,,13,13,"[""actual_workflow""]",0,0,56050,7206,0.0023541,0.0023541,0.0023541,0.0023541,4.597393335032393,4.6681629569939105,13,13,13,True,True
grounded_discovery_v1,babe,discovery,llm_grounded,1,555d11bc6ff584eb1dce88846fc695bf80d8e9dff660503a8062d3df8a61c762,200,1.0,0.823726423409131,0.823726423409131,0.825,,,,,,,13,13,"[""actual_workflow""]",0,0,56705,2138,0.00978855,0.0195771,0.005893638,0.011787276,12.080222209973726,12.160967499992694,13,13,13,True,True
grounded_discovery_v1,commonsense,discovery,jev_grounded,2,f1960c1e84a34220240f1c72abeae46b923253f78a1133288c84370b0b6d8ffb,400,1.0,,,,,0.154672542163024,0.1984283893709587,0.5305075764833147,,,13,13,"[""actual_workflow""]",0,0,41973,7796,0.001762866,0.001762866,0.001762866,0.001762866,4.4387762069527525,4.510541999028646,13,13,13,True,True
grounded_discovery_v1,commonsense,discovery,llm_grounded,2,f1960c1e84a34220240f1c72abeae46b923253f78a1133288c84370b0b6d8ffb,400,1.0,,,,,0.16198334183116,0.21346860092141867,0.5426288792753169,,,13,13,"[""actual_workflow""]",0,0,53099,3735,0.01020585,0.0204117,0.009980058,0.019960116,14.50004666800669,14.576367998975911,13,13,13,True,True
grounded_discovery_v1,conflict,discovery,jev_grounded,4,2155696c8e98177c35899a25214fa86f3361d270ac138ae7063c9be8cd4bea62,368,1.0,0.4955531214190602,0.6546440305099693,0.8206521739130435,0.5373445102598169,,,,,,6,6,"[""actual_workflow""]",0,0,42664,18479,0.0017918880000000002,0.0017918880000000002,0.0017918880000000002,0.0017918880000000002,1.9534824589791242,2.0113025410391856,6,6,6,True,True
grounded_discovery_v1,conflict,discovery,llm_grounded,4,2155696c8e98177c35899a25214fa86f3361d270ac138ae7063c9be8cd4bea62,368,1.0,0.519580425885727,0.6834846616131671,0.8641304347826086,,,,,,,6,6,"[""actual_workflow""]",0,0,51369,4782,0.01057455,0.0211491,0.010273494,0.020546988,14.02786712499801,14.065670625001076,6,6,6,True,True
grounded_discovery_v1,mbd,discovery,jev_grounded,3,456af7dfb69959ef94e28748e35c33f36e0129c002122a6e932ee911ff9db88f,623,1.0,0.6962011817074982,0.6962011817074982,0.8622686395132216,0.42222927782591385,,,,,,15,15,"[""actual_workflow""]",0,0,145548,30671,0.006113016000000001,0.006113016000000001,0.006113016000000001,0.006113016000000001,7.672989917002269,7.794475041999249,15,15,15,True,True
grounded_discovery_v1,mbd,discovery,llm_grounded,3,456af7dfb69959ef94e28748e35c33f36e0129c002122a6e932ee911ff9db88f,623,1.0,0.7283688803923245,0.7283688803923245,0.8782969008975202,,,,,,,15,15,"[""actual_workflow""]",0,0,149082,4906,0.0253059,0.0506118,0.022803371999999995,0.04560674399999999,18.71846304202336,18.829744378017494,15,15,15,True,True
grounded_discovery_v1,taskmap,discovery,jev_grounded,23,8dae1e407e56a0a1a2b6c38088c0b7caef380fcbe8c22a311dced126735adbe0,460,1.0,,,,,0.13610684876717485,0.1684553879070358,0.48641811573464866,0.14204115220528266,0.14204115220528266,2,2,"[""actual_workflow""]",0,0,71406,8851,0.0029990520000000003,0.0029990520000000003,0.0029990520000000003,0.0029990520000000003,2.08357870799955,2.124723333006841,2,2,2,True,True
grounded_discovery_v1,taskmap,discovery,llm_grounded,23,8dae1e407e56a0a1a2b6c38088c0b7caef380fcbe8c22a311dced126735adbe0,460,1.0,,,,,0.13976594438170525,0.17768695219904634,0.4971194702377417,0.08831352813852815,0.08831352813852815,3,3,"[""actual_workflow""]",0,0,103268,4401,0.0181308,0.0362616,0.013539696,0.027079392,12.468730999986292,12.562180498993257,2,2,2,True,True
grounded_discovery_v1,ucc,discovery,jev_grounded,7,a561043082d3aec7ff0d3bc89623314377afff9593eb7a5e9e5bdc0f3137c688,1470,1.0,0.4259716470378554,0.4259716470378554,0.6204081632653061,0.9626601624234198,,,,,,14,14,"[""actual_workflow""]",0,0,282213,52746,0.011852946000000001,0.011852946000000001,0.011852946000000001,0.011852946000000001,7.464474664971931,7.665265497009386,14,14,14,True,True
grounded_discovery_v1,ucc,discovery,llm_grounded,7,a561043082d3aec7ff0d3bc89623314377afff9593eb7a5e9e5bdc0f3137c688,1470,1.0,0.48588767665305455,0.48588767665305455,0.7360544217687075,,,,,,,14,14,"[""actual_workflow""]",0,0,268810,14920,0.0492735,0.098547,0.046469916,0.092939832,42.455311709985835,42.61477712499618,14,14,14,True,True
native_calibration_v1,babe,calibration,jev_native,1,834459fd909aa2d10a91320129ef1330384d3aca7e7982b477cf0ef85f8c2169,201,1.0,0.8198924731182795,0.8198924731182795,0.8208955223880597,0.45207125534287207,,,,,,13,13,"[""actual_workflow""]",0,0,64567,7249,0.0027118140000000003,0.0027118140000000003,0.0027118140000000003,0.0027118140000000003,7.012512126006186,7.112315875012428,13,13,13,True,True
native_calibration_v1,babe,calibration,llm_native,1,834459fd909aa2d10a91320129ef1330384d3aca7e7982b477cf0ef85f8c2169,201,1.0,0.8150230070886706,0.8150230070886706,0.8159203980099502,,,,,,,13,13,"[""actual_workflow""]",0,0,65194,2164,0.0110775,0.022155,0.005583227999999999,0.011166455999999998,11.95111629096209,12.034352374903392,13,13,13,True,True
native_calibration_v1,commonsense,calibration,jev_native,2,9db4b46c6cb7729c5715b6c176563feff04876f6707415ed7d23e0d68cfec251,400,1.0,,,,,0.14821845627143926,0.1881857524505374,0.5279267428674441,,,13,13,"[""actual_workflow""]",0,0,48522,7796,0.002037924,0.002037924,0.002037924,0.002037924,4.7782879168807995,4.878499832993839,13,13,13,True,True
native_calibration_v1,commonsense,calibration,llm_native,2,9db4b46c6cb7729c5715b6c176563feff04876f6707415ed7d23e0d68cfec251,400,1.0,,,,,0.1295921121716813,0.1698366074661347,0.5122922451337006,,,13,13,"[""actual_workflow""]",0,0,60069,3671,0.01121295,0.0224259,0.010178069999999999,0.020356139999999998,15.484078793990193,15.55475199999637,13,13,13,True,True
native_calibration_v1,conflict,calibration,jev_native,4,0007e5851182f24f8f5dec1d6aacad4ceb1b27fa62fb2b4000a765374405e8fe,392,1.0,0.5281181968059372,0.689521705577867,0.8443877551020409,0.33254781733365457,,,,,,7,7,"[""actual_workflow""]",0,0,97289,11062,0.0040861380000000004,0.0040861380000000004,0.0040861380000000004,0.0040861380000000004,7.194171292998362,7.30873462598538,7,7,7,True,True
native_calibration_v1,conflict,calibration,llm_native,4,0007e5851182f24f8f5dec1d6aacad4ceb1b27fa62fb2b4000a765374405e8fe,392,1.0,0.5536455229158678,0.7203121895825344,0.8673469387755102,,,,,,,7,7,"[""actual_workflow""]",0,0,96109,4987,0.017408550000000002,0.034817100000000004,0.01533879,0.03067758,16.822039249993395,16.946885624958668,7,7,7,True,True
native_calibration_v1,mbd,calibration,jev_native,3,ac5391ccb9b9483d077f6c881702f7fc52cc0892313fd84ec70a30c4229fc666,714,1.0,0.6924530069553988,0.6924530069553988,0.8040010537536536,0.5591625579806613,,,,,,17,17,"[""actual_workflow""]",0,0,185767,35273,0.007802214000000001,0.007802214000000001,0.007802214000000001,0.007802214000000001,8.658911459933734,8.874804787919857,17,17,17,True,True
native_calibration_v1,mbd,calibration,llm_native,3,ac5391ccb9b9483d077f6c881702f7fc52cc0892313fd84ec70a30c4229fc666,714,1.0,0.7144858736296918,0.7144858736296918,0.8260781177498481,,,,,,,17,17,"[""actual_workflow""]",0,0,191202,5655,0.0320733,0.0641466,0.023756628,0.047513256,22.072190623992356,22.235737542039715,17,17,17,True,True
native_calibration_v1,taskmap,calibration,jev_native,23,8964c102070f62112bab51555ae19275c031e81d5ed3a56e81f38168f2ffc7cb,460,1.0,,,,,0.1349049175462219,0.17713433451208438,0.5073348576984855,0.14433392609805654,0.14433392609805654,13,13,"[""actual_workflow""]",0,0,431992,8895,0.018143664,0.018143664,0.018143664,0.018143664,7.791232666000724,8.280869917012751,2,2,2,True,True
native_calibration_v1,taskmap,calibration,llm_native,23,8964c102070f62112bab51555ae19275c031e81d5ed3a56e81f38168f2ffc7cb,460,1.0,,,,,0.13233664741056045,0.17358750854566454,0.5059726020505355,0.10154687257187257,0.10154687257187257,14,14,"[""actual_workflow""]",0,0,461380,4946,0.07217459999999999,0.14434919999999998,0.042859272,0.085718544,23.25387175002834,23.855820249009412,2,2,2,True,True
native_calibration_v1,ucc,calibration,jev_native,7,8e81e267391af61ec58dda2b35aff9adee967ab4040c508ff2283f4d9d92492a,1435,1.0,0.46918312738803036,0.46918312738803036,0.6794425087108014,0.6162960005050405,,,,,,13,13,"[""actual_workflow""]",0,0,254776,31812,0.010700592,0.010700592,0.010700592,0.010700592,7.968274626036873,8.242675749934278,13,13,13,True,True
native_calibration_v1,ucc,calibration,llm_native,7,8e81e267391af61ec58dda2b35aff9adee967ab4040c508ff2283f4d9d92492a,1435,1.0,0.503882173079029,0.503882173079029,0.762369337979094,,,,,,,13,13,"[""actual_workflow""]",0,0,266197,13836,0.04823115,0.0964623,0.044317421999999995,0.08863484399999999,42.28996037496836,42.45786629305803,13,13,13,True,True
native_diagnostic_v1,babe,diagnostic,jev_native,1,24d32a1fdcd8946f74392e44dc6dbeffbfe517758ee110137fe2c802f26a111c,1000,1.0,0.8078031904670382,0.8078031904670382,0.808,0.6946968469592923,,,,,,63,36,"[""actual_workflow""]",27,0,317291,36018,0.013326222,0.013326222,0.013326222,0.013326222,21.412401333946036,12.100438497000141,63,63,63,True,True
native_diagnostic_v1,babe,diagnostic,jev_threshold_calibrated,1,24d32a1fdcd8946f74392e44dc6dbeffbfe517758ee110137fe2c802f26a111c,1000,1.0,0.8009950248756219,0.8009950248756219,0.801,0.5286478134487256,,,,,,63,27,"[""actual_workflow""]",36,0,317291,36018,0.013326222,0.013326222,0.013326222,0.013326222,21.412401333946036,9.859494499047287,63,63,63,True,True
native_diagnostic_v1,babe,diagnostic,llm_native,1,24d32a1fdcd8946f74392e44dc6dbeffbfe517758ee110137fe2c802f26a111c,1000,1.0,0.7909161091096243,0.7909161091096243,0.792,,,,,,,63,63,"[""actual_workflow""]",0,0,320759,10637,0.05449605,0.1089921,0.027927857999999996,0.05585571599999999,56.302787462220294,56.613004124956205,63,63,63,True,True
native_diagnostic_v1,commonsense,diagnostic,jev_native,2,2c62c6ac7d0baf8d8d4718682a851848cc6e21648b5ded41adad412d31dd12a5,2000,1.0,,,,,0.15267136200158776,0.19441171810409685,0.5460600789069636,,,63,32,"[""actual_workflow""]",31,0,240962,38996,0.010120404000000001,0.010120404000000001,0.010120404000000001,0.010120404000000001,21.6370630429592,11.40118587409961,63,63,63,True,True
native_diagnostic_v1,commonsense,diagnostic,jev_threshold_calibrated,2,2c62c6ac7d0baf8d8d4718682a851848cc6e21648b5ded41adad412d31dd12a5,2000,1.0,,,,,0.1380480106361196,0.18136815009193497,0.5324523164399559,,,63,31,"[""actual_workflow""]",32,0,240962,38996,0.010120404000000001,0.010120404000000001,0.010120404000000001,0.010120404000000001,21.6370630429592,10.795308543049032,63,63,63,True,True
native_diagnostic_v1,commonsense,diagnostic,llm_native,2,2c62c6ac7d0baf8d8d4718682a851848cc6e21648b5ded41adad412d31dd12a5,2000,1.0,,,,,0.13996205932785555,0.1848382603845462,0.5389225850069488,,,63,63,"[""actual_workflow""]",0,0,299169,18541,0.05599995,0.1119999,0.050750286,0.101500572,75.7592788389884,76.06073216799996,63,63,63,True,True
native_diagnostic_v1,conflict,diagnostic,jev_native,4,b171f3227e1d51512195750de57f32579dd2c426e17876327d8413b18413ef7a,3203,1.0,0.5300833634912476,0.5745315440187826,0.7912632940859895,0.47389790910488616,,,,,,56,30,"[""actual_workflow""]",26,0,941106,90656,0.039526452000000004,0.039526452000000004,0.039526452000000004,0.039526452000000004,23.05185316913412,12.40070441790158,51,51,51,True,True
native_diagnostic_v1,conflict,diagnostic,jev_threshold_calibrated,4,b171f3227e1d51512195750de57f32579dd2c426e17876327d8413b18413ef7a,3203,1.0,0.5600456860022931,0.6044938665298281,0.8523605509438449,0.27457896095272916,,,,,,56,26,"[""actual_workflow""]",30,0,941106,90656,0.039526452000000004,0.039526452000000004,0.039526452000000004,0.039526452000000004,23.05185316913412,11.641929878853261,51,51,51,True,True
native_diagnostic_v1,conflict,diagnostic,llm_native,4,b171f3227e1d51512195750de57f32579dd2c426e17876327d8413b18413ef7a,3203,1.0,0.5282968828257644,0.579073026616614,0.8101112494798136,,,,,,,56,56,"[""actual_workflow""]",0,0,933765,40472,0.16434795,0.3286959,0.135879342,0.271758684,126.33799108589301,126.76285066909622,51,51,51,True,True
native_diagnostic_v1,mbd,diagnostic,jev_native,3,afff3e901ccd6f50084d3e1b3d960363ef25786fbc83edbc6d485204da18fcba,1598,1.0,0.7309497798856328,0.7309497798856328,0.7840426726919315,0.6774709248929421,,,,,,42,21,"[""actual_workflow""]",21,0,423442,80498,0.017784564,0.017784564,0.017784564,0.017784564,15.466678875003709,8.485914457822219,42,42,42,True,True
native_diagnostic_v1,mbd,diagnostic,jev_threshold_calibrated,3,afff3e901ccd6f50084d3e1b3d960363ef25786fbc83edbc6d485204da18fcba,1598,1.0,0.7336781459294618,0.7336781459294618,0.8152881837168544,0.537060900024433,,,,,,42,21,"[""actual_workflow""]",21,0,423442,80498,0.017784564,0.017784564,0.017784564,0.017784564,15.466678875003709,7.6044480839627795,42,42,42,True,True
native_diagnostic_v1,mbd,diagnostic,llm_native,3,afff3e901ccd6f50084d3e1b3d960363ef25786fbc83edbc6d485204da18fcba,1598,1.0,0.7489945583414436,0.7489945583414436,0.7997936379276119,,,,,,,42,42,"[""actual_workflow""]",0,0,435045,12662,0.07285395,0.1457079,0.054244926,0.108489852,53.795799624029314,54.06834145798348,42,42,42,True,True
native_diagnostic_v1,ucc,diagnostic,jev_native,7,36ca042a113b4d98a63e52f4163023d0641dd85ad33cb82f1b0321d7a578ad90,7014,1.0,0.45527873818065717,0.45527873818065717,0.6330196749358425,0.6686100137314634,,,,,,63,36,"[""actual_workflow""]",27,0,1258008,155532,0.052836336000000005,0.052836336000000005,0.052836336000000005,0.052836336000000005,25.538203877978958,15.235326284891926,63,63,63,True,True
native_diagnostic_v1,ucc,diagnostic,jev_threshold_calibrated,7,36ca042a113b4d98a63e52f4163023d0641dd85ad33cb82f1b0321d7a578ad90,7014,1.0,0.5263279263413138,0.5263279263413138,0.9198745366410037,0.18796821383696452,,,,,,63,27,"[""actual_workflow""]",36,0,1258008,155532,0.052836336000000005,0.052836336000000005,0.052836336000000005,0.052836336000000005,25.538203877978958,12.1113993000763,63,63,63,True,True
native_diagnostic_v1,ucc,diagnostic,llm_native,7,36ca042a113b4d98a63e52f4163023d0641dd85ad33cb82f1b0321d7a578ad90,7014,1.0,0.5140433808422131,0.5140433808422131,0.7502138579982891,,,,,,,63,63,"[""actual_workflow""]",0,0,1312792,66252,0.23667,0.47334,0.21747767999999998,0.43495535999999996,194.1692812461115,194.79662191891111,63,63,63,True,True
native_discovery_v1,babe,discovery,jev_native,1,555d11bc6ff584eb1dce88846fc695bf80d8e9dff660503a8062d3df8a61c762,200,1.0,0.813953488372093,0.813953488372093,0.815,0.5948665203812555,,,,,,13,13,"[""actual_workflow""]",0,0,65101,7199,0.002734242,0.002734242,0.002734242,0.002734242,4.297234503901564,4.366692292038351,13,13,13,True,True
native_discovery_v1,babe,discovery,llm_native,1,555d11bc6ff584eb1dce88846fc695bf80d8e9dff660503a8062d3df8a61c762,200,1.0,0.7975503593481121,0.7975503593481121,0.8,,,,,,,13,13,"[""actual_workflow""]",0,0,65885,2117,0.01115295,0.0223059,0.005639862,0.011279724,12.876328627055045,12.934191627020482,13,13,13,True,True
native_discovery_v1,commonsense,discovery,jev_native,2,f1960c1e84a34220240f1c72abeae46b923253f78a1133288c84370b0b6d8ffb,400,1.0,,,,,0.1521529751543913,0.19689225613040254,0.5281509560058899,,,13,13,"[""actual_workflow""]",0,0,48696,7796,0.002045232,0.002045232,0.002045232,0.002045232,4.95102400102769,5.028175332961837,13,13,13,True,True
native_discovery_v1,commonsense,discovery,llm_native,2,f1960c1e84a34220240f1c72abeae46b923253f78a1133288c84370b0b6d8ffb,400,1.0,,,,,0.1432468122479122,0.1874538866180066,0.5207053907055079,,,13,13,"[""actual_workflow""]",0,0,60280,3991,0.0114366,0.0228732,0.010345271999999999,0.020690543999999998,16.285109000018565,16.333002250030404,13,13,13,True,True
native_discovery_v1,conflict,discovery,jev_native,4,2155696c8e98177c35899a25214fa86f3361d270ac138ae7063c9be8cd4bea62,368,1.0,0.5425485013390481,0.7006437394342863,0.842391304347826,0.37008239958526074,,,,,,6,6,"[""actual_workflow""]",0,0,87686,10382,0.003682812,0.003682812,0.003682812,0.003682812,2.7315460829995573,2.797911873931298,6,6,6,True,True
native_discovery_v1,conflict,discovery,llm_native,4,2155696c8e98177c35899a25214fa86f3361d270ac138ae7063c9be8cd4bea62,368,1.0,0.5514552484529144,0.7172111683071949,0.875,,,,,,,6,6,"[""actual_workflow""]",0,0,87331,4835,0.016000649999999998,0.032001299999999996,0.014156682,0.028313364,15.136406458012061,15.1772957489884,6,6,6,True,True
native_discovery_v1,mbd,discovery,jev_native,3,456af7dfb69959ef94e28748e35c33f36e0129c002122a6e932ee911ff9db88f,623,1.0,0.7118026210820648,0.7118026210820648,0.8496093174111751,0.6882337531959041,,,,,,15,15,"[""actual_workflow""]",0,0,164583,30685,0.006912486000000001,0.006912486000000001,0.006912486000000001,0.006912486000000001,7.129696166957729,7.253349081991473,15,15,15,True,True
native_discovery_v1,mbd,discovery,llm_native,3,456af7dfb69959ef94e28748e35c33f36e0129c002122a6e932ee911ff9db88f,623,1.0,0.7210751471638716,0.7210751471638716,0.8749898364449448,,,,,,,15,15,"[""actual_workflow""]",0,0,168261,4769,0.02810055,0.0562011,0.020442438,0.040884876,20.795592998998472,20.88551758506219,15,15,15,True,True
native_discovery_v1,taskmap,discovery,jev_native,23,8dae1e407e56a0a1a2b6c38088c0b7caef380fcbe8c22a311dced126735adbe0,460,1.0,,,,,0.1339995176924525,0.1670278332742327,0.4865568471571777,0.13925349300457998,0.13925349300457998,12,12,"[""actual_workflow""]",0,0,425895,8891,0.017887590000000002,0.017887590000000002,0.017887590000000002,0.017887590000000002,6.941227290924871,7.371245333022671,2,2,2,True,True
native_discovery_v1,taskmap,discovery,llm_native,23,8dae1e407e56a0a1a2b6c38088c0b7caef380fcbe8c22a311dced126735adbe0,460,1.0,,,,,0.1382038749294184,0.17909349779566727,0.5028618724616466,0.08717836595771378,0.08717836595771378,13,13,"[""actual_workflow""]",0,0,452160,4869,0.0707454,0.1414908,0.043198775999999994,0.08639755199999999,22.239892001991393,22.674681873992085,2,2,2,True,True
native_discovery_v1,ucc,discovery,jev_native,7,a561043082d3aec7ff0d3bc89623314377afff9593eb7a5e9e5bdc0f3137c688,1470,1.0,0.4293993714923153,0.4293993714923153,0.6183673469387756,0.6931652134062813,,,,,,14,14,"[""actual_workflow""]",0,0,266187,32600,0.011179854000000001,0.011179854000000001,0.011179854000000001,0.011179854000000001,6.456908460968407,6.702177248953376,14,14,14,True,True
native_discovery_v1,ucc,discovery,llm_native,7,a561043082d3aec7ff0d3bc89623314377afff9593eb7a5e9e5bdc0f3137c688,1470,1.0,0.4767790632788681,0.4767790632788681,0.7285714285714285,,,,,,,14,14,"[""actual_workflow""]",0,0,277228,14120,0.050056199999999995,0.10011239999999999,0.045860231999999994,0.09172046399999999,43.067614373983815,43.19597675098339,14,14,14,True,True
routing_diagnostic_v1_b025,babe,diagnostic,jev_grounded,1,24d32a1fdcd8946f74392e44dc6dbeffbfe517758ee110137fe2c802f26a111c,1000,1.0,0.7819441777094936,0.7819441777094936,0.782,0.5915112839931391,,,,,,63,63,"[""actual_workflow""]",0,0,273759,36034,0.011497878000000001,0.011497878000000001,0.011497878000000001,0.011497878000000001,22.342693210055586,22.54660017299466,63,63,63,True,True
routing_diagnostic_v1_b025,babe,diagnostic,jev_targeted_llm,1,24d32a1fdcd8946f74392e44dc6dbeffbfe517758ee110137fe2c802f26a111c,1000,1.0,0.7756051300119509,0.7756051300119509,0.779,0.47434834860083575,,,,,,78,15,"[""actual_workflow""]",63,0,340176,38394,0.022876428,0.034254978,0.013524876,0.015551874,35.4509613350092,13.387632710917387,63,63,63,True,True
routing_diagnostic_v1_b025,commonsense,diagnostic,jev_grounded,2,2c62c6ac7d0baf8d8d4718682a851848cc6e21648b5ded41adad412d31dd12a5,2000,1.0,,,,,0.16505123423740878,0.2053856443988295,0.5569820641643939,,,63,63,"[""actual_workflow""]",0,0,208289,38996,0.008748138,0.008748138,0.008748138,0.008748138,22.22565050891717,22.62919216506998,63,63,63,True,True
routing_diagnostic_v1_b025,commonsense,diagnostic,jev_targeted_llm,2,2c62c6ac7d0baf8d8d4718682a851848cc6e21648b5ded41adad412d31dd12a5,2000,1.0,,,,,0.1458583263080581,0.18681544140312262,0.5381010635517768,,,78,15,"[""actual_workflow""]",63,0,271574,43425,0.020898288,0.033048438,0.012017283,0.015286428,40.95316038184683,19.00335554301273,63,63,63,True,True
routing_diagnostic_v1_b025,conflict,diagnostic,jev_grounded,4,b171f3227e1d51512195750de57f32579dd2c426e17876327d8413b18413ef7a,3203,1.0,0.5000823308965507,0.5448035617251415,0.761020519591861,0.7453616991552815,,,,,,51,51,"[""actual_workflow""]",0,0,393178,161460,0.016513476,0.016513476,0.016513476,0.016513476,22.19524429005105,22.47688342098263,51,51,51,True,True
routing_diagnostic_v1_b025,conflict,diagnostic,jev_targeted_llm,4,b171f3227e1d51512195750de57f32579dd2c426e17876327d8413b18413ef7a,3203,1.0,0.5310456172989952,0.5749891330430944,0.8498785188847204,0.36213482176745027,,,,,,63,12,"[""actual_workflow""]",51,0,499857,170706,0.038062926,0.059612376,0.022727886,0.028942296,49.58794487302657,27.719527793087764,51,51,51,True,True
routing_diagnostic_v1_b025,mbd,diagnostic,jev_grounded,3,afff3e901ccd6f50084d3e1b3d960363ef25786fbc83edbc6d485204da18fcba,1598,1.0,0.7167326189556334,0.7167326189556334,0.7959333667850342,0.5597848101215827,,,,,,42,42,"[""actual_workflow""]",0,0,371029,80433,0.015583218000000001,0.015583218000000001,0.015583218000000001,0.015583218000000001,22.9892990848748,23.312076085043373,42,42,42,True,True
routing_diagnostic_v1_b025,mbd,diagnostic,jev_targeted_llm,3,afff3e901ccd6f50084d3e1b3d960363ef25786fbc83edbc6d485204da18fcba,1598,1.0,0.7089725240259886,0.7089725240259886,0.7937376570858508,0.49517849069736525,,,,,,52,10,"[""actual_workflow""]",42,0,470127,83792,0.032463318,0.049343418,0.018163599000000002,0.020743980000000002,36.9235686667962,14.22360196194495,42,42,42,True,True
routing_diagnostic_v1_b025,ucc,diagnostic,jev_grounded,7,36ca042a113b4d98a63e52f4163023d0641dd85ad33cb82f1b0321d7a578ad90,7014,1.0,0.4422912970719839,0.4422912970719839,0.627459366980325,1.0820340453996722,,,,,,63,63,"[""actual_workflow""]",0,0,1337741,251661,0.056185122000000004,0.056185122000000004,0.056185122000000004,0.056185122000000004,30.10895249978057,30.961329999001464,63,63,63,True,True
routing_diagnostic_v1_b025,ucc,diagnostic,jev_targeted_llm,7,36ca042a113b4d98a63e52f4163023d0641dd85ad33cb82f1b0321d7a578ad90,7014,1.0,0.5444840107904533,0.5444840107904533,0.8788138009694896,0.22694893952960798,,,,,,78,15,"[""actual_workflow""]",63,0,1643463,267465,0.111525822,0.166866522,0.067007166,0.07782921000000001,75.03996691576322,45.72371245306567,63,63,63,True,True
routing_discovery_v1_b01,babe,discovery,jev_explanation,1,555d11bc6ff584eb1dce88846fc695bf80d8e9dff660503a8062d3df8a61c762,200,0.92,0.7168949771689497,0.7168949771689497,0.695,0.5478887372457892,,,,,,13,0,"[""actual_workflow""]",13,0,56050,7202,0.0023541,0.0023541,0.0023541,0.0023541,7.430255498999031,5.68188045702118,12,13,13,True,True
routing_discovery_v1_b01,babe,discovery,jev_grounded,1,555d11bc6ff584eb1dce88846fc695bf80d8e9dff660503a8062d3df8a61c762,200,1.0,0.7691690084303493,0.7691690084303493,0.77,0.7973004331708354,,,,,,13,13,"[""actual_workflow""]",0,0,56050,7202,0.0023541,0.0023541,0.0023541,0.0023541,7.430255498999031,7.526755625018268,13,13,13,True,True
routing_discovery_v1_b01,babe,discovery,jev_targeted_llm,1,555d11bc6ff584eb1dce88846fc695bf80d8e9dff660503a8062d3df8a61c762,200,1.0,0.7469379491851402,0.7469379491851402,0.75,0.5478887372457892,,,,,,14,1,"[""actual_workflow""]",13,0,60454,7337,0.0030957000000000003,0.0038373,0.002474772,0.002595444,8.372003331998712,0.9809087489848025,13,13,13,True,True
routing_discovery_v1_b01,commonsense,discovery,jev_explanation,2,f1960c1e84a34220240f1c72abeae46b923253f78a1133288c84370b0b6d8ffb,400,0.96,,,,,0.14230916996486204,0.18465152423139597,0.5211368374858127,,,13,0,"[""actual_workflow""]",13,0,41973,7796,0.001762866,0.001762866,0.001762866,0.001762866,6.477428166967002,2.7755887509847526,12,13,13,True,True
routing_discovery_v1_b01,commonsense,discovery,jev_grounded,2,f1960c1e84a34220240f1c72abeae46b923253f78a1133288c84370b0b6d8ffb,400,1.0,,,,,0.15253932956170796,0.19541763074142424,0.5282525142919579,,,13,13,"[""actual_workflow""]",0,0,41973,7796,0.001762866,0.001762866,0.001762866,0.001762866,6.477428166967002,6.5684691660280805,13,13,13,True,True
routing_discovery_v1_b01,commonsense,discovery,jev_targeted_llm,2,f1960c1e84a34220240f1c72abeae46b923253f78a1133288c84370b0b6d8ffb,400,1.0,,,,,0.14435548705897033,0.18654539508078247,0.5216013159361619,,,14,1,"[""actual_workflow""]",13,0,44235,7975,0.002209566,0.002656266,0.00190851,0.002054154,7.28550008397724,0.8723836680146633,13,13,13,True,True
routing_discovery_v1_b01,conflict,discovery,jev_explanation,4,2155696c8e98177c35899a25214fa86f3361d270ac138ae7063c9be8cd4bea62,368,1.0,0.4984719814208352,0.6555601040261991,0.8940217391304348,0.2554315397501252,,,,,,6,0,"[""actual_workflow""]",6,0,42664,18483,0.0017918880000000002,0.0017918880000000002,0.0017918880000000002,0.0017918880000000002,5.275940082981833,0.05772145901573822,6,6,6,True,True
routing_discovery_v1_b01,conflict,discovery,jev_grounded,4,2155696c8e98177c35899a25214fa86f3361d270ac138ae7063c9be8cd4bea62,368,1.0,0.505746330830505,0.662834453435869,0.8260869565217391,0.532222143576777,,,,,,6,6,"[""actual_workflow""]",0,0,42664,18483,0.0017918880000000002,0.0017918880000000002,0.0017918880000000002,0.0017918880000000002,5.275940082981833,5.343397917997208,6,6,6,True,True
routing_discovery_v1_b01,conflict,discovery,jev_targeted_llm,4,2155696c8e98177c35899a25214fa86f3361d270ac138ae7063c9be8cd4bea62,368,1.0,0.4984719814208352,0.6555601040261991,0.8940217391304348,0.2554315397501252,,,,,,6,0,"[""actual_workflow""]",6,0,42664,18483,0.0017918880000000002,0.0017918880000000002,0.0017918880000000002,0.0017918880000000002,5.275940082981833,0.03751358299632557,6,6,6,True,True
routing_discovery_v1_b01,mbd,discovery,jev_explanation,3,456af7dfb69959ef94e28748e35c33f36e0129c002122a6e932ee911ff9db88f,623,0.9229534510433387,0.6862011503911755,0.6862011503911755,0.7963826678996958,0.3875219261167871,,,,,,15,0,"[""actual_workflow""]",15,0,145548,30674,0.006113016000000001,0.006113016000000001,0.006113016000000001,0.006113016000000001,15.067801084995153,7.9174428740516305,14,15,15,True,True
routing_discovery_v1_b01,mbd,discovery,jev_grounded,3,456af7dfb69959ef94e28748e35c33f36e0129c002122a6e932ee911ff9db88f,623,1.0,0.7011151001941406,0.7011151001941406,0.8591407216794215,0.418060274387581,,,,,,15,15,"[""actual_workflow""]",0,0,145548,30674,0.006113016000000001,0.006113016000000001,0.006113016000000001,0.006113016000000001,15.067801084995153,15.243031126025016,15,15,15,True,True
routing_discovery_v1_b01,mbd,discovery,jev_targeted_llm,3,456af7dfb69959ef94e28748e35c33f36e0129c002122a6e932ee911ff9db88f,623,1.0,0.7028696768339738,0.7028696768339738,0.8702518327905325,0.3875219261167871,,,,,,16,1,"[""actual_workflow""]",15,0,157424,31030,0.008108016000000001,0.010103016,0.00639576,0.006678504,16.40947050199611,1.4520268319756724,15,15,15,True,True
routing_discovery_v1_b01,taskmap,discovery,jev_explanation,23,8dae1e407e56a0a1a2b6c38088c0b7caef380fcbe8c22a311dced126735adbe0,460,1.0,,,,,0.10759757673539305,0.13570126177010794,0.454790422540884,0.07863559917749192,0.07863559917749192,2,0,"[""actual_workflow""]",2,0,71406,8851,0.0029990520000000003,0.0029990520000000003,0.0029990520000000003,0.0029990520000000003,3.20782816701103,0.03623945900471881,2,2,2,True,True
routing_discovery_v1_b01,taskmap,discovery,jev_grounded,23,8dae1e407e56a0a1a2b6c38088c0b7caef380fcbe8c22a311dced126735adbe0,460,1.0,,,,,0.13557947722567287,0.16713748395804298,0.48486470840764084,0.14181892998306042,0.14181892998306042,2,2,"[""actual_workflow""]",0,0,71406,8851,0.0029990520000000003,0.0029990520000000003,0.0029990520000000003,0.0029990520000000003,3.20782816701103,3.286423958008527,2,2,2,True,True
routing_discovery_v1_b01,taskmap,discovery,jev_targeted_llm,23,8dae1e407e56a0a1a2b6c38088c0b7caef380fcbe8c22a311dced126735adbe0,460,1.0,,,,,0.10759757673539305,0.13570126177010794,0.454790422540884,0.07863559917749192,0.07863559917749192,2,0,"[""actual_workflow""]",2,0,71406,8851,0.0029990520000000003,0.0029990520000000003,0.0029990520000000003,0.0029990520000000003,3.20782816701103,0.05227649999142159,2,2,2,True,True
routing_discovery_v1_b01,ucc,discovery,jev_explanation,7,a561043082d3aec7ff0d3bc89623314377afff9593eb7a5e9e5bdc0f3137c688,1470,0.9238095238095239,0.536050681871977,0.536050681871977,0.8741496598639455,0.18201383683340475,,,,,,14,0,"[""actual_workflow""]",14,0,282213,52746,0.011852946000000001,0.011852946000000001,0.011852946000000001,0.011852946000000001,10.261668789986288,20.56322175299283,13,14,14,True,True
routing_discovery_v1_b01,ucc,discovery,jev_grounded,7,a561043082d3aec7ff0d3bc89623314377afff9593eb7a5e9e5bdc0f3137c688,1470,1.0,0.42001380210027756,0.42001380210027756,0.6163265306122448,0.9516620674393399,,,,,,14,14,"[""actual_workflow""]",0,0,282213,52746,0.011852946000000001,0.011852946000000001,0.011852946000000001,0.011852946000000001,10.261668789986288,10.644626834022347,14,14,14,True,True
routing_discovery_v1_b01,ucc,discovery,jev_targeted_llm,7,a561043082d3aec7ff0d3bc89623314377afff9593eb7a5e9e5bdc0f3137c688,1470,1.0,0.5512937159633878,0.5512937159633878,0.9394557823129251,0.18201383683340475,,,,,,15,1,"[""actual_workflow""]",14,0,302677,53902,0.015616146000000001,0.019379346000000002,0.012643218000000001,0.013433490000000001,13.815634581987979,3.6783860420109704,14,14,14,True,True
routing_discovery_v1_b025,babe,discovery,jev_explanation,1,555d11bc6ff584eb1dce88846fc695bf80d8e9dff660503a8062d3df8a61c762,200,0.76,0.6584867075664622,0.6584867075664622,0.58,0.5241077021228715,,,,,,13,0,"[""actual_workflow""]",13,0,56050,7205,0.0023541,0.0023541,0.0023541,0.0023541,7.417557416978525,17.140370625027572,10,13,13,True,True
routing_discovery_v1_b025,babe,discovery,jev_grounded,1,555d11bc6ff584eb1dce88846fc695bf80d8e9dff660503a8062d3df8a61c762,200,1.0,0.7845637415766928,0.7845637415766928,0.785,0.716453478918703,,,,,,13,13,"[""actual_workflow""]",0,0,56050,7205,0.0023541,0.0023541,0.0023541,0.0023541,7.417557416978525,7.466922667008475,13,13,13,True,True
routing_discovery_v1_b025,babe,discovery,jev_targeted_llm,1,555d11bc6ff584eb1dce88846fc695bf80d8e9dff660503a8062d3df8a61c762,200,1.0,0.7685185185185186,0.7685185185185186,0.77,0.5241077021228715,,,,,,16,3,"[""actual_workflow""]",13,0,69379,7692,0.00464565,0.0069372,0.002782866,0.0032116320000000003,9.898597083985806,2.544279958019615,13,13,13,True,True
routing_discovery_v1_b025,commonsense,discovery,jev_explanation,2,f1960c1e84a34220240f1c72abeae46b923253f78a1133288c84370b0b6d8ffb,400,0.8,,,,,0.14463846183487705,0.188813082824573,0.5278543774047088,,,13,0,"[""actual_workflow""]",13,0,41973,7796,0.001762866,0.001762866,0.001762866,0.001762866,6.754824043033295,13.480071458994644,10,13,13,True,True
routing_discovery_v1_b025,commonsense,discovery,jev_grounded,2,f1960c1e84a34220240f1c72abeae46b923253f78a1133288c84370b0b6d8ffb,400,1.0,,,,,0.15543949742997926,0.19856085995158418,0.5308853926758874,,,13,13,"[""actual_workflow""]",0,0,41973,7796,0.001762866,0.001762866,0.001762866,0.001762866,6.754824043033295,6.8050886260170955,13,13,13,True,True
routing_discovery_v1_b025,commonsense,discovery,jev_targeted_llm,2,f1960c1e84a34220240f1c72abeae46b923253f78a1133288c84370b0b6d8ffb,400,1.0,,,,,0.15255888716593158,0.19910242860648075,0.5310920829034231,,,16,3,"[""actual_workflow""]",13,0,52686,8557,0.003826416,0.005889966,0.002339952,0.002917038,10.24158812603855,3.554818001022795,13,13,13,True,True
routing_discovery_v1_b025,conflict,discovery,jev_explanation,4,2155696c8e98177c35899a25214fa86f3361d270ac138ae7063c9be8cd4bea62,368,0.8260869565217391,0.4472998348709193,0.5924941088995491,0.7663043478260869,0.20119402008622306,,,,,,6,0,"[""actual_workflow""]",6,0,42664,18486,0.0017918880000000002,0.0017918880000000002,0.0017918880000000002,0.0017918880000000002,5.2080267510027625,12.9388477489847,5,6,6,True,True
routing_discovery_v1_b025,conflict,discovery,jev_grounded,4,2155696c8e98177c35899a25214fa86f3361d270ac138ae7063c9be8cd4bea62,368,1.0,0.49361164700126087,0.651706885096499,0.8152173913043479,0.546451143971151,,,,,,6,6,"[""actual_workflow""]",0,0,42664,18486,0.0017918880000000002,0.0017918880000000002,0.0017918880000000002,0.0017918880000000002,5.2080267510027625,5.257513582982938,6,6,6,True,True
routing_discovery_v1_b025,conflict,discovery,jev_targeted_llm,4,2155696c8e98177c35899a25214fa86f3361d270ac138ae7063c9be8cd4bea62,368,1.0,0.5204562198703169,0.6824673930546744,0.9103260869565217,0.20119402008622306,,,,,,7,1,"[""actual_workflow""]",6,0,51242,19242,0.0035321880000000003,0.0052724880000000005,0.00229092,0.002789952,7.455142417005845,2.289145376998931,6,6,6,True,True
routing_discovery_v1_b025,mbd,discovery,jev_explanation,3,456af7dfb69959ef94e28748e35c33f36e0129c002122a6e932ee911ff9db88f,623,0.8170144462279294,0.6078450924832562,0.6078450924832562,0.7048121641000898,0.3867142665044893,,,,,,15,0,"[""actual_workflow""]",15,0,145548,30673,0.006113016000000001,0.006113016000000001,0.006113016000000001,0.006113016000000001,9.203872622994822,23.398263247974683,12,15,15,True,True
routing_discovery_v1_b025,mbd,discovery,jev_grounded,3,456af7dfb69959ef94e28748e35c33f36e0129c002122a6e932ee911ff9db88f,623,1.0,0.7114968366254878,0.7114968366254878,0.8655442081138677,0.44500466579839304,,,,,,15,15,"[""actual_workflow""]",0,0,145548,30673,0.006113016000000001,0.006113016000000001,0.006113016000000001,0.006113016000000001,9.203872622994822,9.300685291964328,15,15,15,True,True
routing_discovery_v1_b025,mbd,discovery,jev_targeted_llm,3,456af7dfb69959ef94e28748e35c33f36e0129c002122a6e932ee911ff9db88f,623,1.0,0.7039555740905223,0.7039555740905223,0.8671630055530984,0.3867142665044893,,,,,,18,3,"[""actual_workflow""]",15,0,173207,31545,0.010785066,0.015457116,0.0068148900000000005,0.007516764,12.485083081992343,3.435820377038908,15,15,15,True,True
routing_discovery_v1_b025,taskmap,discovery,jev_explanation,23,8dae1e407e56a0a1a2b6c38088c0b7caef380fcbe8c22a311dced126735adbe0,460,1.0,,,,,0.10965528042467557,0.13761380589713762,0.45657158665204783,0.07615066429675128,0.07615066429675128,2,0,"[""actual_workflow""]",2,0,71406,8851,0.0029990520000000003,0.0029990520000000003,0.0029990520000000003,0.0029990520000000003,3.053497332992265,0.03487554201274179,2,2,2,True,True
routing_discovery_v1_b025,taskmap,discovery,jev_grounded,23,8dae1e407e56a0a1a2b6c38088c0b7caef380fcbe8c22a311dced126735adbe0,460,1.0,,,,,0.1376125423489554,0.16878352771586777,0.4871574330903168,0.1412078188719493,0.1412078188719493,2,2,"[""actual_workflow""]",0,0,71406,8851,0.0029990520000000003,0.0029990520000000003,0.0029990520000000003,0.0029990520000000003,3.053497332992265,3.1188164579943987,2,2,2,True,True
routing_discovery_v1_b025,taskmap,discovery,jev_targeted_llm,23,8dae1e407e56a0a1a2b6c38088c0b7caef380fcbe8c22a311dced126735adbe0,460,1.0,,,,,0.10965528042467557,0.13761380589713762,0.45657158665204783,0.07615066429675128,0.07615066429675128,2,0,"[""actual_workflow""]",2,0,71406,8851,0.0029990520000000003,0.0029990520000000003,0.0029990520000000003,0.0029990520000000003,3.053497332992265,0.04239120900456328,2,2,2,True,True
routing_discovery_v1_b025,ucc,discovery,jev_explanation,7,a561043082d3aec7ff0d3bc89623314377afff9593eb7a5e9e5bdc0f3137c688,1470,0.7714285714285715,0.4905438950581461,0.4905438950581461,0.7319727891156463,0.17810067937658872,,,,,,14,0,"[""actual_workflow""]",14,0,282213,52746,0.011852946000000001,0.011852946000000001,0.011852946000000001,0.011852946000000001,10.08233408399974,50.3462854570389,11,14,14,True,True
routing_discovery_v1_b025,ucc,discovery,jev_grounded,7,a561043082d3aec7ff0d3bc89623314377afff9593eb7a5e9e5bdc0f3137c688,1470,1.0,0.42837822764894523,0.42837822764894523,0.625170068027211,0.9453848948068933,,,,,,14,14,"[""actual_workflow""]",0,0,282213,52746,0.011852946000000001,0.011852946000000001,0.011852946000000001,0.011852946000000001,10.08233408399974,10.289974747982342,14,14,14,True,True
routing_discovery_v1_b025,ucc,discovery,jev_targeted_llm,7,a561043082d3aec7ff0d3bc89623314377afff9593eb7a5e9e5bdc0f3137c688,1470,1.0,0.5418954926409715,0.5418954926409715,0.8972789115646258,0.17810067937658872,,,,,,17,3,"[""actual_workflow""]",14,0,343490,55958,0.022971696,0.034090445999999996,0.014052912,0.016252878000000002,19.582941458007554,9.67405512399273,14,14,14,True,True
routing_discovery_v1_b05,babe,discovery,jev_explanation,1,555d11bc6ff584eb1dce88846fc695bf80d8e9dff660503a8062d3df8a61c762,200,0.52,0.49355888093689004,0.49355888093689004,0.375,0.6002529933286056,,,,,,13,0,"[""actual_workflow""]",13,0,56050,7208,0.0023541,0.0023541,0.0023541,0.0023541,7.153349541986245,33.07539037596143,7,13,13,True,True
routing_discovery_v1_b05,babe,discovery,jev_grounded,1,555d11bc6ff584eb1dce88846fc695bf80d8e9dff660503a8062d3df8a61c762,200,1.0,0.7798018216394755,0.7798018216394755,0.78,0.7951914123607624,,,,,,13,13,"[""actual_workflow""]",0,0,56050,7208,0.0023541,0.0023541,0.0023541,0.0023541,7.153349541986245,7.204078082984779,13,13,13,True,True
routing_discovery_v1_b05,babe,discovery,jev_targeted_llm,1,555d11bc6ff584eb1dce88846fc695bf80d8e9dff660503a8062d3df8a61c762,200,1.0,0.7596153846153846,0.7596153846153846,0.76,0.6002529933286056,,,,,,19,6,"[""actual_workflow""]",13,0,82677,8081,0.00687195,0.0113898,0.003127566,0.003901032,12.516760959013482,5.424812917975942,13,13,13,True,True
routing_discovery_v1_b05,commonsense,discovery,jev_explanation,2,f1960c1e84a34220240f1c72abeae46b923253f78a1133288c84370b0b6d8ffb,400,0.56,,,,,0.14511449821515277,0.19217768208550157,0.5288061716785646,,,13,0,"[""actual_workflow""]",13,0,41973,7796,0.001762866,0.001762866,0.001762866,0.001762866,6.447423334990162,31.730890916995122,7,13,13,True,True
routing_discovery_v1_b05,commonsense,discovery,jev_grounded,2,f1960c1e84a34220240f1c72abeae46b923253f78a1133288c84370b0b6d8ffb,400,1.0,,,,,0.1515310813603563,0.19497013471075603,0.5278618671017308,,,13,13,"[""actual_workflow""]",0,0,41973,7796,0.001762866,0.001762866,0.001762866,0.001762866,6.447423334990162,6.502202164978371,13,13,13,True,True
routing_discovery_v1_b05,commonsense,discovery,jev_targeted_llm,2,f1960c1e84a34220240f1c72abeae46b923253f78a1133288c84370b0b6d8ffb,400,1.0,,,,,0.14948442388553893,0.19444834612270895,0.5266842274902588,,,19,6,"[""actual_workflow""]",13,0,65348,9430,0.006249516,0.010736166,0.002994348,0.00422583,13.612271793972468,7.238827707973542,13,13,13,True,True
routing_discovery_v1_b05,conflict,discovery,jev_explanation,4,2155696c8e98177c35899a25214fa86f3361d270ac138ae7063c9be8cd4bea62,368,0.4782608695652174,0.31622905660162126,0.42070666854191974,0.4483695652173913,0.1936064347287857,,,,,,6,0,"[""actual_workflow""]",6,0,42664,18478,0.0017918880000000002,0.0017918880000000002,0.0017918880000000002,0.0017918880000000002,5.130348791994038,42.24651279198588,3,6,6,True,True
routing_discovery_v1_b05,conflict,discovery,jev_grounded,4,2155696c8e98177c35899a25214fa86f3361d270ac138ae7063c9be8cd4bea62,368,1.0,0.49815167972029223,0.6582270092871472,0.8315217391304348,0.5409130397260441,,,,,,6,6,"[""actual_workflow""]",0,0,42664,18478,0.0017918880000000002,0.0017918880000000002,0.0017918880000000002,0.0017918880000000002,5.130348791994038,5.203955749020679,6,6,6,True,True
routing_discovery_v1_b05,conflict,discovery,jev_targeted_llm,4,2155696c8e98177c35899a25214fa86f3361d270ac138ae7063c9be8cd4bea62,368,1.0,0.5069858338505229,0.6718209986856877,0.8885869565217391,0.1936064347287857,,,,,,9,3,"[""actual_workflow""]",6,0,70450,20879,0.007400388,0.013008888,0.0033931680000000002,0.004994448,12.214610750001157,7.13052620900271,6,6,6,True,True
routing_discovery_v1_b05,mbd,discovery,jev_explanation,3,456af7dfb69959ef94e28748e35c33f36e0129c002122a6e932ee911ff9db88f,623,0.6003210272873194,0.4933285459020478,0.4933285459020478,0.5184042995188506,0.40372531347207413,,,,,,15,0,"[""actual_workflow""]",15,0,145548,30674,0.006113016000000001,0.006113016000000001,0.006113016000000001,0.006113016000000001,8.943639666991658,48.53204046099563,8,15,15,True,True
routing_discovery_v1_b05,mbd,discovery,jev_grounded,3,456af7dfb69959ef94e28748e35c33f36e0129c002122a6e932ee911ff9db88f,623,1.0,0.7016005869714069,0.7016005869714069,0.8591407216794215,0.4198306829444423,,,,,,15,15,"[""actual_workflow""]",0,0,145548,30674,0.006113016000000001,0.006113016000000001,0.006113016000000001,0.006113016000000001,8.943639666991658,9.04034583401517,15,15,15,True,True
routing_discovery_v1_b05,mbd,discovery,jev_targeted_llm,3,456af7dfb69959ef94e28748e35c33f36e0129c002122a6e932ee911ff9db88f,623,1.0,0.6968631428722206,0.6968631428722206,0.8686254406068649,0.40372531347207413,,,,,,22,7,"[""actual_workflow""]",15,0,205595,32552,0.016246866,0.026380716,0.007629138000000001,0.00914526,16.47101004399883,7.678625001004548,15,15,15,True,True
routing_discovery_v1_b05,taskmap,discovery,jev_explanation,23,8dae1e407e56a0a1a2b6c38088c0b7caef380fcbe8c22a311dced126735adbe0,460,0.45,,,,,0.10694331555543982,0.13428735853561768,0.4331272677473194,0.08291136112087054,0.08291136112087054,2,0,"[""actual_workflow""]",2,0,71406,8851,0.0029990520000000003,0.0029990520000000003,0.0029990520000000003,0.0029990520000000003,3.1596730000019306,25.448639666996314,1,2,2,True,True
routing_discovery_v1_b05,taskmap,discovery,jev_grounded,23,8dae1e407e56a0a1a2b6c38088c0b7caef380fcbe8c22a311dced126735adbe0,460,1.0,,,,,0.13654484989648033,0.1694034244623897,0.4874472206996532,0.14115226331639377,0.14115226331639377,2,2,"[""actual_workflow""]",0,0,71406,8851,0.0029990520000000003,0.0029990520000000003,0.0029990520000000003,0.0029990520000000003,3.1596730000019306,3.214616333003505,2,2,2,True,True
routing_discovery_v1_b05,taskmap,discovery,jev_targeted_llm,23,8dae1e407e56a0a1a2b6c38088c0b7caef380fcbe8c22a311dced126735adbe0,460,1.0,,,,,0.13074457246296317,0.17089456064773764,0.4898211789480806,0.08468847375666605,0.08468847375666605,4,2,"[""actual_workflow""]",2,0,134650,11386,0.014006652,0.025014251999999997,0.004767996,0.00653694,11.087549083997146,8.009358875991893,2,2,2,True,True
routing_discovery_v1_b05,ucc,discovery,jev_explanation,7,a561043082d3aec7ff0d3bc89623314377afff9593eb7a5e9e5bdc0f3137c688,1470,0.4666666666666667,0.3685716787571008,0.3685716787571008,0.4421768707482993,0.17873626611731044,,,,,,14,0,"[""actual_workflow""]",14,0,282213,52746,0.011852946000000001,0.011852946000000001,0.011852946000000001,0.011852946000000001,9.896478292968823,135.52969670800667,7,14,14,True,True
routing_discovery_v1_b05,ucc,discovery,jev_grounded,7,a561043082d3aec7ff0d3bc89623314377afff9593eb7a5e9e5bdc0f3137c688,1470,1.0,0.4214517382472745,0.4214517382472745,0.6108843537414966,0.9522490634240148,,,,,,14,14,"[""actual_workflow""]",0,0,282213,52746,0.011852946000000001,0.011852946000000001,0.011852946000000001,0.011852946000000001,9.896478292968823,10.14488695898035,14,14,14,True,True
routing_discovery_v1_b05,ucc,discovery,jev_targeted_llm,7,a561043082d3aec7ff0d3bc89623314377afff9593eb7a5e9e5bdc0f3137c688,1470,1.0,0.507045933948872,0.507045933948872,0.8156462585034013,0.17873626611731044,,,,,,21,7,"[""actual_workflow""]",14,0,424935,60582,0.037962846,0.064072746,0.017189982,0.022527018000000003,31.546274209962576,21.849156207987107,14,14,14,True,True
smoke_model_v2,babe,discovery,jev_compact,1,355582222bad248fc490240aa830299a9bc31aaad3c88ed95e104a3562112b1e,16,1.0,0.6862745098039216,0.6862745098039216,0.6875,0.5851478475001387,,,,,,1,1,"[""actual_workflow""]",0,0,4277,579,0.00017963400000000002,0.00017963400000000002,0.00017963400000000002,0.00017963400000000002,0.9421490839886246,0.9451557919965126,1,1,1,True,True
smoke_taskmap_v3,taskmap,discovery,jev_compact,23,60b2126ce2b5832a27c6d378fe0171915df098726c132fc9d5c9f9e65709c65b,253,1.0,,,,,0.1436174777133275,0.17702783984885656,0.5155908543530136,0.15797218942673488,0.15797218942673488,1,1,"[""actual_workflow""]",0,0,40255,4878,0.00169071,0.00169071,0.00169071,0.00169071,1.6205375419958727,1.6405753330036532,1,1,1,True,True
smoke_taskmap_v3,taskmap,discovery,llm_direct,23,60b2126ce2b5832a27c6d378fe0171915df098726c132fc9d5c9f9e65709c65b,253,1.0,,,,,0.14574804938144859,0.18396482252780275,0.5204306035267388,0.08862381009416583,0.08862381009416583,1,1,"[""actual_workflow""]",0,0,49700,2280,0.008823,0.017646,0.008823,0.017646,6.832932833000086,6.864998499993817,1,1,1,True,True
strengthening_diagnostic_v1,babe,diagnostic,jev_grounded,1,24d32a1fdcd8946f74392e44dc6dbeffbfe517758ee110137fe2c802f26a111c,1000,1.0,0.7858552381409833,0.7858552381409833,0.786,0.5946239265062964,,,,,,63,26,"[""actual_workflow""]",37,0,273759,36024,0.011497878000000001,0.011497878000000001,0.011497878000000001,0.011497878000000001,21.05697421306104,9.263169786994695,63,63,63,True,True
strengthening_diagnostic_v1,babe,diagnostic,jev_threshold_calibrated,1,24d32a1fdcd8946f74392e44dc6dbeffbfe517758ee110137fe2c802f26a111c,1000,1.0,0.7457380236947456,0.7457380236947456,0.753,0.48820131744173845,,,,,,63,37,"[""actual_workflow""]",26,0,273759,36024,0.011497878000000001,0.011497878000000001,0.011497878000000001,0.011497878000000001,21.05697421306104,12.395168877992546,63,63,63,True,True
strengthening_diagnostic_v1,babe,diagnostic,llm_full_calibration_examples,1,24d32a1fdcd8946f74392e44dc6dbeffbfe517758ee110137fe2c802f26a111c,1000,1.0,0.8069565652271762,0.8069565652271762,0.807,,,,,,,63,63,"[""actual_workflow""]",0,0,1462114,8744,0.2245635,0.449127,0.192406956,0.384813912,72.15097058199171,72.70619324703875,63,63,63,True,True
strengthening_diagnostic_v1,babe,diagnostic,llm_grounded,1,24d32a1fdcd8946f74392e44dc6dbeffbfe517758ee110137fe2c802f26a111c,1000,1.0,0.7906816267542933,0.7906816267542933,0.791,,,,,,,63,63,"[""actual_workflow""]",0,0,276958,10478,0.0478305,0.095661,0.028863971999999998,0.057727943999999996,58.80260475096293,59.31414333204157,63,63,63,True,True
strengthening_diagnostic_v1,babe,diagnostic,llm_labeled_examples,1,24d32a1fdcd8946f74392e44dc6dbeffbfe517758ee110137fe2c802f26a111c,1000,1.0,0.8019714838936807,0.8019714838936807,0.802,,,,,,,63,63,"[""actual_workflow""]",0,0,422236,8729,0.0685728,0.1371456,0.03216384,0.06432768,55.958439872963936,56.315470580986585,63,63,63,True,True
strengthening_diagnostic_v1,commonsense,diagnostic,jev_grounded,2,2c62c6ac7d0baf8d8d4718682a851848cc6e21648b5ded41adad412d31dd12a5,2000,1.0,,,,,0.1638839246624862,0.20499723259299918,0.5568686977417754,,,63,34,"[""actual_workflow""]",29,0,208289,38996,0.008748138,0.008748138,0.008748138,0.008748138,19.939536501056864,10.976678915933007,63,63,63,True,True
strengthening_diagnostic_v1,commonsense,diagnostic,jev_threshold_calibrated,2,2c62c6ac7d0baf8d8d4718682a851848cc6e21648b5ded41adad412d31dd12a5,2000,1.0,,,,,0.14610033950375362,0.18759033947312465,0.5382972595083242,,,63,29,"[""actual_workflow""]",34,0,208289,38996,0.008748138,0.008748138,0.008748138,0.008748138,19.939536501056864,9.539561204030178,63,63,63,True,True
strengthening_diagnostic_v1,commonsense,diagnostic,llm_full_calibration_examples,2,2c62c6ac7d0baf8d8d4718682a851848cc6e21648b5ded41adad412d31dd12a5,2000,1.0,,,,,0.13091552142394489,0.1733646951043552,0.5303035663455361,,,63,63,"[""actual_workflow""]",0,0,1548702,18326,0.2433009,0.4866018,0.20553718799999998,0.41107437599999996,95.60478128591785,96.05908912686573,63,63,63,True,True
strengthening_diagnostic_v1,commonsense,diagnostic,llm_grounded,2,2c62c6ac7d0baf8d8d4718682a851848cc6e21648b5ded41adad412d31dd12a5,2000,1.0,,,,,0.1453967048858896,0.19241276946211522,0.5497729031676778,,,63,63,"[""actual_workflow""]",0,0,264278,18349,0.0506511,0.1013022,0.049465692,0.098931384,79.34970950009301,79.85916891894885,63,63,63,True,True
strengthening_diagnostic_v1,commonsense,diagnostic,llm_labeled_examples,2,2c62c6ac7d0baf8d8d4718682a851848cc6e21648b5ded41adad412d31dd12a5,2000,1.0,,,,,0.13707725163627987,0.1759756604681288,0.5295818292762079,,,63,63,"[""actual_workflow""]",0,0,452628,18143,0.07877999999999999,0.15755999999999998,0.051233376,0.102466752,79.74692291597603,80.47968850290636,63,63,63,True,True
strengthening_diagnostic_v1,conflict,diagnostic,jev_grounded,4,b171f3227e1d51512195750de57f32579dd2c426e17876327d8413b18413ef7a,3203,1.0,0.49391875183861683,0.5375292995059596,0.7557154009580815,0.7607418269059241,,,,,,51,20,"[""actual_workflow""]",31,0,393178,161464,0.016513476,0.016513476,0.016513476,0.016513476,18.75129450400709,7.48845095805882,51,51,51,True,True
strengthening_diagnostic_v1,conflict,diagnostic,jev_threshold_calibrated,4,b171f3227e1d51512195750de57f32579dd2c426e17876327d8413b18413ef7a,3203,1.0,0.5385008575748189,0.5821114052421617,0.8651293660453634,0.3610334738428602,,,,,,51,31,"[""actual_workflow""]",20,0,393178,161464,0.016513476,0.016513476,0.016513476,0.016513476,18.75129450400709,11.94607632906991,51,51,51,True,True
strengthening_diagnostic_v1,conflict,diagnostic,llm_full_calibration_examples,4,b171f3227e1d51512195750de57f32579dd2c426e17876327d8413b18413ef7a,3203,1.0,0.568628260907872,0.6179618075062938,0.8945895142945648,,,,,,,51,51,"[""actual_workflow""]",0,0,1722099,38150,0.28120485,0.5624097,0.25239755399999997,0.5047951079999999,137.16078925495094,137.75358462896838,51,51,51,True,True
strengthening_diagnostic_v1,conflict,diagnostic,llm_grounded,4,b171f3227e1d51512195750de57f32579dd2c426e17876327d8413b18413ef7a,3203,1.0,0.529221086555519,0.5774383837439707,0.8172730031883904,,,,,,,51,51,"[""actual_workflow""]",0,0,468825,40444,0.09459015,0.1891803,0.091711302,0.183422604,128.00292333000107,128.60303712000314,51,51,51,True,True
strengthening_diagnostic_v1,conflict,diagnostic,llm_labeled_examples,4,b171f3227e1d51512195750de57f32579dd2c426e17876327d8413b18413ef7a,3203,1.0,0.5527960453001984,0.601208882730377,0.8543658106928413,,,,,,,51,51,"[""actual_workflow""]",0,0,618408,38220,0.1156932,0.2313864,0.066225936,0.132451872,121.196051669991,121.57340945801116,51,51,51,True,True
strengthening_diagnostic_v1,mbd,diagnostic,jev_grounded,3,afff3e901ccd6f50084d3e1b3d960363ef25786fbc83edbc6d485204da18fcba,1598,1.0,0.7180245428618455,0.7180245428618455,0.7929609760318422,0.5508010100543643,,,,,,42,17,"[""actual_workflow""]",25,0,371029,80443,0.015583218000000001,0.015583218000000001,0.015583218000000001,0.015583218000000001,15.979815459009842,7.473770746975788,42,42,42,True,True
strengthening_diagnostic_v1,mbd,diagnostic,jev_threshold_calibrated,3,afff3e901ccd6f50084d3e1b3d960363ef25786fbc83edbc6d485204da18fcba,1598,1.0,0.7159491882409359,0.7159491882409359,0.8046031328945874,0.48794710125327495,,,,,,42,25,"[""actual_workflow""]",17,0,371029,80443,0.015583218000000001,0.015583218000000001,0.015583218000000001,0.015583218000000001,15.979815459009842,9.106939041055739,42,42,42,True,True
strengthening_diagnostic_v1,mbd,diagnostic,llm_full_calibration_examples,3,afff3e901ccd6f50084d3e1b3d960363ef25786fbc83edbc6d485204da18fcba,1598,1.0,0.7047376573086724,0.7047376573086724,0.8050721600976348,,,,,,,42,42,"[""actual_workflow""]",0,0,2763179,12434,0.42193725,0.8438745,0.393355746,0.786711492,86.08394983390463,86.8047655809496,42,42,42,True,True
strengthening_diagnostic_v1,mbd,diagnostic,llm_grounded,3,afff3e901ccd6f50084d3e1b3d960363ef25786fbc83edbc6d485204da18fcba,1598,1.0,0.7212665709236775,0.7212665709236775,0.7957574484467722,,,,,,,42,42,"[""actual_workflow""]",0,0,381408,12795,0.0648882,0.1297764,0.057756935999999995,0.11551387199999999,57.187406124023255,57.48515291599324,42,42,42,True,True
strengthening_diagnostic_v1,mbd,diagnostic,llm_labeled_examples,3,afff3e901ccd6f50084d3e1b3d960363ef25786fbc83edbc6d485204da18fcba,1598,1.0,0.7112961848603336,0.7112961848603336,0.8060524886312287,,,,,,,42,42,"[""actual_workflow""]",0,0,668177,12466,0.10770615,0.2154123,0.075192102,0.150384204,57.09617062396137,57.42852050202782,42,42,42,True,True
strengthening_diagnostic_v1,ucc,diagnostic,jev_grounded,7,36ca042a113b4d98a63e52f4163023d0641dd85ad33cb82f1b0321d7a578ad90,7014,1.0,0.4405087224369496,0.4405087224369496,0.6260336469917308,1.0968853895869641,,,,,,63,35,"[""actual_workflow""]",28,0,1337741,251661,0.056185122000000004,0.056185122000000004,0.056185122000000004,0.056185122000000004,28.963835419010138,15.919052542987629,63,63,63,True,True
strengthening_diagnostic_v1,ucc,diagnostic,jev_threshold_calibrated,7,36ca042a113b4d98a63e52f4163023d0641dd85ad33cb82f1b0321d7a578ad90,7014,1.0,0.5489524045216609,0.5489524045216609,0.9215854006273168,0.22188163354966745,,,,,,63,28,"[""actual_workflow""]",35,0,1337741,251661,0.056185122000000004,0.056185122000000004,0.056185122000000004,0.056185122000000004,28.963835419010138,14.875541422938113,63,63,63,True,True
strengthening_diagnostic_v1,ucc,diagnostic,llm_full_calibration_examples,7,36ca042a113b4d98a63e52f4163023d0641dd85ad33cb82f1b0321d7a578ad90,7014,1.0,0.5757787321511855,0.5757787321511855,0.9076133447390932,,,,,,,63,63,"[""actual_workflow""]",0,0,4331836,56364,0.6835938,1.3671876,0.6188855759999999,1.2377711519999999,216.09463016600057,217.21008937801525,63,63,63,True,True
strengthening_diagnostic_v1,ucc,diagnostic,llm_grounded,7,36ca042a113b4d98a63e52f4163023d0641dd85ad33cb82f1b0321d7a578ad90,7014,1.0,0.5152023968651683,0.5152023968651683,0.7579127459366981,,,,,,,63,63,"[""actual_workflow""]",0,0,1275487,69068,0.23276385,0.4655277,0.219724362,0.439448724,206.243620001027,206.82950741604145,63,63,63,True,True
strengthening_diagnostic_v1,ucc,diagnostic,llm_labeled_examples,7,36ca042a113b4d98a63e52f4163023d0641dd85ad33cb82f1b0321d7a578ad90,7014,1.0,0.5603203667254565,0.5603203667254565,0.8614200171086398,,,,,,,63,63,"[""actual_workflow""]",0,0,1196074,56364,0.2132295,0.426459,0.149179836,0.298359672,176.7698407100106,177.34907175201806,63,63,63,True,True
threshold_redecode_v1,babe,diagnostic,jev_threshold_calibrated,1,24d32a1fdcd8946f74392e44dc6dbeffbfe517758ee110137fe2c802f26a111c,1000,1.0,0.7775238095238095,0.7775238095238095,0.781,0.5298206506299806,,,,,,63,0,"[""offline_postprocessing_replay""]",35,0,314897,36016,0.013225674000000001,0.013225674000000001,0.013225674000000001,0.013225674000000001,22.44327753900143,0,63,63,63,True,True
threshold_redecode_v1,commonsense,diagnostic,jev_threshold_calibrated,2,2c62c6ac7d0baf8d8d4718682a851848cc6e21648b5ded41adad412d31dd12a5,2000,1.0,,,,,0.14064766008488053,0.18328385387625284,0.5345552109787101,,,63,0,"[""offline_postprocessing_replay""]",28,0,265497,38996,0.011150874,0.011150874,0.011150874,0.011150874,21.980428539944114,0,63,63,63,True,True
threshold_redecode_v1,conflict,diagnostic,jev_threshold_calibrated,4,b171f3227e1d51512195750de57f32579dd2c426e17876327d8413b18413ef7a,3203,1.0,0.5434984393676916,0.5879764859626736,0.872624351918197,0.3542678042071504,,,,,,56,0,"[""offline_postprocessing_replay""]",32,0,852974,161335,0.035824908,0.035824908,0.035824908,0.035824908,24.022848911961773,0,51,51,51,True,True
threshold_redecode_v1,mbd,diagnostic,jev_threshold_calibrated,3,afff3e901ccd6f50084d3e1b3d960363ef25786fbc83edbc6d485204da18fcba,1598,1.0,0.7338638086728398,0.7338638086728398,0.8170395732490453,0.5556460645418799,,,,,,42,0,"[""offline_postprocessing_replay""]",16,0,420670,80496,0.017668140000000002,0.017668140000000002,0.017668140000000002,0.017668140000000002,16.060612629997195,0,42,42,42,True,True
threshold_redecode_v1,ucc,diagnostic,jev_threshold_calibrated,7,36ca042a113b4d98a63e52f4163023d0641dd85ad33cb82f1b0321d7a578ad90,7014,1.0,0.5201153127110527,0.5201153127110527,0.9552323923581408,0.1842848305725815,,,,,,63,0,"[""offline_postprocessing_replay""]",23,0,882093,251661,0.037047906,0.037047906,0.037047906,0.037047906,26.619110747007653,0,63,63,63,True,True
verbose_routing_diagnostic_v1_b01,babe,diagnostic,jev_targeted_llm,1,24d32a1fdcd8946f74392e44dc6dbeffbfe517758ee110137fe2c802f26a111c,1000,1.0,0.7792306695184392,0.7792306695184392,0.782,0.5075245593654331,,,,,,69,6,"[""actual_workflow""]",63,0,345181,37041,0.018382074,0.023538474,0.014092026,0.014958378000000001,29.479481000948,5.40413341706153,63,63,63,True,True
verbose_routing_diagnostic_v1_b01,babe,diagnostic,jev_verbose,1,24d32a1fdcd8946f74392e44dc6dbeffbfe517758ee110137fe2c802f26a111c,1000,1.0,0.8058011403677365,0.8058011403677365,0.806,0.680447292985869,,,,,,63,63,"[""actual_workflow""]",0,0,314897,36018,0.013225674000000001,0.013225674000000001,0.013225674000000001,0.013225674000000001,24.301976582908537,24.80192049598554,63,63,63,True,True
verbose_routing_diagnostic_v1_b01,commonsense,diagnostic,jev_targeted_llm,2,2c62c6ac7d0baf8d8d4718682a851848cc6e21648b5ded41adad412d31dd12a5,2000,1.0,,,,,0.14127126591515446,0.18355342754422793,0.5351148462676893,,,69,6,"[""actual_workflow""]",63,0,297108,41062,0.017132124000000002,0.023113374,0.012653916000000001,0.014156958,30.996046706015477,8.048051624005893,63,63,63,True,True
verbose_routing_diagnostic_v1_b01,commonsense,diagnostic,jev_verbose,2,2c62c6ac7d0baf8d8d4718682a851848cc6e21648b5ded41adad412d31dd12a5,2000,1.0,,,,,0.15372507128911927,0.19461906135379975,0.5466509338637631,,,63,63,"[""actual_workflow""]",0,0,265497,38996,0.011150874,0.011150874,0.011150874,0.011150874,23.168274248047965,23.605067879048875,63,63,63,True,True
verbose_routing_diagnostic_v1_b01,conflict,diagnostic,jev_targeted_llm,4,b171f3227e1d51512195750de57f32579dd2c426e17876327d8413b18413ef7a,3203,1.0,0.5482348230270162,0.5934061625908791,0.8717087457016179,0.3459501207605351,,,,,,61,5,"[""actual_workflow""]",56,0,920365,165143,0.048217158,0.060609408000000004,0.03847047,0.041116032000000004,39.848680129944114,12.058662040857598,51,51,51,True,True
verbose_routing_diagnostic_v1_b01,conflict,diagnostic,jev_verbose,4,b171f3227e1d51512195750de57f32579dd2c426e17876327d8413b18413ef7a,3203,1.0,0.5311319699398226,0.5756100165348047,0.7893949254842818,0.7832864588349566,,,,,,56,56,"[""actual_workflow""]",0,0,852974,161337,0.035824908,0.035824908,0.035824908,0.035824908,28.1180621709791,28.74480946100084,51,51,51,True,True
verbose_routing_diagnostic_v1_b01,mbd,diagnostic,jev_targeted_llm,3,afff3e901ccd6f50084d3e1b3d960363ef25786fbc83edbc6d485204da18fcba,1598,1.0,0.7379669029923508,0.7379669029923508,0.8126200889198806,0.5605857182295466,,,,,,46,4,"[""actual_workflow""]",42,0,459695,81641,0.024212490000000003,0.03075684,0.018586506000000003,0.019504872,23.56876937695779,5.3077828760724515,42,42,42,True,True
verbose_routing_diagnostic_v1_b01,mbd,diagnostic,jev_verbose,3,afff3e901ccd6f50084d3e1b3d960363ef25786fbc83edbc6d485204da18fcba,1598,1.0,0.7328711407160188,0.7328711407160188,0.7839213819991958,0.7091762590144296,,,,,,42,42,"[""actual_workflow""]",0,0,420670,80490,0.017668140000000002,0.017668140000000002,0.017668140000000002,0.017668140000000002,18.50989683595253,18.97159554308746,42,42,42,True,True
verbose_routing_diagnostic_v1_b01,ucc,diagnostic,jev_targeted_llm,7,36ca042a113b4d98a63e52f4163023d0641dd85ad33cb82f1b0321d7a578ad90,7014,1.0,0.5463750250112901,0.5463750250112901,0.941830624465355,0.18658060658730108,,,,,,69,6,"[""actual_workflow""]",63,0,981105,257317,0.055293306,0.073538706,0.040899066000000005,0.044750226000000004,47.66728641293594,17.43322671201895,63,63,63,True,True
verbose_routing_diagnostic_v1_b01,ucc,diagnostic,jev_verbose,7,36ca042a113b4d98a63e52f4163023d0641dd85ad33cb82f1b0321d7a578ad90,7014,1.0,0.46481598222216336,0.46481598222216336,0.6542629027658968,0.7711755649435562,,,,,,63,63,"[""actual_workflow""]",0,0,882093,251661,0.037047906,0.037047906,0.037047906,0.037047906,30.73957970389165,31.679973246878944,63,63,63,True,True
verbose_routing_diagnostic_v1_b025,babe,diagnostic,jev_targeted_llm,1,24d32a1fdcd8946f74392e44dc6dbeffbfe517758ee110137fe2c802f26a111c,1000,1.0,0.7879906233578066,0.7879906233578066,0.789,0.46837796246524976,,,,,,78,15,"[""actual_workflow""]",63,0,391509,38503,0.026209074000000002,0.039192474,0.015371058,0.017516442,38.21626066506724,12.62976316906861,63,63,63,True,True
verbose_routing_diagnostic_v1_b025,babe,diagnostic,jev_verbose,1,24d32a1fdcd8946f74392e44dc6dbeffbfe517758ee110137fe2c802f26a111c,1000,1.0,0.8127961349910051,0.8127961349910051,0.813,0.66273837581951,,,,,,63,63,"[""actual_workflow""]",0,0,314897,36017,0.013225674000000001,0.013225674000000001,0.013225674000000001,0.013225674000000001,25.885575124033494,26.102413373911986,63,63,63,True,True
verbose_routing_diagnostic_v1_b025,commonsense,diagnostic,jev_targeted_llm,2,2c62c6ac7d0baf8d8d4718682a851848cc6e21648b5ded41adad412d31dd12a5,2000,1.0,,,,,0.1396776616890536,0.18095257241060786,0.5330598764560868,,,78,15,"[""actual_workflow""]",63,0,344996,43809,0.025963524,0.040776174,0.014693328,0.018235782,43.57105045494973,19.993890794197796,63,63,63,True,True
verbose_routing_diagnostic_v1_b025,commonsense,diagnostic,jev_verbose,2,2c62c6ac7d0baf8d8d4718682a851848cc6e21648b5ded41adad412d31dd12a5,2000,1.0,,,,,0.15354408676289916,0.1943309621797666,0.5465757745142767,,,63,63,"[""actual_workflow""]",0,0,265497,38996,0.011150874,0.011150874,0.011150874,0.011150874,23.88896853994811,24.313798707036767,63,63,63,True,True
verbose_routing_diagnostic_v1_b025,conflict,diagnostic,jev_targeted_llm,4,b171f3227e1d51512195750de57f32579dd2c426e17876327d8413b18413ef7a,3203,1.0,0.5328422959990287,0.5783352115217653,0.8573911050479197,0.36277459951493735,,,,,,72,16,"[""actual_workflow""]",56,0,1176342,170578,0.089882508,0.143940108,0.042823692000000003,0.049822476000000004,56.56069004791789,30.259541996987537,51,51,51,True,True
verbose_routing_diagnostic_v1_b025,conflict,diagnostic,jev_verbose,4,b171f3227e1d51512195750de57f32579dd2c426e17876327d8413b18413ef7a,3203,1.0,0.527703209908744,0.5721200954257171,0.7881519538669011,0.7903424933538409,,,,,,56,56,"[""actual_workflow""]",0,0,852974,161324,0.035824908,0.035824908,0.035824908,0.035824908,26.782433171902085,27.138465869880747,51,51,51,True,True
verbose_routing_diagnostic_v1_b025,mbd,diagnostic,jev_targeted_llm,3,afff3e901ccd6f50084d3e1b3d960363ef25786fbc83edbc6d485204da18fcba,1598,1.0,0.7306626884261753,0.7306626884261753,0.8049530962193074,0.534910909567699,,,,,,52,10,"[""actual_workflow""]",42,0,515242,83522,0.03367134,0.04967454,0.020067372,0.022466604,32.51910375492298,12.165600542037282,42,42,42,True,True
verbose_routing_diagnostic_v1_b025,mbd,diagnostic,jev_verbose,3,afff3e901ccd6f50084d3e1b3d960363ef25786fbc83edbc6d485204da18fcba,1598,1.0,0.7274042064814042,0.7274042064814042,0.7809100573401175,0.7306136824682147,,,,,,42,42,"[""actual_workflow""]",0,0,420670,80493,0.017668140000000002,0.017668140000000002,0.017668140000000002,0.017668140000000002,20.656110338954022,20.90782075302559,42,42,42,True,True
verbose_routing_diagnostic_v1_b025,ucc,diagnostic,jev_targeted_llm,7,36ca042a113b4d98a63e52f4163023d0641dd85ad33cb82f1b0321d7a578ad90,7014,1.0,0.5568042388558128,0.5568042388558128,0.9167379526660964,0.1871695594148642,,,,,,78,15,"[""actual_workflow""]",63,0,1125827,266441,0.082476006,0.127904106,0.047045772,0.057043638,73.88019062811509,44.36761195585132,63,63,63,True,True
verbose_routing_diagnostic_v1_b025,ucc,diagnostic,jev_verbose,7,36ca042a113b4d98a63e52f4163023d0641dd85ad33cb82f1b0321d7a578ad90,7014,1.0,0.464927050606744,0.464927050606744,0.6538351867693185,0.7744636154758223,,,,,,63,63,"[""actual_workflow""]",0,0,882093,251661,0.037047906,0.037047906,0.037047906,0.037047906,30.150090836075833,30.693406331789447,63,63,63,True,True
